Type,Node,Probability
Source,034a5fdb2df3ce1bfd2c2aca205ce9cfeef1a5f4af21b0b5e81c453080c30d7683,0.0024753282956595513
Source,0200f060968b4b90bd8da87d62c4c6d08f2d1a91dd18ca5c3b7acd9885f2b23745,0.0024287119435755676
Source,02049355ddbff2082890b26cc71edff6600174f9b6971dfdf560324d3577131d5c,0.002424050308367169
Source,0206c7b60457550f512d80ecdd9fb6eb798ce7e91bf6ec08ad9c53d72e94ef620d,0.0024753282956595513
Source,0207481a19a3f51a48f134e95afa67cfeffdb38a99b5ad3494a320c4918aaaf579,0.002424050308367169
Source,020b755f640655a79c7c2442281959c37b3aa5a8e1ccc42b25934f744e5cf5306b,0.0024753282956595513
Source,020c58713c956bcf7ac26d182fa647db886c7caa770d616356278f536ccd5c0ff4,0.0024753282956595513
Source,020d3d5995a973c878e3f6e5f59da54078304c537f981d7dcef73367ecbea0e90e,0.002386757226699982
Source,020e7172190f243d11731a3ca6b33dab6e8441b7c5c306fe29f2c3d2fce91713fb,0.0024753282956595513
Source,020f9524ed70fb4200805a17cc8b4b066a035fcadb4335e641027917ad9c065994,0.0024753282956595513
Source,021177240c2ec0f9ad564fffb76a810dcb0b21b1136380014689accd307c4e1c1c,0.0024753282956595513
Source,0211ad124eaecaf2b223bad2f5381e81b3639f2a652b5aa7a0ceffc8593931fc30,0.0024753282956595513
Source,02218972b752f42602291810b1e9c0ed2df72abcc04c9b4defc5d4d444092d20d9,0.0023587874154495916
Source,0229378d2fa3424d5f63fca2646935f109c1a5118e06ea2fecd9fd429a8ccb72bb,0.0024287119435755676
Source,022b662aa03cf4db4820bcf4f47f1006d2bfae9bee416a926fb8bdba16e088d7f6,0.0022795396169068187
Source,022c715b377856f5e176c52dfbe1f19b0283c4a85d563b1f09a9c7d9b6820ec375,0.0016408955933562375
Source,023033a65a59d8960970ae8aad940dc574594237ad1276344e8c1d73fe5efe56bb,0.0023587874154495916
Source,0230d1a9462fae76bc20e9f5eff885a70f4152d9eca912418cbdbeae9a331a96f1,0.0024753282956595513
Source,0235447c7485ff2b945bac5fbc366d54a87389bab8cacf1b64b26ec01e96bd165a,0.0024426968492007625
Source,0237c5215ae7b146541c346e304a4739aa97c07a002e6f7b7585ec0bd48c0d6e81,0.0024753282956595513
Source,0239475f6f41ca26688699b4e2fb4ac87bcfbde8b02788937a4b7e54bdeb5860ce,0.002354125780241193
Source,023d280ae29f84dcfd289eb66b57227fea3a7bde97ec2869923d3c4d5c6a426028,0.002447358484409161
Source,023daf469bbf2d5769d7673b66a841bd6d46452a4e20be548c6b11da730e5db575,0.0024753282956595513
Source,023e5aed57c54375c61c033405fb01af7702a07ecff185cb19b02b79984ddf4e75,0.0023634490506579896
Source,024b82d69859d63f9fce375041a34e61f4bfd445494b41d873ae7505322323d384,0.0012819496823095605
Source,0250373555232cec757ea141273e75381c84cc3ab22f1e3a3ca5a2dc55b1904c24,0.0024706666604511532
Source,0253271f3a0cf1876dfaa381728ce1514d2254b0012725567db9429309d50b03da,0.0024753282956595513
Source,02587704695048661f32522b3ae25172601544435791611070b5f6176e8b457394,0.0024287119435755676
Source,025c6a3c857dd4be8acac787efe3069b8f38aa86c7add7b48910f5c066fd2969b0,0.002386757226699982
Source,025e6fdb6af937a959e70f83648542c63ba7dc478cecf21d27c0d531156ee135e2,0.0024287119435755676
Source,025f2cf835c0ca58be159e32e476a2386d8100d97fabf97e144e8e3e3f4829643e,0.002396080497116779
Source,02600a8bd6f6fdeca963b41d75b3f7a258912c4fdd09159aa25db5488d942e6419,0.0024287119435755676
Source,0260fb7d376815c1fcaffab104fd519ff1221fbf58257bf83142f9b498df2bf840,0.0024426968492007625
Source,0261df8ef49d9a9c64a26d98d4c3f52baf12fb9e18652a2ba37fd9715364e03731,0.0023587874154495916
Source,0264089bc3a4afde671b87740d72e03d899b7f0783fbb756786cb7632b2e1db510,0.0023914188619083804
Source,02657f2396318748bcb8939a928333d8eface7ac3a28d25b74fab71c415ec3da53,0.0024287119435755676
Source,0268cbff355499bf97387dec397614ab3bd0e3e4361475f624a83f250a5f5ed5b2,0.0023914188619083804
Source,026977ceabe8a4bd0f38153d781210b0bb685d8fea10a5dacaebb38925ff778cf7,0.002424050308367169
Source,026c3f8d31bbd50a1ab716dc6c6b02c98a59712c2309f408e3bcfdbc00a9269d49,0.0023214943337824044
Source,0270cc009ce9a9a18e3aec6e931c3964366b61bee1b01c1667722e0033216276f0,0.0024287119435755676
Source,0271d98f7dfe66198f045690f552a9126abb0aa1585f0061854e780b7e08e6dccd,0.0023587874154495916
Source,027c9997352886897fbbf413cf5e8116c547034eab45c45eb905b3a1b11cca048c,0.0024753282956595513
Source,027e6bd817f748faa085845bfbc1d8772626d8e34f3a2287eb75cbd30780855f07,0.0023914188619083804
Source,027e7aa840ed3c61d1685b74601bd037d86b5dc4cad6a7d5ce24f58584e8c770ef,0.0024753282956595513
Source,027f3ee645c11ef3183cb6f929274baed13990e812d157866b4e41c2bf14e352de,0.002396080497116779
Source,028e50849ae7a20e012e8136ff0222a39b6a1dde08f6bf17164157d4b752987f79,0.0024753282956595513
Source,0292ee280619b700bbbdfe4e6e92bdb894f77eb50d91d88c1803338c28df448f9f,0.0024753282956595513
Source,0296080a081bdac871ecd64956016f03f6142699e6bb9c51a68d68ab33ecbf180d,0.0024753282956595513
Source,02977c3ba64fcf19dea952f11586badf2f76b3e5d0eac30279ddae4fecec87f88f,0.0024287119435755676
Source,0298f4c665268b4906ae486ef681510d7d4aab2facb6f6a620a8f6fd18f5b4fb0e,0.0020184880452365083
Source,02a00e8c2877df1b8ebe2833976f8562662c5addab483bc26400adee051b843958,0.0023214943337824044
Source,02a0b3f4049964e02cc5f31b479f2fbebb70941377620a5451fdc7edddd3bdf443,0.0024753282956595513
Source,02a1daf26fadb6f3030873c84cecbb97572febe96eea767ccbb9f29f362f830ea9,0.0024706666604511532
Source,02a69de11b54d36085218bd399ede2f97c616c6ae90d0440122a0449e909f8bc8d,0.0024753282956595513
Source,02a898533f6f16d7cd955d36e81ca6e97292030d70b3b0b8289d73e40dac5d0360,0.0024753282956595513
Source,02ad411014bb942951d30cef65c6e99aa66f05fd383d25748f78782f07f32f8fb2,0.0023914188619083804
Source,02b19bc1a15ee13833a827250f4205e9ac13313750cbe94b9a188071dada8fbbd4,0.0022935245225320137
Source,02bbeb97b22ee205724feee21c6d0ac637629245327536e6402b302c69ae7ac874,0.0024753282956595513
Source,02c0ac82c33971de096d87ce5ed9b022c2de678f08002dc37fdb1b6886d12234b5,0.0023587874154495916
Source,02c8a3999011efbe323f1bb0af373e7b07b0aa11eff866d48702a0653630cd5311,0.00010721760979316324
Source,02d202d2d50a7da4730eb3d91c389906e5c4506dac78622d2714bc6daa7daa3700,0.00224690817044803
Source,02d6284ccb2ce82f79e938a82da23b9f2d2fb659c5147e8d58d146158c8cf48aa5,0.0024753282956595513
Source,02d744fb31bc5c76b3a812ea8172684ca88c180cd6c62ba96c790a82370a5c80b3,0.0024753282956595513
Source,02dcdd7e18b80dc7fd51af34e871901c13f574e4b82325dc74c0beeada5771e8e9,0.002456681754825958
Source,02dd1f5fd604fe04e55e0f400e9b2401bb3db51ebe330443606eeecf816fce0a1c,0.0024753282956595513
Source,02e25e1c48f305676493426a657c37a1bd309ba79ac8be0909c7befc092425c11d,0.002340140874615998
Source,02e757a6afd77a79b6cf511c5341b2caf16f4233d65baf505e9bdded85b48b7e66,0.0023914188619083804
Source,02ef471860e3634fb55624b329c09a682aba187c7aada690bab3c5ad9051f2e9f5,0.002386757226699982
Source,02f2fccc11d34d7fce415a97ff9fd46867e5af780c9c71774627fb311815d45a81,0.0024287119435755676
Source,02f6725f9c1c40333b67faea92fd211c183050f28df32cac3f9d69685fe9665432,0.002438035213992364
Source,02f6742629e5ae2329d2b74990dad710a89ff2a336bb2ea0f404f5d55a7516a695,0.0024753282956595513
Source,02fb37ad9c674fcde7df9b7342f0f9e3b71a7658d0551d5b58a84fa088075aedcb,0.0024287119435755676
Source,02fb74056358782bf2b555c80807fa29c9ddfbe5051cfadf2eb83871c155544391,0.0024287119435755676
Source,02fc7ef232bd958209a2180fb18844388babc48a81d31434e343ecc4d7dd1a9186,0.0023820955914915834
Source,02ff5053660e8763befd147411544143a106b65058ffab432a21277d68b0a4a491,0.002447358484409161
Source,0301f33f9025d623df59eef0fe57813062447cd427cd4709ed974d12f268686db8,0.0021396905606548664
Source,0304b2ba507036bc2d128f287a3f13c97d12d4e7ab076d889efd5120257efb0cf7,0.0023587874154495916
Source,031506bd1e40e9cb16ddbe536d8291c2e800a957acefba4511730e909d8d1bfd3e,0.0024706666604511532
Source,0317dbe0879b3c79c6c7c1843096a89c80762665b4d4548984f36402f007896b08,0.0023587874154495916
Source,03199c83db17303a694d89dc5a4dc901488513f2625832a0c413bcd95c1e9dbc64,0.0024753282956595513
Source,031c527494f295220d26a1814c18e7db3f4f03203ce1a53a0b74b52ed570a3972a,0.0023587874154495916
Source,0323d2e69f49fd5f998832281c4cf7cc14a31b3302fbf4a66134a945237a8c1237,0.0024753282956595513
Source,032b31feacb6d645c9a83a015d2b52d549205ef515ddea9f0a6b8a4a657eefec3a,0.0023587874154495916
Source,0331ba4e0a33f5555e583bdc833ceea1fbebf4a4d57929a7b1f51c4fe5b465ae1a,0.0024287119435755676
Source,0333b58f86a0c31da7ee61a4bc2232faccf8c4fe4167fe0dd9ce019fe03e82faac,0.0023494641450327947
Source,03388e868e91fadd6a671281dd9cf5852fcfdd7eefcd7acad069d49e627ed85867,0.002447358484409161
Source,033907be919e25a79ddd0fa0c050ceb24d9a05a8f492cc16c32fa08029833c9bdd,0.0023820955914915834
Source,03397f996a69f58ba4fd3d20e21daa36ff3be3c3624c03c96f127059c4ec73d15a,0.0024287119435755676
Source,03425da804d327461c21e4c1c04e43d0cef2f0ec5bd229264b2279d8d8e64476fb,0.002396080497116779
Source,03456c38eb93de16adf2555d5b3cf7030ce2537bac453db8b04020bb74ef845470,0.0024287119435755676
Source,0346758be47e1e544d28659c5ef8327647ce55d0e4032582cffcaaa28b902b1cc2,0.0024753282956595513
Source,0346d0ab327accaea0ae480a1ad73dd09fc27b24976c21bcdbc61f9c2564ea903f,0.0024753282956595513
Source,0347ffcb271ef54fa6103fc6392370ce398d1bc98460829f7046cf64026253a68e,0.0023820955914915834
Source,034fe030b88d6439af1d7cd9067b1a4b7b28a3b31fd5f43ebb47547213a79df3f6,0.0024426968492007625
Source,0357712cde38c9e82044ce5070473585e35dcb6069014a7e31a28968f5d839bab4,0.0024753282956595513
Source,035d5333c4feaab84071b20e1be0a46a072341a855acc69c928dd03e0b81449c02,0.0023914188619083804
Source,03617110be362e43a7445941970637d710eb46486d8a59dea76f7b611d524ec364,0.0024753282956595513
Source,036487e0bd981617c674c2856fc0050472a0182838e0a4a1a67545c6cdee9f49a0,0.0022795396169068187
Source,0365de8f0dca4d712e09c1548c63bf3a141723404a0a0aec4d5ed60ec9d80dc75f,0.002396080497116779
Source,036d1712099f44a048463f38e823cff113e92256aed7ec8bc9d1981dd2d915a534,0.0024287119435755676
Source,0371190acfb2e92bd1faa6ce4d12ff248798515a92ac903ac14d31b5172d9b2917,0.0021396905606548664
Source,0388157a19ed80015b64bf9cd3cbc3c3c4492822341ab7813c7f9c0dbccc08fb26,0.0023634490506579896
Source,038e48bc826cb427519ed49e75f2617e40541d957e56c9c5d12ea3872518415576,0.0024287119435755676
Source,038fe44b4159e224ecbd92a8c63c24948a807d39c08e2d4aaacb77d27d38fd92ba,0.0024753282956595513
Source,03939ff69d65a13c4bb2585042e7eb7e75a7c77289ab5794d1b973721d86c6839c,0.002396080497116779
Source,0399c5f118569051612542e6ed72135746ed6bf5071d31098418095d7c448ee1a1,0.0024287119435755676
Source,039c4249e620202add3c61cccfb406d4d4e56900ceaae12b4d2d298ee3e4838852,0.0008670641487621028
Source,039e47f4f9049c04fb4845835443f688a9f2a9cb8498f4838441c08cddc9a33c8e,0.002447358484409161
Source,03a3c1fc0a489e2872a2afe8fa16c2714b5fe80d52d8c1ce8ecc4361a77391da82,0.0023587874154495916
Source,03a98b60b81e126f5f588d8c77cf621ac3cd57bc44570180ba56d0af6a7429f3c6,0.0024753282956595513
Source,03aa6a60bc8570d057de350cd10dc9d988f14321dd3a225e81d9ca01b51674aae7,0.002368110685866388
Source,03b08ad01f5473717ee0251777b80cf7effa70b681ec0b1cd5c49317e8ffc52447,0.002368110685866388
Source,03b238a73093d976900ec4125096927ff3b220b361315384d73903c93e3758cb91,0.0024287119435755676
Source,03bb3a071060c20b10a7dd3b71ad72d188b1b8e434fb6316a12a98508941a92185,0.0024753282956595513
Source,03bb42f495d912ae6b57e42547e0b163b81b12099bb8941ba5fded746625293bed,0.0024287119435755676
Source,03c45fe15c475d61c1d39b6e11b3bfbd913b98f3f21abea787e0d5cb889d35337d,0.0024287119435755676
Source,03c8c65e97f2db99f2823702ee1c5ba9234cb5ffe25bda1e1c667ff8f51a6139de,0.0024287119435755676
Source,03d40a4ade94703907f83e0b74fc07633db6d0842fad6aae6c4acef3bfb09d5fa4,0.002438035213992364
Source,03db669c2f2a3d596c4b2110e6334a147e80019d37bb8c94707aa7751b8e9756d2,0.0023727723210747865
Source,03dbd26bedb44490bfbf19c876f41c4561e3c650517a6c6ba77cb5e581b0b886b8,0.0023494641450327947
Source,03e3d670d86f33181ee7451f14998b376a0d5deba8ab064b4ebe5ad5706f7b112b,0.002447358484409161
Source,03e6185b11e21660a3ee02bcdb402042e4ade1757a3f69550bbdb262d9d075ec2b,0.0023634490506579896
Source,03e6716879c3bca5c8ed3f24d0da085442c2bf8beaf569347370ea853b8b0435db,0.002424050308367169
Source,03e72d70b4e015bb3bee8a50deb32b6316a35d52b2333b5df66e36ed5e48ed102e,0.0024753282956595513
Source,03ecffae58fab10791a46e89ae00cffb8260875bcdc22549d2dd79d0795e96bf00,0.0024753282956595513
Source,03ed96394ddf5348a7f1556c4f305343cfcb8692c79a7146e7ba3024004166c230,0.0024287119435755676
Source,03f8d1ae8e36d19ed96fefa02f6f6c33fe69ed2fff5ece582b013a92c9077ee396,0.0021629987366968586
Source,03fa0ef0845dbc299739e62c06e34aefda5b0a2e6ab3f6e4ca33f776ea12d7a3d5,0.0023634490506579896
Source,03fcf9e53678d18e51f0e2da4515caa64c517e3f8cc804809b44ecc165d214b3fd,0.0024613433900343563
Source,03cbf298b068300be33f06c947b9d3f00a0f0e8089da3233f5db37e81d3a596fe1,0.0007924779854277283
Source,02527795f11a8ca7f9dc73b9a69fe1bfe824597f7a67d25bb1ecd5683f2763e54c,0.0024426968492007625
Source,028b5bc17b23ab71f0726ff86b0fa44289d3ec0eedf352799da28471bb82aa07c9,0.0006060125770917923
Source,02ef61a252f9504a42fc264a28476f44cea0711a44b2da0bd729ad52aaee9d86b7,0.0023727723210747865
Source,03713775dbbc5d908f9a113be4b77b74fa64e3302a107ea40963ae81743d25fcd6,0.0020231496804449063
Source,038182a74b030bca74c1bd92c55d38537cd7ee72a25c6d9f4d694e972fc663fcfc,0.0023727723210747865
Source,039c5e9d35bc1fd983c45f338cbd53fb41c3ec85531f623eb05a6097cc04beeb00,0.0023820955914915834
Source,03b7ca940bc33b882dc1f1bee353a6cf205b1a7472d8ae24d45370a8f510c27d23,0.002368110685866388
Source,03f1e0761f2f1e0a83a9f831986df0e094e3947b1b645f1e3ca66dbf148cbffbf5,0.0020697660325288904
Source,023c5f2b69161742cc49da5be6cb7c940465fc608ff216bafc7573eb31121b22d2,0.00137052075126913
Source,02bf6b396a501096d3695aa74a234a4f267e595db29838445d6a98a8a744a6853d,0.001356535845643935
Source,0203eb5c3ae8d060e5c16795a0d7ebccb98a0fb2d68a6d298e3efce28b803b6778,0.002386757226699982
Source,0221cb517eef461adf1b0c86b0ea6f53d8168d10929b7d5de40516c021631cbc0b,0.002386757226699982
Source,023067bcc442ee11807f8e543f948fd26c4681d63f90194175c43cf30da35beabd,0.002386757226699982
Source,023aec96ebdceeeb86f39e83ded211a3e79aeabfdadf48bfc661ed4a43cd388cfe,0.002386757226699982
Source,0241336c931ccd4ebb0986ed2db092502f5c5078b36b6b884e5e1f762d79a5b0d1,0.002386757226699982
Source,0246d846cdfdc2e20aa90fdb945605fd2f8d3e8dd6821d246857cfc84f9ff7b5e8,0.002386757226699982
Source,026f502bb61007f34ad0f7e64e22b7aec2eb318bd6d3ed52507eda9c73d74982d8,0.002386757226699982
Source,027892accbd1d40179ba32023cf5b3224fb2ba0ff88879bc218b34e02df8ec2c77,0.002386757226699982
Source,027a5a4aa12d461029b8edff6d6d0ea7923a4f01b6293308c2c2d0ebc512f30c49,0.002386757226699982
Source,027c2c73a533c067e88cf625748e657aad32128bc29e32a2b1a13aaef4d3054426,0.002386757226699982
Source,029e54548135cd985fde3693cc6745a756f794a2ca41f1c3c15a6b762acb454e0b,0.002386757226699982
Source,02a33c67e06f1b383c3158e82dfe585fd3dc2c91a3dacd93baf8b1c79d496a7e17,0.002386757226699982
Source,02b40c66b2309ab65d793878d868ddfefeb287669279e7c84accd7dfa94fec1336,0.0023448025098243962
Source,02bbb51f2c0c937a73ce96dad603272ba7ec153727e573830752de5e1481e5fe32,0.002386757226699982
Source,02cbafc329051e1a7becba2ac82622154cee6bb230f2609527fc2e2ec28578f570,0.0010768377331400309
Source,02d4174324b8ea91d547cdd17f31d30fba419122e5552252e8044614c275a60dc1,0.0012539798710591702
Source,02fd1730526a2d7ffc5124ca62b2be425b0649ffc35f257dd76aebe2314971faf1,0.002386757226699982
Source,02ff4cb1757123eb323ec24b581cff3d548f210f16ec39608aa7ebf9dfd67252c5,0.0013472125752271382
Source,030598361abbe97bfa3a4069b719a6fb9369f9cdbbb1c50d0357083f891a78e3b8,0.002386757226699982
Source,030c13a473cb5daaed61644c67c8b8fe1fbde288d77faf0d4c4be7fdf544b07bae,0.002386757226699982
Source,03192dde3cb01ac7ce5823eead61a440500f9062ccc2ed282d0c2a47bed04655b3,0.002386757226699982
Source,031c745726ee260de2e498d1e88478517f7fa2c9b6548e76e94e81129aed4ead34,0.002386757226699982
Source,0321344cc2a35796592dc363ba5b5d5bc00f653f0a4ab8f7bd07256649fc682de7,0.002386757226699982
Source,03354ff488363e38c498bb30041d2447e7e4e8c9bb738c765ff8215d1d94a94f08,0.002386757226699982
Source,0347469dea682bd59255a5e60eaed8079186f85b5b5ea6dfd24565212e474b30c6,0.0011980402485583894
Source,03489edc0b300d4a07be5b61281ce0c94a9a943ab132156b096d4ced269e525550,0.002386757226699982
Source,034c5c5250c08acb62df2ebd0ab728bf2d6c757c7d433e7269672df280e3daca2c,0.0012213484246003813
Source,035362a07529a9789cfa9d7cc66b327b6fb12bb7fe99b31755e123def02f810a41,0.002386757226699982
Source,036cf9fdd300e35edfa4ffd1368ad60a37b013b0025d122e398ed3ecd80dd0b9da,0.002386757226699982
Source,0371074db3f9ea4cbcc83b69de0bfb7d38127747e6b0359d073fef34b10489027f,0.002386757226699982
Source,037b59f26aba200711606f5adc93cfce39a9289d034032db0c58a9c3d431af2c02,0.002386757226699982
Source,0387ba847d67d8065dd39a5400735c0ea3a2e5a27acae337765844b35801d1d749,0.002386757226699982
Source,038a0e10b0fa5c87f3d0436d02aab55a947c245d3ec58657a427594cf18f2b1130,0.002386757226699982
Source,038fded3699dc762ee028a897ca4707b81adba1f69ae579d2a632baa951c2c2842,0.002386757226699982
Source,03a0c1bb4380a1d96c17d0c7e654dc60c3c29ccd3ef7e282ce1d5023fab01ddf5f,0.002386757226699982
Source,03a92973beaaf9aeda713e64b5bd6f46156224e7c1212503c8f537fff5f50ff756,0.0023727723210747865
Source,03b7d8b6bbaf02239277ed32378d50d29840292b61d516d30057b74044992c93dd,0.002386757226699982
Source,03d230e83b40d70a05cc6bb325143739d12d527432622d0e5376e7f9e8aa44c72a,0.0011887169781415925
Source,03d79fa302d7276885b6a5ea418ac9e7ccb6f12f93e0901983e6f3cac205b4298d,0.002400742132325177
Source,03e94370416f0e45ecbabe14f939ba99958fcc24aba6248cdc9adf0405a00f5292,0.002386757226699982
Source,03eb3d69fdb7de4f7835b0ab58051294efbe038215367ea53f2048639fb19411ae,0.002386757226699982
Source,03feafbb48c239c6a8f70d35b2796d1741614e7a62b12bb744cab1a6102cf7f0b2,0.001286611317517959
Source,038d108e6cd9b8e84fa0b89d018c2e254324d3674b2bb3db12b35841889bfe372a,0.0010022515698056564
Source,020976875f2a90838859bcdb280b6dacdcc0a9854764b5ff02b138ac9ca91a5e8c,0.0016129257821058472
Source,024f5f1ddd1cf78afb23dcd2895d665f1f287ddc2ad1445a01a60e8cc5356b61b3,0.0019905182339861175
Source,028ffea132e7e1d8e5191f7f4dfaa6b5c20509a6c668111b62c21670ce53139560,0.0011048075443904212
Source,02a4452b0854f164196b924eb36fbb764a35ba2aa32bb7d7885376581be3b971d4,0.001263303141475967
Source,02dabaec135cf325f3276a8314ed1e8f56e9e7875b6b80da88ad61fbeb12c4539b,0.001426460373769911
Source,02ee4469f2b686d5d02422917ac199602ce4c366a7bfaac1099e3ade377677064d,0.0013938289273111222
Source,0333da661b86064057d66be87c6e6f38ba05ac9b187dff68ea3584030c83e05ef7,0.0012819496823095605
Source,0336df94c9f861f6e36f48427e100a68c2aac2f3cc4c632c816e3d2e12b865c183,0.0021536754662800617
Source,033abe908878ac00c1e916face972331b3a6e3ba4e587c95efec3c76e3ee339c82,0.0022655547112816234
Source,0355b8b8a890d32405b860a40eb5ca7d49d2d969eaf0d5ebc58cdd31f6b7d14ca2,0.0022422465352396315
Source,037b7cd33aada9dd91ccb95857d8f71c34fd31c426057016f28f48b0633ae844cd,0.0020837509381540858
Source,03ac27acff678ce4a2f25756612d3a83e2cb4d7552db168d3bb15482b92c80215f,0.0004568402504230434
Source,025b33d04d645a36dc332373df7f7bcfc6306b100bef3ca9500fbaad45c60f68c6,0.0016408955933562375
Source,02a5487cab84e33cacf424633e7520cfb3fce51aeaab41942ab01e72fb49d166f6,0.001636233958147839
Source,02c119d2fd2e98a88f50d0d2ee4213255b7b8ec2be3a95f9aabd6afb09dd25b083,0.0008717257839705012
Source,02d246c519845e7b23b02684d64ca23b750958e0307f9519849ee2535e3637999a,0.0007738314445941347
Source,02d76bd24afd87d3591b0f349ee2f3cef4e090f3fb0e7254988cbc060a75aed029,0.0020417962212785
Source,02e27bc869fccd7ce5052124734ef63104af4f58ce363aca3540605fb950d15339,0.001636233958147839
Source,02eccebd9ed98f6d267080a58194dbe554a2b33d976eb95bb7c116d00fd64c4a13,0.0013425509400187398
Source,03867da6ba2e32bd6e6e32de8cc010711eeabd73235d6e49544a9229b02b3d35a2,0.001636233958147839
Source,038ae17eed1d1e30bcdef2f8f986c343b87d90cf57b5b36039dfb1049815baf4c6,0.0016408955933562375
Source,03f3ba88c3e9e68b10f8c1e877252a157291ddc24aa378e9cb6f8b3bd0fed2e706,0.001636233958147839
Source,03fa94bc4aead4375faaade28d33ef336d4124347843f258dbd66ded9799cb3dab,0.0005873660362581987
Source,03b439ff61f39f557fdea45129230f4f0c22b6625fcbbdba0dee52cfc56eed5e4a,0.0005780427658414019
Source,02d4079fbbed8f92d4eb57712dae93c9df909a8fe876e771b8349380c2c08da37f,0.0023820955914915834
Source,023ae7becd1f334e63afb62447315b5e993b990c1954971a15f6ade35f7c8b882b,0.002447358484409161
Source,02825cf02875e386fe47406348cd76b924b2e277ab4bdee8d2477bc2e16158ac8f,0.0011793937077247958
Source,02be20ab32c37241afd17b0cb6358a839566ca5d96e8fed34948da4c01245a34eb,0.002447358484409161
Source,03ed28a7c2654fe6d654ef39d6d25d87b6d0daa5aa6c03717853c73101e5362cee,9.323270416796804e-06
Source,03bd9d0475188ef42f4a0beb8cba4031a9bf44ae274b82f2652a330bab2f69c9d2,0.002144352195863265
Source,025f3888eff5559c4c69196455a3129cabf2b4a74224e15fceefacec4083ebcbd9,0.0012819496823095605
Source,0280d7fa7869b74dcc8d34eccf3db1003b35a0af019700e9407106301e97a81c82,0.0010162364754308516
Source,02b58092be437eadbaee5d48d77e58a32e9e28873f5544e28ac058b56f8cd629ef,0.0012819496823095605
Source,02c67b64efdb5db26b90d79f1ed9012e637c4cb3bfa9e74abed617d19b9e14a34b,0.0006759371052177682
Source,02cb19434eb6c954dae458a499c0cc0b8b43423a894387a4972b98834487d76b89,0.0006013509418833938
Source,02d249db09237f974f1c67775accee37a9d1eb3f04f236dda177f5a5c083094f15,0.0012819496823095605
Source,033330bb74f37edfb72355b47faa2962501aacfba23ace774ac02a9cabd2f67767,0.0012819496823095605
Source,033cfe09030dff97391e08cd08c77834efcb44b706bee7ac7d0866b02ed67f356a,0.000428870439172653
Source,03627e46bebe89aca54a44e4d7fbe4fcc3bd50fc23783dfd3cacfd0a3215cfc976,0.0012819496823095605
Source,037f709e708f83bf2217369154316c769f5754e5eaf6a2c667fb9b4476ba8f277f,0.0012819496823095605
Source,03a72fc9f29dd760add68a7ae10e40f4bba8c71b95d097196116a5cd254d19993b,0.0012819496823095605
Source,0278fdeccba0fcf9017330efaa48269c91edd090d0f69ed6f79fd73b282acaa5c7,0.002386757226699982
Source,02e40b82365cd2a3908a481b712ba09858a5dee4cac997351db6cbaa175129907b,0.0012912729527263574
Source,0249567adb5e690574269d440920b7b37661e17db24ae8f3640c875c4fe0d06e8c,0.0024287119435755676
Source,033bcae00cc8cef3655fd7ba0bbeda83621f6c46b0ee44c44ee31bd3df71de5dc9,0.00213036729023807
Source,035f1498c929d4cefba4701ae36a554691f526ff60b1766badd5a49b3c8b68e1d8,0.0008111245262613219
Source,038a09e4bef5ccd22c94d6f07a878d496c6fd2c501349cb7be90ada06fcde5132c,0.0024287119435755676
Source,03ff6aeb0b0fda3a0c706c76b4c28fac44d8a114059aa77d42a6660a46efd6d428,0.0024426968492007625
Source,0215766777b7d8f80c64d27126ec4b985e5ad1049e8ecfc0069a915bdddfa7b7f8,0.0012912729527263574
Source,025194ee11df41cb6b4478aa76a94ccccca02742256342a454072a5d0bd1977460,0.002330817604199201
Source,02631a68483508f615faeea5c9312fabcba8daa0b771fb0d81043fc5d44bd408cf,0.0023587874154495916
Source,027e9923151c58a7dfed9c2cd521587dbd0f0928f548b7853dde7475c21ad3a786,0.0011094691795988196
Source,03d8fccf7a73eb1c53f7eaa3f99bd5c64f2267ebc260ad0e5714d4c104719d230d,0.0023587874154495916
Source,0285c2321395529b79bedc4f3d35d7b14f8d4d271ce564742a865e62534eedda76,0.0004941333320902306
Source,02a6b40205ba2046ce7f01089ae1f4afa9363c70fed15fd4674a68f5efea62e71e,0.0006199974827169874
Source,02b33bca9b29fc40d46f0fb80298e9116138c327008472f63d16fcaca0f5b921b8,0.0023587874154495916
Source,032e04b67641c00444af1d83145c0b63bac8316a6afb8fec0f87938295ed8bb129,0.0007505232685521428
Source,031a32a1a78f66a775008abb4b2e3b7a781b84676946f960f60cf5aa0fd5128d4c,0.002354125780241193
Source,0229acec83957b9b4ce9303fdd9bf33e6e5cf7b1d30c08f90a0691dc334b84cf34,0.002438035213992364
Source,038ea575f5e76a29aac9c2035b0c3b9cee8b19fde8c1b8a88318be59a6703cb66b,0.0020184880452365083
Source,03c10d3c665a313a092dca7085043b91ab9072502deb0b22a724b0e61380283445,0.0023214943337824044
Source,03e019bf0c4da79452881016b8c989c1df66a498a31a739f002e49fa764381a3eb,0.0023214943337824044
Source,03d321e1fb0200921b2fe3e63ef2a1aba278f43eda9672e8cb41b8498799c70111,0.0024753282956595513
Source,02feecbdba434aff77c78159ef47679c71ce4936c6085897df5ac9dd5274702592,0.0024706666604511532
Source,03d833ee6dda01a810a51a8f62e555219cfc030eb5fc55647ad0ebad1401065d5d,0.0023727723210747865
Source,0239e5323f33ce3729f69ddd08760e83a9d6729521da95f28b93dadfb4d0b26ad9,0.0022935245225320137
Source,02f85bc8de0aae119967b82b0a591a3892c42194bfe1405596dcc1c03568b560d5,0.002288862887323615
Source,035f813598df61688b7eff80d546b2ba200bb00c1726bf32f44b692cc98a3580cd,0.002288862887323615
Source,02e6e22a478150027e3b9bb3c67563efe1d7e49b466fe17a370ae71e2321ad92d7,0.0023587874154495916
Source,0360e59bf60cabdb0aababf410fd5c567ef61a59503eb4fbb4d1699596f4b6bdc5,0.0011048075443904212
Source,036e5f6c4697e39c1aa75d65b1a6c9041f2724ec04d08c52ad210f4440a692a080,0.002065104397320492
Source,03f45d98c565b3ef38d7dcca452cbfdfffb89847a63a1684d7df69a7525bad6ea0,0.0023727723210747865
Source,03f7e084886b0e23f1d9c6a0e0f3aad8b7dba787cd2a52aa315b9c3d816f59dc36,0.0005687194954246051
Source,02023587eae91eee2cd6c220caf6f4e89bb50496970c3705c2b07cc7754585ac7d,0.0006060125770917923
Source,0265689e7fac095fbb00fb3c4092449039a663499c9438fbb11842d102e39ee12f,9.789433937636644e-05
Source,028c62619d11ceb4c2cd1837a8d7a166cae17309f114804057b4d44816fb8a87f3,0.0005593962250078083
Source,02e07adbecd263c0452e973fabf7ca3d9e1d79cbb5843a8a7a51df8829139ce4ac,0.0006479672939673778
Source,02241e1d480fcedaa1268574d530ef8ed5545bacdcd391e40ac58cbed30d001d40,0.0005360880489658162
Source,022d2c907ef13d7e36ac1c61e788ba7c9d979b33be1ea21c421796eb11c44d5260,0.0022329232648228346
Source,023e2b9bb357b1bf135d59551418178ef020cdd77efee7939cdd7c83f41256f7b1,0.0020417962212785
Source,02df803ba0b435b912556c83c97fc5d3aba191f114b2c468c3062ae18c902ebdfc,0.0005314264137574179
Source,034d11119748816bac2e5f2b4f3127e05d783e39b6e9b65b8db9920ec553506301,0.0002190968547947249
Source,03d5cfc87ec933a522cfc496273b74de47753bd3a5cc4d3cec445110a775e3cec4,0.0020417962212785
Source,03b81284c8aba3409cd3720a96089011f4bd6512017ae7f81bf4175a9d22def343,0.0024753282956595513
Source,021f87b5fcbbff2cbd839e3ac59c6a3bc620d1f0f638d85726f193cb1839019b90,0.0024426968492007625
Source,02ecafca28b270849d4970740bbde02cb216022b72df6cca7a751bba771e41d344,0.002330817604199201
Source,03c3b2b20c2cd40c8bf9f4c3f2df1ead32a18e27e8b889d4aff82b9eafbe0b99ca,0.0005314264137574179
Source,028501e256154aa4aa513acfc1ca498ae3e9f1a305f5c79ec0918b67ebbc78a796,0.0023820955914915834
Source,0387e3780a4325eb38421fb83000a6f6c0ffa4a69ea0c81db3f00e8e5015c9e8a1,0.0008251094318865172
Source,020f27295ad01c16f8d77360c9187e3101b026513f5baf3357c2ba0b0afc5069ee,0.002424050308367169
Source,023337924c8c847b6b78982d0baa8efd3c48a65facb987fdd277a04c7c7791a4eb,0.002424050308367169
Source,0258478c6633cd62b3ee6d326d5afd34a198767d5d177588ddb47dcd1e7293b448,0.002438035213992364
Source,026743834aa882c2729b95d6f6b7ce822bcb4118ca1b60ee5e6f5104ef0ff94efb,0.002438035213992364
Source,0295d8b8d11a58f46d31041d74aa9c2d7a5342ce8bce6a47b0f72ff8ab1c189268,0.0005780427658414019
Source,02d651f88fa08b95c772a0aeb7b32ac4d4700e5e0a51c137d99ac7aee86d18d5eb,0.002424050308367169
Source,02e1d3d504fb7dd35ae254ec9c8172ed09e8fa00222cc775fceb25220c10b55ba7,0.002424050308367169
Source,02e8ebf3b925c166ecef09b48873246356323483f4b644aa579154343796fc2668,0.002424050308367169
Source,030fca431b68726669b2fe24b34594125ec3223aaa3485b13355d1c73930d1fe0e,0.002438035213992364
Source,031b5d456d95b76d2598fae0a7f270455bd8b374da4aa8764c32bc25cc6421b794,0.002111720749404476
Source,0321f174ee7e67df1dab3aab23ea5cf07888b3b2961b8a25a02d9bf8c6945d3f0a,0.002438035213992364
Source,03570a257eb654dad95d5284c273532d21f700a7bcd24ca78cc65fcf7b354114a4,0.002438035213992364
Source,03a2497c7ae09be9db479f04ad0a769f246ebfbb2f21039f95f977968eff58ae9c,0.0004475169800062466
Source,03a315ef609658cecfedca712ddad3a7ef5caad73911cb0cd0c73fefa5af347f5a,0.002438035213992364
Source,03d4aa52d79c782d4d930c3567fa512ca10f02a028fa0ae4965f21a3a11940d809,0.001286611317517959
Source,03f2f546bbb4f8d4c1f6b5ce593272ed304a7d7169f9bee03a675a95e8cea21863,0.002438035213992364
Source,03f6489657028db5316fc920b92122805cabd87e937a6adb33661d4b44dcb6dc19,0.0011421006260576086
Source,03fc9b2015d4641c85782b830be552dac7e01ef66e8e22f00eb71dfd8ec7ef2ef2,0.002438035213992364
Source,0355f121d9df9cc8f034d0ad61c6de0b4a42a13926f8d74355a05d2159b4bd7f37,0.0024753282956595513
Source,020d41c5a32f06d7addc7378f2d4a6596358d8716a3eb5d5bbdd894a82a1fdd00c,0.0023354792394075993
Source,03012a23c769decc4fb40a92d5300692b576cb8dc887072580638b97911742554c,0.0024287119435755676
Source,034f1ec90e841677f8463600c5468f4e0409ae7d04b24885eb6f01912b85e295c3,0.0012260100598087797
Source,02006b7be7ea4b7cdf181c5c7b338e80904f13173220eb07e991a268e518a35b4a,0.001379844021685927
Source,021f2cbffc4045ca2d70678ecf8ed75e488290874c9da38074f6d378248337062b,0.0005314264137574179
Source,029efce538a7f6ba7873b1bd00e0028ca39a658b96af326d349fa45bfa34226073,0.001207363518975186
Source,02df6f092487ff5fff2e03bad300485fdb7e780312ef85dac4ecdae9d087e9f3c1,0.0023587874154495916
Source,02be32b065e268f937b6e80172c7723e02fc0b521493140fc3c69a95ccf35d6e59,0.0023587874154495916
Source,024d2a7636c331eb2b9216ee40405e105f0b887479517f10b6f3cd0cf87ab280fa,0.0023727723210747865
Source,030f5d7b1ed7dba58cdedea67e20d7e24e6c0701c50b204dcd4f92ff0f8f3a0d9d,0.0006106742123001906
Source,02610e28ef828988086d69fb9773475a93723beaa6f466e7dd75009e0af43643cb,0.0023634490506579896
Source,030a122ff132159784b51ad9af1910b22d3d7887bec423e8611c935410e3f3cec0,0.000927665406471282
Source,032ef9f0c20e9b0a5fb5d7c7c0f364b197c6ad9b9ec4ab22f4145fe0336c0d6d92,0.0023634490506579896
Source,02829de2d8762ac70f6a243c7e210e1a41d7bc9fe909d09f120b7f0b0252c83858,1.3984905625195206e-05
Source,02952cc6b7f92226e490d6354636604a26484a396627c97661c932ffc55042a500,0.0021629987366968586
Source,039a8f88dca257f4f67a2c65bfcc6ab1d398488334d3b3a78d514c8e3f6638a903,0.00137052075126913
Source,020331a1a81bd8ad2c2ffcd6730bee311c6f457ceca8e8cfcfef0117cebfac348a,0.0023820955914915834
Source,021b4c978a4ea428adc8f9d5546736ed915d85ce763e82f6ef92385905a12ef22e,0.0023820955914915834
Source,0226b317ebf63a888838c2900b0e77e45b3ad35c59bdbbd6a8eaba0c0362303cee,0.0023820955914915834
Source,0243c10b3e59f846d3084a438f1959b97df003c3fabfbee411cf6459b70b06c961,0.0023820955914915834
Source,024e561e292ad1859ece9bdf943a52df1ea98f73fd6976692a15f6bc81f18a458d,0.0014451069146035045
Source,026fdb35e6c264ad8cbcb8b234bd8ef9245578d62e6aa84d29aebf7b14563f645f,0.0023820955914915834
Source,02960a2204f5facb99df8e994ee95da54f87da0273df4c12fa3e9b408d95950170,0.0014451069146035045
Source,029bb2e03a7c35dabace0857266d9a56d7f059e9d67e6239e6cb9141c3e2c048b4,0.0012912729527263574
Source,02bc2b3df76a976366aa3db2f3394d6360dd7a2a180ddb7a1ca1ce0fb39beb1b56,0.0023820955914915834
Source,02c69a810cd958fb624e9a97bc7b37221caecafed54d23923edcddbb83e769ab6d,0.0023820955914915834
Source,02cbd832b96a17693d79036595094884259c6f3dd70de0e150de41ae5586811f27,0.0023820955914915834
Source,02ff592408eecc254e6bd9852cf290837dd2908215168460156a3a5d0a9a36bf3e,0.0023820955914915834
Source,032e000d7927b0d78f7ce4285b7c8e4db97300fb55f2833173d7c28289abbed5bf,0.0012493182358507718
Source,033ef1f95884a65b3ff292492a1abb8629d47caddb3613457abdc8ec45730a2ddc,0.0023820955914915834
Source,03490382e85a7096ad097c78cbaff2e4cf01e6397580e0e63184bfc7f5957fa46c,0.0023820955914915834
Source,036377ed2d947b6cd8e99e8cabe79c9699527979b8056459158d75d15b66a6766a,0.0012912729527263574
Source,0372abca953cec8bd156aaac28cddec0829b5674923c47803d76ccc3f647252afd,0.0023820955914915834
Source,03786068c44625b4a41a18bf73a63ab54e629f304f428220633903df41ab72d7b2,0.0023820955914915834
Source,0383f4400ff96d0e2fcc24e63322b5bcf7336e9eb4cb9afa8b667f1c337d187f43,0.0023820955914915834
Source,038a834010a354a4f8ec8438bd50b712e13606fccffb9280af8125e2c9e039ffe7,0.000834432702303314
Source,03b9c2400bba2aae6c7f9e4963d97f4ad6f2d9245506c0bd7f9de4278bd718d74a,0.0023820955914915834
Source,03ba7a343029bd3d066c08d747182fb16d5f74c95282d309504d87dceda3e8bf49,0.0023820955914915834
Source,03d503eb96fd1b96439c4ca8003eb08c56e84626ba4af57173f8cf9ccf26b611e4,0.0023820955914915834
Source,03de64ce5647115baf92a7dada67c90f18f0e99a64330351c4bcdc595a32a4008d,0.0023820955914915834
Source,03efee4d946df2cef8a01d91cb010a03124c6575f7b9dfae888fa6fdfa8673ffb6,0.0023820955914915834
Source,025adb6ab285538bf5f039e7ed3303283ef3bf3d1c51c9a4856bd6da300cbe863c,0.0006199974827169874
Source,027c1755e7c8e82dfff623b2e7c5fd7f1b5e17d1fe8bf7719bc2858df00a284bee,0.0023820955914915834
Source,0294f7b19301dbd48c8acb45de2bb113c205e274c858fc416157988c4490974c80,0.002288862887323615
Source,02c5ee6bdb20562e7c699ab52baad72d119d8339ebeccff987363046b07570089d,0.0006199974827169874
Source,02ea4a9c36867208eb35bd5c0d7ef44eaeb443c9845685ac95de42ae4e076dfe78,0.0023820955914915834
Source,0312c53f40de91c5a1a64126a0f205116d4ce397ebefdb58e7593ac48e47070dfd,0.0014451069146035045
Source,037d706d809b71937dfeab0cc0577018d31bca5a729605529c5fe746924b2562bb,0.0006293207531337842
Source,026b4f8931fcf87033d0f601ad7e4baa8e93ee74acf313292fd397fd6c27524162,0.0024753282956595513
Source,028f4a4adf9afabb691498216c86deeb5df1a3f4de5c98cba858d2634d2f3533d8,0.002330817604199201
Source,02cd727dc097bb6cf23bc53efda41ad0fac4548569d65aeeccf18823207068c64c,0.0012912729527263574
Source,02312ff31065efa9cd1af882749d1b91dda97016e245baca8dbb4817251779077b,0.0022795396169068187
Source,0217868f504d0e2dca129a2d5e5385cdd3526c871286db96c4bf68f3c2a4d0d98b,0.0020557811269036955
Source,0225badb8b028f1b06fdddad6e2fd119036ea9c539b3eab8671b5916e3a3c27732,0.0021396905606548664
Source,02596aec85385dee365614b27562140a5c9869b5c3fe51c9e60cde045ab953deff,0.001356535845643935
Source,027d9a8cd4172ba4e55073509164f76b195d445679def9b41e261e8f34cb209487,0.0021396905606548664
Source,029782a037506d939b46a7e2440675b51ef698a685b187f926335b62412ee7bafc,0.0021396905606548664
Source,0297c92eabb53231b9fb48100b9550227eb66c04b9e74f5b86431019bbcd062685,0.0021396905606548664
Source,02c3a0a5862951686f8b9061d3e6916b6575b7bd1a1a8171a5a96b9d7fe693a55f,0.0020977358437792807
Source,03095de5cd2e615ab6f445d7b956044b77bdd8d37a6e1a8ac67e76e4f0637a19ba,0.0020977358437792807
Source,0358838bbe40a022276ca9ce2116138049dde4a53dbe2c57077871f8cb93ed79a2,0.0021396905606548664
Source,0366971cf0775736418ca19d982cdcc520a1b3a178d7bc95dfda65b1410fac8fb6,0.0021396905606548664
Source,0371bcbde71d6cc591134e6d95592a9e8baac232a1e975ccd67c111864a5e8d373,0.0020231496804449063
Source,037e1e55e33da04149cd9e1900b9d3d2c64edae82b2f57fbb960b084cb251db4cd,0.0021396905606548664
Source,03a38700a1dc68bff8a4eed3b6a74c15c2ed8388dad09a0850ed12daa7de43c52e,0.002102397478987679
Source,03a8a96a65ee19b7add42800d777c3eaf4b1ea133e63f2c78c9f254cd4faf0aca9,0.0020977358437792807
Source,03b3b683a829e3ba10c68b9952fc348460f991735859b93deac3acc2dbcbe412fe,0.0021396905606548664
Source,03c6822ca79ab4821092fb99a15357450327255af34ea08d5b2a8b725db532f0b3,0.0021396905606548664
Source,03cd44680050e504d0a74ad416960a84aab22d59b8c5921575ffef4575997ae7cd,0.002111720749404476
Source,03e269ffc7faa7b0d29f87e6547db29e540418885e45be44d88ef78ff8bc86e144,0.0021396905606548664
Source,03bceda62f96db8ca4deb9156e97542c079c0747d53578dc93c2f3d9ec874ee97e,0.002396080497116779
Source,03e835781a45e4f9524f8c08f9aa25bfbf8863fcbba00298c7da2e1c76679db54e,0.0008670641487621028
Source,03aa6ace62590f2220a6d4d6852d0e49fb6e4d6835f4b6902ccb8215d5c0d73acc,0.0023727723210747865
Source,02ed6e6f864686ee8518e2876f680b37866e6198955e21621dfef13674fb6036a0,0.0024753282956595513
Source,0271b003ba2a89fdcd4512585ebd53af8a8dc80c7252ca32c553c94b655d11cc89,0.002330817604199201
Source,02c8fb0ea1ef0b04353f75211833b46d69bee68662d204fa25a4b25fb8c5f2fc7e,0.0012493182358507718
Source,033ea15b5dadbdb19b426e63ed33b9cefe916fd5454308b76aea848ee4347addf3,0.0023587874154495916
Source,039514e5d704c59a0eba65d25fc5fe559a1641243ccdf80c980b1fc10ca9c30ca2,0.002396080497116779
Source,02150b31013ae0167fb6db823f0d20a7b3d19a2040c23e4a4b991446a1fa9d41b9,0.0021536754662800617
Source,0234f282a337f4aef2bd985c38d02f5fcc24d1c3adfae01b62df18a09297cf15a5,0.0013285660343935446
Source,02379f8ffd4e080f2a9ee5ada5e02c6be5625eb93dfadd45fb9aabe69ea97e3595,0.0021070591141960776
Source,02398e68818bd5db532a480c9b6bec9e743d33f72d8d639619565b0b1430d2056d,0.0014917232666874886
Source,024c8c764d8e3657d3fd3bafca31d6733f2bdf6b10e9c438f1b9bc7fc6d9f38509,0.002144352195863265
Source,029d91e731b4f03de2db7d83a0b61a3c2c45c1eac67292b87e31583ee6c696b5be,0.0021396905606548664
Source,02b19c4088fff675747e06cc7a565948a530a7acb3cb7c307b710735bc81d7322a,0.00032631446458788815
Source,02d2d6e8354c553b7ab616fb9ce93ca69864cc5298bee46a3dfdf5c8d0b3d23ba8,0.0021536754662800617
Source,02dd87628ae9be8db2151e958cfa2ea538c9e249966628b540d7dfe0b62eca1e1a,0.0021629987366968586
Source,03517a98885bf3d7e196a0092ff138a15b209d424c4d8694d1485d5ed727c021f8,0.0009369886768880788
Source,0387881308547507ca6ba7f6619d86193c8b8c09c7c62f6fa61b16b3e740550dc9,0.0020977358437792807
Source,03e6ac3db37d6efeaa2be3d9faa5fcb9bf41d3feb03014148475b36e9688d12c24,0.0014777383610622935
Source,021846ed3366cbec5ff48e53a580047f71729a49c5bea6c5f8c9a9582790399a20,0.0024613433900343563
Source,0208b6ec8c4c77cabef8351f92327c13e0b7cc2e3724083669de305e2b395341fe,0.000638644023550581
Source,02143e24e8936cb04b443bbe25a7d76997de7aa47d17cd32b9dfb210661b1a09d2,0.00078781635021933
Source,0242210f9087002992fdfda1e2940940603dee8d0ab72764649c0a3711fa332d29,0.0007924779854277283
Source,024508e432956be7bb07a5bd726f20ef18c9e7bfaff9abe7f5802d1a4910a86d35,0.0006153358475085891
Source,0267db6fbe76e1fbae50e27529a330837e9e1f4b9e4c7bbfefd7d6a1b3ffe2b245,0.0007924779854277283
Source,027af81dae5a0a1e896ebd11d23f0ee6cd0f12379d60c1e663260c557d010bd6d0,0.0007924779854277283
Source,02844b6ce10197a478834444fa13ef594a4ff44636ddc89a8511f42202f861e2e7,0.0007924779854277283
Source,02c48f0271701548c8ce0058418f497c3ab50156dd03725db8321a5c1be2e97b21,0.0007924779854277283
Source,02d53a094122a7e90fb137de9d120ccc42d91c92f65a44751b5fca938fe4701567,0.0007924779854277283
Source,03352c89e73541dad209b43fd077d0ddbe449a5a386fb1546b8ad57c405395fd23,0.0006060125770917923
Source,033a31b7720de80d4d5ea02b0037501722d1fbda74afb2606b7b571ce51a252603,0.00078781635021933
Source,03402f3861b4d76f7c3ee0a1bc700adb35892fa96d0a5f0abc38e36c04c75423fa,0.0007924779854277283
Source,034c4746a60332aba7c29667c13f95b9007666922f0c64cfc1332d53ea8a17403b,0.0007924779854277283
Source,034fd0be2b82f609f30593d2c5b7f27eb33c5e84f660446e4bf1501c838ce052d4,0.0007924779854277283
Source,035bfee56cc75cbfa0f16d4466094bac0a796065d0aec6b5d44031091578053c05,0.0007924779854277283
Source,035ec1f8ea7d376385dfa7c92bd9a0c43e1c88a4058179c3a80ac68abc27dd2389,0.0007924779854277283
Source,0361c8d69e7a4c8546b09a3e079980c8140ae73a2b3714748092f3214a6d53a5a9,0.0007924779854277283
Source,0365304eb729c2ecc41a586b43b7d181d5419a67f95b78f725bbae5ec5363c1f1a,0.0007924779854277283
Source,0370a02200ccd8ce8b0809087fc9337cf85a74bf7e23639d2f479ec024edadec1f,0.0007924779854277283
Source,03af34ca08b4959cb6977b98e2b1ca19ea388d77249f0e8ccca876cca2a9f9c857,0.0007924779854277283
Source,03bd3466efd4a7306b539e2314e69efc6b1eaee29734fcedd78cf81b1dde9fedf8,0.0007924779854277283
Source,03befb401546fb0c74373ffe3a146c6a0e3c971119330a0f9574e78d818d08a258,0.0007924779854277283
Source,03d696a995e4e654819d317c3a1f7b18752dc1dfb5de72688255989292ecc34df5,0.0007924779854277283
Source,03fe2eaf3045e2d5b8a5ae87bfada791fa9d2fcaf48feaeecd0ebca56377834c54,0.0007924779854277283
Source,03fea8e038e431ee8db56cc9453c749f42b3e128528e124b3f3b57fe2e5fe2a601,0.0007924779854277283
Source,026a85c5641216f3b21d9a0bf0c0f7aa1ae3f5f7faf2e66071b720b8e310af3c19,7.458616333437443e-05
Source,03a2b708589efa96366a4de541607d0a57b07c22079c91d1346b78791ab7b276c5,0.0006060125770917923
Source,03af96e39f8cabb9386850c88f6ac569829449557f2d50f10975d201f96113629e,0.0007645081741773379
Source,03d2ef9ec156a07c83b1c4da1e54564b50d20f2954bc535eff68894967444efc58,0.0006060125770917923
Source,023f98766412494a4c301da6aeac8d0b314b240d75b300ec9df827d1713cf3be45,0.0008624025135537044
Source,0261ae4ba4dfd21937ed3be62fcebd9edea0af8f8d2f2445f2e6af3cd428db742b,0.0023727723210747865
Source,02c2c252d0e3d8fb5d434216841b3179fda0a4c79445c49368fd5a3cb86af60783,0.0023727723210747865
Source,03f9f99c3bfbc823aa829c7166bf306cca28400ba4391f653d6005ed72cbf1a4ea,0.0023727723210747865
Source,02b424210e505a4e37c2c44a34f5a2fadb0f285afa554531aa1c8461a8e42ef6cc,0.002368110685866388
Source,02b813dcf53442e2ba8ac0b7911dc31ab0b62fda5e55b30388efb6c39a8ee54d3c,0.0009463119473048756
Source,02e7ac300471ac96db1ecc52f3f4e2bf26a3cd3cfb1e8ba68f2b6fadc4ab37440e,0.002368110685866388
Source,02ed03536fa441555a896ef236ee8f2083f80473834b1f02dfd4acde6b64b3711c,0.0023634490506579896
Source,031d05d7c34bd2d9817cf74f4ab49ee1a7efd3be9fadec8d0c1bf4b1cecc76c282,0.002368110685866388
Source,03745b275bed1ab74c6c2f3dc6d1f870c5927397997c99dfaba283f73ccfab0d33,0.002368110685866388
Source,03e5a28ba3a16b53562ec6e8ad3de16fd99c5eb39227dc8eca0a8ebbbeb732b76c,0.002368110685866388
Source,029349fd39b0a03f8c5ff6ff27b0ae76a863bb0a74e2b197f85345ab5fd8de0229,0.00137052075126913
Source,02a32eaa2c27217651065a8cb7454616dd29b9f6eb9d2c0686403174b20d39aca5,0.001193378613349991
Source,0275e0c01dfb515d08e780edf36eb5bcecd452fa11710ddb1b921f3e76dc79bc90,0.001356535845643935
Source,036b929ab77202db1b1ecde3ae22df1a6125eaf88aa1596cffa32c15e003ac80f3,0.001356535845643935
Source,020dcba6ad62784594a2276e79818315aea5b2d0a04f6439f946cea1a62698bf76,0.0010022515698056564
Source,027ab5595ed7edf91754c42ef8d0d572bac35e80ef2c26f3f6080d9033ce685821,0.0010022515698056564
Source,03447c9f9d17a6f082dcf4cf97e8949e3fe6fd704baa54560aef0d742593659d15,0.0010022515698056564
Source,039b2990bdc09b8176d101517bebab019ecd41b546d3e8fec8c19cd05bfdf9be7d,0.0010022515698056564
Source,03dcd840ff15d19792e8a8d704bbbbafc629c22324f0d002d8f4cc87c8798f03ef,0.0013845056568943255
Source,02cd85b27d1c7648a87edd147b3b1d27927fd9fbc244d79f9c4bd6f6bce68b1505,0.0019905182339861175
Source,03a43ad43db3e636fff0204c6d4db8b0e21c771db2c935f5a3a8cbfb4e8917af3f,0.0019905182339861175
Source,0372d7ec4f62999fe23b25e0e6c76a57ac9b0ac3bd6c05d7eabd87149aa88985be,0.0011048075443904212
Source,039735b480735280f99ae96487f9a9eec5f6b93dff2818775e18823fa7ac2c3d45,0.0011048075443904212
Source,022e74ed3ddd3f590fd6492e60b20dcad7303f17e1ffd882fb33bb3f6c88f64398,0.0013938289273111222
Source,02be779ff84a830938ccaff4451767914621cd5b727b86258b906265cc8039ab84,0.0004568402504230434
Source,032bdd51452d868b343bbd5e2fba5c2d223c1963b57eaf2366e17a314ca06d798d,0.0004568402504230434
Source,03ca035ea082d3ba5cba13890895a0818ee000a99d983ec6e65ebeb79fb6d986e3,0.0004568402504230434
Source,02177273c1bc7450ebb9b0385bd7225dd0388bb75d8372aab3ccb6527d0b1b87a3,0.0008717257839705012
Source,021eed4e271e2031a4d58ee2136c55c7079700a6e15664c04fd1a92fb060401795,0.0006293207531337842
Source,02c2b02c3db713bf076a4e79808db3020df7125439e49631fae5b847821ecd42b7,0.0008717257839705012
Source,03381d03415d45d91c342752ec48d6ae77b7bd676c217d9233e4acb3f207b966d0,0.0008717257839705012
Source,03ad6cd751e6b91831a0ea19c0e84f54f17ac51b6a9d5d2e81663238701286186f,0.0008717257839705012
Source,02075d9e3b096424ebaf44ceaf3a1c8560d0d30940ce536fceab2cc30195655729,0.0007411999981353459
Source,020994dd12d51dd6effa92f76e7f390330f549a1a6a3da222f3ab3c14b4ad1abae,0.0007738314445941347
Source,021c13afe4c316a58aceee8347eaf80f0c5ed92e3af5eafa62675eac84ce2493e6,0.0007738314445941347
Source,023332db636a82eecb07830e5cd4cd153e7abbbb9a8fcda0eae71fce4af28ceb2e,0.0007738314445941347
Source,02372d6187ce4c9830db9399c0f9937b5a6b34de6537b32c478bc044577a98e57b,0.0007738314445941347
Source,023acd29f8a5e212a77973468da009c7e84a56c04e00378cccc005708a07497624,0.0007738314445941347
Source,023e3b6cd77ce427c9afce18de590f1ce46114e4493468554996bbcc1c143ea0e2,0.0007784930798025332
Source,0246fcdd334258268fd91429076fade3ea7f3c37fcfb42fb92f45a44ff286b5405,0.0007738314445941347
Source,02481cc87f9ba11f814a9656ed6b15f73037bb7a83cb09c30f078d7631009e0b36,0.0007738314445941347
Source,024fef1b652921ee35f2d3924ab284ff9c086793479546f87f458e9a480ebecc9c,0.0007738314445941347
Source,02500d046950b893587a79fced434da6ff09f5e844b6e8bc290397eee3897eeeab,0.0007411999981353459
Source,02e38f5d5af2a14bfdaa934dbfc0d38a7d46a8a523a8f24b787c7d00c257148201,0.0007738314445941347
Source,02f63f6c29cc1bc19a9d2413874e07a3907badb96b69a05763f62f541a87a9fbc3,0.0006013509418833938
Source,0359f8f0238b1cd90ed9bfdbe855fb7a835340334657f0fe8d04a7165253f02a01,0.0007738314445941347
Source,03b72d20a8a76753f5ba10fedb2d27cc43e7b885c48d4e796a5e7202498723ea84,0.0007738314445941347
Source,03c888b01c113ca25d681f80c355f9b375924f8552d0ddc444039e60e8987f213c,0.0006293207531337842
Source,03ed04f8fcf6225fa6fb19afb9c4542c540c641869027ba0a935826e45010f8b36,0.0007738314445941347
Source,03ef7cd8ef723cf8461ad86f1004f0f3872e683237572d03434e0918d8cbd09640,0.0007738314445941347
Source,02478048fe0559e5434c7875308a2f4a5825e8d1859f86503bfcff77bfe93c1944,0.0010628528275148357
Source,029a835162c9f4fa904524cc78e06fcf54b75ec70db23ffbc4642c851c90771779,0.0013425509400187398
Source,02c8cde4c1e8019db5e8cba5af686d13a9a863aaf0d287156edc4829ee490e8d65,0.0013425509400187398
Source,03b1f5e0dba78daa1f5a64a9a0cb032f774267feff3ecef2cdedb268d00876975f,0.0013425509400187398
Source,03bbfa47fb638200e2369c31589d5bc04a4b12b2f7a3cb4b1977bb1e467e3d2aef,0.0013425509400187398
Source,02ec8500991471e3926809da1766d96f14f7a94675c15cd2b2e1e6c34bd3fc43f4,9.323270416796804e-06
Source,037a3b5518b90c9f2ce4034342f0a36a29ac71ab5f7beb00ef17995ad8ffae5ef9,0.0012539798710591702
Source,0270c1a5f94b5aab8af91b32cc4ae15de1f1b4451bbf4a391e4f9024747c1d26cc,0.0006759371052177682
Source,024640534a69c29943a6f75f1fb44819e8ac12a9c5794391e573da8a838a869184,0.000428870439172653
Source,031e6bcf3f041ef9e4a303b1b514050ec1084188d73623017dbad3c62d2ef37852,0.000428870439172653
Source,0282c46d63439bfc720089a060df2645010a8216943a1dafa9639b6babfd5f245b,0.0008111245262613219
Source,02aeb693e2dfb2f890c65dcf27e6eb7d52dd3e4f7b74ce5fe646675793625f9b51,0.002102397478987679
Source,020b44a70fb811b5320eb940da76afd44e62758909bcee40f425e734d8b17b2cc6,0.0008111245262613219
Source,025760c4ebd68d7d0f21722fff5f15e75996c02ba834ba884166bff0c8b35bcb43,0.0008111245262613219
Source,026666e63fe9afe932f73a7372faa198a1419fc2818ecaf7afa52ed9082d966e73,0.0008111245262613219
Source,0268e02bdc0efba7c60a8d97ace8b2093f42c7c75f7c0fdb87f864ed9897b507d6,0.0008111245262613219
Source,02692c2b2e98e48f56f096448fe95b5c1fe3795319d0c420fdac2dfff56bb0b121,0.0008111245262613219
Source,0285529e4face265ac56f75071ae0f46b0563d5fba971cb5eb7df5ceaf0fa8897f,0.0008111245262613219
Source,028e5a8e86540f703e1f58880d35d1e318a54c27d84ec1edbcde04a78ed4469a1e,0.0008251094318865172
Source,02b4da86862b35825ba8a8d39fd6eb478296f8f66d8c628bc5361f96e731739134,0.0008111245262613219
Source,02f22e950ad176c0b87d577bf2b8cd1e6d54a6265208533e1476d31e5127a739b5,0.0008111245262613219
Source,03187dab1dd4bfa9b27eccf3ec853e4333921314d7f2adc52a79f1ec89120124f8,0.0008111245262613219
Source,032ba582685d9270434389d098a48cd50ebbdb548d791a9aaf7e869b7f8dcfe9bf,0.0008111245262613219
Source,034d415e5793ee5885dbc4e6da1463faa74ea60d9f1db897c0b5072daa364ad43e,0.0008111245262613219
Source,036822d99a205ff8fd3f20124bf858c458fdd8165c2b6809a1591b9926735d4af4,0.0008111245262613219
Source,03736ce9c68565d81b539d48568717c2f0189aa9fdc58ddce2f0ac616092ff6877,0.0008111245262613219
Source,0397a851e1fef7d0b2c5e97fa6f2d178918f604c69597aaa354a7553cc2112972d,0.0008111245262613219
Source,03badf671ac3fa8f2a67c273e2a1df09ebcd24651afb7def0dd933d63c805e1ba1,0.0008111245262613219
Source,03c488af616e8d661246d69fa03897a90cb04d11091d30d07d2c620a00c6b5ffe9,0.0008111245262613219
Source,03dad9a13492773ac0775efe5b1474e70fe190fc9a2d64be2d0269f6c1b1c9a118,0.0008111245262613219
Source,034d49f44ac3090d05b9c17127ef28d81fd8f931e8d8351141db746b842cd48b48,0.0024287119435755676
Source,025866fd12f9e98621a9fb42cf3b5be7e9626cff08a5e01fc3e78c072efd170b50,0.001100145909182023
Source,0232b54a1aad1996b5e1b0e22d18cc6d99898e359434b7064ef3b44976c56d409d,0.0023587874154495916
Source,02075411a70f9d1f7e91ac07215d2cac387d4a413557f648c463d11916c765c397,0.0005547345897994098
Source,02352e9d59a03d01496e92f90f1d8aad4d704f7491ffb826635a26c518b8925077,0.0007505232685521428
Source,02398583218fbfad48b452126bf5fe0f4100c8522a13e89913677aa8a53ee9b215,0.0007505232685521428
Source,0243946451875cdccb6d5e768171d7c89786cb1e268bc3684407a0b008f1311631,0.0007458616333437443
Source,02510b96fb0f56fe304ea8e85c7929a8217da0e3d28d8139dd2b423d8928342177,0.0007505232685521428
Source,025a65cb44fdfc83254dca89e73b8bf4edbca8d93e10826361765a4941fdddcda4,0.0007505232685521428
Source,02624262369c3c96ca9db97a25c2c5c06144ee6c4e6fb8273b8f93d888212e44f9,0.0005547345897994098
Source,0279efa95b9e6a16e2d3f926ca296d2c0adfc729a9dada7e253ce9b683b8f7b597,0.0007505232685521428
Source,028705acfe269be139d536a5c7a05961cbbed3484a2c9bfbbf91a88256a8fad6a3,0.0007505232685521428
Source,0296017a2cfeaf9a6b5700bd0a2d9e550c693436cf2838d625e1cc6b3ac3cd2031,0.00010721760979316324
Source,029777a5bba7bbb15a85b9f03fe2d42be97b6edc6028939731e6e5da470929d867,0.0007505232685521428
Source,02fda5cdaed42ef9c56cf597c75dd25287b6a00a661f972e41f9c677bb174679fe,0.0007411999981353459
Source,032e6388b1e51a5d911378ffa5abd82442f3610ab5356d6a9d01fc2b79c654fc9d,0.0007411999981353459
Source,0331506bb138f7ee92dbba1329257b1172a6cfc397cd81bc5f47ddefa77d7ec470,0.0007505232685521428
Source,035d78f9199f1fe3bc8fb77b3ccb987dfab0e86658408b41da1f6887bdb9706497,0.0007505232685521428
Source,036f464b54416ea583dcfae3872d28516dbe85414ed838513b1c34fb3a4aee4e7a,0.0007505232685521428
Source,03a5a26dbc35fb5fdd97475d83955d6b6534974a62160062833444525743766d69,0.0007505232685521428
Source,03a8eb40ba4c068847ba1a98bdfee2e7d0d3c2844d9cbba65e715966eda3904ed9,0.0004708251560482386
Source,03fcad081d674161a7f962593025a744a6203bb3454aecf53c674f51d30b912f8f,0.0004708251560482386
Source,030f5c893bc92e3f45955c2c82d9e933bcfb2c68677c0f62b478e5f7f602b549fb,0.002354125780241193
Source,03a103651b2b310ab1a59860aa299df33e8388b94eea58c0e7e517c72caa9912bf,0.002354125780241193
Source,03bacfc0ba060f6f71f5263cbb6649ee618a6787a242b7d4bfdf3b1f9b9caefbc6,0.0023727723210747865
Source,027ab9c5f25c7c832d78101da66e006ee8cb47dafe48bad471057a9d1c6ecec903,0.0005360880489658162
Source,02804308e0f1080eeed46941c1426eff268062fff75388e37b1e46f0cc2e95756e,0.0005360880489658162
Source,02b42e0c088aa1fc303aa18325afa23347d399b9e4cd0e77556ed0bcf4106e4619,0.0004335320743810514
Source,02ff33003def43d22487386517f34b4775d541f6ac8bcec5c2c612e0956c45b241,0.0005314264137574179
Source,0396578eda8b8f79f3f0efdbe5aa6c398c7fedaf0471f66d145fb99fe352b5ab8d,0.00013052578583515526
Source,024a49c204f32dcd3e4be37b12265091e556fad0b7fa4f2bd289064092a59acfc9,0.0008251094318865172
Source,033a1920ecb2ba73b28062cd84f826464ad64fb329f54c96939a78b1c83614d407,0.0008251094318865172
Source,03204b29fe80bbdb895b50f40fb81a78ccc53f2de8eca6bb234facffdbf783ec96,0.002424050308367169
Source,02e43cb812828de4c81b71c3e9679ba1850e643a9332f4e5d198c865ea0ac019fb,0.0004475169800062466
Source,027a9b20c0731eeab0f5252bb7c6be62e17184804ac002d315c87f34657e343533,0.0012260100598087797
Source,02e4bccbfcb81b650879b7233874e78fc8fe426084b425ce0e2c50f72494146551,0.0011747320725163973
Source,0313b6d0e62c911305a1ca7c7de021646e619066159a344f3c751cb3b303ad5e82,0.0012260100598087797
Source,03fd818da22571a253cf13e51a8d5d5fcfea2dc246086b8564a13feca839b985b9,0.001216686789391983
Source,0323de8a1e80db7bd6f03b31e56359c11e338e443d363f786063df069243d93001,0.0005314264137574179
Source,02644f5587cb30d3e9c3ac923f9e0ba5e2c2bebf0f580cdccb2a6f5ee5546ad549,1.3984905625195206e-05
Source,0299f43fb7f40d15b5f0c2d815fb5b44cf35859abf6fd2f1d1ad24e031a4dd324b,1.3984905625195206e-05
Source,0321d7733e575bf0607118181014cb62e707d13ab2f77b157e180404b63b76af4f,1.3984905625195206e-05
Source,02543b854277dd6b4946c97471dd5f301ae08cb5a2abd6d98dc54f17ff8122c427,0.00137052075126913
Source,02139c5dff8b1eb4acdc2cef82732384264304dd19190fac2786b1d1e81c154b8c,0.0012493182358507718
Source,023139564d20e9f2f5e0f98274b195abd1cb0362ee434bb14f422669f36aadb177,0.0012493182358507718
Source,026c2be886a7493f9b7a8b0e2c5c64fd97d7e390b3ad5cfc0efbbf56e8c369db59,0.0012493182358507718
Source,02b6d55d14ebba67df27c99e53c638032ce61b7dc4e23301e64c35e713521b80de,0.0012493182358507718
Source,02d8eba7ff95342d40497e83fafeb49c0af4b50c03e68ef6dcb9860d30ec412627,0.0012493182358507718
Source,031c9db85fdd9239e6a2e9fa07bc98f5510935f1515b86d5fbdf066123938f8d9a,0.0012493182358507718
Source,03313d332af23703d10f05be8ce7f6d8d491146651629a241ee208a048b7f0049c,0.0012493182358507718
Source,033ad2f920279f527ee26dab471039bb487c92f35526bb5750354e09e9a0b36f0b,0.0012493182358507718
Source,0362442331eca4dd27aa3b634b852ecd157db33f11c70cceec3e2052006b1c94de,0.0012493182358507718
Source,03672df65122a360c85fac4c0b6ac5a1729dc872a5f5789844a5d258b2a2909832,0.0012493182358507718
Source,0398c166975207ad8adc71964765e9ce280f25483208e5b30f0863a897c2d57b36,0.0012493182358507718
Source,03b1cf88caf5d5eb2c78f438fe0501a6a56cbce6170605c1d8213645ca0ba29209,0.0012493182358507718
Source,03b6f1cf87be5179451fa776a17ac96e4200ed0da9e433fe45cc1c72a87b3a4bbf,0.0012493182358507718
Source,03e745b99dc27b0e7dc9eb6e777eaad33f9cfae6bf6f8696e81a98ddfc3447eaa7,0.0012493182358507718
Source,021953d107328d7a411000f9420e7fb56d145aa5f7c3bfe5b480aa230cc42f565c,0.000834432702303314
Source,025091d7ed0ba8d3bf4436c288c0030b7cdc1006ee6b87e5c5b91d4fb56913dcab,0.000834432702303314
Source,0298e3dfe4310048a578a5067e1926110b5820cceb5701be6a73e08a9780da58c6,0.000834432702303314
Source,029baae34dfaff9735392be23fe1c86611ec8ad4048e1c7673862bd92fc02451cd,0.000834432702303314
Source,02e2a7a2e3584223d7a2312f550da000e75f3ce156a383a4ffcba9f2b09e7bac2c,0.000834432702303314
Source,02e66d83dcdd834732b29181fb0d058c7d9b9e92c3af1867da2f14b45c207beaf0,0.000834432702303314
Source,033479c05fb49bb0251a7df460420805b3f7bb53fb91e23d155cb9725bb5c6da52,0.000834432702303314
Source,035d7a8d4b66a8ca410df8dfcf9b207c6adba79ca164a8ef657bc60795cdbf5d1a,0.000834432702303314
Source,036d179a3fd3f31cdd147dd70c43af0ca9bd8773b0ea5c18b4095fd2b874c2b3ae,0.000834432702303314
Source,03853be4580b2babe0d8a03a027932fdb381e12d7930c1f346df57845d1c4260e9,0.000834432702303314
Source,039b59c581959758f26f517b2d564ef844bcc663171247c7389ce6d1fe67c9e1cb,0.000834432702303314
Source,03bb12a6140a97c8c2dc90139a8bf78477a70fe25239fa236778292c89a7628660,0.0006013509418833938
Source,0392e78c508987c97de70b2474493e9b0dbbd0dcad69dec2648d686701da1df44a,0.0020231496804449063
Source,032cd82afd905844ba456973033e91e129535953de32c150a1dbd6b2c605b3c233,0.002102397478987679
Source,026914299a6f4e16bbe83380b23c2aff8c4d0e2824cddb38b4251ae3c83c5eb5c3,0.0012493182358507718
Source,02bcc5eb93afaf0bcec15272702ff7122550f56bbb6c9f7da4fa235000834bda04,0.0012493182358507718
Source,0261ff19766f6f7e6575c59566489b608b262e23c8eb393f70e8dd30f39e2db354,0.0024287119435755676
Source,02ae6c7bc071e15c0f1e598f9de978a9cf6eaebccc9cff7e253fadfbeff6be50b5,0.002396080497116779
Source,022a096fc8b8fd2b87ba89ae8688651528d24a631a7a05e8c187992abc6f720529,0.0020884125733624842
Source,03f810ac5ca2edf9e7908b4edf98411a26b555d8aee6b1c9a0a5ad62b9359aa546,0.0021070591141960776
Source,02c8d0eef6feed8479662070608b76f5bb3527a891e9f0688e246c6483c4ace943,0.002144352195863265
Source,03daf28eca5683aae3c6dd509e3e9efb89959bf4e7eb8f705e17a5130e605e7e4b,0.0021396905606548664
Source,0390bb43f323ab176d946849bfcd12dbb748554f531963114f2cfb34bc3095b7de,0.0009369886768880788
Source,023e813fe79769ef365ab148a0c01e9a62c2ed0b8fe2bbc0d2fc27152788908146,0.0024613433900343563
Source,024c30e2f084cf01d8899cb633c864447991d42288d6d5d8d00df08a6034f3f384,0.00078781635021933
Source,02f8ef8779c46dd6a3aadae11e1d7d17ffa7721ef85c78fe4764e6ee828d1c12f2,0.00078781635021933
Source,03d402a503704c143dec9103e06e1c70020305fcd9580635e13091d7a37943de32,0.00078781635021933
Source,03258e24ed337e26b7f0ba1b4bd39a8e5d457a24f3b6c97b399d4e71e8535807fc,0.0007924779854277283
Source,0269ba746a03bb9b8225c4e78a85b5b8674a5b45ac425860944922460e94241932,0.0007924779854277283
Source,03c3d14714b78f03fd6ea4997c2b540a4139258249ea1d625c03b68bb82f85d0ea,0.0007924779854277283
Source,03119165453910167eeb4fa92c0842299cb2296c449b7935f1e9553f777bac2dc5,0.0007645081741773379
Source,02b97c90dce3926e49a97d138f49bece43891af52ae9a06ff1c1dc876ad940212b,0.002102397478987679
Source,03dee28e54a8ffe935f50a4fecd59c20982437edb033f890af7c3f9c1a97a4738d,0.0024287119435755676
Source,022396ef8d44e1cd7441b2f428808d4e835c560cdb5496d1ed81dcc0fd84c807e9,0.0007458616333437443
Source,03639804a62c8ec893c69076e905a70d4d5140b80ba2ef3b96b1449af8098eac07,0.0007505232685521428
Source,03d1af91da3c0cad7d3501b2031db9bd80628e9e829f5d1fe8985a3116176cbf30,0.0007505232685521428
Source,0205ae77caa47cacf7a447dc7547bd17bbf866fbc029e7f4992fb3089110fce66c,0.0007411999981353459
Source,038e6dca99bd567bb2dbc665a6cdea61f6093cea9680b85a2d9ad6844a906e8410,0.0007411999981353459
Source,02683666b4902e0af6c8d9fa7b171c1421b71933255bdaceb4dc0202c4e900dac5,0.0004708251560482386
Source,03e1473327b820a88ba6c35f158ef82953ae356e0b3f7ffecf2c88455a52ebf7c1,0.002424050308367169
Source,029edbb304c7a00fbe9c912eebb8a865afe96a19015e0548e8be1691f965f1ca97,1.864654083359361e-05
Source,03d892d8f304d107b4b277657746d49b1b696f9f283555d85d74b66135444c9be8,0.001216686789391983
Source,0389a83575fd191f2d76f24da0730900cf726d6d159ef4366a796558a33646c949,0.000834432702303314
Source,03b846c7045353fc8db68c9153dad2319f9abd2500163063a2a59f4dbb05cce65d,0.000834432702303314
Source,028489604063b889ebd1cc47e7476d084978aa92ed6d5a3c824334b939ea0b9013,0.0020231496804449063
Source,037041db9fca8ee411a79ea7165dcac059694c55a7f03e1b63f319c318ae8021bc,0.0020790893029456873
Source,024e6b554b83154a77bdabfbbf7b5bb474f66f84d668afca8f5a8ef5963b730573,0.00078781635021933
Source,039f5bf94d60f0e62dd6868ca063568e23b77055b2700716add508aba55a9dc0af,0.00078781635021933
Source,02f0dbc0f8c3e47e6ff224ef5a86f135134b41c7ac98d9e0536be80e30c1cfc1a8,1.864654083359361e-05
Source,032c9bd9264479147b81be42f8663c747cf6bbfbc89a9bb0960c613484527da411,1.864654083359361e-05
Source,0382aca435e93e68e6da83e219b5d7420f9704b6e80b06c8285836cc819aace771,2.330817604199201e-05
Source,03a4d23196b17e1f338c7143edd58c0a49c555bee17b0da159cfc4c62b8c7b4822,0.0020790893029456873
Source,03f546835942ec2643d058d9d81e7ea194be8ba73cfe23d66674fd50cffd6c549e,0.0020790893029456873
Destination,02f1a8c87607f415c8f22c00593002775941dea48869ce23096af27b0cfdcc0b69,0.00274104150253826
Destination,024ee5c6c2ccb1ec26a11ca9dc7f891e3ee2b9036a9e23d83cbadcd93160731659,0.002699086785662675
Destination,036c2b62810edcfe761679c772eddc3925c1fccc813431c1dff2795abc50f4e170,0.0027270565969130653
Destination,03ecb39d80deaf6a934bac97ba514ef9709560e765c6408fef3ae8f9bc2c9f5854,0.0019625484227357272
Destination,02538a62eecb2875bf1a66ee15ad1e1fb499506accbcc1c0bcb7f383d7e4a6ba0c,0.001729466662315807
Destination,02188e52b62dd37d6a7a539c36f2702f2b585897a7048f25962d4b8bed049ed9ee,0.0017201433918990104
Destination,03f4553a2e6092fb7c03e7c4041451d9946e7326f6bf2c852278dacbaff798a4b3,0.0013052578583515526
Destination,0216fcf031519e0924e5e4b64a731b207cccb85b13caebffd0f664a32a39bcd368,0.0023727723210747865
Destination,039cc5f54fcb4ceb6900d13d899a1ea5a142f350cebceaae21043d1d502bb85ef5,0.001403152197727919
Destination,03759d530dd9b1ab9a47f46b751be131abe184fb6ec1c97bb6768ff0e3be081dec,0.0014311220089783094
Destination,02aec9e41abeb523be04d71cef66d7eb319ea584a17a3ee90deb24ee0f1a39592b,0.001715481756690612
Destination,03bccc93a97d62b84aa6261e32f1a28053e57ce2bf10f297d0670c7a272671cf89,0.0021257056550296714
Destination,03e53b79c94af160006cae7b098b012277ecd0df87162c6c4f131c29c7bf127845,0.0027317182321214637
Destination,03649adf3a6e607da302294c168a0971388080422cfbbf53a9f5c5f8482aea9a80,0.0014451069146035045
Destination,0354cda57fa833c3dc7bed61bb8c09d902c9484335e021ac52589cbcc3c749bab8,0.0017108201214822134
Destination,022d913e98e18f4e72531a78875fcb3e34cdc14d62f41156dd403a997b5a28df93,0.0019439018819021336
Destination,03d2a46e18fe4a62404f2e15c9af1de8d8593515303c2c8125ffd84e74d0f96ce6,0.0027270565969130653
Destination,02eb0d3f1aba6e900441a0f73adfeeeb503259bb12aa0d7ea32008a11ea9fb3e66,0.0027270565969130653
Destination,027537449dbaf56360c2157a605637ee1c594a3c21c67f66059007c7e7493a842e,0.0015010465371042855
Destination,02992960012262be5891d59080007d18c85fe7b9b594198e5aaff9f5291fe32742,0.0012306716950171782
Destination,02b7291fcf57fd64cb9610beedf37eac46212762608813ccf8090520701b94ae62,0.0014171371033531142
Destination,0399aec05c7eadfcfab9ae0ede812e03e1e0e22914ec601fbd61f377762355bb71,0.0012446566006423733
Destination,038e806f399b2c5e39408c77d8c5d0396edaaa2d1f9f13bb80825817e772ca75ff,0.0026384855279534955
Destination,03765513ab9c9966b6b0a1e54e64152ad999ed86cec2da786ee20c535a1d03dfdd,0.0027270565969130653
Destination,027c45fb7767eb99652da0045a8580372241449a1a015c92dbf71ed8ffa434ced8,0.0025685609998275195
Destination,03df7f9429e1f5268067faf077d24ece92f918290214f4a4df854902a3c4617e37,0.0027270565969130653
Destination,02cbc036f85c74f26edf19f5a8513a96d162282ab68aa62cee47439a553519ddd5,0.0027270565969130653
Destination,023c0a5ffb6c1cdb69024d454da062394a3f15e4caafd172b74258f6bab601659a,0.0020977358437792807
Destination,023bdd219b85d02da9b3fd679b32a1098c97122767433eb4ba59641514bbcbd694,0.0014217987385615127
Destination,02b72157c7fa1463bd358169eb02e44466a5f10a2f4a7c5e015865e0eaad469b83,0.0015057081723126838
Destination,03d1e5e7e2ea43762f5e1afacfb60a8002ae57189eedcc13fcab44a084f7665d1f,0.0021070591141960776
Destination,02e3a0ad3b1e7ff56adc15d78f0d202cb881095c5323b183c1d7598dbeb726d11c,0.0018833006241929543
Destination,038da115c0147a3a7ce38a7f469b07e7e3631c415ca91091cf300996a4cbaee72b,0.0016129257821058472
Destination,026a4c4193e1af3415a2b7f31d000facb006bc50c772e173dbaa8c8a848573069d,0.0020371345860701016
Destination,0270dde4f0e3b60d61ef11d65eda76f54381f9aecc0de632bd32479c5e1da67c2a,0.0014917232666874886
Destination,03b4db8ab2dc634ba13ef9a5535924d5179fadb7841fad372f13b1a8f2df362b92,0.0027317182321214637
Destination,021177fc6c3890b7f0c5b6e67d786c3f855664cd74bbcb52c52e4d45eeb33ba117,0.001309919493559951
Destination,032a4ef74adc51cc95b2cf89404e00baa9d3f0dfd99e5955ac5bc4062a465d6e9d,0.0019625484227357272
Destination,031276d9f9639f99aed70f5c9ed5a5d8e325f41cb416857db713b382be15bd362c,0.0027270565969130653
Destination,026e10b080dc2ffba3966daeab5803a2d263788cef0750bff3001bda037e358d98,0.0014870616314790902
Destination,023fc48cdf9f0b814436363d0fb80bd03df7a9c66e3dbcd1d742010db838fe47de,0.0019205937058601416
Destination,02c0d8faca275e161c20c9250afedfc64d223b4f7a0a00074a1d64f0dce9c6fe97,0.0020371345860701016
Destination,027b581adb069aff78389c970b898b1956d00e9ebeab3c2699e463a3db9c9299d1,0.0013285660343935446
Destination,0378d8b9a46189371ece70870b39e8a80f80f952c967289d7234b99b176577a212,0.001901947165026548
Destination,020cabb16e80b37c44e9897fc2d0acb868556f04b7a879c1cb60fea4123aef8f8e,0.0017248050271074088
Destination,02e38bf8fd2009efbe39332ea633736d7b037b04081823c40b8f3bb2d95e528782,0.0027270565969130653
Destination,03c352103defd6e328ca913e35acb9485f005192630b2653fdd240bcdb70d8b1e0,0.0027270565969130653
Destination,03285911797a89b07aebff9b13ebf0b3755073d055f1d14e5b6537ec3398ae4ff3,0.0027270565969130653
Destination,0333668bbb13487cbf0623cadfc111a97a9fe61d969eef6746052d43a2fa4e0630,0.0014870616314790902
Destination,031ef08ca5f362ec288f519a09423301c55152fb21a1cbae8c159dd9dbf04dfad6,0.002065104397320492
Destination,035b28b65f232dff16c6acaf98260dac82d15eec73f067c35e7af699bde1277199,0.0027270565969130653
Destination,02c4296f8f8589c664c3445cd7e2e9ad617e5551ce08f011e367a21166908c4b50,0.0013938289273111222
Destination,03831262b0cb086ba6f2360a36757e4283347f3f67f01d6f24f54c3eee841e29d6,0.0014917232666874886
Destination,0380b65bce82534065af0847bd52c8ece247774d875c6955c2972ec43a5e91a92c,0.0027270565969130653
Destination,0361b5e2752ea24a0073f7e3221bb93498c85c54f9744e3431657501aa0b42d9a9,0.0026944251504542765
Destination,03e72c85934c32ee881ba27e669993dd3f1d783de52ea396adb9d648471f5d17d6,0.0027270565969130653
Destination,039ac7c1536c2441cf42c9964d2614984cbc99f7ffb474e9affb451af8210a9c6f,0.0020231496804449063
Destination,02ee5b1739e0de315776fc4d3b4f2665f7e4974aff7afe04eb67eb0ec9838d9c19,0.0019205937058601416
Destination,03d06758583bb5154774a6eb221b1276c9e82d65bbaceca806d90e20c108f4b1c7,0.001901947165026548
Destination,037d1aad2b64bff8d0bda9ee6c9b5de9f5e84961e1ebb6e6868403e1c3ce146b92,0.0027317182321214637
Destination,035ecfa18f08c079ba58a410859aada06062ac31ca60585bfc878ad60e6a490448,0.0014917232666874886
Destination,032616381fa4654d1dc85f060cbd9ff3ee6f416d24dd0ca5a067e19354dcfe3cee,0.0015010465371042855
Destination,03e7d760c7cf4e143c1b7acc439383701ff6782819c2b2fbdf3bc8d36705473a60,0.002214276723989241
Destination,02ecea52a1ba30df9046fecd001498eef4f7249bf164eafaac2784ae201a262a56,0.0012353333302255766
Destination,039b8666dc2b2e69e2b226c314c7e10bb9d7a17fb5d3f5eff1142c57382d4c2271,0.001715481756690612
Destination,024cd3be18617f39cf645851e3ba63f51fc13f0bb09e3bb25e6fd4de556486d946,0.0026011924462863083
Destination,03104aeb4121f194d2996edaf1ada75ec397d9c746151d4c7023c3aa20dd1eea0c,0.0018879622594013528
Destination,0230e8b298bef620df9640c7a956106f905dbc48d5cedadd5837f3a22a9cdced28,0.0014917232666874886
Destination,02907887f9bfcc9e83512bfdf40ddfdabcb8569786f11ac3e9c52c42d77da3eb6b,0.001566309430021863
Destination,03b372d946b49a5949b315c49278259f86491d09353f648a80effbba780fdc58e2,0.0023820955914915834
Destination,0297f5b7755e43189a052c4c8008006438b86c0e9f42083dad56a2a8e1c91e5aaa,0.0020464578564868986
Destination,02fbd735ffb1c0ccab0ed05f5b4977130db0eb9154e777bee3fe588a9876e8080e,0.0014917232666874886
Destination,021e2ede208b8daddfdf3c17b80e81bbca63505eccb32b4437a0fa8aac8c0f0944,0.0012446566006423733
Destination,021750af59f78e55d1619ad1b8575d795791b12c213f91e625971f8c6fd368c69b,0.0027270565969130653
Destination,02ba54585837609251865ba9835a32fbeb07f96abc20767dedaafeb17a2e5b8acf,0.0020464578564868986
Destination,0397919767be2ef36abfa8e0e42830204c89fceda7decc2c755a915eab3993367c,0.001715481756690612
Destination,037c0bb263a4fe95f0ed598b50cf51e5732a6bc1c48d1c81c5e89f2442939dffdd,0.001496384901895887
Destination,0256afe6405616400c90630aebdf34269f4000230a8c84af471a668dc646cd79fd,0.0015290163483546758
Destination,025346e84f1343ce9c54dc875424badef63f5b4d63d9e935f2d9b0ac212239bccc,0.0020091647748197113
Destination,02d55979aa02d8f9d596250478bdd1f0b8fc53fefa7289b1162c22c9b6da47c7af,0.0017061584862738152
Destination,03c7f13d2b8be26fcb555363f9459db305d568b7683f9f7fe66282f8d670aee5d7,0.0014777383610622935
Destination,02fd2ff4e1e9398c270e59e4db2ad70ba35b55054d4bd4f6c79e89ada0a7e15da2,0.001715481756690612
Destination,02f0c7b731ca40a285d7c12aa1c5c7c7caa4598d3d6d34904c3714cd0d47852640,0.0015290163483546758
Destination,0312c5a16a7e81aeb18332295f78d9cd8f6c4264e9e524bcda3a43ce8a7a53bcd9,0.0027317182321214637
Destination,02c8b4b6ffb57f4d128e926a15a8e001840c9f68aebded811c665c0ea6f6b95908,0.0026944251504542765
Destination,02f2a6c3e0c70d946ee4ded2460b949b96fb8e6892d5ea1b05030a0d9889293dcf,0.0012353333302255766
Destination,02145fb4540069b2aa88723470896c5d607c52e25244ced1346b4de8b3494789d1,0.0014777383610622935
Destination,037932df9242c99de7c6dbe393798d5982bffcccccc8e6dcbf84c87ead888dff7d,0.001715481756690612
Destination,026433e9a9ed0d87f6b61ff94a9c5b8233cdd4c6bef6d99479b2618861076cf4f4,0.0027270565969130653
Destination,03fecf0d0ca62b0a10f38a5e5529ce74a2188cf1dfe2464c20a2c216529de22389,0.0023820955914915834
Destination,02bc6b7c38d9eadba9e7540f12faa10b7e3d7b40cd6046eaf9945317057dd18ec5,0.0027317182321214637
Destination,037cf3054185aba0bd2889800c7d5c67b4cc08deca1686c24f98b15ee46d7e8fbd,0.001715481756690612
Destination,03da5b40408bafd195d3b1534dd00a198c71c725857cf1147a7499746f9d6de655,0.0014917232666874886
Destination,0295a3588b52f7612b4f07f4c8257991bdb608d4eef8e474d87ba9879bce46f32a,0.001715481756690612
Destination,03d5e14480d49d3bfe65cb87d03a863712c606aa8e6720567743ee0a1cdef5fef2,0.0027270565969130653
Destination,031d49ea984bfef0be80f2c0206ff508882a912ff7914d03dfc60e3f712e0be8f7,0.001715481756690612
Destination,03c74ba5552fa7cd801405a20ac3f4e6b853d85342b44fa474cb05073647c0938c,0.0027270565969130653
Destination,022e5fb4aacd3d96555c3b0a9481a2d8b64d20603fb94661eda206f970b956078f,0.0015476628891882695
Destination,028f7ef05453b59bb74d449c637554393f78de10dd058361e5cbcbbd5fc13ada1f,0.0026944251504542765
Destination,035aff5114106d285b30457f846ad654a0e83db22cccce98dc4e23125f368febed,0.0026944251504542765
Destination,03318d01b8f87191be2c718d1e5716af1906df5f58d7eb1b7750d95a80501eddcb,0.001715481756690612
Destination,025dcd49598a17b9c8344c47da766e919e5034e286749fdbb3336c499386a60795,0.0027270565969130653
Destination,024cc6e286cff0998270fc57e54e82495225e487dcbeaf7e6fb8c738e012b5f209,0.0027270565969130653
Destination,038ecb7ca4dfc44d5bad17e2a5fe88df9272fc93c89797566b3d4dd5092f52d91e,0.0014777383610622935
Destination,03b3e145da638f4be5d1c6a38115676f8388098e527bae2cc9aa84ea050dd2e94f,0.0014917232666874886
Destination,02bd95531d66a13f7a40305479f64d4a469e843d6e3d2674af9525d65a0425a993,0.0027270565969130653
Destination,03c40e5a891fb206b3142d46f7db6a9fb89ec5e61e4bbc1afa9161beec0542338f,0.0014311220089783094
Destination,032f99d1bd97dd02efca70dc148d6971c8cf688b1c07e526a7c3b04b65dcc7ef55,0.0015196930779378792
Destination,03816141f1dce7782ec32b66a300783b1d436b19777e7c686ed00115bd4b88ff4b,0.0014917232666874886
Destination,03994d4c9051a52687262f46da8c5f3994c0fa31b8d51325e7989bbcf29853847b,0.0016828503102318231
Destination,03c200fda553a66336e44c6ecba76b4a8fc659d4bb19605cda5431935a35bada60,0.0027270565969130653
Destination,0313c12d113471a820c86ec0d1d3dbb7fa5fbd72f1be4a7372bc636fe7f10c3b52,0.0027270565969130653
Destination,0202e5e2d739b88b9325562a768218c71613b9e8e4bf11ce674a8b4d168f714c87,0.00157563270043866
Destination,0337a42a4384c331258f7fa53697f27dbc1596a689fe77923d31b8e7a6f5960929,0.0018040528256501815
Destination,0289e063e558e87cd22f0bc84d6b71adc03dfa8be74ae415ace9e1048412a20923,0.0027270565969130653
Destination,038dc10b88596daed7dffb23316b605a0a872448da3cadd623997513b6e4e29df3,0.0027270565969130653
Destination,02b374e040545f1da1a6061959de2676837c458866681ad9e38bf87943239dd841,0.0027270565969130653
Destination,02bdb62df29e3c465784f471cf4405d68b743d88e64e40db0e666b6a04a06dcd26,0.0012446566006423733
Destination,026d2bfd489c5dd6724c5d136070217acb8fd6ed723ad47dc796e434b1ebf6db11,0.002699086785662675
Destination,02a8d15c6611e9742d64b9f07b91d8f2811399704c296083bb423ae4dd23bddacf,0.0015802943356470582
Destination,03f54c3072e69b2e925f3bb42b24146983b111fc7e3fc0fc86dab257f5f79cb4a4,0.001715481756690612
Destination,03938f10b2bd7b693f1a2205d06081f778a5a540e8b2273b9b7f5e45938cc9cb97,0.0022748779816984203
Destination,0285c280641305f1641a9e08718d5f4b1ea3bde8003beec4acfbefb5dde207ae4d,0.001715481756690612
Destination,024abb55f6b2c8c99e052cddc2ac3560596a7386ec44e33269108f1b7ead7da6ee,0.0027270565969130653
Destination,0229e0e933386fa773f065ebae1ce25b580b5a2cd4547e2919895a5b7619d6e098,0.0023820955914915834
Destination,02dae01512c3bb0050ce342d676b7d40431f003ab7489314239f2f3e60b5924997,0.0027270565969130653
Destination,020e487f2713366b5314772c66ffdec30ec3ff013d604a5c17cd7f5ef2b46a592b,0.0027270565969130653
Destination,026b40c0bcf84bae274868ba643b0a640eefd7da2512a0f912b56157b37af20cb7,0.0016082641468974487
Destination,0351664db87087bc70c98e9df6e9d515839896c887a7df2088dc56ceebb27e3aba,0.001822699366483775
Destination,03f38c29324df9f7e1ee76b055e2199a7f4175d141d44eeeabc5fed40f9929b0b8,0.0027317182321214637
Destination,02081c8cc34afbabb323a680f3ce99eb2fd06492ea0ec5db1897c467d90a596ad8,0.002517283012535137
Destination,030412a84dd6046a321d43f549ffffd557c8c043090cf18d77fda6ebba18e0fbd1,0.001715481756690612
Destination,02cc362ae3686e5a11a6a0cfcd7122c65cc98e4db830b05272ab796fbde6887402,0.0017248050271074088
Destination,020df15fc426d9d3eac47c5fbb567b8d3c13aeabbd4f254635e44ca2bb69e75fa6,0.0016921735806486198
Destination,033057f1498dfa2d199d58b50f270871de6b9a53c4fd0ecc7200650e342d415224,0.001729466662315807
Destination,02977d1f5235b37ed63497e6bc3c165e4e70583eea6d967d0fff8cddc96286e7bc,0.002200291818364046
Destination,026949fba22fd3bd720ed9315d3cd509ecb22cf153a1808747c30b446bf65c9579,0.0027270565969130653
Destination,036cffc30e246aacb3148dbcde916edc9748c9c60363a192ea69208525ed60f204,0.0027270565969130653
Destination,03316784cfff9e3dec99e1a2670cfb70982f015b5bc294efada656c85644496263,0.0027270565969130653
Destination,033becef4ce0a0c08052f7fd53c46f98166b74e8a06861b311f5158120b476e583,0.001715481756690612
Destination,029fd76c8cd95dbfda635be7314c4eb4cb91445d006ec99afc5f6d0798770cb3f8,0.001715481756690612
Destination,02efe91c6fdd98f3da3dab5db81427eeb1076aba1216a7bc0cfcf5fef93f3133df,0.002111720749404476
Destination,035404f564396bca34cfb261324a6dbcbd63d81c10fb7d630afcb65734da664019,0.0023820955914915834
Destination,0340cebc736a14b2b1598e896635f0858fd5dbb62c27d91fdf5cf16de9bafeb32a,0.0020371345860701016
Destination,03ded19c55ab1726e2b839e006321c002c61602cced485c75db895ec73fb48543a,0.0026944251504542765
Destination,034be84fa9ab4ea9f04f940d44ac6111cc669b4030cd78dc33949847c654fec672,0.001715481756690612
Destination,0344e505b6c02d91ee98856015fbc82854968802be56264628c5f19b3a058e474e,0.0027270565969130653
Destination,03a7d1b00d90bad3ae2d7bc4599326a60d287e509b6106a9728a763d0640d624fb,0.0027270565969130653
Destination,028d1db1af4ba4982e4dd71c6e4167065602021f34006c9bef683dc57d053df4e9,0.0012446566006423733
Destination,0258bd38fb3a67ee8308ec975f2220ca5c1c2525dc6c34af637a1bab6ee17b41dd,0.0014917232666874886
Destination,0383384a2a75341f5ec28322ae94ee322c243181fd7b6f6df7913d3aca1165e7ab,0.001948563517110532
Destination,0229d3fb1e15f4d82f57526f1a7a8e5f95075cd73284c267d81f97f82d57b9570c,0.0027270565969130653
Destination,02971e49ca8256f8b1ae03d65facb710c310bf6d15308f7d5494dae54becaac546,0.0019205937058601416
Destination,02b20c3217e78356d98a1891b045bfb5ce9972cc0a635aed4340da0b474beb084f,0.0027270565969130653
Destination,027208d43d94fa830417a0e730d12cd11996d5cd62df2e210cdc48464feaafd3bc,0.0019205937058601416
Destination,026606c031210ff5a38e193bfc3148ce8147f18f93637ffcb967d829ab361e4852,0.0018972855298181497
Destination,029627377f711902637d34fa3bbd9d32e0ba2382c237f07f1d670931b648f7dbf0,0.0014917232666874886
Destination,02e7b320bffaabb516962fec3b77e901b75454e5e62a24ca99aac0ac649d8b6900,0.0015010465371042855
Destination,03a327ab2c8adcd21758d176f357a8a1e3cd833e8979f665d96cd189ea6ca01fae,0.002610515716703105
Destination,02b70c692008102e265f376cdc2d8a74f5b9ed08995a79bc75c87eaa83f54bfa4a,0.0014917232666874886
Destination,03392681646147adb5995ad5c1325e7f308345f4d6eef7f53a6af1c3bc51b1306f,0.0015243547131462774
Destination,03d41f8428f53f96b4d560b5b7cc44688a9644165a709a1d959e956b7880ab1f69,0.0027270565969130653
Destination,03f918398e7dd266b5ff9ed330c4c86e502a51fc4d594861f1b5896d7cf4bacb44,0.0019439018819021336
Destination,03a1583ff60c27c634a44cff66124c71807fc38e0dd861a6110965f2f985202e19,0.001715481756690612
Destination,03e10961b3dca2535db724606ed1fb1fa5140278a934d36826937310420d4537f3,0.0014917232666874886
Destination,03c09fe83882c2ce2604c9f371597929ffce739e7e61637a4886bb58c36dcfd5d8,0.0027270565969130653
Destination,03c3afe708af86eb25fa27556695d477af98ab0e8eb60450910d4415271d238568,0.001263303141475967
Destination,0272abf73d9acf4cffe7f3d3bd35ede5511ed551951487959dfe87405cccd84d4f,0.0023214943337824044
Destination,02462f4b472f08519231aeda567422ec8d9654609ee76892d4418c29352a79178d,0.0024986364717015435
Destination,03f724b4bc6cb04f45068c0fc542c35e7d82dbe750383e2eda229c8304699f48f2,0.0023494641450327947
Destination,022f35f2456d9a1ad52db97f5279a41b18e13977366229281420ed3a081135a042,0.0015010465371042855
Destination,03bb52d35aca72943169bb912ddbdd8ef22c58766a3d6835df898982ab9503e15f,0.0027317182321214637
Destination,02c65b3982834573d0a1bdeb313489ad95fa3c13e8d3ac5e16871a6dc03aa40d30,0.0026757786096206827
Destination,02e05a06d1666bcef4afe7695e6e3b2cde640170504eaad6bbd7a30ad5bcb69d68,0.002699086785662675
Destination,03724c589256bcdf0b3ab75de2862bffea891c22076e806bb1b395f2514223cfef,0.001207363518975186
Destination,02c0a6e4f7e6d01edc5aa14f5445cd8c87c478ad1c72fcb8b594d4989cc2a1fa9e,0.0027270565969130653
Destination,0380a492921bea0522ef85d8df6ff83d0943e43712e6120067091a0ab4ba2bf65f,0.001263303141475967
Destination,03a09f56bba3d2c200cc55eda2f1f069564a97c1fb74345e1560e2868a8ab3d7d0,0.0015290163483546758
Destination,03770ffda2a7abffb725ec6022e604a57d7c0b1e2fc3e5131a070767b8d41da954,0.0023028477929488106
Destination,0374179c7e71c0b221b1eda61de0b63c60f45ee978279c15175668aaa34e149977,0.0027270565969130653
Destination,03a6eb1774c41a1fd77590c8aa6c2e8c5c0a764277499645b61cc1220f4f9c900c,0.0027084100560794714
Destination,03fd3e0f2504e149b1907cab853712a213b182b8c972169fa3ad009b623533103f,0.0020930742085708827
Destination,03182cd3f691d3a40c66e77910790b05573333e9d2d4b2465d47e2ad1cc630f5ce,0.001715481756690612
Destination,02cce866b659a12f14e29efccc3c240eaa16bfee3c763bdfddc9808244738c4cb3,0.0015010465371042855
Destination,02c1f09ec838d3125c9ac39bcdb0e71e272f7cd11fb0e4c8daa920df2ec119eb80,0.00137052075126913
Destination,02e53b812850e3f329520a37656a800d9d96a62ffcc3616171443f9e6dd4c2985d,0.002699086785662675
Destination,026651b2c2ccd59b53a310bba1737797b4f368c0847a61faa503e2892a71704d81,0.001715481756690612
Destination,027d3091a6dfd5042356075345056a5d97ba4f4455573e71018777c4304c5a078a,0.0023494641450327947
Destination,02bd5385fa21d5e6228151511ba7751c05efe60b14edaac900f8ad0b690f670637,0.0027270565969130653
Destination,0391c286244e97a22e90f50d4dded97365a01add3a8ea26ff361ad7aa9e2a0947c,0.0027270565969130653
Destination,02faa4ab03242a287651931e7dae6fddcd7f65f01c17800b7edf6a1bf2a31e00fc,0.0012446566006423733
Destination,03f839fb782ad0f1e03d95c9bca8a780c5fc626ec8d88203f9393bd853ff7171f6,0.0027317182321214637
Destination,021219960c0f41944366db375ef177ba97419d50766aaa4d8a9b4cdda3dde47a7b,0.0011793937077247958
Destination,023345274dd80a01c0e80ec48928188783f9bc5281be8f5057c050492f10711a5b,0.0022189383591976392
Destination,02e76d5b06f457449d2da923fc2107ff6d6a144d436045027dd1974dc27bc1fb99,0.00180871446085858
Destination,0205198c099c45acedf988445f71da087ca39cd80847e53a7819e8f4e45768d7d3,0.0014311220089783094
Destination,03df75dccb85e82f4b5cf4a6bcb28b32ea12c878e809e89f4e3b35541eafebffff,0.0014917232666874886
Destination,02a619f265cde5eb77f3cb4e3158a8340a7ce4184a39c42e3a32893f53e2e3f82b,0.001948563517110532
Destination,032ee01185ebe5895ab7f1250560c2def539f335ca79d0b58b1ed4cdf9b2adac1a,0.0015010465371042855
Destination,03c9e422da6b3c9a29d65f2c91ff73c36c93d645ce91e125a7a20e1758b42cc309,0.0015196930779378792
Destination,02a2398ef1fadc5a16f94780399c784a2214c828401d4d220e13f196d5f813d8d5,0.0027317182321214637
Destination,02bb73dcef71bdaadec6ef5fae34f1d5263303e7e4c06518909ba36cb35adcb4cf,0.001934578611485337
Destination,0362dfd94dab64f1d00775aeae4365c1755360353b2f0a54d6f37cc8d438aed008,0.0013239043991851462
Destination,03ece2b628701fd5f44ba866704b0fcf4bde05adcb3f91e724dca2fd4b044297fa,0.0012446566006423733
Destination,02d5f9ae591665abb35ab0d99ec52368163e20b4ad3b3e2489a4602885ca492196,0.0018926238946097513
Destination,0210c09f2140690486dbb99bdacaecbb917aa23214d451e42bee0aafed1956ef14,0.002284201252115217
Destination,027d68f88e5f8125660f314df1039bd75adf40aae250d059255c4c2b26c86a727e,0.0027270565969130653
Destination,02dfc0404d3c9774974286655e5ef5859617e8da7ca291db6afc602a6b70db3537,0.001668865404606628
Destination,032a4e05b909452a8a21a4b9795b6de44785ae17dcd2ad5b1788f689f36c1cd84d,0.0014917232666874886
Destination,02dd4a9cf224e290851f6af83072e2496479bdf4b65e1733e92e24d42a0ba89a75,0.0016921735806486198
Destination,039788018dc887f88a97e24730fb03b8d31ee7a7889af36ef0bd866b6ca3bce362,0.0027270565969130653
Destination,03ba33cac37c689222eec0c4b14b497950d111fde447d3af5cecd414b6d8df0cdb,0.0022096150887808423
Destination,02fa817c62a2825f1a0406c3bda2fc2eedf8d0cc24e873031c9ad7c87bc98e4c34,0.002699086785662675
Destination,03e437df1443336c647f0a61e03eb0449972a486863acf2676410f308a27df33c2,0.001715481756690612
Destination,03df87b99d597f1982e3ae89ea3ba7bc266536269326647c73acc056f9923c9ccb,0.0017061584862738152
Destination,0208dfa005c47a8ae85363d12c54007a38550ca0d6f1c559ee11caaac8221eccd6,0.002111720749404476
Destination,02615b617c685994d4197d8505437dc5a7e3fd4c445850c2b7b23490a3edba829b,0.0015336779835630743
Destination,0340796fc55aec99d8f142659cd67e19080100a98ea14e8916525789b57e054eb3,0.0015150314427294807
Destination,0200e5a6afd0cca4383b67a7ed18fc0af24b80f475295d683ee58d7fb00e8d9b13,0.0026757786096206827
Destination,02baefa3f0346dec11b6fab292ec8ed9aa41886647c4c47710a719fa1af6ae1e6a,0.0027317182321214637
Destination,0280598b41a603ecd63193aa236dee1190f089b5316f89e6d68bfbe0c32649c9e9,0.002396080497116779
Destination,0374fd7bf28122a8cef4eae815a9ee15514c3f349ee7eefd68bb6e602283461732,0.0015010465371042855
Destination,027ced29e48b19f7777d2c8f10beea33deb9131a6f104595ffc96c25a07ea66ace,0.002354125780241193
Destination,03b99e214431ee4a873e109ff2a9f6188b99863919f565bcb1b962aba77a4430fd,0.0023820955914915834
Destination,03bd9ead4aeeaf45836bf2a907f47a7ff827f223c7c71dedc5c5d963de2a83ffa8,0.0027270565969130653
Destination,03727ea911f483664bd50d082ded7253005ad0bac91e47796d09ee7f284a740fe1,0.0023820955914915834
Destination,03c3a9630e1239fbf113bc34d043d105df9b75ca9621fb72c8ea33a5c45853832d,0.001715481756690612
Destination,021baa07f59a42edd4ff2c2cd9f0aaa37cc5e81493cbdf9c8beda28ab46a102cf9,0.001715481756690612
Destination,037e8b1af65a511e3baf38e45509fb1bfb8023a6e5e2555774998b9ce91a3c58b6,0.001715481756690612
Destination,020fdd6edafef0f9fd874abc1629fd14181717c751c974f43829b235c272043f19,0.0014917232666874886
Destination,03314251c282845d791f5fda1ca767c2bfaf742897855420e88a77b5783b5f0612,0.0027084100560794714
Destination,03a5c59c83b3e77ec51a6e65ba86936f9991931c878ea06bba05cd6ade08e9e78b,0.0015103698075210822
Destination,0293bd82b16f9a1f05ddf26b24a6763a86a5c91de7044ccc23b871d4e170408039,0.0014917232666874886
Destination,02b61154d89b98662f4c58e1005963e918da6a8fdb5adbea85ad22a20b8e7fc0ad,0.001901947165026548
Destination,020154791bfcc0000e7c2fdb481b7c122a9aced5f8a3faa53002886ca5395b3098,0.0014917232666874886
Destination,02345b36322a4beb0949c6726a36839a8eb30c29b1b61ea66b8d1594ec06f4bd5f,0.002298186157740412
Destination,02abddc7c1a11ab46a514c096e8cc759087a048b556c3b2d960863dc3fde5f9db9,0.0015243547131462774
Destination,0352a2bb7d2eb81cbfa03619a14b1571b47916df9cb76af3fbd73a5591fa2d489b,0.002102397478987679
Destination,027c093f1cca968f33e177380303cf140d96519a1ed602d507b485afdc930f9e6c,0.0027270565969130653
Destination,0249ed1e5e83195c3c77c42e942ed2246f6f140ce569be8d6c13bfc481ee35341d,0.0027270565969130653
Destination,022f25ede65b3964a4c9d95f9367d242604bd96ab8e7337c3eb69d9afbc0023d0d,0.0014917232666874886
Destination,031f2669adab71548fad4432277a0d90233e3bc07ac29cfb0b3e01bd3fb26cb9fa,0.0015336779835630743
Destination,02afe83ec91597a3ec39cd0aaa63aaa86af1fae821435b88c2d6edb7c46d53114d,0.0027270565969130653
Destination,03a3d9e29bdea577fc8708056245986945ee5234d98a56cd67428094483668ebb4,0.0014544301850203014
Destination,02850b902901730275f4520a3305479911ffbc0105fb49cb2a67dd5d45e305f3f5,0.0027270565969130653
Destination,03c48fea0dc6f5b8433d86f56d888095e56a74f1ad0b34da56f6ed2911e9be9ddf,0.0027317182321214637
Destination,03579ad0263743adef4ebbb56d26efa612fea8806cabbfcb8a1480b6db33887bae,0.0016921735806486198
Destination,03ec0f6f9ba5d21c254299dd83760beb6bff3fa0826bc2fd6cd6c8f0783308f812,0.0027084100560794714
Destination,030f2e51d184c1aa37104e9d646b3a7fc14dc4cda7390982d571b1135c3093f3f5,0.0015010465371042855
Destination,02638b42be63448445e8d522574cf411281bde1544e70b69c9d1cf35700f5f4669,0.0019112704354433449
Destination,0320bd97e44c074e44168b840a86b920bdd9a08d07524f654ea32e5d3f12688e5a,0.0014777383610622935
Destination,03d5855896faa6d6320e408f11e18b16831f0dddbb3ace4cee79f039d0dea528b4,0.0014917232666874886
Destination,02e1dad4d396696cb207a524bdf595f1a2e6792d7b990f18cef1ebd1b557bb110f,0.00180871446085858
Destination,03ee4232a62c54bea08dba3b426ad3e1069e90db70f35ac31942c2efa333a6d561,0.0019205937058601416
Destination,02505b6ea32f9c3f941f9938f120a67b702eb60fe7fddde0a16c9a0bdc31d72b17,0.0023820955914915834
Destination,03de68d2d4ced8dd71f0e245b96dc0079823941becad017e82313cf44016c1a71e,0.0018972855298181497
Destination,03a87ca8bf5515b77197a3ccdb2641d28ede4cd192868904df9661960476023d6d,0.0027317182321214637
Destination,03df420127f61c40ddc9fa4f75f4df42dbec020ac791066e98b649893043a6ee4d,0.0020371345860701016
Destination,03bd82b6d63567c196025b942104523f0e3440086c09627d140b83fbab47557f8f,0.0020417962212785
Destination,02fb2d6acce2b8605b864e98205c7d27dbf09b535ccd4731642d8ea550de96fc21,0.001715481756690612
Destination,023d153b512346a3a6026859ecf906d7f6912bc9fa4214ed4439ffafe47ba53cef,0.0019112704354433449
Destination,02375b91bc583eec4d1b0c906d5339ff175c5512d4c3bdad03af745c34543d93a3,0.0014917232666874886
Destination,03650f570702b80a3e1a3e4402676c05848636ccd51e9d1cea9ebcdc3aac25bfba,0.0027270565969130653
Destination,0254c26b8875b667cf6dd39e016016619e18a244c088f4d5a6048b296dfebd79d0,0.0019066088002349464
Destination,02b1b75da8dcf1c20f8552cc8a80ae42e01b3e78d68ca351574782ae20e52ab30f,0.001715481756690612
Destination,027a0552a57660b8bc05ce52e6c39310679b74a04b1a6609003a8ccda9ec82a463,0.0027270565969130653
Destination,022df3659d511f156e3ee91ef608a095ce3399234d374c7105356a36a904469372,0.0027084100560794714
Destination,0293423cdebe76a816eea3c8697b15ae8bd702e19e01798cd7641d5ccdbfc79fa2,0.0014917232666874886
Destination,032705858146e9cbd40b937daa3ba02f2f9ff48fd976d42cf2f000517c2bf78911,0.001473076725853895
Destination,02069f270b69c81e9a3df61072ce6213583c7aa4824ae4ed22d4f169194a5cd8ed,0.00274104150253826
Destination,036b4069cdb1c0e9b16b2e8141d45c2750a9e494a91e302edb92f85737b0166f37,0.0014917232666874886
Destination,039089d6af09b1aa403b65690155670daf50c8e7c4843de575a5b28c3683e12880,0.0014917232666874886
Destination,028b310e4423acd6af4d3e1b0e14dc397ed771800069730f038c07ce66cf9870fc,0.0027317182321214637
Destination,020c2c8813173fd64f0a7d93a62c56ba2bf500f8609e4030bb37523ecaa20e7ac7,0.0018133760960669784
Destination,0318cec4082ae263053f6b738f8238a62d7e426993c31131e5d1d21a5b5c0927fa,0.002074427667737289
Destination,0255cd2e8a722497c4f76c7aa42f5d3c38e18ef88dd0b584d21b2096651e355b02,0.0021163823846128745
Destination,028b025ed7ebec8a890403cf4b3e130e526ca365502dba53c654f956333c717d79,0.0018972855298181497
Destination,0232f4c09bf0a9a1c19c68d4b22ebe0377bbbfc240e62afaee824d9355cd52eab9,0.0021257056550296714
Destination,02a0cbab2e273c3e72004d115f1be107b47e548b0969cbe40fc3e8bf6c7bc45991,0.0027270565969130653
Destination,0291d42f080123aae36e8fea06b4af45e845429f1176674764ce2120e26182628e,0.0027270565969130653
Destination,03bd6d28432d67effa2b2b89dd5fd68697940e8a8f2fbb84aaae90d584295b03bf,0.0015476628891882695
Destination,02efd5a2e8c08f29f9b592d944d398c6744256dee8539f0994f1260bf23c1d3d77,0.001985856598777719
Destination,02060ed659410a4087774ea417e7f4eed00e8fbb7328baa25eb2268ac963938f61,0.0014917232666874886
Destination,02bd37990d737473a7827d3aa0b5d9ba46d2ac16c73753567e4d703e0a9dea3571,0.0015057081723126838
Destination,02896feeb3e4146691f8110a0c39cb785064ce40a4e32048add293987efbf365e7,0.0022795396169068187
Destination,03c2a82c4a00218ecad7b4b811d8ee34fe71044a1677cfb958a072716c62b75da8,0.0014917232666874886
Destination,03848c08fa9c9396f6b04b12f9f6a7448268fddea2b6e9ae98d76046c01f5e9489,0.0019205937058601416
Destination,02bdf03ac2a999c80dc44972eec997de353448f67e79b14e983acb091957938433,0.0020884125733624842
Destination,03b06c880c5d2451c78e2d58864ad1d12f7c6ae5b4e3209701783a8376b1fa661e,0.0014637534554370981
Destination,02b1603b45c2db8bdaf24961a78b1b149ce6aff992fb1be3eceabdb27b92971555,0.0027317182321214637
Destination,03bfdad08992c54e1c0da8256986dcf1fa276aa0fbd8d446ff8f39d0f290af8291,0.0025079597421183404
Destination,03d93f27052c55ca636442f5b3432598978016738cd1cb4bd18705f1eb4552896f,0.0027270565969130653
Destination,036b7ad803b5ba34a3eb39ef501ce1aeb700084c4cf11ba64ca57654eddcb4ecda,0.0027317182321214637
Destination,0278f045df017c64c27bb8126c0dd52bbcd82021c0f89a913bf32a13d9e253f692,0.0014917232666874886
Destination,03a92a92e64eca60c122e87e90c6373e6ce23b171ab6f8f5f24c1512b668629a1a,0.0017014968510654167
Destination,021ee8a7919e75e3b484314aaf495ce47fe916c004013cc99b39e5dc8d8c64b678,0.0027270565969130653
Destination,03142b162b4e55237e49dc8aadf919c99eface419c21869339687f365c93675886,0.0014124754681447158
Destination,02ad9affc8768fee98f2eb6423e2f848341287720e454a34a4cb5107a43faab31e,0.0015336779835630743
Destination,022df0b06f76aa6190916f22584e209f11d33611d57918fc668fcd1994e30be7ef,0.0015290163483546758
Destination,02a624a8019bb184d208045c07e511a571dfd6d9f1fb6c590c0f8ce5c424748f38,0.0016408955933562375
Destination,032a189ce02670284436e388ae03f0f4da1a1a04c78af30570f3997232b50cfa7b,0.002540591188577129
Destination,03067f7d0ad97cf561cb3078d63e1542da21ba6cccf24669a226b1c61a234adf4a,0.001659542134189831
Destination,02a14c5c4fedba011d5a822f44bc4cd968484b94d92810872971ce498f278e34f1,0.0014917232666874886
Destination,0276499dd9775f36cf95506c16e14ed6ec4cf230e8e5d341a441e1190d3f9e1e4f,0.0026617937039954877
Destination,0387ddb07315aabaebe2e2898ad5ee0b0ffa3c46d3894eee2632d060a3b4065b32,0.0019112704354433449
Destination,02dfc9310263062fa4c1b2ceaae1c87412fbd1f75a4e3f5daecc66823900b07f02,0.002377433956283185
Destination,02a4b71c4ef7785533c26b581285fc8145ae44d71e22392356ba7d0e6fa1977622,0.0027270565969130653
Destination,0347c12bc647f61f74cde6364cafd6cf1dd722dfa9b3b531c7dd2e9c8f5e0b5259,0.0014917232666874886
Destination,03e086e590f2255a7423cea5dc2b8fbcaffa3d8044c26dbea84728ea4b4648e41a,0.0021257056550296714
Destination,03e3485ad13855baeb5ea96b0b24ce4ec17d9e748fe41fe854443df211e357f505,0.0016082641468974487
Destination,02ea79f92b2f6f6a3d6270bafb5cd91c8052e816d96670d58b8cdc64588fb0a830,0.0027270565969130653
Destination,02d64d032d72d826b0b3ecbe359f11236995abd2491b5868c0abff42f7a0327a90,0.00180871446085858
Destination,03e04bf5a232eac08420a46cb3261a2ac7b87bf6ff77fc52df49519ff62e9d3cdf,0.002680440244829081
Destination,024717eeddc8849775a21fdfb8fea1d7e1491d652385b1e68900a9b74a796b2212,0.0019205937058601416
Destination,03c3caf68c4ffb84b61cfa1da4192d0941e34ce4a3c9a2fd0245880edd82044e07,0.001981194963569321
Destination,020bb0492f582891f8dbe6be8f6a9bbdc1391fe0356007e9d2b1d8b91b1e42eccc,0.00274104150253826
Destination,0313456569c9c5ab248fd90be05a5e5a35889300aefe211bf4621da32ddd434635,0.0027270565969130653
Destination,03aae60ebc0d009ef1bd3bcd5c66611d66cd235bff9ee7d2ce7ffec89fb369e981,0.002689763515245878
Destination,03ee618266fbe6b781eb996838a0bb68998faad6f39a0b887f1ff8664589df9bf2,0.0027270565969130653
Destination,03a9f144aa9f00dd5b84ed9c8dbfb7f404a1b5b1cee8e2c89fbcde06324f181032,0.0027270565969130653
Destination,034ac84523c9d05d3e9607bd5eaf1a49b4a844d8b604101085ae426ffae39cf8ef,0.0027270565969130653
Destination,03cd25c64dd2f6fbe5e9585913c4bd4d226973611324713f7e935f898e42db05e8,0.0027270565969130653
Destination,028b6cb61e000ce5731dd56d142474bb3c62fadcfe26f87171b468a37b2cdfcc82,0.001715481756690612
Destination,03905aed59919f322abcc107c3cb6767bc7d40ed175a9d143706fc211cad188157,0.0020790893029456873
Destination,0261c96a2e4b187f3af17fd4a087568639b6f8d0a10be6fe37942c8603e841d009,0.0019625484227357272
Destination,028377251f4fc47a1ef64b7fd6221209f0ece9b7adfb926ba608c5f3e0e2e9a30a,0.001636233958147839
Destination,03b4e0993e0324b429c1e1c4a2dcad28a26d62b2e8f8c28804bb49e519c1d28f9f,0.0020417962212785
Destination,0375579eb2db126f8773df5aaf3f550cfab997b04458f05cfbd7ac8a014bb211bd,0.001729466662315807
Destination,022a30b60c4d4975509917fedf77f99c1f97292455a3423e3c4a1bc035aefe2900,0.0013052578583515526
Destination,02c3b4594c5efc503f916446fc5e2153ddd15d20eb0251aec436e4bd0519fc60ce,0.0013239043991851462
Destination,03ff4992f2a981340d3d9a859f310dc56793c07676923fead17cc6421fd56c5507,0.0014917232666874886
Destination,0386322180eee7186e535b1ab68723f23c10f276a170bef6164c2fabf9fa82df60,0.0010721760979316324
Destination,0211951b1bec28fe3173db1147bdbb2f377abb552123cbc2ec6b38637a57e18cd5,0.0026384855279534955
Destination,02b90e8824a1b91b753b7f286fa030f29c7b00139e350ce6d373a1bd2c497e6e77,0.0025685609998275195
Destination,02af8df0b7b6b8348a19e7185643fa2934e9a71ff8563a64a2c4a50957131badb6,0.0016548804989814326
Destination,032c634194ef091d00984cec51f8a477351e6e6f8ef4f8efa6a1f673f8f8a647ab,0.0020977358437792807
Destination,02bf3145e496745e8520b388c7db18f3bacc444101c0040def3a269708dbc76aaf,0.0020977358437792807
Destination,025aebfd0e4cd66285eb93bf9093ce3db581997efc4e084a3ba61efc7101e1e62a,0.0014217987385615127
Destination,030b5680af650490c4f78554f167e6bcd81538d48ebb6f5ea66a854ec523656d41,0.0020371345860701016
Destination,0269f2f23576d16bf054a0d32c21a318926e79d879c187846529974df56de197ae,0.00137052075126913
Destination,0293dca5f11650458d838171b72dbbad7304187acf5f5659215f8a6c95ce8217fa,0.0027270565969130653
Destination,030cfc86ce4f91a385d607a4bb870810e9ff16b50230bf66c52e90dcd9f12cc8c1,0.001901947165026548
Destination,025a0fd09daee6ef28211f6e3377364607e42e01dd720d6a9516ec18418aab304a,0.00271307169128787
Destination,03fc96e4e90cbc3f3b57548b0693b77c34ac696a125fe1158aaa9cf3752498fe63,0.0011467622612660068
Destination,03941c1c8b3dcc8ffeaf01d9eca1fe0f868f8856d732ee8c4df83749076be7a425,0.0015336779835630743
Destination,03296d963e7b2927abd25a0b6fbaa0e09a55070886d2f17372dd1ca1f10eadf7d0,0.0018833006241929543
Destination,031ac142ce2343f4652ea0f1286b95e780da72628f8f8b7fa9975c9bcd421967eb,0.0014917232666874886
Destination,039768012ebcf5ea3d161008e514f3c277d7ca802e1b40359ab014b097f14e7422,0.0015243547131462774
Destination,029f8ee278f3098084c9695c1cd29fa7d6f8d27d0dd30f3b066cef16015a0812ea,0.0015989408764806518
Destination,035ba4269ac468fc5ee1e24a72d31583a530401a70748ad164468093629fba7174,0.002582545905452715
Destination,021d3b7fe8402581ebc7ca314b240e6ab75d8215c1b2810b4ae28118ab0a58c65a,0.00031699119417109134
Destination,0231569f3f8c22c5d9785d5d6b425b3b7ae07d4a49e4a9e7e6b305e28a104ce60a,0.001552324524396668
Destination,032dea98f90cf8b17819a676f1b7c6e736895f5b2d39dc8936ea68d724bcc95f2d,0.001566309430021863
Destination,0350f4cc415b84676267a051661f43148e638662d15f280d70474274b9c3cb0d27,0.001566309430021863
Destination,031e47777e35627e1018bc886ee24f81633a54527cfce24df0183a8fee7b3a24ef,0.001552324524396668
Destination,029ab7a4df62ce776c89d51b3c0f4ff9aadbbaeaac93b43bac175f74d1b0c347f5,0.001566309430021863
Destination,0391b71b1e30cce2f0e25dbe4ce848c19e159d1677a8368d1eb3e50a34d14f74f4,0.001566309430021863
Destination,02318d29bd20644932aec0136c18dc56c74bcbe792ebf6c97cc9f3c0a21ca87228,0.001566309430021863
Destination,0366cbd739d2d55fecaa1010b69c26a47307e57e598a143d88f4d3ccbed0cd942d,0.001566309430021863
Destination,039d9379e6f45e9361b3b0198aa2f81debb0fea4bd289846ae11fee22213f33649,0.001566309430021863
Destination,02a09dd5342c4e6ae262509625a4a0c3487a00638539f7dbace6c6cec42095c7d7,0.001566309430021863
Destination,03d0087b718ce9259b36485995094a2065a378135925f9a71a5daf2500300fe662,0.001566309430021863
Destination,03cb48cfa183949cbfec71e5e45121313cdc56a4066543d8b69bb62d02ca691637,0.0015616477948134646
Destination,0348a2d7bf8225013cd7f95f85fc33768b9fb534e55bb793e268bea333e0ade634,0.001566309430021863
Destination,031371bfd9e935c86bf5fe814d8e6cbc8efe50a46d711f75837a32e35b66494153,0.0010721760979316324
Destination,02262bbc21c171bc91a1d6bbf89571c95873849b9a60d3ea9671b777d852d39ecd,0.001566309430021863
Destination,03b0c9257250a53234cd63db3254cc1b44d33d1516b2dd068cb706d5e1acb20676,0.0010721760979316324
Destination,0221d38abb8a6688ca7ebbffed2c7c68350facf3ed657dd131f9a5efa5a54c84ac,0.001566309430021863
Destination,036c5174989312dc346b678a01c02cde0db80b9a7ce7c8a437644633b1a3d0f9d5,0.001566309430021863
Destination,02f84f263e1306b2136e35f7c9718089420055111265cf9897da6c025b9760b8f6,0.001566309430021863
Destination,03faa22d5c2ca552578d5aa26693ecbe649ef32c964327a6bc53fb46b9e55f6e1c,0.0012446566006423733
Destination,0250eab9406160ff2e3eb8206c7f3364034acc890d5c4cb3449ec8fd2f30224bb8,0.0020464578564868986
Destination,031a763ef63f34a3c10cc3672c4b553160edef347732f7c7deecded101e4fc0053,0.0016222490525226439
Destination,0239da6eb8a86c40b477aea759e46b81180269a3aedc5542a4ac4fc27838b55be5,0.001496384901895887
Destination,0202ae5676becb575963965aaeff143132c694a7ebd1e9e217ccc7e08812d55a71,0.001496384901895887
Destination,03b3f0d08949f1d97fa3d6262df1753ba66d69a67dd76f8f1aca2966d1f21ccb4d,0.0010861610035568276
Destination,02dc4628552c3223e9861f7609c905c2d83b2b5d7e1a6f9ce704bf381711d47963,0.0015290163483546758
Destination,032788a0c8639f99f605f55203378a3aefa060e650912885a02f3fc42e29b3a660,0.0015290163483546758
Destination,03388ba4cff837b4230bbc607787d20caf6241b356c906905458f5a211120320e3,0.0027317182321214637
Destination,03b40a28bbdba09a27ce64478d2a3d8dd59bded1b1f2aa315e860d381542c2fbc7,0.0012353333302255766
Destination,030bc1faafec01c4273d4f8565f3918e3cc4db5264030a2f1ab8a28100cc244151,0.0027317182321214637
Destination,03d6f885d25f597de1ff41da9d0fbcd50be4fa0286083f32f2ee74bef09c0ed846,0.0016828503102318231
Destination,03e7d756e01e8c94b7858ee106b8f5802c6fe6978d49199fed578799318744032a,0.0014917232666874886
Destination,02a371038863605300d0b3fc9de0cf5ccb57728b7f8906535709a831b16e311187,0.0014917232666874886
Destination,03b0bb7c6ba7fd4309851011c0c60b061ebe70a6b8d4a6852697fc799ef92146ca,0.0015383396187714728
Destination,02308ba8384204a969133b5214b0d7567e474cd18dad193242a90cf7be282283fe,0.0014917232666874886
Destination,02e42e1ff6ba74474cdbc1433fb9e23f061d57f4065b66e5cd6626ebfdaa2fbb2a,0.0014917232666874886
Destination,023cf0c93638b942b501f3af14b761b83cd560a65098125124fc336ce4ed962dd0,0.0014917232666874886
Destination,02442daab8294f13b8fefda442e312804bd488fc6c025a59ec5de2a89e13628157,0.0014917232666874886
Destination,034b8a7505992a8e670426af1e38730dd17581433ebde3a23179a2191b15027519,0.0014917232666874886
Destination,031b2456d16fee868c5ff164b36243bce2ed23be88d28b38e5f2aa96107f0a4bfa,0.0016828503102318231
Destination,02af08e15f8164a698145e7ce50b7fd6062c49cff5eac54c40e1e04673f32f13c1,0.00157563270043866
Destination,03205328fd2145525de6ccfdcb41b9d45b4e48f6e0c8e03c4b9b3f73b3de79d2a1,0.0016175874173142454
Destination,02b7f410d4b9d62c3e94dcf8d6b7e960e44edc21de52a5c3856c99c8cfbcb0b8a4,0.0016222490525226439
Destination,0257e4021c5ff7ef69bc023e86f16320dc47269f96ee7858362be1d626e59e7642,0.00137052075126913
Destination,034a64c58e7402b1b38094f013e895e502ce6e789fdbade64292db459387c59fdc,0.001729466662315807
Destination,0356f357b7cb2baaf2adfaef7be4a8136abb7d21ea8f597e761c6ba3f5955acd2d,0.002190968547947249
Destination,03ad1453c46080ca0ae9fc94d24f34edba236a1035cc66fb945a4a257efc306cba,0.0015290163483546758
Destination,025759efb4d7c2eaf8cb14be2844b841756b9bb967bf533e4751b352fec0b019c4,0.0016548804989814326
Destination,02722b054aeee226ae1916906ced793a08cc2afa14af0f31bd1828a5c1e4c274a7,0.0023727723210747865
Destination,03193c0ef835a8c37c5d8138c343d4e62a991b262b8da9c943609ac4d6a7524256,0.0021070591141960776
Destination,02b1278809d2853516d30b9af8d7bb3b1845d1beeed18ee22a9ccaddfe7f30a794,0.0014917232666874886
Destination,0298978cfb4dc3cf5f9ba387c456a52c99f9fa79d91d1e986dbaf34b5f3270c07b,0.0019205937058601416
Destination,02a88cc67bdda699bee874d9cc92e31d7185e55effb1b51d8725a4dd16af86b2d5,0.0019205937058601416
Destination,03021b14351ac4da9b7aa3f07c0fde25411a125a1d3384430d742733e7530fe5df,0.002121044019821273
Destination,035fed4182fbd0725264f8a0018cabb6b25514dd231291162ac8dd63afb278e9e8,0.0014870616314790902
Destination,03c11e1323668ba0e63afe77dafc2f42b030650e14413a7ae438abd4baf1b6c733,0.0014917232666874886
Destination,02a6bc45ebd9f990446e46770efc16eb408e7d717001887f84b96d246a5d794071,0.0014917232666874886
Destination,03c35541a361e334955a5dddedfd4a8b7c48cff330d43a91653f6e464c0e5f53d4,0.0015290163483546758
Destination,034e5f69f362b02851d48848ea788c4fbcb29d3810250a865eef75016f827c6f10,0.0014917232666874886
Destination,02477736327314a83f30d8ac6d90261ea443eeab10c3dfa7a00fe91bdc134b0b0e,0.0020790893029456873
Destination,027653e3bb2c8f4537dc222bd56b8b8e4812a0761de6c0b3afba5ad8a8a1a734c9,0.0013005962231431541
Destination,031ea699f2f5e657473fd14302d00ea8018c67fa83403810544f5bd227b1cd2c41,0.001263303141475967
Destination,03ee5caef01115a6ba7c857337f852e3aaa3e26a4b62784297179934dbedbd7122,0.00030300628854589614
Destination,035eae934a20ac4f063e0118d02f13e190af5330153a8f118e3b3073316899ce04,0.0015290163483546758
Destination,037c0d428e37236c56f181975ce12ae05fec9d6acbf780a56ec457e1806b1f5910,0.0015290163483546758
Destination,0262fe62f16fd70795fbbceabd767f3d504b99c1d76ec8169478428d8ee6d00440,0.0015290163483546758
Destination,033d388dbf5a81a0c793fc8f78390586451345e44c18f5e0993c26b5e7e4909313,0.0015290163483546758
Destination,0364ad9d53f12f89937e59af0641ba9d724ea05de159e91f3ef825bc8acb3f7d30,0.0016175874173142454
Destination,032a299d750aa2c7a1f5809122320011ceecfb9803cfffc69590b7f21cb2dad58b,0.0015290163483546758
Destination,030ec18131e77085b4c6cab39addef54ff9cf040415509ba24850a9ef19c68d5f6,0.0015290163483546758
Destination,03fdf18dfb3aa1f7097e23570a9415364236d7b4100cd3b64a4e8090a00595fae6,0.0015290163483546758
Destination,0300df12cd7be21160c28fc1e2411a2671d9dcdaf261ed209125575c0e55cb1456,0.0023028477929488106
Destination,034ff8496066474abc3419794287b6045400f3fa379818356fbb524faadbaeeaf0,0.002396080497116779
Destination,027f7a560a87e326a7fe213bbbe0c2943057e2c713f9a291f4f2531f0035cedf63,0.0027084100560794714
Destination,02ebb6cca1f3fa793a624feeb20f1de5d5c80ebeca0f5ba1dc674ada8359b8c67e,0.0015010465371042855
Destination,02a46c2a31bde213582f75af0560a850f0e42bf353cee6328edc706e66d8a5f530,0.0015010465371042855
Destination,0368fed1c2fc35393228091c3ed1558090bfefc2ba5f57d8e025784f7fbc705dd5,0.0015290163483546758
Destination,02bd0e041524380fdacdd69ac9deb94036c8b7c4da81e423218fb38dd1c4fa7670,0.0015010465371042855
Destination,03d937372ceaea5f57462a845c3bdd2b0254ecb07b8b9f9a30a605043bee178c4a,0.0015010465371042855
Destination,028e52a9204ca65def1be9ba56e36c7291e1bf2eaffc93d7850294bc2630eed7ec,0.0015010465371042855
Destination,02534a6ed151d216d014d37ade6508169daa83dc1c0c07d57ff3c1a4d7d6627f65,0.00137052075126913
Destination,02c068a9913785fb6215d24d5e978a448c455cbc7fb02cdbf817798cb7c1500f14,0.00137052075126913
Destination,0377ed19ece4b1e2869a77773e552e1ca0bbdaaaf1f710ab181b59cb5c813b0535,0.0026291622575366986
Destination,0259ad05a14ed2ad2de7315f800b786d6e0765b25dcc2c737ecb5c7f6b5541972b,0.001426460373769911
Destination,039ecb633664d6fa8a58ee0ab5f11f38b0f0a0a34897e4c6fef4de691485c41407,0.0014217987385615127
Destination,0388ef03377c2d5e79e9b39f96efb4514ffa5cc23fdb7e4c6d8c156fe09a65c879,0.00041022389833905937
Destination,02414b4c1239e0ce4234a4688633891c834694f638b9066f9bdcbfd9d88a8c1b82,0.00032631446458788815
Destination,036a74dbbca4d5ee296fb34541ade008937d566f669605b80b92a7eacbc2f21d6b,0.0012446566006423733
Destination,021bd4a05446963e1845c1856a33af3d305a9a0b373c17605da6f05ab704e8a10a,0.0018926238946097513
Destination,02545cd25bfd73cff0b9837ba4c90e102ba4c7d6bc582721cf91d202d32a26d27b,0.0018133760960669784
Destination,034153089c1062131bdf63c99e1689ab666c638a73002a8e651fce837b0a883ca9,0.0022795396169068187
Destination,037959c4c77e0e9e7bd578b55cf96637c54c8428129e41f06393168afdf5963235,0.0027270565969130653
Destination,0389fc62e846f7cecb65b6ae404968fa21a84c58dc7273b7869e73cd307127d7bd,0.0014917232666874886
Destination,03f6af4cd86737ac121d732d1fe6070785de274a41fed51490d21d812a148426d8,0.0016781886750234247
Destination,03f2e0bcbdfe16595d03fe3d02534ef46320662d73faa5b8b126a96adec4ed1eab,0.0016781886750234247
Destination,03104a869365cf9f22ff37287d6a830a87b6bec8febeb7f08360c09c3723488c62,0.0016781886750234247
Destination,028c8c9b0b588d00afabe905799aee0225a9315cdb63d7646b7ff7cf02fe4bf643,0.002135028925446468
Destination,0214f4f24f2f9dc63dbd867f7948e4dbe66c5b296b66649f52ca6b904451e3dcf3,0.0014311220089783094
Destination,0366faf9b8693d5ca2278f6a93c393a6ca0f25ab033d13703339037bb4ee845a5b,0.0026757786096206827
Destination,027303a99a67e64858b9f5fc80943fc5288dabb6396b17dcb567afea2c9c39d54a,0.0015336779835630743
Destination,02b400a39310c6c2791bfbbd7ea4e5799536aa2c867e89b3522d95bef3f9ede994,0.0024054037675335753
Destination,022744d4382c28988fea6f49cc337424029d8bbecc7236a8bcea97ce4f23332b2a,0.0014917232666874886
Destination,03fc0f344ecd7fbcbbf233b661bed4b01ffd19786e5cd98b7a746a0024d9ec5e9d,0.0027084100560794714
Destination,039751a7b62fc06165d9611866eb72f185db659dbecfca6e569027b7197d7b74c8,0.0015103698075210822
Destination,03fb6aeea74945da9b729221a99e4dd1d725e2547167de12b6f1848b34bc5f1301,0.0014777383610622935
Destination,0363c1c1547bd076a2d2e3e781ee182405949566cf779fce318cbf3403fa1e52d2,0.0014917232666874886
Destination,03dc240900548ade2ffff338c3dadf78b2b5199d832a61fb542be2826d14126239,0.0014917232666874886
Destination,033d7e7054f29818f9eddc9b7960dea7aee7d58b23f36f10fb7103247c82e920cd,0.001543001253979871
Destination,039e892b523f8a65f471c3358ed371157c374db70ceb761559207c69e37afae85c,0.0015243547131462774
Destination,03d07fbb3b2ed7e6811050dbe8dd519be5289354e1cb6fe3bf003dfbb9d2b70455,0.0015336779835630743
Destination,02d1567647ddff8b96f72f0b5cdf6a91d6fea09c6103d24992878c37e3ad59294d,0.0015336779835630743
Destination,03356b37dface56c07e41acbba7ff5407b81f2ca2b6db6f3d5b76f635fc32c5ea5,0.0015336779835630743
Destination,02127ca447d32089312d1662841a2572aba5a29301bf4e88a30ffc291037bcde39,0.0015336779835630743
Destination,03c70d441175a2a1096dd69b91953aa1e609466708976e73b08a6a195dd350cfd0,0.0018972855298181497
Destination,027b13965e30efc9ef7d1a9c462f55db48a1731714a0b83bf66b7f8e5f290f9231,0.0019066088002349464
Destination,020cd843f3128386ac5551647496d57aeb0b5259611d7ebb9314cae77115653548,0.0014917232666874886
Destination,026db21580c5f2943bd5c1a88bfabb871a29a44716edca7511325d1ea3f38c4734,0.001184055342933194
Destination,02b70b805ee7419b63f91f735eadf9d943be41a93b4dcb9d3c778deaedc3caf4c0,0.0027084100560794714
Destination,024ca3fe9d128499a4d61c31367189d40f7d7371beee5c498dafa8e481ca556882,0.0027084100560794714
Destination,03c12bde440a3bda6e1e90f8d2cb184c505def3fc5ace1e472a6724f2350b24bc2,0.0014917232666874886
Destination,03b42cde049acf59ac18876d552e8230e780aee50345855b91ba386bc7c55da208,0.001473076725853895
Destination,03d043921e53a7b12a72e298aee8607b3cf7d282075972ec37d94a713c62335476,0.0014684150906454966
Destination,02acf2e639127deb4db13edf1755a635b689a5ed9dfb1275cba30172405920ba87,0.0014917232666874886
Destination,022a3d575fd624ce2d298bd3d5253754cfb77b5da4bdf6409ffea8a5c4314adcbf,0.002288862887323615
Destination,03ea408f18787a702545e1c9d06c69c73acec2f2d6ac99b5f2a940f57c07deee8b,0.0022795396169068187
Destination,03b4f01dd3aa400ec19e63fb52aabc86d48cb54c147525f1a04e6e9d128fdb1910,0.0005966893066749955
Destination,024bc1d0d5773d82c2d868e1f50e2a94544b914c3216d2009edeabc7d3447f4072,0.0027317182321214637
Destination,0279357c4f13fe9f996556e04db7d50a5e5b4d1db8b269985f1f71144a498e6952,0.0025079597421183404
Destination,027a22fb53c0d9c9925dcffb603993fca9331c855202214890f43164f567e49373,0.0014917232666874886
Destination,0304b7f5ba050ba5354943ae7809041602e091e8ab070f7b48c2436a1c2a4b37d7,0.0014124754681447158
Destination,0224818c362a6e6886ed1d233047dd45dd78c329e1eb20af5de9b8cf6d279c2de6,0.0014917232666874886
Destination,03babda0912af1551c90d2ee6d5153bf9c2472e7308a667fc11850efc06fdc720f,0.0026617937039954877
Destination,02576fad580a229641351ac6505dc1086415d1162b150a63ec8f560115d60af3fc,0.0026617937039954877
Destination,03b14edc2c0645a69d641080ff968a8c75fa1247334da8b6fdc9c3e90ca6f99052,0.0026617937039954877
Destination,03b451b5f0dd46d0980d8bccfeaab79712086839e9e617ed93ce92e7cbf5237e2f,0.0026617937039954877
Destination,03df528f1f36cc09ac5b97db1bfea100cfccef380f14fdf5808de4ed38f687e22e,0.0020790893029456873
Destination,023a5f825904b865384f6e1823b7313950d51af1df94f513b91af85e1540d3f245,0.0020557811269036955
Destination,03f683c6cb1642a97ead6042025ca9cd45e6f0f49efbcc3f4ec4959bf878342158,0.0011467622612660068
Destination,0363e1d13000e3fd4aeb596578b047f7955fd18e9de1790b357889e034c20e323f,0.0018833006241929543
Destination,03881d5dcdb7eaaed8d65ae988f256ef22c4b3b95d3e693d26346570cba3305d54,0.0018833006241929543
Destination,0283dd68c1b7ca34cf0ad8a6fae8b4342110e74b006d9cdd2e6c8e7699e5d8c499,0.00031699119417109134
Destination,02469778b54356db45ad00ef096e6565372bfa85648dde273be725382d08d54563,0.00031699119417109134
Destination,03beddc8adbf7d56a7da15cdaf95d97b24d07088c3571b421c0e6f9d551a210342,0.00032165282937948974
Destination,020fd06b0cb2b7cbc2d58de0091c68f653d7f9a316d7d0da28c916ecaf0e4d1321,0.001566309430021863
Destination,03a76b80027d7c067e0da77da95880faaf89e9bf87b73a7d57bd4a3f2a124b764f,0.0010721760979316324
Destination,02b15361e2a7f2d10dbb28ed95f66f4a2f96ddadef864ae42f4c5df8240c3b23e0,0.0010721760979316324
Destination,03c6af1c2fd9a8686b4d5971363e92ce6c85c03411eeeb57d7b7babd25d918e343,0.00137052075126913
Destination,029e9473e5068479e7323ab447f24468cfa024aefc642d63caf711321c4f59524e,0.0014870616314790902
Destination,03229dd1d49233cd2f3b553c170ea44fca0b089f11876dbf8800aa1eccc4cfffa2,0.0015290163483546758
Destination,039888440655674fe6c4f57fcf66fd9165bd25b6225826c42781bdd4b61030f9f4,0.0015290163483546758
Destination,02b713cf6aade8457db6989b7cb27c6d92612be52b82fec0eb479e891b6863a886,0.0016129257821058472
Destination,03687c676f42aa1172c8e8d22435ef3870d2dcb02e36800f751a1171b1f5cc056f,0.0015290163483546758
Destination,027c4b3f51b43b5640b79799750d2db6d84a0dbd590b0ba2d1cad79bb72a53c9be,0.00032631446458788815
Destination,03144385021e4add8c85a707e54e8be9bdd480a35f216adf3158d30b9d1f50eb59,0.00032631446458788815
Destination,03ce4303955fef0e8010d1d042ba8d04a36e3a18894ff0f151bc15a95df7214d08,0.0022795396169068187
Destination,0334c29a37fe5d9d5ab8882855c75745f5b5d29cb2c6424fae138a29b248c6cd64,0.0022795396169068187
Destination,03014d97460df134de8d2873a89d6239a1df1bd7876180b196fd1d46ddb8440203,0.0014311220089783094
Destination,039f1871886bd3bea6ebd0702f3f187f1f4e35698cb5035d35b85a2783f3623b5b,0.0024054037675335753
Destination,027a1a4aa858f5329b4d695a7700ad6fe57b120dfad3f2b718dcfada0c9bdac87c,0.0015243547131462774
Destination,02673384ae09b60e66915d31a009d0fca36e5e7b0c174fcf3d21beafc01e47bb29,0.0006013509418833938
Destination,0257262775534aaea78c65c06b9571ecdc6d354357f167c667f7a88cc6ce45b1c6,0.001184055342933194
Destination,02acd93e3352fd59066ca3f23e8865de1926301e8be03c6a52f0f7e43533fe9888,0.001184055342933194
Destination,02774ed0162fb157ef7c31a014c91ef192e574d0aae5837066a376747ccfc8a32c,0.0014684150906454966
Destination,039ee1518322d530b9b6bfe6b9b6a3b22f90d7d8bf4b89b05b1b8e08ac8deb91ac,0.002288862887323615
Destination,0245f952a17ed0d99f0453322f604627015c1e316fad5b8acda331f648a80812ca,0.0020557811269036955
Destination,03f0cd5fe8a06322ae2bc8a33c1e819885caba5a3b086ea13449f1cfb2f366ef91,0.00032165282937948974
Destination,02819d1f59520099eff516e31149699075b1d0fc5c902fa2541aa9efcc625fb3d8,0.0022795396169068187
Destination,0394fd4cc965e72abedb6a987f0139f0ad686f344a52bb7ab7c57e8804e98701fa,0.0022795396169068187
Destination,02cca6c5c966fcf61d121e3a70e03a1cd9eeeea024b26ea666ce974d43b242e636,0.0006013509418833938
Destination,0350bc12ba602177d327155c9a8daa7ea7a4f7cb0d77c6da69906be7278ff4a0aa,0.0014684150906454966
Destination,02c041ba7427dfead67452f06a7d475e9b8c812b17331b38415b24c869aa53ea72,0.0020557811269036955
Destination,03831a4599ecbb8a35809123b6434d357996c8c4c0c861a9f8e6fb85a13056d6e1,0.0020557811269036955
Destination,0290f07eec8c8907d0fdecafd557f3304c7c072d5f7a83788b352a3f4bc775cab2,0.0006013509418833938
Destination,0378d144ce16dc11bb6584c4a397bcf241b60cfece20943faef10c4b72d3cd87d3,0.0006013509418833938
Destination,03dfd79a08fd9539fae5361642e29d9a23f7ffeacf938cb9c4740d58fa5407354a,0.0006013509418833938
Destination,02f5c8ac0223220047e8117f1e0aba4993b61f9507d0f4ae765609a5ce961177e3,0.0006013509418833938
Destination,02847f58094176a5ce79c7d0be3eccafee653148ee7277e531b0b1a63d5dfa6409,0.0020557811269036955
Destination,02021b7010efdd8126770e3e461ecdee0821005c97dac1eeec89a482fe95ab8bb5,0.0006013509418833938
Destination,03d592fed3daa35861a60499c862abe49302543738e2223c8ae7ef70bc331b2c40,0.0006013509418833938
Destination,03649a1b6d19015c0f33eca2d2bb18a5674428c32a7fa3a996d918cf2a8c74245b,0.0006013509418833938
Destination,029fe435040c8b665f731f2b0c81d039238ef1e3a1b1de0afac2b476361a26d675,4.661635208398402e-05
Destination,033aa6af6dd132f1bd4cd905b46d226c357651e17dc5a7124b19c2eb81a78a762e,4.195471687558562e-05
Destination,035648bbbda7c3552780c6fb96c60857233c6242231c9c064d486528fec938a20f,4.661635208398402e-05
Destination,02f8c06a25af80955e5b1514dc492a762a4c36e6547182fc3f8b59b5083508cc7e,4.661635208398402e-05
Destination,028ce681af8e6610a71122a261827f5c2c6deeb1bdcf94dccd5f49a6af1361a6df,4.661635208398402e-05
Destination,02ca8d072374c685cb7e8fb24c1f1b2e7de6c43b8ffe89acb23377c5ff09f1d0dc,4.661635208398402e-05
Destination,033e48dcba57811821d8f952b2aa56753742e2cdfeb390eefc9efe83cb3299a357,4.661635208398402e-05
Destination,02a049e1de9f188d45d03717d93ec5fff4df2b89c99699ad37b36f1e365d9bdddf,4.661635208398402e-05
Destination,03421a7f5cd783dd1132d96a64b2fe3f340b80ae42a098969aaf184b183aafb10d,4.195471687558562e-05
Destination,02c7c71c933cb457ed9a7c47bddadd4a2fa4f89a9144e935b8f1a3b937af89973c,4.195471687558562e-05
Destination,0385d1dd709be3c34e2323a1ce8592806770c0c581bb1f61ea36ee2a6049e108f8,2.796981125039041e-05

Summary,,
Most Probable Source,034a5fdb2df3ce1bfd2c2aca205ce9cfeef1a5f4af21b0b5e81c453080c30d7683,
Most Probable Destination,02f1a8c87607f415c8f22c00593002775941dea48869ce23096af27b0cfdcc0b69,
Average Source Probability,,0.0016611295681063112
Average Destination Probability,,0.0018450184501845035
