Type,Node,Probability
Source,02458b08c5820784cd60a9b71a9b45cad5ea90fb63491f57370b7259bae02ffe60,0.1394332468569148
Source,021718d0d776bc58d4129b0f3de8aeec8421b28b2ea4682fd0dd8c07f12c44d2f0,0.1394332468569148
Source,0217ff73fb7b8eada200f72833e6d744d69eaaa8b003560eaa15b4af80d77180dc,0.1394532029535023
Source,021a0266be9ba622bd5f85049ab9bbb62e7c8fc3633d117bc5f6c4383a788ca769,0.1394532029535023
Source,024a7f9cfaa7d9d00b5a4a70d756a91d68287012074e914de3fbd49ffd03fd0b44,0.008700858112153263
Source,025ecf01539958ffb3b912df349b762732afa2e9f010996175930e484c10979e9d,0.0008780682498503293
Source,02c21c9d5a0a477e5038603eba4cec25dc54a8cb113b8022277f20ef82b6d01fc6,0.0008381560566753143
Source,02deed35e0048d848792133713b39834dd8e04291f715d9bf5955016b5d3e3e9ac,0.1394332468569148
Source,02fdd429de697838125d44b4e21126fb8d0fc012854e8be4924185b701edfba3f3,0.1394332468569148
Source,03ca5b1d6f8c0f99f71fe46b9994571e59ab21ce6045f152ff24b3a21cd782aa42,0.009419277589303532
Source,03eb160b3088da74af0edcd8cada588aca23a3f251eb6bc2a57cb75ca93fbdf0cd,0.13957293953302735
Source,0227eb3af05aeadce3d7dee6b5b16f31a67cd1e10eda75044f4104a2222e65823b,0.0008381560566753143
Source,030753bc6bfcd5f2a76c45fde5e11795b74942bda05fee6e4f0e49d5c2232e20b3,0.0007782877669127919
Source,03380e440b835b0ebb67b1d19df1121724979053861f15232de295b97d16ee330e,0.0007782877669127919
Source,039fcde7836a25c0d37f24ac271128115e589bcee7d059d468ff2e59cc3fdf5dbe,0.0007782877669127919
Source,03e375b3585c333f1275642a16dc10981b3d3ebdb4b5832ee2ea3dbaebf1600582,0.0007782877669127919
Destination,033ac2f9f7ff643c235cc247c521663924aff73b26b38118a6c6821460afcde1b3,0.0003192975454001197
Destination,028c1f8d907879ee8691ddab3547e93c5ec2098cc0f38cc39c4ee989cb3a10ae71,0.00017960486928756734
Destination,0399cd9a37f87b2ac5b8f336e46490d32ba85bc763c09e3ab07429596292a3a1e8,0.00017960486928756734
Destination,03dbd8ef074d87608ea6ceb905e54cdc5bff505b649b34c695850f27beb815bcaa,0.00017960486928756734
Destination,022a7809052db05fde648391a53aba82286e4a517cff1dd61d52cc58572f481a3b,0.00015964877270005986
Destination,0337ee57e2a21764edd3b6dd5b161a7fca56d1bcb77396174cfe9ccb2d70218317,0.0003192975454001197
Destination,028717084338dfbc3575478a4ca076e2d3f1463e2dd3a0e75d209303ac1a1b3eb1,0.00017960486928756734
Destination,03f9ceb115a119594b4688ceed35feb80f33a3dd0f5cf688a7493c1a7217633931,0.00017960486928756734
Destination,02214448836607586d32c42e46f555092e82363c62bb4dd06b9f625926f5f4a739,0.00019956096587507485
Destination,02a1849aeeae8e71fa0487d7229957da6d0e1f927266b5854ea800f6b7a323a423,0.00017960486928756734
Destination,03b8f642448eed046b0229ac160e5ce3aae4dbd98741c84be5c40200af045a881d,0.0003192975454001197
Destination,033bb906e0c7286101e65a74e4e43627ead4ff8df1f5f05fe97f1962528849837c,0.00017960486928756734
Destination,03ab2f6c79cae3d9c02ec1422cf2fccfe8c9b3e11bdddabf099348d9c0cfe164aa,0.00019956096587507485
Destination,02391075fbaff5b7daab0f7aa4ad8ad70e07764c853574f20a848235594490c6ac,0.00019956096587507485
Destination,03d1f177dbfe2ac9223b46b15fb0f92bdc6ff454cd48e80c75ff9901654e03ffab,0.00019956096587507485
Destination,02048df9126b46ab0c12617ef5a1ac0c8dbedd7635fe0b9df12387e3ecc417e7b5,0.00019956096587507485
Destination,020c92d71dfe47d49d322eed910064787973dff96c05a39d75a75d7e8f33aead4c,0.00015964877270005986
Destination,02b9931934455b5e976b55cddfc8de2109f7958fb2c636f0073e96ce7f8176d1d8,0.0003192975454001197
Destination,036a7894a4eb2483f2d62ad86e0bf211cf9538e33227ce65430edf687f11411394,0.0003192975454001197
Destination,03d07e5988d57c139c7070589c4aa6152303b60178cb18fb44ee4b40f82992b0e7,0.00017960486928756734
Destination,03bd7009f1e909e1358a3792a85e335e68c3be9bcf666f1e132756c280d6db6197,0.0003192975454001197
Destination,0276a31defb82997290f3a530caf3c3f2217ace6f67ad4af285d6b870d68af1708,0.00021951706246258233
Destination,0207becf725871ecdc74cbf3b3aec06a0fdeb9f64a41d149069989c4ae6ef1fc4e,0.0003192975454001197
Destination,0382a201b71dcfcdd9e9a35ba6ad0aa25dde8a6a322c8edf000db2a31f3f31f0a3,0.0003192975454001197
Destination,0318699ca5783384450c6e4440f1182a3cae6ad7884c1f0e95fa3c38995521ef6e,0.00019956096587507485
Destination,035640a15c3e73007466cd2d1dbd499361cf57dcbc17c41ccdd82777b036616141,0.0003192975454001197
Destination,033f6152ad78709985dc9bf7fbbddf2ea0255dd60c97205bb1dcec2db4185baa1a,0.00027938535222510476
Destination,0323c9a99f61f07f2a0037ea677c2676b1215de53cf7c39ad06c09afa73d4642de,0.0003192975454001197
Destination,03d48fb286122af27b973a4a11fc525b75a9c04e7d3cc706782d89de6af449c6f6,0.0003192975454001197
Destination,02333952daf3613ba138ae64bd757546af486aeea3c21b52d5b748e63ea8ac95a0,0.0003192975454001197
Destination,0348bfc5151fe34a9190271e8b6cbf160826ec9d3f9e39aae185eed1bf1d835f70,0.0003192975454001197
Destination,022fdb377ae839d1fef689c771e134a20655663d0aa874ed437ca8e5153b8cf7d0,0.0003192975454001197
Destination,035940fcacbdc1ad61e5480e8c8cf156df5af12aee92b98ae8aaf46d493f2aa785,0.0003192975454001197
Destination,02c61e171140fc1aac5d3e0bcfefdc79ea954306dfa29265f02def849dc7e80419,0.0003192975454001197
Destination,02954bd8b1c091f7c945c8fcfd4fd218cdf9a4a07bd35630d9beee8a22205c80b1,0.0003192975454001197
Destination,027cb6c8d61a4112e88ea3529766b827932eae86fd42da5fbc3c5b64828f22cbf9,0.0003192975454001197
Destination,033aa3659eb255b9d97f40d4e41eda8ba2960d06ac9ee782b9954ee6360e85b9bd,0.00029934144881261224
Destination,03327399e7306254a81b17a5f3343ea226116d512cb37169c7489c2ded3a8fd5a1,0.0003192975454001197
Destination,0356be6cfe1a94eb09564cd51ad9d5fda4f90a7f8c6832cfb8c993f8be2a0a68d7,0.0003192975454001197
Destination,02818afbc3340153001af019c8dd69a559ec8764be1d57b49d98c2eb34d07f87f0,0.0003192975454001197
Destination,0201d3fb63901ffaaa6ce535c9227fb3dc4646b6276096dd10c8a12e178ac9886f,0.00015964877270005986
Destination,0207481a19a3f51a48f134e95afa67cfeffdb38a99b5ad3494a320c4918aaaf579,0.00017960486928756734
Destination,03ac27acff678ce4a2f25756612d3a83e2cb4d7552db168d3bb15482b92c80215f,0.00017960486928756734
Destination,03c7cad7e4ecfc741909b910d59b31b631e36afffc58e87389172c80702fddcbfa,0.00017960486928756734
Destination,02b19bc1a15ee13833a827250f4205e9ac13313750cbe94b9a188071dada8fbbd4,0.00017960486928756734
Destination,034a6d4c895949b61bb35a0ff52d52c79b985b431f248907b68cff2ab54261bd2c,0.00017960486928756734
Destination,0236d51519a4febe33958d4d68d9cba9311234637a00cb2859ac68fb33593b234b,0.00017960486928756734
Destination,03557fd11b58cb93d2ad4fab4dd4cff7462a97e21e8f6b7a712cb8bd27a96b9eef,0.00017960486928756734
Destination,03d69959487e17bf6a7b20bf0a8e69b13ae51339e124b3ebf1611558fb6c475db3,0.00017960486928756734
Destination,0296bdf95048ea0f4e7828e69f1c0eca44ae236e1fc7b2445706697a6044a52a71,0.00015964877270005986
Destination,02d1856af0fc1eabd35b4033cffcf4adc201ec0c133b598bb8adb4806b2015468e,0.00017960486928756734
Destination,03b49e19c247d595d1642f334a2b985b16f777d9ea4503053c41994a8fc53cff54,0.00015964877270005986
Destination,0353849a780d7ae1b27567d83a20302cc49af057eef883d5eca6446e3900e99567,0.00017960486928756734
Destination,036d7730b1c5305724853b2a056331959a0a0f2b300f3f8555dc970330e4945a2b,0.00017960486928756734
Destination,03b96f8610ecc0b282306231c2e5da30614d5c1f142979ff064f10de4fc1a89752,0.00017960486928756734
Destination,03d301eedc0949238bf919452ee7ef5c45bda4adbe17faba4037170b3573841446,0.00015964877270005986
Destination,02d202d2d50a7da4730eb3d91c389906e5c4506dac78622d2714bc6daa7daa3700,0.00017960486928756734
Destination,03149e1e8b3f7a328b5e8847f478608f054de1ca4a1679bcf55039653e150a7093,0.00017960486928756734
Destination,02ed611a79eee5fecd891d0c10a97a8e15262688fbc989aaa25750e14704bbc7cf,0.00017960486928756734
Destination,023668a30d0a27304695df3fb1af55a4fb75153eac34840817cae0e6a57894fd51,0.00017960486928756734
Destination,03eb7ae2e26e30bd5f3cffef1af4ab3140452684a639c770c637f979b756701aa1,0.00017960486928756734
Destination,03a2497c7ae09be9db479f04ad0a769f246ebfbb2f21039f95f977968eff58ae9c,0.00017960486928756734
Destination,035573afee362d8e17253295511ad319b597aeb0dfe73453001cfae447848d5668,0.00017960486928756734
Destination,0296f7a58d16bc6396e4ca5845b6bba892361a0fcfb2adfbbaa061a1d36271bb2d,0.00017960486928756734
Destination,0261a9eac856f5a619a75fee39cd8c579bd5581ad1180c9a4c77c3236f38881a62,0.00015964877270005986
Destination,02f3304bb143d14db21a669ee11a4e004f328076b7fc8702138dbcaf492758ddca,0.00015964877270005986
Destination,02040d058e0504c7d4b1fe2fef510396f33bdabfe36450bbb6c7ea0d567d53a15f,0.00017960486928756734
Destination,034157be16f1d8ea468c3ad4115d543d3cf757ac51df60c9fd8efad69f9d20f189,0.00017960486928756734
Destination,02b0a692e15ed71ceebe69e684056991277962717973fecc140a19f78688690584,0.00017960486928756734
Destination,03c436af41160a355fc1ed230a64f6a64bcbd2ae50f12171d1318f9782602be601,0.00015964877270005986
Destination,02cb3c98561938a6d457720e4f6119fc3b9c890a7d69190a648ff43758fed69769,0.00017960486928756734
Destination,02f08c2e6bd72e9b80d57b1c444f208420e06f5bc029f8799e4a637eab066ac2c0,0.00017960486928756734
Destination,032740d807964f967183d38d618b2cd4fb9a4a967587302fb9e165b2fe9e22b3f3,0.00017960486928756734
Destination,02866bd9513e4e82f250c9b8a0b83cabc9be3c4824f7016bd160859d0fad3d8920,0.00017960486928756734
Destination,03f47ba61341a704b0910b6d1fc8a938bb97152e8df94dfc142816d2721b5d5c73,0.00015964877270005986
Destination,03bcde494c8c93f8f00e6b4b516b69eb93024754240fdf57b8a0004b5ee9aaaab1,0.00017960486928756734
Destination,0279f930a60afe43131fd3328ff4a9c55293254c328f45e76695c1ab9b3c5a68b2,0.00013969267611255238
Destination,024e55c0644eda37e36e412b6876f5b84b78f07176a0412e1aa242640167d7a862,0.00017960486928756734
Destination,026d9b9c8e55b435f117496e6a885fba7bf76530a5aa6f8f61304f84f9a31dda09,0.00015964877270005986
Destination,0366a57e383a6191064933765332a9c912066912ed21b3dfe63c3d360852c9082e,0.00015964877270005986
Destination,03487fa0212243e20cb6504d5b93a144d0bc4d83d3d8a083691037a8892f9e5522,0.00015964877270005986
Destination,0274ce2cee1266882c266940abd10d1a8c5285c68fd984e468e325884b9b5e526c,0.00017960486928756734
Destination,024b8eec9c9a3bf66249396a43011e8a949ec8c580b33f63b085ad34b0dbefe1e0,0.00015964877270005986
Destination,02272bd12e59324d0f2b231fb88f134b57eb26dd100d2cc007df50f18aa12455a2,0.00017960486928756734
Destination,036c71029834ef4bf454d2ed62066863a4d9a293bdd2341431824e81cb1d40a42a,0.00017960486928756734
Destination,02b8319d4bc62e4957b568137a5c460324e32e7fa6170ae504ef2594a69412fbce,0.00017960486928756734
Destination,034660651be3b640eea0f89a2ba1d1419a7ef95a852edc10c24d3aaac642791392,0.00017960486928756734
Destination,020fccc5602053c438b13ebee7aa31a25e9c3803baace5afcecedff8db70543747,0.00013969267611255238
Destination,02d246c519845e7b23b02684d64ca23b750958e0307f9519849ee2535e3637999a,0.00017960486928756734
Destination,038d108e6cd9b8e84fa0b89d018c2e254324d3674b2bb3db12b35841889bfe372a,0.00015964877270005986
Destination,02bfd4ec033e053a08c7b4cd3c7e0718f3929da9413ccc02dd2a06797a2b848653,0.00017960486928756734
Destination,02c5ee6bdb20562e7c699ab52baad72d119d8339ebeccff987363046b07570089d,0.00015964877270005986
Destination,036403186a467144ea6aaf4d6e42f7544e91a78e0f8ebd8e38bd2054b953d82e3f,0.00017960486928756734
Destination,03ed7c190c267924be784e4ee5e69a26e06b168553f9a9222ba13eb46a8eef6826,0.00015964877270005986
Destination,0247604546e9380d47b3de1420d18b6aa46ea6ed10b8ddf1d07dd8685d686a84df,0.00017960486928756734
Destination,02d0f53a403a0b16efdec1983a082ab7645e35858f6a855871e489c9992748a059,0.00017960486928756734
Destination,03a5c54bbdff536184835273dddcf84c0b95b2b664acc1e096e4dfeb176b6782a9,0.00017960486928756734
Destination,02a6b40205ba2046ce7f01089ae1f4afa9363c70fed15fd4674a68f5efea62e71e,0.00017960486928756734
Destination,0239475f6f41ca26688699b4e2fb4ac87bcfbde8b02788937a4b7e54bdeb5860ce,0.00017960486928756734
Destination,022c3b4bdf935d254a3b3689f0496b8ca55655bf7c5032664899fec252f993bc5e,0.00017960486928756734
Destination,03aae6610dfc509d50341757642d09c640e52fca896188ba31c537b43ccd562dda,0.00017960486928756734
Destination,034d11119748816bac2e5f2b4f3127e05d783e39b6e9b65b8db9920ec553506301,0.00017960486928756734
Destination,02241e1d480fcedaa1268574d530ef8ed5545bacdcd391e40ac58cbed30d001d40,0.00017960486928756734
Destination,034f1ec90e841677f8463600c5468f4e0409ae7d04b24885eb6f01912b85e295c3,0.00017960486928756734
Destination,037ab299ae36082b2c439144400ff9be4b52c30df3ef90d6c54aaeb986ef40ce34,0.00017960486928756734
Destination,02c8a3999011efbe323f1bb0af373e7b07b0aa11eff866d48702a0653630cd5311,0.00017960486928756734
Destination,025506104970bb7c06c6d7ce5fdec7bef43fe67c29f7214059b6a24d06127e080a,0.00017960486928756734
Destination,03253b5f30348db6ef0547d9409cc6107d84c9e1f69869a8de3391bce598cdbb67,0.00017960486928756734
Destination,02a13a67131bb41c8d6b858d8c2f37b597e07a2341b9e393ac1cd3f7e9cefc4760,0.00015964877270005986
Destination,021ab6a3223751350f64811e884a7b7b387870e35b62803b2539a5841cbbd96e0c,0.00017960486928756734
Destination,0333da661b86064057d66be87c6e6f38ba05ac9b187dff68ea3584030c83e05ef7,0.00017960486928756734
Destination,03517a98885bf3d7e196a0092ff138a15b209d424c4d8694d1485d5ed727c021f8,0.00017960486928756734
Destination,02c284472c697dc1744236df143d982336f89fe5b083cbd70fc23f3092405b2c86,0.00017960486928756734
Destination,028c227313d6e31a4559c13988998d40cc7aac980d064dbe80cafb687bd86dded3,0.00017960486928756734
Destination,030445615b8276801f4d28d7577db71d89116300d3edf3df756f4b3eaa75797db2,0.00017960486928756734
Destination,02108e8231dad3c19fc2aa3d31f5175f89dff41f1a280de1289a7ec7fa96d1126a,0.00015964877270005986
Destination,02b951f7d0e3e8bb1b875f2a544112ba8ca9657f5d8da8040864dc2c2c651a83a1,0.00015964877270005986
Destination,03b9eb68af140dee9fe5804ee26fd3ff15c144f6a151554d93316c29a77c20d33b,0.00015964877270005986
Destination,024bda1ec91b277d311aa60d04b1fb856efcc7897c876746b680c1f985fe973f73,0.00015964877270005986
Destination,021c49397f0e5ba6a240ebf98f45b7e5512e6a663fadb487fd8c7c3d957cc48a34,0.00017960486928756734
Destination,02ce8d3e97ba98e02f5c739cc69b2dc4dda78404baa229c720d89753db75bdcb23,0.00017960486928756734
Destination,02e25e1c48f305676493426a657c37a1bd309ba79ac8be0909c7befc092425c11d,0.00017960486928756734
Destination,03c3d350fcab6459282bdbe07eca7af0d3c57ecd099a6bb1367fe57fad70552301,0.00017960486928756734
Destination,03a767feb1e0006e71b7e78a249e219da1665a1fedbadebd8aba046fbb371efe54,0.00017960486928756734
Destination,02a00e8c2877df1b8ebe2833976f8562662c5addab483bc26400adee051b843958,0.00017960486928756734
Destination,0313f9449cdb528dc9707c02da507cc9306eedc415091c07dc75dcdf621844a5ab,0.00017960486928756734
Destination,026c3f8d31bbd50a1ab716dc6c6b02c98a59712c2309f408e3bcfdbc00a9269d49,0.00017960486928756734
Destination,02634b5d6b7db0cf26025bb59ddf1eafed2f1857de3550c129cfd7dbfb403c4e0f,0.00017960486928756734
Destination,02ce7adcbaf97f78592ffeabe71bf75e41a20fa15f255a4def2aeeb8297966f78c,0.00017960486928756734
Destination,028a1517f907df8715d17a2d2fad3f15fee67baa6f41e2f2028319f8b1b188a218,0.00017960486928756734
Destination,033df7371ff1f9c06d8bbad5fcd76304f294aa8c9896b5f00f05467570a51c33fb,0.00017960486928756734
Destination,022d73890548be3625f822f0294d1c30934c6063df8904bafc70224920e14f10e7,0.00017960486928756734
Destination,032c4b954f0f171b694b5e8e8323589e54196b48cf2efc27692513a360cb11d76f,0.00013969267611255238
Destination,03fab7f8655169ea77d9691d4bd359e97782cb6177a6f76383994ed9c262af97a5,0.00013969267611255238
Destination,02628d8e2f33869db7417c8da48947d441dcd839e0a3ce5e91f9c790d1131cf9f7,0.00013969267611255238
Destination,02e9fa6b495d07ce19796b06b5c0f51a401dbb48935c3aafe54067c89299add0ed,0.00015964877270005986
Destination,034201357a0c4bf1d78c905a06054945574a44be0bf0cd8630e273fdc0918ae6ae,0.00017960486928756734
Destination,02dc523b9db431de52d7adb79cf81dd3d780002f4ce952706053edc9da30d9b9f7,0.00017960486928756734
Destination,0394396e6e8cf8d9f91de4269dfd2e8416b93b91cae6139057c7283b463e4bfa31,0.00015964877270005986
Destination,03c766c806d84d6da0c52ce4ff8a0a3c4b869c06fb13e4fc352b44dd545e267dd4,0.00015964877270005986
Destination,028a83341af7631d56e68ded06d3e28e407ff100dd3b2362680f9e42a26c3cbf4c,0.00015964877270005986
Destination,031005495ec32c915c992930a0a9471e9b832fd77d133d8417729084779a308b1a,0.00013969267611255238
Destination,03864ef025fde8fb587d989186ce6a4a186895ee44a926bfc370e2c366597a3f8f,0.00013969267611255238
Destination,032060a40a94dc7b848d02314e4ccebe20f451dc87f28c1ed685caa58bfcc3989a,0.00013969267611255238
Destination,027e62436314f4a18b5cf459d3735977d00830dd3ff24da7f14214824f89fe8d34,0.00015964877270005986
Destination,0312bf5f0279d315fde0a831019ae0a47461e9cfb65376fee367d987ebc72b1e74,0.00013969267611255238
Destination,034593537dc19047de45ef90ec22b83243b184df595a613883fea6542caf39a656,0.00015964877270005986
Destination,03d3cc1f07917c5d5e5067c8a459eff979d53a2d0a4e27e30569bcbb3d8b752c24,0.0003192975454001197
Destination,0213f67b69faf7e4e8e45c030fa9b8caaa4ae475b0742d04ad51f93548c4c5b7f4,0.00017960486928756734
Destination,022457e61da38e1a7cac56a054eb0ef225d84dfc6b932dfa119ad7fe6fbecdb71d,0.00013969267611255238
Destination,034f66e156476dbccf4c8ad84b0caf4efb3805ef23fadc8afb3bb2aedee1d1e745,0.00017960486928756734
Destination,0225313f6c76ba1fff4bb1d67e6333eb6b514dc7af60346f585cc7dd9ed7cc13f4,0.00015964877270005986
Destination,037ceda65cab326b6fb87f1bc4ea863833ebdf2148bfdbd1aa096cc62030cff540,0.00017960486928756734
Destination,02cf3cc45d8fee5055c4ba5a58fe22ae973685fa2cb43e2c5b6454eaa1d08066a8,0.00015964877270005986
Destination,03720411ee569f80c179280c73779e4c2b2a184aa18cf3c49b6eac0e5d802c9a87,0.00017960486928756734
Destination,02f0eb41b5fb63baa294e281871647f4b2422118b791e813e201ca63c1cd6ca860,0.00017960486928756734
Destination,034c5950fb9db3809b3eb6707f79bfae114a001b579d5516fa947d9d860094b4e9,0.00017960486928756734
Destination,02964c50e89786896df7e5d10d7bb6995b0bbdaf891ff24fbcc52b75aae544e514,0.00015964877270005986
Destination,03a8d7a71b22447a4b47ea944d28120b107300bef7dc7fd0fc2cc53585551ef1db,0.00017960486928756734
Destination,02c1ec2ab731486ae4bf23bed3f09c3f9fd17b644305fa818ee2b33aa7c0b09b77,0.00017960486928756734
Destination,03deedbfee762a68a44d2587560507e513ac185908728aaf053ad4a3c096d8acb0,0.00015964877270005986
Destination,039ceed5a1c064a36f71dcfc300fa622ef11a879a7a4e7c8b8fd328250b74c6855,0.00017960486928756734
Destination,024098e05cd67fc8b1dcd0edf0c12b441c1e1f0db3d953ea84229abc279e1079b2,0.00017960486928756734
Destination,021c3418f87f34d190a3da9fed981e8784cfc044285c1df63484b933e9cba4ee16,0.00017960486928756734
Destination,03408c35d396998985cc0d751020fabb5134a245a1bcf50960d798dd481b6becdf,0.00017960486928756734
Destination,035f4a5671b2dcab14b3e610ca916e9864c3203b8f4bb825cd8b5732e02f864034,0.00017960486928756734
Destination,03a2b9adc3086b0ba7844bcda0159f11967e5558e430f168ee7ee797cb9830d742,0.00015964877270005986
Destination,038a834010a354a4f8ec8438bd50b712e13606fccffb9280af8125e2c9e039ffe7,0.00017960486928756734
Destination,039016d41e77dd39e5211195e4fd434ed1f6159af5a453e2690ab072c3bc76b4e5,0.00017960486928756734
Destination,02d87c093848fcc3d36d42d0dd0c44eb6dda033f399783a6a78d93408bf4227851,0.00013969267611255238
Destination,02ae3c06f6db6a87ea874ef7ba86c87ab0041eabf6d8be0594582505b1fd5d7ee8,0.00019956096587507485
Destination,0335ecd64248144d6e474679361459d9c48f3c381e583999216f79a1c6b91965a0,0.00015964877270005986
Destination,03a6f9139dafd65a9ea12abeb0d11a46301b116992fef4f8064f0d1d415e14736e,0.00015964877270005986
Destination,038c4288a41c79e47f37efccb2a0e1deb3b48291a7813f0be12179f9e84a4c6d35,0.00015964877270005986
Destination,02d8be648914ac46eec73489f333057fe559ef3799adf13b14842260be80a2f847,0.00017960486928756734
Destination,02a9acaa1500f1e9f756118b2a7ed0447e6ca991ee6a9cbfe753d88f0dfae8cbe9,0.00015964877270005986
Destination,0353308936d64e44970186cb43f215fbce1e2ab8631da17c545fadb0a79312229c,0.00013969267611255238
Destination,02abbaa2bce7a353ec0624cfb91d19a3a6024d9bebdd96e79e6f289ea6915790e4,0.00013969267611255238
Destination,02a20247f515d978cbf9e9ce6a4287b5931d724068b7b88bbaead6380db3dd8e9a,0.00013969267611255238
Destination,039c996d954520b9b3dcfd0005426c7ed0bd4d516213f92380c20ad5f774b33754,0.00013969267611255238
Destination,0284aa8233ee3c0482ecf87c60094cacd15a17feb0bfa59f1898fe91478020eb76,0.00013969267611255238
Destination,027af586a5ebce34c3c86a6acc9f6af97a027e98333b347a2760953468b0ef45a6,0.00015964877270005986
Destination,026c99d10c3b53587c22507fe88261e66ccc165805452f121cb3a126e072d22213,0.00013969267611255238
Destination,02c4296f8f8589c664c3445cd7e2e9ad617e5551ce08f011e367a21166908c4b50,0.00013969267611255238
Destination,028002e4514a5c74402074862aca713d8a80d1c013b22fba98c5617145bd05efb0,0.00015964877270005986
Destination,034c14f40007b762ca5e5f45f03167c863bdbcb28d0673da448c7dfcaf67b05776,0.00015964877270005986
Destination,033fe7c583d44f5fa4cb42bbee5d86f35de1ed55f2246fbf3b26c98a7ae5bbaeee,0.00013969267611255238
Destination,02eab7f76d938d7b28e6cec10c4b0f3b4ee24b8beb7eb6b66a2c623bc5829aefc8,0.00013969267611255238
Destination,03423790614f023e3c0cdaa654a3578e919947e4c3a14bf5044e7c787ebd11af1a,0.00013969267611255238
Destination,02767ba5a9e51ccb32f608ccc5268f2efd1dc9ac8ead95a8634ce913eaceec5f59,0.00013969267611255238
Destination,034f580779cb7d8fe4759af29a04a58c3dbe9c49f40bfa6a8c6d35c507e97053c6,0.00013969267611255238
Destination,02e510f80a36cc0503e8c5b38e3e000e7cf9867108a0c565a122815f5d5aafa6a7,0.00013969267611255238
Destination,034a879c36f418cb5b44b6903b3c6c1cfb5f4beb1e79b9b479c040b7df9cbc56be,0.00013969267611255238
Destination,031f624a7f0ce33a654e3c84085155e0e990da44380554350325e4b16927af1606,0.00013969267611255238
Destination,0203df263b505d33b311255d158128be6e5462ff54756c89e9012656c8921b83ea,0.00015964877270005986
Destination,02875ac2c27835990ef62e5755c34264b2c39f51a41525adc5e52a7f94b3a19f8b,0.00013969267611255238
Destination,03f62377f88dec0b1cdcc8e1f22229ed7f73cef02db1ad440d1caf2816365ebe44,0.00013969267611255238
Destination,033b63e4a9931dc151037acbce12f4f8968c86f5655cf102bbfa85a26bd4adc6d9,0.00013969267611255238
Destination,038f685a9f420cf794155df3f1a97ab71b871758478cdd12bbdf8e6b18e9c3697a,0.00015964877270005986
Destination,03fd105d7df6595d5a36f016b8ff9ca74e5474e29593c4bba85f4d7ad4663bc5ee,0.00013969267611255238
Destination,03b042cd56bbf9f9b21711291be915474c4b4aec2241c29029dd0cf9eb2e1ff6ff,0.00013969267611255238
Destination,02f5d3a0a2b499055d404ff83da471a940e43e3b07cdde64e330cbd9722ec2b324,0.00015964877270005986
Destination,039cdd937f8d83fb2f78c8d7ddc92ae28c9dbb5c4827181cfc80df60dee1b7bf19,0.00013969267611255238
Destination,03c157946cc1cd376b929e36006e645fae490b1b1d4156b40db804e01b4bda48cd,0.00013969267611255238
Destination,037e1439d8f1394d00868beeff636e42518a30b3ead303bb3ad4185b53e41d6d52,0.00013969267611255238
Destination,0242a4ae0c5bef18048fbecf995094b74bfb0f7391418d71ed394784373f41e4f3,0.00013969267611255238
Destination,027100442c3b79f606f80f322d98d499eefcb060599efc5d4ecb00209c2cb54190,0.00015964877270005986
Destination,02f460ae6d3d3e104f8afe520ae0cff3d94c35c2ba8df66da89f3c8006a265b90a,0.00013969267611255238
Destination,02cad4ec4c8b0dc2c7035a1898f979c8c7169bdff74e01ad6ca7aea59d85c59e8b,0.00013969267611255238
Destination,0364913d18a19c671bb36dd04d6ad5be0fe8f2894314c36a9db3f03c2d414907e1,0.00013969267611255238
Destination,035e4ff418fc8b5554c5d9eea66396c227bd429a3251c8cbc711002ba215bfc226,0.00013969267611255238
Destination,03c8e5f583585cac1de2b7503a6ccd3c12ba477cfd139cd4905be504c2f48e86bd,0.00013969267611255238
Destination,02e4971e61a3f55718ae31e2eed19aaf2e32caf3eb5ef5ff03e01aa3ada8907e78,0.00013969267611255238
Destination,0294ac3e099def03c12a37e30fe5364b1223fd60069869142ef96580c8439c2e0a,0.00013969267611255238
Destination,032cc4541b25e86e39a7d450a979c1a9adbe2878df3a93fcb59c96c700bfe26aa3,0.00013969267611255238
Destination,0270e993307d7472d3500db8d327b514e2f2f2ff73a346cbb721d587d716aa067a,0.00013969267611255238
Destination,0279f825bd719f651c5a6b1f2757a5a81da10e382a69bf24dfd47ca527930db4ae,0.00013969267611255238
Destination,0273da0a525390c36857841e208f1d289275c76ebfa7ecfde697c6cbf4f235b4f5,0.00015964877270005986
Destination,020ec8725e77d88fca4667428290bcb749aa908c244e2313d0ae03417f79041860,0.00013969267611255238
Destination,039199b7b5146fa2b0bd00a4c97ccbc4950c079ad5f9f982a8b8f2d8e00c828cd9,0.00013969267611255238
Destination,02a877d23af98bf133c9b8672f7d8a2d400413ff8ea08a7ce5261ba9db26773853,0.00013969267611255238
Destination,0354cda57fa833c3dc7bed61bb8c09d902c9484335e021ac52589cbcc3c749bab8,0.00013969267611255238
Destination,0228ae27186af6ab1c2581d1772e46f60b0b974863332f52bdab7fd362594f642f,0.00013969267611255238
Destination,037e2702cf9d67a827178230bc8314263e1ac2e57f322182dc6f75df67d5f04bfd,0.00015964877270005986
Destination,03155b6999bc3e417bd75ab2595fe2b585bacf1cba1a6deb4fe5ed1b4c68ff298f,0.00015964877270005986
Destination,027db782cd60fe113649a1ac4ec0a880266ff35977c181fb633fa2c4dd012d0e69,0.00013969267611255238
Destination,02c8d60f7b374fd20e8fcb6e31eac30a338f11cf6c0075cad0307b5311f5b9ab28,0.00015964877270005986
Destination,03fffda673062e3feabf6e1103e6cc4aa4af841142d0a16be8329ee5f957e8edc0,0.00013969267611255238
Destination,028c6577b38dbff37fc7c57d22f888b519f5c03fb65f03b74414bb5bcf4b9080d1,0.00013969267611255238
Destination,0242b34542b971f0830927c642d48d32e1a6df70a9d9c52022a71cbabbe3101d55,0.00013969267611255238
Destination,0342f47b6987bf98b0476fab9978c5dbb2db6edba4a6fe7abd6b88753170215915,0.00015964877270005986
Destination,021ce341f7019675d09fc45cad94e68fc38c92ae1ee1a21c50187e502411bebca7,0.00013969267611255238
Destination,0260467bdc75ef6c6dd797f90db11df6a6ac9bb085884b0717a029a93a00a2c5e2,0.00015964877270005986
Destination,03ca940b9d4e7736955b6f18dd5be3b7b5ca562d0efcf7c0fa9b66d3c052f07fd0,0.00013969267611255238
Destination,03142b162b4e55237e49dc8aadf919c99eface419c21869339687f365c93675886,0.00013969267611255238
Destination,02221cef0bd01362a1cc3e8b95cfdaa9150737c99b89e5162892b3fadc70004aa2,0.00013969267611255238
Destination,024b3fd205db7b0f84b292173900cb423cfdb4c5bd5a889a462b7b1e35394f056c,0.00013969267611255238
Destination,03d346437235360f110a0ca7e0eb9d28865d32416002d0742a185d4401682c9751,0.00015964877270005986
Destination,032773113021c3423f1532921bc9d64ed89d6b2c3fa3cedac66726ff5c48d90b5c,0.00015964877270005986
Destination,03473794df8aa05d7e8e53b18c4e06e2f3b8f417b32f1282df081804f92a8422e8,0.00013969267611255238
Destination,031d244a60d61936834f290656cdf0ed4b9979260c19b07804bde681819f8e14ca,0.00015964877270005986
Destination,033d6e9711d6fc9a16921c44721b24f225a7df922104ed4554b63d70ded32e65e4,0.00013969267611255238
Destination,021e64cc0db3fc88a6c151576b1276fc3d9821f8674542f75b8317ffc8c9b394ad,0.00015964877270005986
Destination,027cf0ead09ab5eb9b24bcfeb1a478a94704bdacc241426a45169a055da02399d0,0.00013969267611255238
Destination,0259a54ec559924a0fb66abc3517657db35980ee04e276c200797e44a809175ac1,0.00019956096587507485
Destination,03751c375e65e3de9f91a4929c10827607a0b0d8df4cdc044fbeb70f0dbf79dd60,0.00015964877270005986
Destination,036df65e4ba875a52c027f449a58c152b5de5a4e9c0d6aa14f95022df01ec4d666,0.00013969267611255238
Destination,03f8a6bd06b5085efed3fcad46db019e1b15e82d5578ddbde3607d13ddc68078d5,0.00027938535222510476
Destination,02460c13988dc81ef1ad9d54a26af120661c4a7457cc88303a8381ce6d7652f15e,0.00013969267611255238
Destination,02e027690dc8f7bc08b7d8a913dce725effd6164d1b96732e03c069849b2af5b4a,0.0002394731590500898
Destination,032b9dd79393e4a31411b8e00e38917077f58c776ef420d8671531b948fc838997,0.00027938535222510476
Destination,035c019babaf280bdaaf499d3e38464cabf7eb85ab67a7d5a335f813ac7b603b31,0.0003192975454001197
Destination,03668e08fefdc45f91d21dada56f7fed9424dc1092390b88e34a4f119fa4a9e002,0.00013969267611255238
Destination,03abf6f44c355dec0d5aa155bdbdd6e0c8fefe318eff402de65c6eb2e1be55dc3e,0.00013969267611255238
Destination,033dd79123e7c386655f72d3eed186c071ef3b4a625d3fb9f613635e6483ff6823,0.00013969267611255238
Destination,03d607f3e69fd032524a867b288216bfab263b6eaee4e07783799a6fe69bb84fac,0.00013969267611255238
Destination,02a60e11bf0016cebbfc725386e12c4122fdc12aca8711e32bf6d568ed790d3e5b,0.00013969267611255238
Destination,03d4516c895c508502a5cc540bbeab426eec9e0b5f8f95505beeace6686327e49f,0.00017960486928756734
Destination,02c67ebba67d29239a91f7293e8c1cced21aa8a96f6a68844a3d679bea8d9ac52e,0.0003192975454001197
Destination,0202e7727ee46d943a44c7bf0dce14220a839630dee67d03446bf935178b55a0df,0.00013969267611255238
Destination,0278ccc5bd617a6dd0a3befbcfb8d3b9fe1169a45dc0a8011342955cb5b5a609ee,0.00015964877270005986
Destination,0239e4c682f4de2dd5a1a3b8fd98ea156aeb8a44f139a19752116debc9d5df4241,0.00015964877270005986
Destination,03b7ca940bc33b882dc1f1bee353a6cf205b1a7472d8ae24d45370a8f510c27d23,0.00017960486928756734
Destination,038182a74b030bca74c1bd92c55d38537cd7ee72a25c6d9f4d694e972fc663fcfc,0.00017960486928756734
Destination,032bdd51452d868b343bbd5e2fba5c2d223c1963b57eaf2366e17a314ca06d798d,0.00017960486928756734
Destination,03ca035ea082d3ba5cba13890895a0818ee000a99d983ec6e65ebeb79fb6d986e3,0.00017960486928756734
Destination,022b662aa03cf4db4820bcf4f47f1006d2bfae9bee416a926fb8bdba16e088d7f6,0.00013969267611255238
Destination,037b7cd33aada9dd91ccb95857d8f71c34fd31c426057016f28f48b0633ae844cd,0.00017960486928756734
Destination,02be779ff84a830938ccaff4451767914621cd5b727b86258b906265cc8039ab84,0.00017960486928756734
Destination,03ab8f417832d699f866a440e0539288de29f0032dc8ab01f1e87b0be158434398,0.00017960486928756734
Destination,02ecb395c3090cb99429ce64b7bce41b68dfd6fbb2a337f0f556b6337460e546fd,0.00013969267611255238
Destination,03f7e084886b0e23f1d9c6a0e0f3aad8b7dba787cd2a52aa315b9c3d816f59dc36,0.00015964877270005986
Destination,028c15843e7a71f637f896256217ec1129344c163747c63d46a43b4fc1e9755ec7,0.00017960486928756734
Destination,03b72234539409e6390cf66322319cf2211f09880b015259bb66e69d47c507da05,0.00017960486928756734
Destination,02a4452b0854f164196b924eb36fbb764a35ba2aa32bb7d7885376581be3b971d4,0.00013969267611255238
Destination,02e4e676d8bc9964529f241b9955a3280aed6b4faf1d15acd398ae39bf6aeda159,0.00017960486928756734
Destination,039b315d75207e4ef4c3962469addebca3c73988ed2046badc23f67393176cb1bf,0.00017960486928756734
Destination,022b2f504674f9c4ffafc40642a91eec1aeb3425d620463706a1ad00b335966fa8,0.00017960486928756734
Destination,020ec7e95afc18607ce059ae8d6cd5c7462ac425a7d58766774d70d0afa4a8b9d3,0.00013969267611255238
Destination,0386f735c23e9c39fe25093936f01c42aa6cb0a5a42935e1649d9b949ba87107b7,0.00013969267611255238
Destination,03c409d19b1d3dbb2191e28ba150e89273675fcf2812b58ac3fd88bb98abed41f1,0.00013969267611255238
Destination,035795a239ff1027dc42db89a891d09f93fb929f62c99b1d91578a0bff7baadcbc,0.00017960486928756734
Destination,0288fcb67ffa515eef3015344b80e89c000f7987d22a13d138894b46f7c1beca44,0.00013969267611255238
Destination,02aa40ca5a360cf9735da325d03932025a9940cb8689c96d0479152ba301259893,0.00013969267611255238
Destination,039f60e036aed5adb460cc0d6b409b605506faceac3a896e33771206112139c598,0.00017960486928756734
Destination,02f85bc8de0aae119967b82b0a591a3892c42194bfe1405596dcc1c03568b560d5,0.00017960486928756734
Destination,035f813598df61688b7eff80d546b2ba200bb00c1726bf32f44b692cc98a3580cd,0.00015964877270005986
Destination,032c7e99be98d9591a0aa9c34f0ac2963b53fa7a6277d2b4875d5f0d2ae52cedfb,0.00015964877270005986
Destination,02e8ebf3b925c166ecef09b48873246356323483f4b644aa579154343796fc2668,0.00017960486928756734
Destination,03cbf298b068300be33f06c947b9d3f00a0f0e8089da3233f5db37e81d3a596fe1,0.00013969267611255238
Destination,03220b9d15ee4fdd5ab3cf16bee7b640ae648962aef50e1079bdad713f68e3d751,0.00017960486928756734
Destination,027ccec61f4bf1fafb5156931da6527dc104ec3613dd4f4050161d89dd76ab494c,0.00013969267611255238
Destination,0207197d1028b8a7edfee28f4e2dc47905333b2c4f9ed40bcd2c7481abe8fb049a,0.00017960486928756734
Destination,03c06ad68539566ed023d137010e392dc3a7a101d061dd63c5c38c5a75b87b0fa3,0.00017960486928756734
Destination,020384685e321a44cac1a1683a5c660c8eb62b840b174de8427d2489b5e64e13fa,0.00017960486928756734
Destination,03086e43d54b3a901499b4fdd1d5740dad2197419058a1e604fd22b1203a7a4f9d,0.00013969267611255238
Destination,03c3b2b20c2cd40c8bf9f4c3f2df1ead32a18e27e8b889d4aff82b9eafbe0b99ca,0.00017960486928756734
Destination,02f7048178897cfdffaf434c096c1ee7e5a711d0e232198c54550883c3f5d19e43,0.00017960486928756734
Destination,0245cd8164efd4f0d02014e00a7606aeffa5016e8a9c72c78edeb7e3da731f720a,0.00017960486928756734
Destination,03341b688f09301a8c0f7528b587bd59db9f8e3f9aec46da19061911d8debf11a2,0.00013969267611255238
Destination,027fe40fda644dbbce9b51fc7cff5809586d02bfc7c308d54a80002989c14f40de,0.00017960486928756734
Destination,022c715b377856f5e176c52dfbe1f19b0283c4a85d563b1f09a9c7d9b6820ec375,0.00013969267611255238
Destination,037b80d06df0e9d764b1e2626bc5c6a6e79b6da32f28e65815b1d91436d6dd9792,0.00017960486928756734
Destination,02c119d2fd2e98a88f50d0d2ee4213255b7b8ec2be3a95f9aabd6afb09dd25b083,0.00013969267611255238
Destination,0347ffcb271ef54fa6103fc6392370ce398d1bc98460829f7046cf64026253a68e,0.00013969267611255238
Destination,03d6ebe2c68d4f7647dfcf56b22efa144f0c92e94b7c3aaa353615946d7c390c12,0.00015964877270005986
Destination,03e32bb82dd814d2fdc501391f322e5d07dea334c287eba5cc9248ffd97611467c,0.00015964877270005986
Destination,03a2ff540e25310b9d7f8bd15871b49befcb8148daf0282fa411aecda2f6266a92,0.00015964877270005986
Destination,0318971cae109776f58101f07a6c1d1e68c4780a05960b5cbfff1620d3c06cb50c,0.00017960486928756734
Destination,0360e59bf60cabdb0aababf410fd5c567ef61a59503eb4fbb4d1699596f4b6bdc5,0.00017960486928756734
Destination,0203d2e8662e68382f4459c881e66fd815931b07575558f09d63ff40769a3727dd,0.00015964877270005986
Destination,02925a9e660e01e5e05d99c9bce32cdc73b9ad0b7cce31663bd1badb3dcb9afe45,0.00017960486928756734
Destination,02b8bf9a283df48ee3b71651157ef73d72ca54dcf223f72aff2d13d8c8eda484f2,0.00017960486928756734
Destination,03a812a5581f8f89be966fdc920d050eacfa57db2c815b1d9dd90458b62f368a06,0.00017960486928756734
Destination,02cf8103f0abef277252b0d8f11d8e5f53d5697d81f956e0c7da083b0604864aad,0.00017960486928756734
Destination,0259f78fc608eba4d974177493deb68b885c1016ab8fbf69bc87a8edd7e3739894,0.00017960486928756734
Destination,0360ea17ecf863f88a2c3a99c8fd82a577d80dcf7d97c91b4a92fd89a35002ed36,0.00013969267611255238
Destination,02ba6da2221ea2d2a86578654c18a7f1df5cedb689d7dbb6f6f92bc4c0588ac7b3,0.00015964877270005986
Destination,0342284b265ce9542f7d6d98f64715b2d4571de54acfd343fd4abc90663fd250b5,0.00017960486928756734
Destination,02efddba17ca713f9ec065242c5e6582cc40b40627ed6934fc0d1cef19c9aaeb27,0.00013969267611255238
Destination,0350ef95f8cf301c3cef4504dd8478c9c2a805172fb661a6c212108fdbf7301a70,0.00015964877270005986
Destination,03ce15213fc42f04132edc0acb73d5830371970bebd7e25ba4a3ca2552d1ae6fdf,0.00013969267611255238
Destination,033ec518c6ad5b565a89215d9f59c9d6dd2ca3d757b4c8fc4ea28eeeb0996ff837,0.00013969267611255238
Destination,03ad7fe66e7b95e9db50696488a029315cd0e22b7cd36d344eb53e52742abfced6,0.00013969267611255238
Destination,02a2275465cc4dd1fbe2891b746943fa966dbf0e9d0fda09e6039efccdf104295f,0.00015964877270005986
Destination,023e2b9bb357b1bf135d59551418178ef020cdd77efee7939cdd7c83f41256f7b1,0.00017960486928756734
Destination,02669e1e43577c14a4ae796a38e0cfdadb548615058e367bd96bf825e62c0932ce,0.00013969267611255238
Destination,03d5cfc87ec933a522cfc496273b74de47753bd3a5cc4d3cec445110a775e3cec4,0.00017960486928756734
Destination,0331ba4e0a33f5555e583bdc833ceea1fbebf4a4d57929a7b1f51c4fe5b465ae1a,0.00017960486928756734
Destination,03d833ee6dda01a810a51a8f62e555219cfc030eb5fc55647ad0ebad1401065d5d,0.00017960486928756734
Destination,0201c0130bff6c44f7467cfc4d1343741521489177c24fd9e6fb346a16026ee978,0.00013969267611255238
Destination,03fe0a48841d94d77bfc24e0683c8f195b1ad74364c667c3e874e0b1d09905a5fa,0.00015964877270005986
Destination,02df803ba0b435b912556c83c97fc5d3aba191f114b2c468c3062ae18c902ebdfc,0.00013969267611255238
Destination,038ccb428d00351ec8f6432a48572e08024a067af1145fe06ee3f19edb09dd8e7e,0.00017960486928756734
Destination,022d2c907ef13d7e36ac1c61e788ba7c9d979b33be1ea21c421796eb11c44d5260,0.00015964877270005986
Destination,0235447c7485ff2b945bac5fbc366d54a87389bab8cacf1b64b26ec01e96bd165a,0.00017960486928756734
Destination,029b9be58dc1d5625dbf59d951296e285776d0e1553c51a91d0030b873000c20b9,0.00013969267611255238
Destination,02d29613cb797603b3568bc0fa41fca58ad7cb93b1df2ebe40bb7a7f07908278d6,0.00013969267611255238
Destination,0336e0973c1d6fa8f98258f9e5262443baa980cd546a349abd341341d5c1f2abe8,0.00017960486928756734
Destination,0345798398715e92288ead54a53a904a075c6a22f7f4a84f98faa72d360e59c71a,0.00017960486928756734
Destination,037cc080c5dc8f93adc60ef89b5fbc5d83bbafa931888aa47c8e5a08de6f35d6b5,0.00017960486928756734
Destination,0266a34c5b6de88d48af4150c5f0452962686123d9b119f8a43341a93783dbd8e2,0.00017960486928756734
Destination,0211a030e68b8f31c520f11a5821611a9904a2973c8cfbf564ef9aeb73b03efe86,0.00017960486928756734
Destination,02c213c3c62d267457600e09dc113b244da17fbbda59e904d60d0f661d7b586012,0.00017960486928756734
Destination,0237b2854ca85e5c6045dcd8130382e400781ccc0d98fff65b6bd433efc5e65601,0.00017960486928756734
Destination,029ea1b9f2786ef4b217cb2f5fd4195cb8d408bd67b738142e7b822c186f255ac1,0.00017960486928756734
Destination,036de37f2e82bcbf36bc93534a82c7d86d65185718085ac3fb399defb2d1ace924,0.00017960486928756734
Destination,02c67b64efdb5db26b90d79f1ed9012e637c4cb3bfa9e74abed617d19b9e14a34b,0.00017960486928756734
Destination,02312ff31065efa9cd1af882749d1b91dda97016e245baca8dbb4817251779077b,0.00017960486928756734
Destination,0249918f60abd7b3df39391c7e6015ea786bb5c2f41329c3f959ec01c3ca75a196,0.00017960486928756734
Destination,03d2827ce3d8c24cb69c5ed1cfceafd22c2fe359803ade279818ae2a9aeb3a49ec,0.00013969267611255238
Destination,022b679aa4b614266662f49cad70ab7e48d5bd2bc52df59c988fa85d280948e49f,0.00015964877270005986
Destination,03dbd26bedb44490bfbf19c876f41c4561e3c650517a6c6ba77cb5e581b0b886b8,0.00015964877270005986
Destination,02267c52832e6dbe52781d84ae24b391923270b0c916f68004a8f694106b18ea2c,0.00015964877270005986
Destination,032ab85e0bd9d74c27ab2f8504cfc4473f6bdbf998a825aeec6db5b6d49509a7d6,0.00015964877270005986
Destination,025adb6ab285538bf5f039e7ed3303283ef3bf3d1c51c9a4856bd6da300cbe863c,0.00013969267611255238
Destination,02b0c0efe7e7aa40369be188035940325076c80aa8a795c700a1edf6caca5fc29d,0.00017960486928756734
Destination,0381d1fde076ffe68b71b210e3c69fce0f27a15106f07b96a1b556b1ccf9a809cf,0.00015964877270005986
Destination,035e3662cd71e0596daf5b150d86a990bc25cb1f73467950e0b08be5c73bf89a81,0.00017960486928756734
Destination,03248aa461ccddda04e30dda8ec94f0c70bdc12ca2494dd91d0e11e396954b1ba7,0.00015964877270005986
Destination,0258354cf18cfd7e8887ee59a50916a83c129485fb10a44912046cfdba67426c0d,0.00015964877270005986
Destination,02d5e7a13e928e5eb35b78c715ce5839191d73ad735fe9239884b48ade61f80e44,0.00015964877270005986
Destination,02c9a5283bbd02725aa2f15831db7a55e36da9713c7c6188d421edfb80254d3d43,0.00015964877270005986
Destination,024301dfb5f0ebc722eb3c73e37f06b192840e3628b076b654aaf09c82ee1713e5,0.00013969267611255238
Destination,034be50d3cf20bf7f57e98b067fcfad35e2606e82de77f6e193d2750c0289fee7a,0.00015964877270005986
Destination,031d93a4513dfdeece33fb684ed909fd85317e0229ade179b47e8dd601e91013c1,0.00013969267611255238
Destination,03e26a98ee4d1320d5775fab291580969180592db3679e6d32e360dbd147066ca3,0.00015964877270005986
Destination,0333f3df5d251d1a8efc703b9319cf2ae73aad885bedacad8082e3fdfd5873eca8,0.00013969267611255238
Destination,02f0addfe58ec34cef057c91aeca27f77d22b5c812b22c54759b85b8934c3179a0,0.00015964877270005986
Destination,0318538ecfdea9253cd6fc900b5d6e62117bc644712b10a61bdb8fc3c4d80c57c4,0.00015964877270005986
Destination,02fb166480f1929c4f2d20ac40017c13ad5dffe36f915315f50b64a0a797078e65,0.00013969267611255238
Destination,03780bc0d405f8e9695a4474a03ed3314d761cfa3baf3ea8351c025d66399f969d,0.00013969267611255238
Destination,03df95ed69a109deeb71d3dabe9b9a289ab561fa731c8fc853d1c70847597933e3,0.00015964877270005986
Destination,0283065d6d5b1fbeaa1f21e62755b4b834c4fabd2765d9522f5a79ec216fec3013,0.00013969267611255238
Destination,035716176a55c5093c22d4199c811754313539a7149932cb07eb88a2419cb74ef2,0.00015964877270005986
Destination,022a94ee8d3b1dd52066b33a46a8f1f7ed0d4a9dcf5b0f310ce52e94a392a79299,0.00015964877270005986
Destination,022ca0a8a0c2278c8ec543e71b5a4d260baed616607570d540f19c4be5abbe2959,0.00013969267611255238
Destination,03e87fb724c13fcd99e94190479b36214ce9ce8ff45658b87f22fd816453b16598,0.00015964877270005986
Destination,02c87954a4918e506c15b3aec3bc2f860028a90c49ab0b88aaeb2756a858632fbe,0.00015964877270005986
Destination,022f0cabe6fa6d4fd909a454792eb9262f83a88754199ed2bde3cb64d87ffbec61,0.00013969267611255238
Destination,038b4e69d9cfd3a9472be0cd891b3c15a1ad945da1dca7ee8c95ed91cdf8fd4fc1,0.00013969267611255238
Destination,03f5617f8758ccfb97653df5f07c84f4723d9e9ee4722ae5cad7e412f025508ab4,0.00015964877270005986
Destination,03fd1f30451b50f488ef818cf747e6a9a8fa0f867d87ba6083e413a6606971eaec,0.00013969267611255238
Destination,025d52d3148392f5c70eec734697ffad007bd99af76b01d0c7bae594ad1ad1fc18,0.00013969267611255238
Destination,03702d1794d4309efec815b9d36d375ca3106ac68e9de6b283eb093347ee51c9bc,0.00015964877270005986
Destination,0246d2ba1d4191b743cccc0c09cffe59d5ac35acd53fe11e8f89f649c8ab25f8de,0.00013969267611255238
Destination,023f3f4ea76deacc8b26b61200078c3f05cde028ee8666f5200dd074f4ce0422c7,0.00015964877270005986
Destination,0381c2a71e0c45098bf50c54b569a89add7892c0bacd4023db568296d307e97568,0.00015964877270005986
Destination,02ec1239461dab3cc1a0525e8e11d05953e21862e8229c89502acb26b63bcdf137,0.00015964877270005986
Destination,035aef5661e1a6e370db60dc0455796800afd5b51fbc12a0a8b34836b15f5d7ef6,0.00013969267611255238
Destination,02047c886946e215d4b0c4496d6ad6c37da6e89d22676b15a561ac35a7759ca464,0.00015964877270005986
Destination,030d7f267e072d6aa78974e3129590942e1e1282473e4297ce89c91e5005ceddfe,0.00015964877270005986
Destination,0316f91da45debe2fb4a68326512a3c3f0afd7f2b2325663d6636c9883ad5451d1,0.00013969267611255238
Destination,03248115007084fa39f54ad2e649735c8bc94722fd0039a8569a194a62e3ed5a71,0.00013969267611255238
Destination,024317787420f73d4837ef41f147da2824f9aa08b756b8f9c77fce030a15625358,0.00015964877270005986
Destination,036913017465a1dea0ecf05fcfe80936f44150a755ad9624aad0228cef4762daae,0.00015964877270005986
Destination,02bb4aee4f14c9feb6e4679f8811958870146a47848b82e073274c560d014531ec,0.00017960486928756734
Destination,0333eaec024c3539f107d234b6326624c2c7fc7083620817bb3f633303a3cbcfad,0.00017960486928756734
Destination,033330bb74f37edfb72355b47faa2962501aacfba23ace774ac02a9cabd2f67767,0.00017960486928756734
Destination,02b95713bbe4609a337f3ca5aab3a75674083ddf5331a462819b6c70f415497c98,0.00015964877270005986
Destination,034ed4bb655d66a8dde6e7428598852c382b47d8e57305ebed0904f942febfa052,0.00017960486928756734
Destination,0283a074cba09b20a4e6d059a9f7c83acaae51648a045f1edf0e1cb559d4fa1eea,0.00017960486928756734
Destination,0330922d701bea26dadee8184fd654a8397c2c3e096ecf7e52967d6131db9158a0,0.00017960486928756734
Destination,02da9a920d32ef5033acba994e9394170f97e712ec2bcb98dee55f0f0971f20d6e,0.00017960486928756734
Destination,025b32be8c9ecb739beda84dd2989e3d67d0ea1f13ba99cd3eb3962ab0ff564cbc,0.00013969267611255238
Destination,020ce41a1d772ea8c2c78c510328596c957175a118b6a63f1bde04c820e3044d31,0.00013969267611255238
Destination,035a64d331d1f96e1e5defbe9fb718612a0c44d06c5cea8ebf09645e6d99c45d24,0.00013969267611255238
Destination,02647bf54e30968a2c56dc227bcc4a26bac8df94e4a6710df9a1bb230bbfda7e59,0.00013969267611255238
Destination,029af9e9faecd4d87599778601a57b1c0a0265698c6dac80fddcfc559a2a7b033c,0.00013969267611255238
Destination,031ad40e94278c0f90284831a4335cf59d17e5de12c249e7ecb3c2a4901fc435b1,0.00013969267611255238
Destination,03b0ad0a9934d83f2915dfd95ada0036082aa07101f8a6fb5cc2a2c2cd94d05363,0.00013969267611255238
Destination,029322a692e1398a0df619495d8187764c5c1220bbcb5e850150bfa669ce4eacf2,0.00013969267611255238
Destination,0332317f2fdeab6fe83675ffde9d8092b5bdedcf7ab6e6c2dcac62a149f8eae8e1,0.00013969267611255238
Destination,03b98a38e37d9f8ecec1568b7bc3090ff6fa2b18c6946eb631c72a300d55e76586,0.00013969267611255238
Destination,02bc6fcc699d3368aac45fbdb7f732fe80879b9a5ed0d7c4a1e4ff4d0f00467760,0.00013969267611255238
Destination,022f99eb13b31910c8c33b74da36540ff393ec07310e61079f053c45d53bad2b44,0.00013969267611255238
Destination,036abe59db322ba1b449023f8c11136c2d0e68ae8cd33fc671288ee1bea0d5d0eb,0.00013969267611255238
Destination,0357ba2121e3d0c150e2e8d1974c48ecaabadaf51ad2c20674962e4a78133a6fcc,0.00013969267611255238
Destination,03c6cc30bbd6fd7ac6537adb04459a4d3b547ea3760e328ce45c23bcde4913797b,0.00013969267611255238
Destination,037d706d809b71937dfeab0cc0577018d31bca5a729605529c5fe746924b2562bb,0.00013969267611255238
Destination,036e7f244372b2338b5df59aca60b88fdc61185cb5ebcbe9e4072e44b7b8711744,0.00013969267611255238
Destination,02aa8183444d0311049c0c02a309ce6e9fa41ee60942cb0371af7ba930f65b2239,0.00013969267611255238
Destination,032c1cec18e228fc15b889161a3cb705694c9db453148dc306e11b7a915eb82caf,0.00013969267611255238
Destination,036b82fba8acc010cfd65edbe8411dfc13fe1daef58200dcdde99c48c8246fcf5d,0.00013969267611255238
Destination,020a8396e245e20dfba19c9c1ab8d13a19b9d80eb5b96fe253fbaee8b8c836c4c9,0.00013969267611255238
Destination,035c0fe76eea9faf84d630cf749f3187e5b54b22c0e5a50079d4ccdd4a2b00c11b,0.00013969267611255238
Destination,0281a5dd5cde49f989f490cf365697e46c78b478e72196507c642088d157135ff6,0.00013969267611255238
Destination,039d815b1a5109ce6a5e178e30cf543b0a8bca14140e7afd737113b81822080130,0.00013969267611255238
Destination,02fd9e6f8c5816471a31e5431a80ac0d42fcc2154211e39b2d7fd9f819e65365a8,0.00013969267611255238
Destination,02279affa59de742503180ee0745be70f827f923ddf85ac6f811e5f629f6966f34,0.00013969267611255238
Destination,02dd8d892c348ab3e958a77fac061b352dad4320fc12ad0a04090aff9e64c366f4,0.00013969267611255238
Destination,02a1fcb30a732ab07391d2ecfb5ea089faac2be89733e3bbbe384925142466c614,0.00017960486928756734
Destination,023e3b6cd77ce427c9afce18de590f1ce46114e4493468554996bbcc1c143ea0e2,0.00017960486928756734
Destination,038eef372b02686990f75d738ee397c137893c3ba61c552902f73f93433bc501e3,0.00013969267611255238
Destination,033907be919e25a79ddd0fa0c050ceb24d9a05a8f492cc16c32fa08029833c9bdd,0.00013969267611255238
Destination,032b4be34fa4944c3a3ae55c3bdeed2b2d902bd02aa58339ec95ed91d4497bd41f,0.00015964877270005986
Destination,03a71a19db76292f9d691d8b720dee8047457df1db087f06bce4a3931fe48851b1,0.00017960486928756734
Destination,02cdf83ef8e45908b1092125d25c68dcec7751ca8d39f557775cd842e5bc127469,0.00017960486928756734
Destination,033d8f1392e0afbe582041f5a33284334f7474d2aa64bc90da254098234e898cc7,0.00017960486928756734
Destination,03f06a297a3463f0f23cffa33b8663d7909c7d63f2e1e45fb1285076e89f194d30,0.00015964877270005986
Destination,0230d1a9462fae76bc20e9f5eff885a70f4152d9eca912418cbdbeae9a331a96f1,0.00017960486928756734
Destination,0253271f3a0cf1876dfaa381728ce1514d2254b0012725567db9429309d50b03da,0.00017960486928756734
Destination,02587704695048661f32522b3ae25172601544435791611070b5f6176e8b457394,0.00017960486928756734
Destination,0261df8ef49d9a9c64a26d98d4c3f52baf12fb9e18652a2ba37fd9715364e03731,0.00017960486928756734
Destination,02757ceb278bfc11c035c14b734af441c50101704f49763c3c3f01e9631d7946f7,0.00017960486928756734
Destination,02a0b3f4049964e02cc5f31b479f2fbebb70941377620a5451fdc7edddd3bdf443,0.00017960486928756734
Destination,02b40c66b2309ab65d793878d868ddfefeb287669279e7c84accd7dfa94fec1336,0.00017960486928756734
Destination,02a3a17effc394d27bc71b7f458cab02eeafef4eafd1e736583e40e66ebe98a3dd,0.00017960486928756734
Destination,03757f998d77419be1da0a186332e761bc1154fdb90c678e26963c583e819d05a9,0.00017960486928756734
Destination,02be8f45d38456124ead6ada585c9451b8cea9cc968620d6dbc6fd23bb615255a4,0.00017960486928756734
Destination,027ab9c5f25c7c832d78101da66e006ee8cb47dafe48bad471057a9d1c6ecec903,0.00017960486928756734
Destination,02804308e0f1080eeed46941c1426eff268062fff75388e37b1e46f0cc2e95756e,0.00017960486928756734
Destination,02b42e0c088aa1fc303aa18325afa23347d399b9e4cd0e77556ed0bcf4106e4619,0.00017960486928756734
Destination,027a9b20c0731eeab0f5252bb7c6be62e17184804ac002d315c87f34657e343533,0.00017960486928756734
Destination,02fb74056358782bf2b555c80807fa29c9ddfbe5051cfadf2eb83871c155544391,0.00015964877270005986
Destination,0371bcbde71d6cc591134e6d95592a9e8baac232a1e975ccd67c111864a5e8d373,0.00017960486928756734
Destination,024d2a7636c331eb2b9216ee40405e105f0b887479517f10b6f3cd0cf87ab280fa,0.00017960486928756734
Destination,0313b6d0e62c911305a1ca7c7de021646e619066159a344f3c751cb3b303ad5e82,0.00017960486928756734
Destination,03fd818da22571a253cf13e51a8d5d5fcfea2dc246086b8564a13feca839b985b9,0.00017960486928756734
Destination,02e4bccbfcb81b650879b7233874e78fc8fe426084b425ce0e2c50f72494146551,0.00017960486928756734
Destination,02f64aca3b9d52e2f2cb0f137fbe5101db6eac4695510f32ed46c50004b7ca1fa7,0.00013969267611255238
Destination,0265689e7fac095fbb00fb3c4092449039a663499c9438fbb11842d102e39ee12f,0.00017960486928756734
Destination,02023587eae91eee2cd6c220caf6f4e89bb50496970c3705c2b07cc7754585ac7d,0.00017960486928756734
Destination,02c2e121cff9c9bb03d37b68be98554880fb984d8e9e9efc3a11cfd40226447bd3,0.00017960486928756734
Destination,028ffea132e7e1d8e5191f7f4dfaa6b5c20509a6c668111b62c21670ce53139560,0.00013969267611255238
Destination,03d660bd7d1be24ac6515b50a242603c3347dbe84f1c1f2c9b5bd3e9e368e2853c,0.00015964877270005986
Destination,028796c0932ae1468d3800874a5f3d8bec4d0eb3324e1da9f4e19068bfd7cf888d,0.00015964877270005986
Destination,03ac804b7268038bb9e99bc8c5c0c21f6145de8ef3aa3d2f91ae5a8fd803de919f,0.00013969267611255238
Destination,02a04446caa81636d60d63b066f2814cbd3a6b5c258e3172cbdded7a16e2cfff4c,0.00013969267611255238
Destination,03dc4b07fac47d02ea82f84e292f06af2a1334a6debea31e0383cf50eec3e6f3b5,0.00017960486928756734
Destination,030f2446fe47a494684eef58b788ee72df8ea8459f45891508d79963c93a3e12da,0.00017960486928756734
Destination,03e019bf0c4da79452881016b8c989c1df66a498a31a739f002e49fa764381a3eb,0.00017960486928756734
Destination,03c10d3c665a313a092dca7085043b91ab9072502deb0b22a724b0e61380283445,0.00017960486928756734
Destination,03adae695ae0e060a75dd6a3a1db11f9d70de1e9a298d112cc593e4631beefd123,0.00013969267611255238
Destination,035f1498c929d4cefba4701ae36a554691f526ff60b1766badd5a49b3c8b68e1d8,0.00017960486928756734
Destination,032bc8f9ad683e141660aeaad3a7c46fc0a38fe53bea41ac55c67cfd6a17a00714,0.00015964877270005986
Destination,0298f4c665268b4906ae486ef681510d7d4aab2facb6f6a620a8f6fd18f5b4fb0e,0.00013969267611255238
Destination,02218972b752f42602291810b1e9c0ed2df72abcc04c9b4defc5d4d444092d20d9,0.00013969267611255238
Destination,0280d7fa7869b74dcc8d34eccf3db1003b35a0af019700e9407106301e97a81c82,0.00013969267611255238
Destination,034c5c5250c08acb62df2ebd0ab728bf2d6c757c7d433e7269672df280e3daca2c,0.00013969267611255238
Destination,03fc5d1dd5cea5fafe3a174dcb7eb03215d97b2ed5bc39419de81bcbc7153a9e09,0.00013969267611255238
Destination,0275f36cb168718dfdffd546adb6e3eaacc6276731b2440f9f538bc65efc43db3a,0.00013969267611255238
Destination,0246dae073f563308943c44f4d072f226f4968ea6a5a82079e9bfc9860a8a620f9,0.00013969267611255238
Destination,03d23456e1c3080451b2e8e539a8edcff8bef5a0be6d158871ee561ae9daeefe5c,0.00013969267611255238
Destination,030bf55073acc64d61419c61bdf6a1b9eaa7dea7d2803ae84564063c41f5bee6f0,0.00013969267611255238
Destination,03aed93a4d0ef60f7c5f4642a096d05a41e217ad4977fed3fecb638879fbc884ce,0.00013969267611255238
Destination,02a8ab39c3bd76446a2935712cec861d22ef80387dc9446e23eb23f72a9c49d637,0.00013969267611255238
Destination,032887d3564183798a3c56f130050fc950dd3448088ed311c779b64b409d187aef,0.00013969267611255238
Destination,0201be5b63e839fc57c66c7ab21dcea3aa79001de132f29ade96a0c2d6680c8eaf,0.00013969267611255238
Destination,024ae2136f960b87b97f11f7a6eb2ed2f346d933c068c7ca642d423f436d116abf,0.00013969267611255238
Destination,02875b2ebd367b26d1cb555fe06b129667b5f2f4d3b5d81dd068a9445750b1b706,0.00013969267611255238
Destination,028b2251f344fad4647812250aa124f02c90f897a888fd0d331fa2c4cbcb6f0419,0.00013969267611255238
Destination,02d97e94cfeedca2a3da47acb400bc6836e671b3cb3fc05bdd6993acd64483d09a,0.00013969267611255238
Destination,0273bc69bf6028789b0dff54ba78c36f846c455319ef3834d5a353a379fa4c34d2,0.00013969267611255238
Destination,03eeffb7a2ebecedaaed8384447b1faf60c3147b935c971cb385ddfa77488e7f34,0.00013969267611255238
Destination,02ac68441b9f203eb21d49bcaa7e932c7d4260f1b8cd504c01d6e67a0d0949c0f7,0.00013969267611255238
Destination,0204b302712b89e9c8af327e7ec9ff5caa497e0ed61aeb9f3ccea0a07063f412fc,0.00013969267611255238
Destination,02063c72d0143d753c5ca7c5363067950602d394c99e837399c34febbd3870cc0e,0.00013969267611255238
Destination,02361dda30e56c5d6e059a7c7c539d50813279ab7de2ba26002c1f255a322f103e,0.00013969267611255238
Destination,023d717737650163928e7bc24a5dc37c28f35dcb893f2a27c0f47b08147242e5d5,0.00013969267611255238
Destination,03f0f99ed3152515e6d7d0b2ff27110cf668f563a30d02996e2f85e4e409f734d2,0.00013969267611255238
Destination,02a8ef752d4c07b39ac16458fc02199f08e6856b4bca4c1b1ba2636ffacf74b99e,0.00013969267611255238
Destination,030de9ceb7633d9fdb0ab185606c16473fb5c24b81b4ac8c89d8d578d4415c826e,0.00013969267611255238
Destination,03b7567cb6a168d177311b4f3639226211173da50a5eed40fb5bd98150cabe6dd1,0.00013969267611255238
Destination,0241e0f3e97edb6b3e80b5f1e779eba7808247af1a8c9324e592ef066e168ff833,0.00013969267611255238
Destination,03a154ba369a1f11e22ded522daf42d14d758f04e55ba9b89143aaf6211c3d7c59,0.00013969267611255238
Destination,0306eb1e8c8ab61e4b083632f0b9d556c508537423938655a2074b6f14615b67b1,0.00013969267611255238
Destination,0237c16fa3bea73aae09434d93ab53c34c22cce99a7b0de7d80a58c081b9566cef,0.00013969267611255238
Destination,02b7d14833184acde50ea2e6d8c10d68273b17b19f80b3bfac9d745a8011450d27,0.00013969267611255238
Destination,026c824ba8572f109607cdb86d7c93382bc7830dff4cc73a219489a14d224088ed,0.00013969267611255238
Destination,0325b1fc186ffa68c0c9735991bd98275522c31124a373f152dbe77da359226c09,0.00013969267611255238
Destination,03d7066e423bf7c9667c0613b4eeecf036937407ef33f997237da3c2b5e2746d0d,0.00013969267611255238
Destination,02edee759c37fed1e58e4feaf42ae923d7f4e7cfbe9e361001e1d1179be694c82e,0.00013969267611255238
Destination,02421944afae59a46b236fb5090e4f4d1a8f4d7421ddf81c814885948a98fcd57c,0.00013969267611255238
Destination,023f319e47e3f742e7b65892a51e9906d472168975006a3d1c41b4c08a7fbab7a2,0.00013969267611255238
Destination,02b93586180ae4e4bff4d459ae2a1f8a63a0cc84af123c0c452270caee231d65e8,0.00013969267611255238
Destination,02462361f699ee46547b910d0af2717a06e84593db79044afed3794047697d57f1,0.00013969267611255238
Destination,0354cf19ef9fb5b9a03737d61a08644457d9f9ca6dc8b73de25dce80116b6e0d9e,0.00015964877270005986
Destination,022b0a4179c6b449fcd4792a7d3a3af6e0b2ac18c5f25b324961ea55732d1aebb8,0.00015964877270005986
Destination,033401a6d1a5ac4ac54a0a45b6f87c871ec897c46b9dc925f1405026a0e013508c,0.00015964877270005986
Destination,0207d58b94bd3946bf7eb8c27cea6cc29d147485efb33f284894e59062592f398a,0.00015964877270005986
Destination,0388a2cd707ac944a2b0c8adbf67c4a313d24b6dc2ab2baba842f9a9eecf925131,0.00015964877270005986
Destination,024611c978ca4ceef94135e4f82e45d9b26a7aa76c217f211009d5b3038a3271b4,0.00015964877270005986
Destination,03bb12a6140a97c8c2dc90139a8bf78477a70fe25239fa236778292c89a7628660,0.00017960486928756734
Destination,0246b7010a84e5335a606355a638acfc6d35de98dca8c9931e940908e0de008e04,0.00017960486928756734
Destination,0341f5ff2992997613aff5675d6796232a63ab7f30136219774da8aba431df37c8,0.00017960486928756734
Destination,024ed0e0d8ad5443cf1d20f765e58faadf75f73e51dd6103d3f359b98cebe6e140,0.00017960486928756734
Destination,0219fd2ecae06c8c84dcaf380ce22cd722562e2976b01556720d8ac0d4c11f968b,0.00015964877270005986
Destination,023cbb6b82b5e8f3479e1ace7e7836b42bd95269234795df53735d5a4d80fc1311,0.00013969267611255238
Destination,03aad175872704dfbd8d918c7ce37d932241aaa9cc5c58360917593ef8b8f35cab,0.00013969267611255238
Destination,03836eae75ffe6fc9e74c76c979b4b79b2d14db49db52529518ac28c9c14effc13,0.00015964877270005986
Destination,02881abbc2185ce06a150a9c74499f3dc7369ef9c47b9715b966a8c8df813a6413,0.00015964877270005986
Destination,0250906602b92583db08a7b154e57070007d7c6c176e96c446e6c21021d9bdf1c2,0.00013969267611255238
Destination,0297d6f8d28f0ed31c25a871e21ba4475b781d27bc6ff0fd7da2e563ee0641813c,0.00013969267611255238
Destination,03c8be501a366c2807cd065313b3faf9521003d8c9f1bbd175d0dec7da212adbfc,0.00013969267611255238
Destination,0266f77cf9bfd47bf52aabe347a1fc2f4ef7866109c69ed35d25e5e01bf1a5e521,0.00013969267611255238
Destination,0367e072b7b6e40e5df3fbf8701bf1bc7efce021a5702dac7d0a9be7bb59f1f01c,0.00013969267611255238
Destination,033fa7b78148b09eb8d6b542e3e19400bd705b1dc03a62da1578f6c480c751de5f,0.00013969267611255238
Destination,03c9899d5325f08ff6d1d711a1832041172cf0c11014d1010d8e0abece3a7ad278,0.00013969267611255238
Destination,03602f32b12ef408fb7ef38cb15933ef7b1597f040c916ee3178e4333cd942039c,0.00013969267611255238
Destination,0377c9f9105f3decdd06962f164001982de9f26a28b1f21a1a9ebcc160d13e6574,0.00013969267611255238
Destination,0302dcdbf91e5bc2cf349d5be50008ae82cf4fa0c16dc8965367a43f0563de4eea,0.00013969267611255238
Destination,03a9bee7638c96a67333f9cefece0e80c9e16a90b7c2fa3b041616e5d59f7bc64b,0.00013969267611255238
Destination,0396cbb6ad2d46c372693ad375e2b1cb22c5b83046b712cfb37319ae3d26548193,0.00013969267611255238
Destination,0330e0a4e314681b739cae329cf93d5f56469b256b46f834f599eafceb8b081be5,0.00013969267611255238
Destination,026844fe6d8c9dc51a291f67cf50d6236d4ea92abd665cbbbffce4cc9e49edd481,0.00013969267611255238
Destination,02fff7d04272591730b0329bf72a095ceeaf3eef24b6a30da473b976e809d391fc,0.00013969267611255238
Destination,028d0312d392b6d9b6cc5dc6b41e229a8e1b6d00b82d8b72bbe58d17548ee77f46,0.00013969267611255238
Destination,021038bdf13575ae9783e547fbe385ce9a9e8ff7fb2d9ecfc557fd863745c12b49,0.00013969267611255238
Destination,03cefb509dfa1c7d1a61e673546794d10e1de427d7789c8b135651dd259035ef71,0.00013969267611255238
Destination,02c1f09ec838d3125c9ac39bcdb0e71e272f7cd11fb0e4c8daa920df2ec119eb80,0.00013969267611255238
Destination,038adf725da5c1f08815cd22fdc575bcea8e59b36caac89b1818d2729294fa792f,0.00013969267611255238
Destination,02eae5c16903ccd27cec355125f01b04010e6bd4814467a056017f28bcc2b32248,0.00013969267611255238
Destination,031a6ae5b1099430135cc47aaf927f078d014839d97840fb20c6577a1f71dc044b,0.00013969267611255238
Destination,022be6257c27afe5410c732d1f0269eabef306400725a277c5ffdf32fcbbb32c0a,0.00013969267611255238
Destination,0207ec5824eefb0731f88353ce9b533a9c2e7126991b67cc0a0fe9a65f4ac8b0e2,0.00013969267611255238
Destination,03c43bc4f842d85676bc69223ebb7d0b5a7a7230d66b1e8a81c4009714918e7e1d,0.00013969267611255238
Destination,021109721c0f5d60297cd26da4e987c4b37706c1d36242e1e402af08c468c5f47b,0.00013969267611255238
Destination,02876b10c763ec39f20409f891ed5dd0f42f4452421fcdb31780f16c0a9b5f1a0e,0.00013969267611255238
Destination,0325ee6e037c9a62a927597e3687e90b671365618a4998f17af7265eead92251e8,0.00013969267611255238
Destination,03802f08967cdd0dac6b008ce27881695c2decd7c91392c97fa4fc067fb9d024dd,0.00013969267611255238
Destination,03e0214c8ac4fa7580cbc2ddc1d71da9ccba6b3f62b3152bb0d7ef0bde90e4327c,0.00013969267611255238
Destination,0340564f388bb95eaefaaabc755ba4d8ad9bf0b052bd6cb55d16bcccb921f2929d,0.00013969267611255238
Destination,03ee0445de8b91acfb05688e3b240f4e061098ed4841564ada9b299a980780546f,0.00013969267611255238
Destination,02ca98373e4cf05bb1cf1f24df11ef33b6872f8f8c14a5561478c47fc62a263ccb,0.00013969267611255238
Destination,026b98870d9fd58ff96220eb0c1e80465d1950d7aa545baddfe6f370a7c3ed185e,0.00013969267611255238
Destination,033d8c5e401b0e66a64dac12b68a575a811d295a5ed5cd5527b612141ecd9df38c,0.00013969267611255238
Destination,0317d96b4ac6fdfa3934632204498dd326f0da364d9d159d5d39f19f5b4668557d,0.00013969267611255238
Destination,03963bf932039bbb0e0fdd28b7901fe85f71983fdb2b5ce6de140419d59cbbd2fa,0.00013969267611255238
Destination,037a8369c864b51039af9fae6cded7d58046874e8af1a84a30d1cba848d2d195b3,0.00013969267611255238
Destination,0212a407aa2b75b37ea243d7ef4f7ecd80f2f5f25e0ff847401446a66adeea9f35,0.00013969267611255238
Destination,03ae442918e39be539be65d61bfd383e7b958202cc3f754c9970656265f3722622,0.00013969267611255238
Destination,03a503d8e30f2ff407096d235b5db63b4fcf3f89a653acb6f43d3fc492a7674019,0.00013969267611255238
Destination,02b4a5955af2d3b0eeed574b8e3313a9f4b671e1b555926ff62181bb9d512ac2e1,0.00013969267611255238
Destination,0231aee28fad87798e7b702ec5184f900904446e5eace03030c4f61902f66cd42a,0.00013969267611255238
Destination,0317c6cff804e69ae7eca45a059370f91b27a085559836fa93d56fd19fe41f2f78,0.00013969267611255238
Destination,02756b06a10854f3d7a2a42239c1d9ab86c7a790409808cab194f55145829a341c,0.00013969267611255238
Destination,03f6f25bac07efea6c7fdbc5fcdc8a813ac6517987b4ab4a212eebd5e325b24fd7,0.00013969267611255238
Destination,029c1f31132d20d8242a75d09cc96a77fbe88026acf292c63714835b2b6c42eb1a,0.00013969267611255238
Destination,027c873df1b32a869177a3742bacd5ff940d474d1802dd36d3c9d2003b48d72c15,0.00013969267611255238
Destination,0368462b200426c7f481d934233ddc5ad2137aa8278af370dc99b055f5c41c8628,0.00013969267611255238
Destination,031ed8dfb565fb4db6d856c158dcb7501847c5babbd4d1d23cbebe4112f91fd1cd,0.00013969267611255238
Destination,02b27ad518cbe2338558ad2a616fe0d2f5d633428533f4c2c219749c2b6e1215b8,0.00013969267611255238
Destination,0259bf03f2502722e0d8d90c41afe1c263a20af6f33040a1a549b27fb455eeccfb,0.00013969267611255238
Destination,03e7360ec83dfc9bb7de16b146ee0cc17b84d0fd510e3fc61d7e1747d10d91972e,0.00013969267611255238
Destination,03a00049175db3b3eb61c446ee6bbf6320610b048f028f472e29fecf05ed0ff05d,0.00013969267611255238
Destination,030e6af245da51ccc1d43d161c46df6d21099d14c6383eea7b49352e6e656509cc,0.00013969267611255238
Destination,023c383d93123ac596a0961ef061008bcb5c0d05358e921ff18aaaa440206fbee6,0.00013969267611255238
Destination,03cf0f690b296b1f3e0de7ac568fdd9a00029adfd8723a4121a64f6d115fe04a2a,0.00013969267611255238
Destination,030fe1e426098d3f9423f18ce6aeda899672985e8ffdb13d84e85e16eb48a53c74,0.00013969267611255238
Destination,0390301bf12b20af9ada917711715232fab50900c3b2f6757cd188359ef2c6e744,0.00013969267611255238
Destination,0362d19cece3c4ef124e7f3c8191d9bcaccc37daa5a540e2789f95e0e67396dc30,0.00013969267611255238
Destination,03a11d273c65583d94799862fd6e13b445af1d6c86acc437b0be26274ad9d0b2d5,0.00013969267611255238
Destination,0368607efcd1aad74835fb3aaaa0ac5c1c29995a1a2f9aba8b0dd734bded251977,0.00013969267611255238
Destination,0309b984e585af52d4f95816d99eb9dcc62fdc1c3df4fd68865f88121a8d256170,0.00013969267611255238
Destination,03d3bfd79de6a82c1ebe79530596de3f7acf3564165f274bea6e4fe0d5f3617c59,0.00013969267611255238
Destination,02929389508527c3e3ae38d9bc198a2dd460862eb8fb8284a6254300ee723eaad6,0.00013969267611255238
Destination,02c48b179afd174184d316f910215776961abff135dee7f7b4b4da77780c70f26a,0.00013969267611255238
Destination,03e3a316db3f5fcb614af846edab9a4a73f58fa3eec24c6276bb5fe34ee64ddd5a,0.00013969267611255238
Destination,02e2897c6f393adc5aee8e9dab308946703cbc219e51fec511147d2c5bd7cf831e,0.00013969267611255238
Destination,02fc845f19505d6207d0f426ce40cd3a43dc319af2f32674465f1f428821f5b6d5,0.00013969267611255238
Destination,038a249a063e5e991992fdaf439441aa8e085b1eb02f7c596406c7e85203966e2f,0.00013969267611255238
Destination,02ced8314568af14bfa836908f8b6e86bae23ca6a1a3ad65c4be6367a03a235a87,0.00013969267611255238
Destination,0270cf65c290ba54910af70eb24d758945f1b712584708c1fd35112e16682c17d6,0.00013969267611255238
Destination,020cbe0029074ffe3546c6e6e74f1dbff74eac37ca7a60b3cc87f7ee2c83c0d789,0.00013969267611255238
Destination,023db4fc53bed872bf1f639b553c643c727461e5c2ad41c2fe525c5f4f9b747a71,0.00013969267611255238
Destination,029a63c501139273b679f0d0f5feda9b7acfe096db975457414720367eab9de0ef,0.00013969267611255238
Destination,03d86a51997203c1f7b22552befd9fe7ea78d6ecccfde658ea0042e8567b6906e2,0.00013969267611255238
Destination,03dc3180a32b1278c15e1756627f54bcf0128b3e6dcda10ef6c1876b55ebc976c0,0.00013969267611255238
Destination,02cb381d0c49305c01f0ca1eba475e30606b24d3307a0509ce0f9135c8671288b1,0.00013969267611255238
Destination,02d7c035eb4f87a40e5a2b1a14557e7e8c4636eef6dcf036e99b886a567a96ba80,0.00013969267611255238
Destination,03b4da98855d86b7cbe359694f93aef7b1416037d3bff8ea856a5439b33f9d7c7b,0.00013969267611255238
Destination,02df939275d8c25693316172f2921fa9e5f1252bf9c3ab1b236421b6019b82951a,0.00013969267611255238
Destination,020d6c7f7ae5b4abb0944656311eb1e4eb6a0ef877c4dcd6000c879bd9ab53811c,0.00013969267611255238
Destination,02e09a5b87f3d9122c3f3056806d61a6391c1f6a9204ae03bf43b9d25768e7071e,0.00013969267611255238
Destination,0254aece594745b70a0ee6729c649eef57c0b5020be8cab2f4d46ff175d9333200,0.00013969267611255238
Destination,02768cf079dbbeafc174221d377a6fc46fea6a49ab67deddbd8165f43950a075d3,0.00013969267611255238
Destination,0382cc8f395d43bc2b7c8f539b5ade513724d4653be4334421af87638830cadbe3,0.00013969267611255238
Destination,036ad2da9b057d4ac40f911bc4faf21ffe43bb84802e6cf948e447753488a7246a,0.00013969267611255238
Destination,03cd09745d8cd8c58f51538f55444abab3c3899210c52d1fa5cb9301f88be0a097,0.00013969267611255238
Destination,038199a41dff255d181371a735823a78429632051fa3f1e722c6ac20d89e1ce9d7,0.00013969267611255238
Destination,032d9f76e3fcc736734a0fae90fe88218f690c0e9e2d5cc985e5922d5d6767eef4,0.00013969267611255238
Destination,0341d0f04f9e309b191430a34ddab58184be611c2b9d5e6ae31f487cace2439414,0.00013969267611255238
Destination,029abe5ed9812e296379c97976428e06682465774a791089cff0fdc0bc04714bad,0.00013969267611255238
Destination,034e59dd95213f4469e0b5fe5f066563b14942ad979a85521b1e6967543105cea8,0.00013969267611255238
Destination,032d4257f1cd676b5fe8ed678178448a185aaab2de729062eeda35a99345e763d1,0.00013969267611255238
Destination,02987d39dda86bfcdaa3f3bafc3563e186ead9968d5ccb82f7cb7bd262a5c0aeb0,0.00013969267611255238
Destination,031f00ac5d4eef4896b19ebf44ae604ab95e70b080ceb386d4c20240ebea62992d,0.00013969267611255238
Destination,03305a714e271bb6cd931d7bb0277113a5052d2411d6789fd5e71dd0e5c3610832,0.00013969267611255238
Destination,02fd2ff4e1e9398c270e59e4db2ad70ba35b55054d4bd4f6c79e89ada0a7e15da2,0.00013969267611255238
Destination,03e74dbe3ff65cb6b9d7c82fa23ba17f1c34bcdf17121a7541b48f8088d3133d66,0.00013969267611255238
Destination,0289e3a0ae83caeae695fcf18999e99e2e5897cafe9cf35dcf6779cd06a1f1c643,0.00013969267611255238
Destination,03244a339bbd76df175cf9512e16f19604bfff655e3f1651f9134704c541e90637,0.00013969267611255238
Destination,0209941395e5a72a74ad3356a1ec01a11143d89c6a3bd62ec24807bf45e8fcda30,0.00013969267611255238
Destination,03825052101cd5402c7ec0bcb814141229b60faaeb0019f5aa599fb3384c909d28,0.00013969267611255238
Destination,02a5deaa47804c518bb4a1c6f04a85b92b796516bd32c4114a51b00d73e251f999,0.00013969267611255238
Destination,037b10000376f6f0250d5c2b8f0a6ff8948bda0b140870067e789b2d5f00f8e8c0,0.00013969267611255238
Destination,03493cf9581953cfeac6f19558bd5ae593971b8c8752104ce8d7f78f348c98e862,0.00013969267611255238
Destination,02c8277f6893096f0f5fb230aaf2b69f9a5fce86c6c2ded9b5e4e57fb3fde7d9f3,0.00013969267611255238
Destination,03175dd66a8519fe4f8f80922fcee05e6e4ab99dfd32fa66acf8bdca051bc70ef0,0.00013969267611255238
Destination,03b9ac17154c6ddb27c05ae8c830a142f4742a3de280941988085ae2fc711ef2aa,0.00013969267611255238
Destination,03cc3bf1e3eca891c2cb4b60344f62fe7021b7e0d530a4589a51252aa1c051f7aa,0.00013969267611255238
Destination,02967658e461369f01d929a14b6e7404b461a6210b183a060429944bbf67db2bd0,0.00013969267611255238
Destination,0200081eaa41b5661d3b512f5aae9d6abfb11ba1497a354e9217d9a18fbaa1e76b,0.00013969267611255238
Destination,03d706b2586962d41dfe1d81451ddcb2f18b47a619dd3f706426cbcc5c109fbdb1,0.00013969267611255238
Destination,02cdda98af6cf2d886cfa0940e35ecd8b3f6aaa8d9bdd0348ed6ce1e73a9886578,0.00013969267611255238
Destination,026ab669fa9be9451322ea3517d2baaefbe940923fd1a9a5049013b8ee6341062a,0.00013969267611255238
Destination,03b1c1fba361b72f3a14127931cecb21a4100814658f756a157a6e84f111d9e266,0.00013969267611255238
Destination,03f155f9e23f608e3eb825428124050376bcefe43087fdfd067e25eda9f56a729d,0.00013969267611255238
Destination,02132a03d8518b95e1052a8b3835756f9e40903baa87f9ca36d97692665e00eb08,0.00013969267611255238
Destination,0330c8a24bb4200a8f3b604f91c6d8f6bc7957596c01cbec4093d8040808e35ac7,0.00013969267611255238
Destination,02de82f7de84e51269ef048b38880b8a1f838e22dd7322471bb6f46221c4565052,0.00013969267611255238
Destination,03ba54821a4e1178df3b4462085a4aa7c8a3768b1a2b6856dbf89a3e407c217acf,0.00013969267611255238
Destination,03f11710057e2d087c2610ef9fd13886c8497af95f5be9d96e4ae7b2d4b2035e4b,0.00013969267611255238
Destination,026c038a8d33fd6a8447fa1670ecbd688a3e2adeb1c4e64b29a91d5d6cd7bc6a89,0.00013969267611255238
Destination,03b58efa9e3757c48cd901fc6a7277e9ef6efecdf3f24ddf6e67de8280debc09db,0.00013969267611255238
Destination,02341c8f2a894aae98c3c813b9d9503d3535fe7dfd5421f7c09269f641f96ae60d,0.00013969267611255238
Destination,02cd41700af9a18915911fc596d11243e77dbaa822cb0925fa0566a454cd51f625,0.00013969267611255238
Destination,02a7f9c7f87d03be03aeee26beafed72f1a8323d111fa1ca7d11faf16374e38e35,0.00013969267611255238
Destination,032eb211947385644bf94a661f84f6979a3f9c4f1dcdc963bb70202553e26c449b,0.00013969267611255238
Destination,02862df6de32708d7d1dc3b9c96af9d359f22851549e1b6b938de91573ca23a028,0.00013969267611255238
Destination,0204c7c3957c36fbecdc6b3c64f4638fc030d5052ab13fbeb538b4b4e2bd1bdc3d,0.00013969267611255238
Destination,026000adbf4c4397d2ec7ba2e7b08bec4a5785d26d18cafb170f0884dd84a9fafb,0.00013969267611255238
Destination,02334b5e14ba6a5238150242ba8477eccaf6d9dca34ed5137a8eee402b2b3913e4,0.00013969267611255238
Destination,0329ee32cc545d5509149b4b8cfcd6b152b017c9c05f824f7ff70c9fa078533227,0.00013969267611255238
Destination,030d60e08f418262cd2a9d65e2dff026760fcf2c8db5968dc56da004c11c94cf17,0.00013969267611255238
Destination,024094a59dc794181648a928e39a1fd2312ec02cf7e2b89c9505c04f4e416ee5af,0.00013969267611255238
Destination,0239ace7d127dec146939056be6951e2f08c85e9d4977c7c6642b109b28f0302e6,0.00013969267611255238
Destination,03cb05100616209768d3cbef43ceba65fdda724582d6c8a053625a484d2386e85b,0.00013969267611255238
Destination,0247e898d2e72acf6e386472b9b98467b11ca9fba7289caa6d658abfb6c97c0ba6,0.00013969267611255238
Destination,02d4ecd3cc314d355f31b01d4bb3ff29a5aea59183b82ff74d6eabcb117679d455,0.00013969267611255238
Destination,02681b2dc052ba2f3cc0fb5841255a3a209e2484bdf9f9bf1c72801366aaee03bb,0.00013969267611255238
Destination,03b7c661f965105e9e8220fbaf4bf3e70f24f30a384a2536e89acb5ebbd73e6633,0.00013969267611255238
Destination,03d793d2dfacb241ea8847e271e8f38a2cf0aa16fca0df137409e8c8e0845e12af,0.00013969267611255238
Destination,0329a46f4739ed70b1821542606a3b2a0e947f545968f62ac9c731e9036aa744a3,0.00013969267611255238
Destination,03a2d0d87c0ab21c9cad1c5077c2372abe15db694b6eb41c4bb8d9f9f8fe7d0496,0.00013969267611255238
Destination,02faeecc19423fbd8273bae9c551d4d0a385b98e2e2a1843bfb1da09ab65fcdbf8,0.00013969267611255238
Destination,0373ad758a334a0160177877b20df3f5a27667a75fc13b0b0c6e8e41879f3ef9a8,0.00013969267611255238
Destination,02b2e12caeae8c2a90e715ee556cf2bbb44ff15ec2afb6e040cb26ccb4d9217cf5,0.00013969267611255238
Destination,032381f925743e86cefb90087d1f20f7bf2a338a4b5dc80a88e0412c65ca7af534,0.00013969267611255238
Destination,031f84495923de9cad4521b7d1ad1fd115d8c6fd32fbc6df688b940deb2c3142e0,0.00013969267611255238
Destination,027c948a8beed67402ea9ed0e8366064cd4987d141be1a4bfabbe9582f06bbadd1,0.00013969267611255238
Destination,03a0c5423f3c437bbf0cb7b094d53d6aaabc5bbdb6c1e29c57ce2110ac6c7ff030,0.00013969267611255238
Destination,02069f944d9d863e15c0f9d3933cacc49400a1346e83de9f5d1396228d06872e28,0.00013969267611255238
Destination,0317967faff954b5c3aa3bfd2841618742f84cf263495d8ef11db4bbf64e544355,0.00013969267611255238
Destination,03074a8b53f02246ea06898c5573b3e585bfd8b446022831b3ee3e767fd7a2b141,0.00013969267611255238
Destination,026ef22854adee14aa2f8c4768f55f8649f8cfc6fd87399b25d9d9520d787c35c3,0.00013969267611255238
Destination,02d9d2c24cc3ff0fb34ae2e18ceddaff77d404646673e50b4ef9e2d61e786a2dcc,0.00013969267611255238
Destination,02b4c4fb80ecac3908eef31f390cfd5423434598142f254bf8d1c9db19d8e6f0dc,0.00013969267611255238
Destination,03aae9fe9aebf495ab565c29c498e9219a1d9694c379f67425b39d8400432afd67,0.00013969267611255238
Destination,03c904b0128b355a9084a0caeaf1c5f628ac410a1d1ea0227f912c859f513ae288,0.00013969267611255238
Destination,02570ce017069fed62d531fbcc46636c6c128d2aa24aa8c3c124fe084237d191ba,0.00013969267611255238
Destination,021053940184f66d73ebeb80049d1ce5c3fd176e9c290ff9433aa6f25d839c31fb,0.00013969267611255238
Destination,0320471748b2b3461d9d0ea26a2049fa84e3ed56b77f61f7f04d10adb05c325f25,0.00013969267611255238
Destination,02cd0a415120f9340229aa6213cb6e2f44383efd826fb507b3a581959d2d4f8a65,0.00013969267611255238
Destination,0209595fc59fa632290399e1e1cc2990fc688bb1ca2fc80e367a34435818fea8dd,0.00013969267611255238
Destination,033d3c4a60dc0b37d06ffa61078e8b21113adc3117d417889929823d37e5782551,0.00013969267611255238
Destination,021b692549a44a6ea5d59d908aa8c14515bea07a4496e53d222c8f506a3aef82ef,0.00013969267611255238
Destination,03e2311a59e8c4e16e85929dd45b8cf12fb4f635f9cff9d01eadef92d8cc00db24,0.00013969267611255238
Destination,03ec0f5e7d84a5502afdc0da026a9efd22fefc3bd33727f776225733090d01d35c,0.00013969267611255238
Destination,03db76f0e63150badacf4f1cec2328a7d3c386ad8aa1e622dabcec9f6605004fb5,0.00013969267611255238
Destination,027238e81ed9dbcb437289ca746d974651ae42333a6831b9cb77117d399f0f0adc,0.00013969267611255238
Destination,02e0d706e1e571988cc3ddd946ff429354251c9803165c568c6127a6d7a8617aa3,0.00013969267611255238
Destination,03b8acd7655a1ebbbe9b1ff02fa3871bc6f2d7b064bd31f90feef7a951460e1b2a,0.00013969267611255238
Destination,033734899b470511a56566606cda9ccd926c58571960dfc569fa9412197ce62541,0.00013969267611255238
Destination,035b19eb912100253e4f4b83445593416dc73447788f828fa79a652447e88ba3fe,0.00013969267611255238
Destination,029105c73b8fa86f59b3ced5697bdb568e72aaac3ecded1fa6e3e0043f166a883c,0.00013969267611255238
Destination,02fdd97d7075c458029c76d147ed7187a1f667868d37417ac1bde2cc090cbd71a9,0.00013969267611255238
Destination,03f6ce53dd3ef26fa45a87784359c5221e3d6a39be7bcf9797129c117ac50ced59,0.00013969267611255238
Destination,031c624b716f0394d73ce76549a81ebd19612ed4426312205f0cca4dd2b3a0da05,0.00013969267611255238
Destination,0304cb6754fa272c00f4934e67a314d3c4d709086ea6b9990e740a393f35b96db0,0.00013969267611255238
Destination,02246b2b802a75946ce00f18df050e9ce3edcb4b57f303967f7470980e5834011b,0.00013969267611255238
Destination,03f5b5620bea104d91921b1effafe83bd0921d60b084b4e738b81d2e97e61f415e,0.00013969267611255238
Destination,02375a9ea813209a256f180dd885165c5af64c6cd749725a18b3db05858ed6a8df,0.00013969267611255238
Destination,03271d44374fae2581810d11342472764ba5e838601ecdb8ec7c8e60ba5f8e14c9,0.00013969267611255238
Destination,02d5850c9bed78d46763e863ad81b7c8d2d38c3462b5c80c6edaa0a77e49899f49,0.00013969267611255238
Destination,03fed993b272aad9707f55b56e4a3da2b33d871eb5e1708fee9c6b0903ef18741b,0.00013969267611255238
Destination,024038bc846a7febbf8dba84fb1982cecf431ba03ffba74c9b48a24c24d2ab066d,0.00013969267611255238
Destination,02d7120e248bb90972e9fadc2a3eb21bf7a1295a50b8d1611a5b7c5a91200edcd0,0.00013969267611255238
Destination,036f1adf8460c8abc7cf7c4316e77eccd05bd0ce474aa624afa1b93e33e1597d15,0.00013969267611255238
Destination,033187e026f12077a89e8f296b792825aaeca0ed077118f5fb5c6f2fc4e319b740,0.00013969267611255238
Destination,039780dd55eaf595381d23d16e438d6003269bd8fcb3823be528b66209e82009ab,0.00013969267611255238
Destination,03e05de453195c9b2d10458a810b4fb49d356e1269a5f182e39253afae8e05f9aa,0.00013969267611255238
Destination,02982d3a34caabf69f5c2ddf241878e8e685b463f70ebbf6c048588463be35d37f,0.00013969267611255238
Destination,03ac2f74e9dd0801891647261e661dccb0e641e75bc953c923228b806360a0f289,0.00013969267611255238
Destination,03a5c63b7879b42e120f2e2d690d8b8d8ccdc83356789fbccbecb1c9f075331938,0.00013969267611255238
Destination,03bd3e94eebb9d7297ac50a7149b44212348f6f7aa0cb1fe7d4da3ca572ff65e60,0.00013969267611255238
Destination,0267bb8dda0c06c9b1dd5c463b7170f13485ac7fa8013ce45d5cce6596bdfa0ea7,0.00013969267611255238
Destination,0303aa2b59c4eb13945e5d5d1d742e5b27ed85e891b815efeb50d9984421c34da8,0.00013969267611255238
Destination,02cf27f75dc2ae173b4443e351c21c000803ad02374076847198ac86cd49c2a865,0.00013969267611255238
Destination,027c675b5a01379ff2d8eedea32ea60fe1f8c321b5ee98f3ef968b33ed5264b554,0.00013969267611255238
Destination,0340c67d7ff2042071763c54d3074c5d207efe2eaf4d133fdb157d272ad4f136d7,0.00013969267611255238
Destination,03d4bfb8b8ee6daa76ccf8990f4db5895521c6b8675061f9d405b434a7823762b0,0.00013969267611255238
Destination,02de8a8a645bc2b01eae36b91d3c22580daa28e1f41e68131b5e9bc9bc2f3dd255,0.00013969267611255238
Destination,02a8a5851029e18cedd26e6d44ed39984c16eba8af753cc633ed0736a178c250af,0.00013969267611255238
Destination,0329f5884afa9c6167a11f8f50892c88a9d047adb65069cae436909900ff056cf3,0.00013969267611255238
Destination,0355157b4260b70c7f407a720c527a84e9522cd948e7a8ad92ae00773be52488e3,0.00013969267611255238
Destination,030ddb132052e6e8ec608655e9b0ffe43975582b1c3b2ff837d5ba36af943d6580,0.00013969267611255238
Destination,02552057dd53a6c646400c91d785d4ef2adccda884d8595b3896f44fa538b3d137,0.00013969267611255238
Destination,03f8a926f1c53ebcb3ae13c34e0f5968d9c666ae81911548c00d7fef6d4189e9b6,0.00013969267611255238
Destination,03b0bd9afcf51d7de20c5cff2eecd6b64be765d911bd765e6ace506bc02e677488,0.00013969267611255238
Destination,02802eb75dbebdadcffbeb74e5b8fcd19939950a1ff40d3da980d5a66020054ec1,0.00013969267611255238
Destination,0350ba80f5581b5b4a5dde57771e8fc1345b1091c435c43450b3f74cf264cb3677,0.00013969267611255238
Destination,032e1a65164397d45991ee455b19daa7ee2652a2e7f23d7b49863cd310a1f16076,0.00013969267611255238
Destination,0342984b67b36c1cca27c5e63d06df0d6cb850b1f5374bce362f7a688c5e19f8ca,0.00013969267611255238
Destination,037f52dbc69d5a7cd8e93c0a9da1e983fa800938d935aa9b8662f61fbd9c7fff7f,0.00013969267611255238
Destination,03c0073829f66fedef74735d159c3528b01ebb74f2d4e663ef388bfece17716862,0.00013969267611255238
Destination,0357774008d681e1d98245c521e5ff1f929c9be7e49ced303d17a68f870795e07c,0.00013969267611255238
Destination,0227e8baab7b4397a88ea2bb3976a7fc8f975aa4fc28ef9272a33b6a1291ffff63,0.00013969267611255238
Destination,020e575a044bb98c7290cb2d2f6684262245abe398829cb9d1a084ce42fc2abac4,0.00013969267611255238
Destination,03a724d1749f388c8ccc4114c031c02553003caf533cae77dc2001ba655c4758fc,0.00013969267611255238
Destination,0364e154e015741de52158c2498c6e03b57ec688ef1c2d953f541636968c5cef83,0.00013969267611255238
Destination,03ad5562c0c8e6a49e2efb595ff8fa13a745133513ddbaf2d2f63504f92a475bc4,0.00013969267611255238
Destination,025ff208a82fcbf51c39b1312928f3fb75fd65efaed78732136e7f2f931397776c,0.00013969267611255238
Destination,02cbfe92960e44f0edf2330c9353a623acd47496b061817f96917a6269ac3f8555,0.00013969267611255238
Destination,036b3b201d2232f9f9305011f5f539bbaf66cc2145ff74e0de0de85df2637a138e,0.00013969267611255238
Destination,0360cc97ba752099eb1080c6ccf33e3abe04120ece04c1ab087760ccf3bd36531d,0.00013969267611255238
Destination,02f1f060e9e3013804d6458b9f734b092fa8eed4c4b67ee67ba4af65d00d431399,0.00013969267611255238
Destination,038f5b2058e1435f24a61ff45c3c0c9ce8901f0e970744a3231c7248cb1552ac0d,0.00013969267611255238
Destination,021368ec4526827bc0acfe8c1d0b684d7678528fafbc695faa517a3ab191e92c92,0.00013969267611255238
Destination,024afe7ce90b3b09a886e68b498e0593050cb364bcbcf3b4f97ffed0124cbbf506,0.00013969267611255238
Destination,03d15bbc0b4ccd957183834adb1a04e8b28fb5c5d78d07012f753b931544df37d3,0.00013969267611255238
Destination,02ea63e45a8f201fb2884b9cb910f5b41cf7bb69ded286474c9fb27806c5c5dcef,0.00013969267611255238
Destination,02d895399133d203fecee5a462febe8d42d26b8b4de2461ab43943a56755f3ca1a,0.00013969267611255238
Destination,021d5b37197e000eff8ee503659958e0abbecfe2d4761f75aff6aab4b82d02a61a,0.00013969267611255238
Destination,029a5b4904dceca408a4334cf7c3ffa3e5ec51ac3bb5ba7023a94876b8d07ab58b,0.00013969267611255238
Destination,036befbe45816a771ce6958bbfe28f6a9585a66f8ad6471edcd6d6db4cc95a5294,0.00013969267611255238
Destination,026e87cec52f8433b38adf70a98b9e688aff9a680e2d5552afd629e499d6180fb3,0.00013969267611255238
Destination,036006e9eaa2a4e1f878c3ab0bb9ec7f7bda498ad081a303cb64c888d5f94e7271,0.00013969267611255238
Destination,02f36b2e377bac08ef4cb6b228255ce8c7ca2d50f613f3e1f875463dfe22632c7a,0.00013969267611255238
Destination,0332c9009dcb7b452d802b013488098f491d938521b45f3779ad0befb369dcb641,0.00013969267611255238
Destination,02d93a3ebde8d24fb3ce7b00d63a9ccd160de2a40c905e842920fb236aa37dc3e0,0.00013969267611255238
Destination,038008290f6272b6717c49eadef833fd6ee6bb29e1dce367bdf7ef0595fb2c084e,0.00013969267611255238
Destination,026ed0eca921f902ac534271bde0f3b38338b2a29328b13448fb076673c2b76d51,0.00013969267611255238
Destination,03887fb03e24c4f0e5b43868ea707ae4d5a63747b1564dc4b5869c4cf7139500cf,0.00013969267611255238
Destination,033033d0a3279d91c366c22932d1ef6cbc906ead5cf6d1687d81bb79217bdeca68,0.00013969267611255238
Destination,039235c2fcfdc758b5118edbbe4b70535e0a68650954b535b3fc749c522dc8dbd2,0.00013969267611255238
Destination,0390bea638d3af110069c49cd6a96caa6aab8323d0659f5308d090adf3f67c474b,0.00013969267611255238
Destination,03ffc72cbb54a9d76d89f562bdca16fd81e05c6651490bbed90640ca3ae86da7c2,0.00013969267611255238
Destination,02744a542a4b56b669a9d08e76deb70993c6ced7a16f062d7381ee5d0440d578af,0.00013969267611255238
Destination,02810d286574eedbd0ea00d2ee11e2b89212636f8466defe7d27b85aaaf1e6eff0,0.00013969267611255238
Destination,021b062d68e6b63734a559a40bf08997e6a9ba8df07e5b2bd198f7b344e8264742,0.00013969267611255238
Destination,02c0a7f2e9ba3f8cc61c5b438b9bb37f0e0400445c6ca89c6cc1da12dffca27b70,0.00013969267611255238
Destination,02e105b09d9b07a4fd583a3ad10e02d8a034b9acd4f1f9490731bb6a0eb8d6899f,0.00013969267611255238
Destination,02a7225838d63a99cf7f967805624d915775cfe96a5dfdd95f23b63ae157a63a70,0.00013969267611255238
Destination,020e185a68d4fee4a5637b481dfcb1c485b13600eefd0642bea01fdf3c2ec50873,0.00013969267611255238
Destination,03e8099849c38e036c82ab4b5a128210379a34e4da7abfde2420bd54539f3626dc,0.00013969267611255238
Destination,03f8a4e7cd9242109db317e6ae82b0147831e0d40b7bb4fa06367a6687155d4b55,0.00013969267611255238
Destination,0390d350f4ed908e42d7f7db15c751904413e8ffc61e3ae0b667906d71516dbe48,0.00013969267611255238
Destination,024a65932bdad1c4ef070289a6dd9f71b315e61d871b38c79339d0cc3d26e100e1,0.00013969267611255238
Destination,035f8eb867f7212f24565ff144afbafaef7ec1c44d3ba141dd80892f57bfed1940,0.00013969267611255238
Destination,03e941369cdef7b0afa3ee77ba8aaacc486dad218b5eec3a0ae6b2114a46a78df6,0.00013969267611255238
Destination,02c12363b0f977f2a23e4b9bb8555d2fd30a2ba9649e3bd6d9b00aca9569d43f15,0.00013969267611255238
Destination,025479debbeafca668da93958f227708a36e6fec9c82cf3e544b3cc59b44bde37c,0.00013969267611255238
Destination,021cf7e967397fea7a8fbdd1a9d1b7bc75d02a1e44de3b1fa70061fa481cbc3925,0.00013969267611255238
Destination,03ebc575bc5385f589ba396801d74fcaa90d3cba067315cbf3fda6e4b864e6af47,0.00013969267611255238
Destination,02a95cbf567844e9de906aa5764bbb03a9a4e7dc43c0336ae2c6581b93959a02b8,0.00013969267611255238
Destination,038e16b5d779735810ab39c95d4de01649c79deca3228e396ef0887409c0554627,0.00013969267611255238
Destination,0359a361c177fd16096e6d97f2c0b1ccd04ab722056303c6dc1d1b97cc4fb49670,0.00013969267611255238
Destination,028850b11542155adca4dfdd339b254b678633ed80504fcfa29920fef681078048,0.00013969267611255238
Destination,03d8c38bc942da6042c5d299275c46cb12eb060808eeca9fedf81ab6a3013b783a,0.00013969267611255238
Destination,029775aed2dd13f493fd7e1ea0a198e726b633e188c3c0c5c3465acad15fdba3ce,0.00013969267611255238
Destination,02a045759558b72d5d843d2269d1fb5fcc38b0abb685201920b1684c5d53d06899,0.00013969267611255238
Destination,037d1ae7759fc07370a764dfdc32d6b21d43bd4aa4096e4ccf5271745e9d497b4a,0.00013969267611255238
Destination,036226fec3acc7b4d3d05563b59c6b032f81541847e6c9eb7369c50e070d2f16eb,0.00013969267611255238
Destination,02ff2c9a69ab2bdae7496e41b248663a0fe250551eaa79ccb5cb92257e63b433c3,0.00013969267611255238
Destination,02e1a30f5761874a1f186cb9aaec08632b6a4e5bd8ccfb88ccf40f4db4f2828f1c,0.00013969267611255238
Destination,0280e49ace8ca07e8647b8e503a01fee260f32b08d7f441de1476467fd8cb9fca7,0.00013969267611255238
Destination,02843b54ef2f286f09dc60587ab1fa80a77abb7f4c1ff47fe1235f19e03bb1db9c,0.00013969267611255238
Destination,02005a505c16ab5321e73f1efbd0fc74e2cccda04e67fda3a036438c6372b3c918,0.00013969267611255238
Destination,020fb206e282c01b30f77dfac0c111cdf5f3d0e234b90e2528752c05cd53d89559,0.00013969267611255238
Destination,028a8cdfb4801416bb95674893398ed9a8308125805542f1c53b0f6cb3f6431614,0.00013969267611255238
Destination,02021711ca9152f342af9191c13c31fc7e47d5192dfcdd97b0f0632b0410aaf929,0.00013969267611255238
Destination,02574d4de238aaf6f382883d91001bbeced1f619cf1c00693bd8fa268503dbad1c,0.00013969267611255238
Destination,0355809648e6e1bbdbfab0424d590aaf3d2fb4964c6fafc672ae1e87bc844fd16a,0.00013969267611255238
Destination,03d921b4c9b5a5f155e70be01b340d99117896c4fab9efdfef71ca9999d059862f,0.00013969267611255238
Destination,02f1962328552371769881a9f49c192c0df261f3e0bdf4cd68a4f6d449cc6fd4ad,0.00013969267611255238
Destination,03fcd190c8473cf877b356f040f4319e2dc475a6d2e801b2d31125b9966217a060,0.00013969267611255238
Destination,0397ea26c5da04733b9699b30bb9e7c0b3d9f2583be1f799a28c7db12f032b0daf,0.00013969267611255238
Destination,021fedd090dfca119ff2b4cdd5c91c027dafb738950a67bd39915bbf802b92cf71,0.00013969267611255238
Destination,022178d189661a1d96904a02f8696e6ec2f9a79cec54514ff638e9ce74294c4a8d,0.00013969267611255238
Destination,0279130d1b0ef9c47029874486487991b88ab9cd4aa769c4921dfb3efc7109aeca,0.00013969267611255238
Destination,026865dadc6e1d5a9140ec5e0fb1fb79ba045d2c88f025c2018192dba3a82547db,0.00013969267611255238
Destination,022e9d43e9ca90ab8817f3581c0a34db186d83a1a6837ed61d6b08a06f79909ed8,0.00013969267611255238
Destination,03ed8f846e8eeadc1d2e59d4ec86507faba5061326a634e4e4897c81b970c5eaa8,0.00013969267611255238
Destination,0281541fb8be936a337873a652ad9ddd991ba1291e5d0d814367311f6c7fabd63a,0.00013969267611255238
Destination,02bce5d05690d07b3ba639828ecf0ddac9d1b162aff64c5dc3386296f60de61c9b,0.00013969267611255238
Destination,02ebcdd9187d70ba32b50de3aa23e4b72360f285484f1cdf96122bbf1c10e8bdb4,0.00013969267611255238
Destination,02a7724cf8815d185d292b413349fe3df3b577871c8eb29803f379409eea53adc4,0.00013969267611255238
Destination,02d0174302d68aeafc3d7bbf53db02cac059581a675af288edde5818347365dea0,0.00013969267611255238
Destination,02e93cd0a13203d290acbbc7ec538c93c63cfd8204a8a999a31f5fa395d935971e,0.00013969267611255238
Destination,032d976796d920976182da5a691b2370907110fba27d264bdaf04cff014b70de35,0.00013969267611255238
Destination,02739b6f21016c1218cfd0ce2d2f58e391ef77b84b7dbaeba53bd62d426cf25918,0.00013969267611255238
Destination,036c5ef5a5acd99a9a0a36f417a31c3226f8626bc37c2befe7e85d1a1c69c3be90,0.00013969267611255238
Destination,0272f1d97b9af2ef3ed4547a1cd104b761fdae2cfe156ee4b311cfc4ad85eb9a50,0.00013969267611255238
Destination,036023cca9e3d05a46eba1f6aa33627c34714a6de5b2841869c6f11fffce2a7f3e,0.00013969267611255238
Destination,039aeb49d81cf764691fcce0e1b5a0f43528f3d65337c2156d9baeb564daea3e91,0.00013969267611255238
Destination,023b40b208a9a25be7c6111ea99b8ac213e5806c8747982fb9d0d856f87fd7fee1,0.00013969267611255238
Destination,0396f67efca57912e65ab1d7c877e11a8ed7d78242bab70822db6f6b6cc8720736,0.00013969267611255238
Destination,02a80fbf917ef6f6d47fe764114bae9799807e0169b3d919ddfe4cc49ed0406b88,0.00013969267611255238
Destination,03b26f7d9708790c7947c59baa2cb185a9a24a3a1b320e76b646dc94b5a52c28c8,0.00013969267611255238
Destination,0262d23d13a361f797a66b83881f6f712d2e064807b301a7b247253d1ce5a566c4,0.00013969267611255238
Destination,03ae30aa8af2e1c34a5502ebb8a2f3974644374d6b239b2943af1e902a8d3d2322,0.00013969267611255238
Destination,02ba604ebddaf9d719fcdcf74bd94f1e9f36bd6f1b39c2ad933959ec6b46bf80fb,0.00013969267611255238
Destination,02ef2a2144de419b66f490ab3e91f0139afadb5f7c4bdf835c9e222c7e576c2597,0.00013969267611255238
Destination,03f293d12737736d6aed764167f6a815811c225f21f9fd94610b00f44afc9f776f,0.00013969267611255238
Destination,0284b5fbb91f14d90f71e83cbaeb32f956c1b1740e4b762258e3da565b5e1450d5,0.00013969267611255238
Destination,03e697a1899a17611255edd8e3f43858a0168b1874cf50b8c3d4baf1ea1fecbb05,0.00013969267611255238
Destination,0330741400986729410dbed8dda38564d3029db7119872f34f1a0a23750b46324d,0.00013969267611255238
Destination,03c355b9b90d4f6b85af4624d728a729d67e04c39d1edf7393492e5eb2e0f89543,0.00013969267611255238
Destination,031d1d31d1e6b6610b41773ab4602c96e5347651d19d117f5d2fbc9fc98f7b9e6e,0.00013969267611255238
Destination,03ff1d4bca094d1f47729a7ca7b7580d6274dd6ab87cd953c4cc38090d1cc87ba1,0.00013969267611255238
Destination,025c0a0f6700685017ddf41cd1633feb2a4fb626e57235ff2a69635dc4d46c1aa8,0.00013969267611255238
Destination,0250dd2909456bad0ba942df21c85a02eb80e1a3b66ee6ad48a3f6bcbe999dd43b,0.00013969267611255238
Destination,0205175f042b46aa68ba5c213ce98c476021efbfcc9b91f5103231f61b023d25b1,0.00013969267611255238
Destination,037c3e478246066301f381ad83b8e6abc0105332dec4b8538d1708a18c77089d33,0.00013969267611255238
Destination,027133d09a45c9bd5109d5710e60a6c0f272c8faf141a6570c5074b8f20a093207,0.00013969267611255238
Destination,03ceec727344da88d1dfca6201b6e4c188c6ffe8a1a829744dfbc2d832942d1daf,0.00013969267611255238
Destination,0268fe7c58fd37fd67bd26e8d1fc4fcb207d19349d182cd173b5f891d91145900f,0.00013969267611255238
Destination,031f684117a3003d2603f6fa913147fa316fa2ee719c11994c64f984e7431af8ea,0.00013969267611255238
Destination,02f0b52ca841a2cabe8b9852e5f9bf34697330e5a9f3bb7df25844e309bc8f67bb,0.00013969267611255238
Destination,028822691bc2d9a60d8ead9ddecd2e00b230f1b01536b06a5303310f25df45629f,0.00013969267611255238
Destination,02df601e84fb432da71c333e5ec65d137195442b28403325c190a700dfb8875d59,0.00013969267611255238
Destination,038545ecb3c80db999140d82e457ec903ea4f205bdc64209a983cfd9d63787da0c,0.00013969267611255238
Destination,027f0a6db077487fc415493a71bd914b5e9f058e92aeb29de5db12954a176b245a,0.00013969267611255238
Destination,038e8396a8ad339224c7bb055ed0f00490b3cd83775351102d88de2edce3621dc9,0.00013969267611255238
Destination,0231db47b1815e2f021ce5fbd6518d07c50d1a4ec07c2d1a273e17b6b12fc46d7d,0.00013969267611255238
Destination,02f9f614c55a0813e1460a08b86b08ebb87d543745c0535e09f684e681227f54b3,0.00013969267611255238
Destination,028648b4891ab197926e10ce10e7ef013937cfc05387ab6629e76918fd762922b4,0.00013969267611255238
Destination,025fa109a445cff3a1041bd860d55a1f42ec4897039407cb2ca194ddd34d63279d,0.00013969267611255238
Destination,0229a627f0acb9a0d4c22c4abc8f79710a7beab153956318303f8780d02ede95e9,0.00013969267611255238
Destination,0220edb1d15d1dd6e3c57d8822d00fbf2a9768060c91c5eeb3ce8aa56f42342426,0.00013969267611255238
Destination,0207783d466310518bc651de86e3181354fcc06fa3a0b1a08b8a942b8080165c0a,0.00013969267611255238
Destination,0365cdc4691906370e6ea973e31d200c9977151f297fb90bd49cfc479a5c9f467d,0.00013969267611255238
Destination,022d97ef3ae9d5fe6518cdf42336f7a5efd31d18389cc2cf1e8ae45a54c388160f,0.00013969267611255238
Destination,032a54b1e9cd2ff8ec5f58915a749cf074e957006e8b4da9c8497fed4b6c6f88dc,0.00013969267611255238
Destination,0249528e8e0ae41dffe6186d4760b79caf5851e0642f94f335069f1da4df5c7999,0.00013969267611255238
Destination,03b83404feb66eca08b2343579c7ac09eccb1035ff07cee30a0551e071a9c26b0f,0.00013969267611255238
Destination,02c43115328a5bd4dd5870c4c2e129f0f19bdb685ff8c1727c9320c0c6f5636a2e,0.00013969267611255238
Destination,034a67ca719d0373ea66e1bf6f16242db228a7af109a69518b4a8ca865e9e89baf,0.00013969267611255238
Destination,02fe158eab31e2b84177fb378f2e07515e16856d179bacf746fa2bfd13ab1ab015,0.00013969267611255238
Destination,03e1a9ecc1b00c79000e59d8e4422e4aa4707d9d13b9aa60a758455b425a9f241d,0.00013969267611255238
Destination,031671ad09b7133aa271ef1ecdf697308569b3e2b2fe754d3cc7c45798fe7b4d36,0.00013969267611255238
Destination,03f6f94194e20bec90ecbe21f992a9e20ff66973940b71b2267d5be540817a89b6,0.00013969267611255238
Destination,03ed41643f4d335104ffa066458ba4690595faa63fe4f940e73a5ea5d713e43fa3,0.00013969267611255238
Destination,02c2f356abf89a5268a48f3f70f19fd903a793864ec34323f478e1f9bb3724a449,0.00013969267611255238
Destination,03d16eedc2c4064c0691d6948e56ec58468e622330602113797519a6819bc8b49a,0.00013969267611255238
Destination,023f88840786f8d54905062def41872b613a1e192e0c886871011c87e4a03e0793,0.00013969267611255238
Destination,02b66c6dd7e3f8998730e789f7b8be4b606901c614fcf732a22448137488260a47,0.00013969267611255238
Destination,035d476ec8f6572c7cfdc4fc4d81d61e1baf834138fb088d825a6cb053b566a495,0.00013969267611255238
Destination,03aae93a71a3211cc2f2238e68617eb315cae7d34fc08d6fbfc9d46c39cd177c97,0.00013969267611255238
Destination,02c5097bb37e94318b4e18a51faab68e764b234e9fb90b132397130e008d775d75,0.00013969267611255238
Destination,035c03874c6116312afd210dc0ebda5edaa5164c2296ee738937d10ff2a45916a7,0.00013969267611255238
Destination,03247f548316b1f29d6df47672695cdf911a4291a885137804f80a8c61a031b429,0.00013969267611255238
Destination,039627555b1c62168e206ca10a196b9d779e6b0b6dcdd3e1ec24f7502ed9ff8348,0.00013969267611255238
Destination,03df89db564d0def2c980503e3cac06bce21cee409e2bdfea35146a70c049535bb,0.00013969267611255238
Destination,03bda9f56ef2866886798fbf897a51e293e59e504fdbf5591635856ad549d75bda,0.00013969267611255238
Destination,0218335ba669f61f9eb6442f65e045a8ac8c524724dea9c3ccfb4bad2da70ea5d5,0.00013969267611255238
Destination,03d213f4115a55f0d0ab185434fcb6d3f119fdede11e901fe57f8b91d57ed316e6,0.00013969267611255238
Destination,03a9c8d5c68befdae5c0583e51e876bbe27a260024036a7dc8da0ffb3383388f65,0.00013969267611255238
Destination,0333b7764dc5e2bace3e9eef410cafcab17e19e9bf48176d7474d0f2b8e62822fc,0.00013969267611255238
Destination,025c33e788de5820e9f0ae31c6e7391dee639ea9991b589aec1e7313c1b7933210,0.00013969267611255238
Destination,02caa94cf6971801daa2a747dae96d87d0ca3cfc929ab301e0acb7d9883d6cdd95,0.00013969267611255238
Destination,0345f9d15dff2021d7cb1537314022893d3976a85bffd9ea828e0eb673fea4b27d,0.00013969267611255238
Destination,02b93ff3203195cd24c01eaead6fabff071f98f7cdca7fdc31abae279431f1b961,0.00013969267611255238
Destination,03bcadbf6d18681c99d6cae4364456196a0adcacc77aede921e6e40a38b12b69be,0.00013969267611255238
Destination,0224f8a99c01dae0fb027122e6ec07c2e298ba2dfe45b9a957f062b8648272b894,0.00013969267611255238
Destination,02ca29817bac5cac709cd90b5366abb4bd7a7cdae3b704163bb0d26a5114a1f390,0.00013969267611255238
Destination,0391c73babd29fb3ce40ef634f6479fe1c3a0f85ad0c0e2ced26563b172d7e1270,0.00013969267611255238
Destination,033160724c4f2ab8bcc303137e8430906cc9a2462fa02d5d769bec2f4cd5a6b1f7,0.00013969267611255238
Destination,0387875d3a8de01bd83124666ba078d9ec610c2971c5aced02b648179c5b29f80f,0.00013969267611255238
Destination,02f41b50ea42c48b1bdd7d4d75e27d16f93958d0071367e4f5960a755e0a2067ad,0.00013969267611255238
Destination,02d6b13ab15548fbf00a5884eb64cd7c8e364cebea86608e5a60257ba766041165,0.00013969267611255238
Destination,02f24b8830cb056da6c5b7e9c0f98aafc97c9dd864f6e0fce0f8e391f3c5ef7f4f,0.00013969267611255238
Destination,020b7ead41d8cc6d80c6f152b67037ee8203e7226a44bae460beeca464d75a773d,0.00013969267611255238
Destination,02ebb3b8a2316b3e876ea3f3d8124a3ab97f30b128f619608eb06b5251235dc2d9,0.00013969267611255238
Destination,03e5c00309b869458f79a2f264423752ae14fc1b2f180ef53a0eca9e03c347e6cc,0.00013969267611255238
Destination,033dc4a3db8c558203d47fe15b0409d18ffea90ca87071b88560f87330e794aa74,0.00013969267611255238
Destination,02d0b1a625e63c4bd500db80ac711ffdd19014fdf986998662c3e27005100fa8e4,0.00013969267611255238
Destination,03729533776fc0269a7e6e7c0b32ad746d9207237d89cd9d6f608d54341ac9c69f,0.00013969267611255238
Destination,020c6155b41e622ac2c1b0285a52504ec9e0ac254f5a0bd6802043cd5f9b2e4a57,0.00013969267611255238
Destination,02ca3248eb460c64a3572c8c4fbae295cad74ddaee3a3814e08ba55d51111c0654,0.00013969267611255238
Destination,02965189e2bc026c023685c51a505476185e9851c907c1ea895a7ab31f5cff3c12,0.00013969267611255238
Destination,03710fd32f9722395ac453afc4b8eeeb145ea9afc3a41174e18af96fb62f38c8b1,0.00013969267611255238
Destination,03e33bd36531d14f1e9cba22c3ee158a070e27c6c17e367725168fecab9f93e362,0.00013969267611255238
Destination,027b097206d890b973bf8ff3486002308aa48cd6f021c6a3aa45c936ec4be56a4c,0.00013969267611255238
Destination,03bf85d154d32b7712b3d7b0d680373928da828433ec27b756135f4f0c27ab9c22,0.00013969267611255238
Destination,03acb45f93c4d10c1df39ce3a303dcdf2c7e963b671a74ae8d5423b6bc6ef58639,0.00013969267611255238
Destination,031c6d6d6f241e253a4b7702a1cca1c3b822bb2ef1c99919a22c093e1a3b1e7b10,0.00013969267611255238
Destination,022f401b919719763b11670f1321739b50819c7aecef8419c85e344b1e0c97d414,0.00013969267611255238
Destination,027b405134210d0d051c28a8ca19a58bf2d4ebacb1f689402caecd902d1b2ee4fa,0.00013969267611255238
Destination,039600f149e81d78c14b2aecba9999ef773266525fb5ac8174ccbef6e2cb9c6166,0.00013969267611255238
Destination,031bd35ffdf9efe9488eec8ae606f6aa5efdc22c2090f7e2b66d8c8e41189a877d,0.00013969267611255238
Destination,02c0cd59d003d9850c548e4c0f390d38c48271579fae7bbaea2c5cc9374a0dc1b0,0.00013969267611255238
Destination,03453b5ef95c3b28c3013d708933e94db06f9356b9f198d545bbf9537e245dcee2,0.00013969267611255238
Destination,03683eb49daf605cf5a1d558a24813b03638f9fb9c8b9d1d246bdffba07ce3c7f5,0.00013969267611255238
Destination,02cc9a91fd72e7d114e472cb9016b73f81e33bc5c8f39de9d5fb62cebf0f7df381,0.00013969267611255238
Destination,02e15b1650f6d93633d96c3fbe213cabc4fe2bf65db33295e3f96354a558ab857f,0.00013969267611255238
Destination,0321bcb5ff9f039348e4522f47dea1cffb823631f3fe8bbdbadf349376b12fc087,0.00013969267611255238
Destination,02eefa0df220393744685187d89e96f65a1bda730e477c628f79fbb539acddec8d,0.00013969267611255238
Destination,036e0721b94f40b66c0aeb3ba9ea646cf865aac339dc70ca4361fd15183418f58b,0.00013969267611255238
Destination,020181e74c5c80bbb4b47f58e1e1012013a199989f61597d6fc5b4e386df79d3ce,0.00013969267611255238
Destination,02149688a7f2e395e39cacce9b33a55b44c8f04057a72bbc0dc8fa994507a7ce87,0.00013969267611255238
Destination,034ba5fc8291fd22622fefa7a74ad821d7d184be482a5115da1a4b07b10e205441,0.00013969267611255238
Destination,0347790b31b10e8c0f176fa3f0486ce1877e75908a82073e487dad1d1ebb1a0487,0.00013969267611255238
Destination,029664347c65b71900ee4edc585f39997faa6f93f744a976b2f720f2ebaa94ca4a,0.00013969267611255238
Destination,02153ca4cc9e03f036fc1ebb7b18759e9b1a288da4d489c4a333aa7bd5014d3b51,0.00013969267611255238
Destination,038b19417ee84b5469217efb333b677caec115e0298823e71148d2741b40cb62d1,0.00013969267611255238
Destination,02fec65f49fa55baf1f0f58ba5b8d8386e1acb37e6141412a845c58723e08509e5,0.00013969267611255238
Destination,02a834395d10072268931565a89164abbe16a5194b28c2e9295386fa14edaacf59,0.00013969267611255238
Destination,0293a87341870580fcdc7fccd875cea3bc91f888e6ee3f03324d1e24b0c92b31ca,0.00013969267611255238
Destination,02ae6cacc5ac841d8833603749114fc378fae4540f5047104a6274428f59a80219,0.00013969267611255238
Destination,0364356cf136034814e9f7a0c542286d65d94b20c72afaca9cfb1811656de609b8,0.00013969267611255238
Destination,036a320d0667dfedebaecb02833a60b58a59a60350a4958e87411b1f4c2ae5d871,0.00013969267611255238
Destination,0238bd0ebb46dea536169553fb05b25d2de9db1e3632d3355361e4dbb9edf88b42,0.00013969267611255238
Destination,0392243c08c24092167ab89c95c3ae3ad2c0a67158df4598597b3aa09b3d4859ff,0.00013969267611255238
Destination,02d4dc96f2a7c9e08263bd6476e78e9333b29e25cfeb9765bff69a2c1dc8b962db,0.00013969267611255238
Destination,0309372b1f822d4b6982d628b6d963fa51dd6c18007336ae4dd0b004467408396b,0.00013969267611255238
Destination,027c03012e294ba9abd92e40710f028fda5f021ffc6dca46ef438179c5c31ad79e,0.00013969267611255238
Destination,027d767231f75f2d062a062b2efe074c9361fd97b5f7c4c8fa2134b41cc63ecfdb,0.00013969267611255238
Destination,02b6458eb26f7997abb9be11c244bf44015f85c34710044a3902f3c46ed91f9d49,0.00013969267611255238
Destination,03d2c066c4b99a14cbe341658c09bcd76de7b819a5972500eac2e07dc35fe7fad4,0.00013969267611255238
Destination,034a92e825053e858f7bff0e8d6608cf520fa5da9d1a3d2c8502f69068e02e8754,0.00013969267611255238
Destination,026a3e50b43e60e4a4c76d840a7b28aa56d7c230d2fe545cf1612b72e1dbce592a,0.00013969267611255238
Destination,039021a5b9801f925b4cfad70cca14aaa257ea265cd994233439967311a55fa6b2,0.00013969267611255238
Destination,0310a4762503eba286c094776e0461845da6a0b8f48523543f2a422ea2830a8fb0,0.00013969267611255238
Destination,02bca5e545b5e6f868dd887653c16d57e8e177d433fe455e41db5b87d1bba7f317,0.00013969267611255238
Destination,02ab81bee578b3b09b636fcc5960c8628605532724cb0bdc52f48cd5271a5a6070,0.00013969267611255238
Destination,0382b9a7194d38283bf97566bff2f4c0c8c16646478541a87f30af14cfe3661222,0.00013969267611255238
Destination,02b94f8dd1d25ac262245c8d0b240e8e78c142183376b37cefe8edb6e0c6c8d640,0.00013969267611255238
Destination,03b4a569785e86378eaf6b685f649ba336be14d9a32a8d7812dcae3c81a7e26d84,0.00013969267611255238
Destination,034fb1f39d2161e078cfb6c53a49d758469f69342807f73e576dade06b0f5d7603,0.00013969267611255238
Destination,028a28a17bbe900b7126bd2671e931d64d0b98906a9f6f846f8f32ea95ede2e01a,0.00013969267611255238
Destination,02c94853a1e402c179d3eeb926c0229676965a80ebe9d0301b59ef57f15565a945,0.00013969267611255238
Destination,02d9496a1a5a0ff0ab5a27d3fe7fd0e441536595336b146d831d6d23a4876eda0c,0.00013969267611255238
Destination,039945eaddb2788f1e9422cc6b2ffc2c75027a797842d3febbd33ddfca65432c5f,0.00013969267611255238
Destination,02d310706cf17d14dce6ab1855668420e5bd5fbcbf4b2e4794477baf11eacd83eb,0.00013969267611255238
Destination,034a3f448d5911e531e3862c37c949dc41a4f94f8c4220560a582326d264b983da,0.00013969267611255238
Destination,036fdf30295c3d9c682f294de07a11c65c40fe86a721cb04b061e7248542b01eee,0.00013969267611255238
Destination,03d0a721d9a13d15a9fda3f456e815afc680e5876695aabb0987ab9c151033c2e8,0.00013969267611255238
Destination,03d5b4f2301352bb28aa02337f654969af479f0d3b58c4aac22a0d5b86e496c6c4,0.00013969267611255238
Destination,0307c479b7ce720062d031f3b6b5471c05f46dcaf099901cdf345d0309cb4a718b,0.00013969267611255238
Destination,02bff5302df7932175d07ed06843f9cec58382a40e9d6e08e3c4e510ccff4d7a01,0.00013969267611255238
Destination,0318f775d0b7624302ba448cec6e35649b68ed165bc0700d6cae43e7d35d17eb96,0.00013969267611255238
Destination,022fa4a3d76c4fe8cdabfc896e5bf5605451c724c7cd4f5979a7c0fe2957ba6197,0.00013969267611255238
Destination,02b676996c0c4686f175d040e915d2e962b19bd92d4da8cbd49e7c9f65dbccf5a9,0.00013969267611255238
Destination,03f8b973b8c576e93d5d4b1e1c5c8384fe1f89aa9de198fbf5619437889b21a644,0.00013969267611255238
Destination,036a67c7d200918d2a917f535c25543c9b76ef15667c711fc19f2ca4889d66c04d,0.00013969267611255238
Destination,0360c5a6a875886b1b3141d2ccc0ca77a61130107d0eb13c7a0638c5b21a046872,0.00013969267611255238
Destination,02d7a00331d21b4ed01315911b772e7b8f4f8f579db1b6ce69bf3c1957799444ba,0.00013969267611255238
Destination,03f100591b9cc2d4fecdacaa555712c14aeffc281de160b6a4906547aaadb2ee61,0.00013969267611255238
Destination,03aee1c8e5b11b25934d5a4e941aef143af279c033e95abf2e36596bb072e35dbf,0.00013969267611255238
Destination,02fe66dddb3f74ced0916989d5ddef13f8ed839bba67259597da501cef84898815,0.00013969267611255238
Destination,02b5ec403e9a298a43b3cf025e4e46b2f30ab95cb26bcb5223537fecde247b97d4,0.00013969267611255238
Destination,02aaa6b229cba65b540bcf0d7d6eb1724a9ed72e632f66ac2dfe6e7b3c2275fd93,0.00013969267611255238
Destination,03da0d4d5945bb3742fb5c07c22dcf6b36e17f5601f302f97e2e129f6099967169,0.00013969267611255238
Destination,02711aaf8e4919771fb836aa593c5540915652139193d3fd0bbf5fef26e63c9b6a,0.00013969267611255238
Destination,031a029d20a88b9623fb23254e5a6e585ee633237f2183c345b0f57525f658b9a6,0.00013969267611255238
Destination,0289b841e2d485dd9aa279ddbdd26320bd327fbc9f06d7fc8b43e066f3cc1b5398,0.00013969267611255238
Destination,03b3a32526f05c45b70d02cbc98b475503c3c97e13d9daf15e5cb632b8adcdad9c,0.00013969267611255238
Destination,03ffa28a78ea6aef060594a66ce9209b1fd6201b7cbf1063a45381f180fe161cd1,0.00013969267611255238
Destination,02734c504e4636c4f9d9c3657dbdcc371c2d3a7d6bb14e824279cd69f66d3c4ffb,0.00013969267611255238
Destination,034b0bd81b4a8134b054c06858c9ea2695ea8f67ae0fb30eb6b362868987bc1c22,0.00013969267611255238
Destination,022dc9c1b9732cf08168f0005ce07920607fee96bfa1b91daf4c1eb8f05a6d16dd,0.00013969267611255238
Destination,030fc73fbe3fc52f49fb2b9feed41b62689b53062696eda5a31bf4644cd1bc89b0,0.00013969267611255238
Destination,02e0ee992ee12d5ed05f1a825483c8d514d1dfcede7fd336d4ac0f90ba278a0a9a,0.00013969267611255238
Destination,0271616961c437894e718627e702469629ac66f6ed3ff8cd1e3e0a73371765fbe6,0.00013969267611255238
Destination,02183ab3028fc876a7ced70a432b83c93935120a7941665a99e90010df520164e9,0.00013969267611255238
Destination,021b66aa695a8d939a201118b15e98768f50538cbfe1f718c6c3a1816a8d1a2ef9,0.00013969267611255238
Destination,03fa52a19c86f24e923a6d44744800b4d354382efce0780136e16a4f5ba5eca2b0,0.00013969267611255238
Destination,03fcbf00a68484c8a4d09cc22241360b698e139a095514dfd9356c1350c9cce237,0.00013969267611255238
Destination,02125633cef3e48615802a833fb9efbce7ce6a5e963e132f5bdc959c7c6a6b826c,0.00013969267611255238
Destination,02ba9663008b80b841389595ef64758f9eec868052570fb2a90eb6bd0549db76ed,0.00013969267611255238
Destination,02b7da9f73401ae02d4781ed10b6fde598f567993d45dd4ee9fc03d5c8ee9d9bc5,0.00013969267611255238
Destination,02ece7e2b277d83154ee9c9098db7762d456e2aebc5f7206925d6b1f609aa1544f,0.00013969267611255238
Destination,0326c93a05d99722c5b7eb4c1ab8ab0cfb9947cad069286d1e2944c7e9e16ffa49,0.00013969267611255238
Destination,020a2735dd2776ab180e3d5f3c285e609f745de0496651d05eb2a3def34e1ca5ca,0.00013969267611255238
Destination,02ed845240c369753c662e6514288a2c093811ae01beb3d2b50ba818020d2a9d6e,0.00013969267611255238
Destination,032175977fab393be97b8fe81db01ea0efe5fcaa9f707f5c5e8983a7e831e2484e,0.00013969267611255238
Destination,0331d01a1311f87190cb7c8407ba7c3ccaea1bb350e9fda0237b12a1741fcfc847,0.00013969267611255238
Destination,0323275aec51c5912be718103d2e26d239c477bd7b8a24eef59bcbf85c50735ce2,0.00013969267611255238
Destination,03ba552f02f323bd962a0131cc5eaaded5b0b03ce1ce3f0e828c991239873c3948,0.00013969267611255238
Destination,0382bbeaf6920684efd54608b307d9168ceb450d88941b55df8df88dc6049ec297,0.00013969267611255238
Destination,02bcc802fa6bda919a69250c25b6dfa2f02aa46503ed09e023bed6688b392216c4,0.00013969267611255238
Destination,03e63f11e55fbb2fd54b9ede43300eb3142a4041971bf494fd62c93999eb6abc5b,0.00013969267611255238
Destination,02cf9b8f668d133c4e37b8fd9d14b34c8f70377f3f47c6ed549a568d9c5beb7778,0.00013969267611255238
Destination,0332c1aaf0ea171e5d8c7c0efb9f82b3008481a773b42c3ebd0f333bf9e5d80fbd,0.00013969267611255238
Destination,0307af0bb98f2cbdf027fa8833321214de69fb502b7449dcca428b82385fcd58e0,0.00013969267611255238
Destination,039788dc9308b5905e77826a4d9c1b7e6cd7851d23397d0f57e3ef0cf12928d733,0.00013969267611255238
Destination,03490cd9ba5cffd4aa2d446def79f000c38ac7ece9a7279b06ebaf9870efc304a3,0.00013969267611255238
Destination,02c28080dcaafcf12d2eadad77b96c884fb28ae2a4dad6d2cf916df62db30e6888,0.00013969267611255238
Destination,0379207b7be86fb083c56aefe6b1f7c5d7c1f6d3310037b8e75b3eff263ad506e3,0.00013969267611255238
Destination,0398884d8bddfac789c13451a29fd9cd2de0feddcaf5b94a7d3d755d544aaa2154,0.00013969267611255238
Destination,0314a114bade0bc508d3aa6b0971821935932a45aeca71b504fe6f08c4058f2f30,0.00013969267611255238
Destination,03c0d27a6d52571f23b35676fd1db4d46a7bfced44e1e824758f24fa2e6b94350d,0.00013969267611255238
Destination,03c867a0ac34008a0436ccdd8f8a51365e7cf70e4534e82d008f3e55ea6514fc35,0.00013969267611255238
Destination,021b7464aa1a5c5298885689f0243e40bb5a80713e154103755114d8ca12a3c41e,0.00013969267611255238
Destination,02a80106b6c510c4c145d83bdc7882c70dde9401b6ad19160a76c84c24990a2dde,0.00013969267611255238
Destination,02f78ff74aa2e0a5aaaa86c71a8923fa3baa1d7b820c0453e82cd86f2a636791c9,0.00013969267611255238
Destination,035bb0859a50a15aa8977b973cc71ad1f54adf719f14af87f8e2d006554de5e8e1,0.00013969267611255238
Destination,03d819bbfbe2eaa7085007bb291ea841504e8450ae883335e878f0064f0dbd3f4f,0.00013969267611255238
Destination,02199316fbced0b01d2f0987aa74f1a383669c4348c17ac24b82fcf8146f2d6a90,0.00013969267611255238
Destination,0386b0dec9e07db8d78d6f40d987e2baae8aceb0bc5fec1e18eb5f606c5bd65ba5,0.00013969267611255238
Destination,03b7fc0de1b295d5df9fed256b945b89ec77843cf3f0f7cd0572c56469ac1c68c3,0.00013969267611255238
Destination,027d3f840a33cdf9a089393f841829c655d4251746ea048be611d9989c519db143,0.00013969267611255238
Destination,0365f057d4e318222eef732cab95baa57a06c0ee0d814de182490f912a56d9f026,0.00013969267611255238
Destination,03da8b23c27462eb7011f2d17945aac723a54e42102ae06cbaae1e16144de38b82,0.00013969267611255238
Destination,0315f59f515dda83fa0de6df79d631dc7dfee53422a5f80abf6e87b87e419427fa,0.00013969267611255238
Destination,034bc385daa9b1dd6dfd9ac65711d5a1d53a108713ebf8f3b83523690e12b9314b,0.00013969267611255238
Destination,02c1b4b5669288aa35a8b0b11466388e5c8cebe8d17f6477ad0ae60bca3fc72c6b,0.00013969267611255238
Destination,02e7418aa6adcb97618f3c49e1927eca2c935dc38963e22e799e35d00a0fedaccf,0.00013969267611255238
Destination,0234444ae8d91ba7c019bcbbaf59fc9822f3d3a266274558ce4b2bb0623cc6b29b,0.00013969267611255238
Destination,02ebe22c61a37a27b667f3e1a89287c0c64b96f93d11d066508672e3d65e995ba3,0.00013969267611255238
Destination,03687d61c88c23491b5e426b43f3b49971a718a1e106755821f34f1d1a1f691c5c,0.00013969267611255238
Destination,022316f1c42c310164e0b660dbc9c630d2ffb7b660a81157c168331f1e20daaf51,0.00013969267611255238
Destination,030ac0f610b4f8e0863ec3fdf93a262818e9f26fbc9340ab7a54c3070f654ef8fc,0.00013969267611255238
Destination,02fd2e662b4fa84610a513bd972db64fb48eb5efcb3444054724ed0197347765c3,0.00013969267611255238
Destination,0232fa3a7fc460ea7efcb407233ff4aa0eea3f2a2746ad84e35d9c96d83abfee19,0.00013969267611255238
Destination,02fc2e8e33b9a2e611c5e7ecf04dd97c76f34985c8baa3b388136078aa4b0449ce,0.00013969267611255238
Destination,0215ecddfe06345e9acefbfb1faf064ce2ffca5bab7507043eadbb8ff082f99f87,0.00013969267611255238
Destination,02c6732ab257ac180af7eb9788cf5cbe647b75b66a80a443539cfa063bf3e66688,0.00013969267611255238
Destination,0362a0624fa28c230a92c77e09290f51a3a0f15657e443620d32b333dd2d280dac,0.00013969267611255238
Destination,0268338b189ed3d71fd1fa9870e5b5d496f78599230f3ffd414981618f33c8f2f3,0.00013969267611255238
Destination,02c10d14cf5f67a0bd71248a789539112532a249d68d8efd46c695d1d3630d9abc,0.00013969267611255238
Destination,0374a0c5616119ca260eb754218e7866c2940476c138a6b9e9e5c16fd383e438d2,0.00013969267611255238
Destination,0347693321653ae3fc0f051c231c6ea80a0c12190d1c7f8a72b31a3b79b2041c5f,0.00013969267611255238
Destination,024cea6454b330c186a6c7db8110f8f4791596042ca6d7365ec5b03c75a28cb9bf,0.00013969267611255238
Destination,03ae8a63996a54fb8c2e4ab745073e745d9654ef6b76e128e415874fdc8ef338a9,0.00013969267611255238
Destination,03879fd6d982be84a369368f5ae0f0065c5c3dc15f8b657ba8ab7b25de5b428d34,0.00013969267611255238
Destination,026e2416e8a0334ddc76e957ec803b8fff926fbecdf45bfcd336b2fe11312f0f46,0.00013969267611255238
Destination,035f8ff4c24ef12042273a08e83c4de31506debb86c31b39056fb5b53039f74fe6,0.00013969267611255238
Destination,025507833c7924a2d64f6ea45296615291ac6ab42c51cd2d3e9d8f268e1c1a8556,0.00013969267611255238
Destination,030c5ea5732158b3d7ecb15b4d4da35999d786f33c341a27becdaea4d2e7e09513,0.00013969267611255238
Destination,027892f5df9b775211897e714d45be355fd5c831886e78bea1795eb4616a3ccdc3,0.00013969267611255238
Destination,0215dc24e22168a2056bbad951ddeaf494c7ffef28c3a2eadc48d9552ccc69b989,0.00013969267611255238
Destination,03f2a728c47095026f68bb85716e98ff504b7295816947d0823f8d792dd71dfba6,0.00013969267611255238
Destination,03d20cea620c2e4c7995cb05ad9587d67ea6f054ab93b16c25df43c82238dfe672,0.00013969267611255238
Destination,039f95a09199ea8b7e4219e27cd779d44832b58ee85b8f7d86965361456d882dc0,0.00013969267611255238
Destination,027a4cb61d55f7335a53140894ca5bc530c71b5470e8c82cd4c5111f17547760ce,0.00013969267611255238
Destination,03d9cdac959597685966e2ffce31a00dff02d969c5382839648c700bacd913408b,0.00013969267611255238
Destination,03b847485a3a2cf7d9d162d4069b73ed86b7b4c517043bf13357874860e20c3515,0.00013969267611255238
Destination,0233b3df8172c9355f1a808d5c3f4766813083ff7386190c9f69c9c5a7d00c717a,0.00013969267611255238
Destination,028c17e69dc04d9846861df816de7d53339c555773387a1900cb28a2e2bfd89bc9,0.00013969267611255238
Destination,0329975881824b49dd9a7a9f8b5106cee4ffe4d80575596f0fe318d9859c6fb100,0.00013969267611255238
Destination,031b9cb933a3fd9e269049dc9d5b8e01231fa18752bf2eb1696c22d90a2fd5349f,0.00013969267611255238
Destination,022bce70c6252c6c9198f40f8f1c8bfd2b22975c51b4d222b6743d6736fe49ede9,0.00013969267611255238
Destination,0261ec0a3b6e2fd5101599b86163b9aa160410511f5d31866e8b77ec3431b4b118,0.00013969267611255238
Destination,037368a9fc7eca41b290700d56e1e5390b28c7a3318d8944a1f2e8812a4d1e7bf4,0.00013969267611255238
Destination,0265301734aaa0a7261d3fb7a53c8499eada114d5cc97797029c0b9dc263c3d088,0.00013969267611255238
Destination,0221f3ce3f7d2ac19e9c3deb84bac68d1f4c6f616d49a221b79e84ba2b63c92ec2,0.00013969267611255238
Destination,02ce9aa93943d73e988ca4d2a358945ddacc84e112f2b979319945978b538a1205,0.00013969267611255238
Destination,02bf595953909b6cc1b994928e2115ec2430c2d4a3eb0a1f0fe89b36f5b246ff4b,0.00013969267611255238
Destination,037fdfbbc714f42af06b5effd24fe1ff7de5d91ece6d9a83489d8c1441f1b56d98,0.00013969267611255238
Destination,02add360b297570778c23b8c74ec4bab5612c690d4ae5871842d5bcf314a8bf8e5,0.00013969267611255238
Destination,02108aa19613f51a93910f5e18953c0111cacf9cc0db0e6527d507621f4f54d7d2,0.00013969267611255238
Destination,02f65366476f3b27284125104a028880c83d7b83fd7378243c85b731c8116d6931,0.00013969267611255238
Destination,032246096fcfbc787bdb826bbe5ed7c5edc2516ba5cc96728944a6e386655b3283,0.00013969267611255238
Destination,023d16b75464e939ac90c67c6ee3ae3d02805230bfa0182f0fc7f6fe551ea1b015,0.00013969267611255238
Destination,02a4ee943caeb847398960230bccc19937dd04834e768472b711a4ce0e2c77cd98,0.00013969267611255238
Destination,0236007805088112d7762966d5d509d8a506171a88bf6a79f39320133cf2d9bf4a,0.00013969267611255238
Destination,03665c37edf641aff4606db510774a502798083e4d61bca09baa0b5e49772cc869,0.00013969267611255238
Destination,025ef5afbeab1e6225dab5a1f005b9574460d4d8ad173f499fc15b6255a58d516b,0.00013969267611255238
Destination,037ee4231f148b2c9f9771779843c0883a118909f73d408d970068870900a1f20a,0.00013969267611255238
Destination,03b01ed82152ee1d3d7288cf14c4fa09f15e78d270150e7187717f33330662a295,0.00013969267611255238
Destination,0394b4c7fc6e2ecbb78b0fe4825387d4d5742a8c4240404110377cc72473ed3689,0.00013969267611255238
Destination,02ee60fef298e59b2ae4ff09642a62a1317c7baac97d51b1fc7e5581d1c6fef695,0.00013969267611255238
Destination,031b6b704464781455bc2b2d68311fcc5649f1268e081b6d17e4279ecc1591f4fe,0.00013969267611255238
Destination,02fc92c761013321d1880b5c003556b3238519f21aa5661823e8de006849c4c9f6,0.00013969267611255238
Destination,0307c74dfaf1823e177097d1ac5c64706845220bf70a99a4fbbfa2366f0c9c0926,0.00013969267611255238
Destination,02707ea0b73ae0c318868c47d5639fb78badfc440b7b7c806ba0c0c975bc9cbc97,0.00013969267611255238
Destination,0390822c16135481647a5ad352ea60aa43542cad9a9bc54429e7e01af6c4304c82,0.00013969267611255238
Destination,0215a99e8623fd9709cc0997fd84feff772e7559375206bd4cd0d3032aa821b9b1,0.00013969267611255238
Destination,032a3e7c39432f4609b0bb7f35630ce2abd5e0261d5d9d8b2311c6b8a05c84d5fb,0.00013969267611255238
Destination,03dfd4be058b0644849112ba719d895233f725b6fc2238445615e7901e57e0b27d,0.00013969267611255238
Destination,02ed588d777b8512f850eeb0b167e26fd2da2052fb3ccf7a3c3abae2c920acac80,0.00013969267611255238
Destination,03ae546c4a08383f2eac3d0c91c12f8d2b7665b6f3d260a33f37d7a4f96233df6f,0.00013969267611255238
Destination,031cc118afa42b3cc411ff4cfca1e83fa98ba6513e0c32b5a275e4394efbe57723,0.00013969267611255238
Destination,03ecec065d9a286f3ea0dad7479223e619d439df227ca178d47c19338891bb66df,0.00013969267611255238
Destination,03aee568d90684e97f754a0d01133ff6412c5530a7665856abd0cec1f3f1fabb86,0.00013969267611255238
Destination,023148d9e853d515ba87ff3ad98c0cb125c0855756e5dd811a857211658c4240a8,0.00013969267611255238
Destination,032fe722d02f64cf1e9877e157cf5c1106f21ee414c2249d1b64a0fef20db2bbb0,0.00013969267611255238
Destination,0206cbcbb6d42a350f306947eeeb8fc4f25af57d8d173332b57e1a3fb743b74436,0.00013969267611255238
Destination,02c8b9a7278b6a55a45a6e2b2fd4ce7d400b792cd4df9257cba143f62d0d6f4c15,0.00013969267611255238
Destination,02416502374e1c81eb2e952ce1d69a642b4902d147ffcd2407250114deac2509fe,0.00013969267611255238
Destination,02a905d39d7f97d2aa74dc10772e41e18061462c4501b8e4d7ce24c38f2188a513,0.00013969267611255238
Destination,02798c53da0fefca9bb8d3535b339933655f4d1bc8b59345eefee3a4ec3c67b865,0.00013969267611255238
Destination,0310ec8a7d5067a4a0554c851d311731b244e0a9e5ebcd442a37f6ebad1843b3f2,0.00013969267611255238
Destination,039ae7832f08885625e9e59cca373386c0506bb7e7187ce262ed8e9745b6428d89,0.00013969267611255238
Destination,02cf6919a70f3d09c487e59ebb08f801ec2691d10c5908033ab2ab917ffb29150c,0.00013969267611255238
Destination,02e228d01dde44d09ff93d8c8e7be034d7ff9f4ee1822796a97857a377924aa6ee,0.00013969267611255238
Destination,03c43123aefc252401a256caa4abdf2b41eb7d4878e37aab539602307a03c67985,0.00013969267611255238
Destination,028223eb3b8d5e96842a65736828e14b6285451cbe086d9a903feebf65afc8baf3,0.00013969267611255238
Destination,03e2700107ab7d12173c3e3e74fa7796c8a14536ee59eefe58a79d154e559526a6,0.00013969267611255238
Destination,03949b847fe3d4296aca994ed0fec4c9b0efa82b427f7fb3d20a1f4e1a6e487040,0.00013969267611255238
Destination,024b1403a996b27d44bb4f88f938b93270aa0d0f9c0454c7a193933228931f79de,0.00013969267611255238
Destination,033cff8e80cb004501f93ce1b45cebd08fae1f7cd2152187e3c055cc1f40fe1bfd,0.00013969267611255238
Destination,022d509049e143b1c5fc5383210acb97a3e5a4b0e0d31dd4c920eee92a4aacd312,0.00013969267611255238
Destination,0259e693cd166f34826682e4800f695056ed1c46f993baceddd0c7ea04f0611774,0.00013969267611255238
Destination,0343a47780ac685e337f3e12c707b2b36646df867312b4a6dec9d8a4d5f17e4ddb,0.00013969267611255238
Destination,02897b79f66d8a98548bb055a976776399d284700927dccdb6c3d363845e2dc4a9,0.00013969267611255238
Destination,02731efcec77bafc9389babf2e04fa578cc9c5dd0a805807f70f8ddcb1443d2d34,0.00013969267611255238
Destination,026672a37171159f5c68887e339dcdbbfa33ebfca1f93473529e07b687907c4146,0.00013969267611255238
Destination,02f84866ab6e0545561c5ff510bcace31ac884af29c4557648aeba63c2bec7295b,0.00013969267611255238
Destination,03433dadd3bad0c00c0a50504eb8b4938f6689e9d48e60feddf78256effa20d68c,0.00013969267611255238
Destination,02f3db9e1d8d10a157740f6fefc5a0d9b5996935d90a57f748c62a4e50894a590a,0.00013969267611255238
Destination,0217a75ccc5fa0b0d56c3de5a90a13c1c62fe56aaf3d55c982ff79381268b3cdaa,0.00013969267611255238
Destination,023fc9930eaf87955db3615ec4da0d12d09839578cc544dda4df3218ae683373de,0.00013969267611255238
Destination,020e03b11c78bf51be0df8136447e057298e1456dfe37c983ac13abe899a24c469,0.00013969267611255238
Destination,03c65f59676fcb31951fe4c610f3a17612dc5a5c35d1f03733468e19277aad6f6b,0.00013969267611255238
Destination,02ed11a06820a79fb324ae3d9e206d92adfcdddc7ab87ff4ecaa43d21d4de89d29,0.00013969267611255238
Destination,02d9b93301a6464eb26386503872107e03962a05c59f1d359e184d2e760a623ed8,0.00013969267611255238
Destination,0396361c74640eca3afe8a48e2c5c0ff4a9adac24091d42c665852a29e7b7ddd79,0.00013969267611255238
Destination,02fb3a8392b49d1f02aff91cb47bb24b232d62a4b6ea2b7e7a5127e837b0f17cce,0.00013969267611255238
Destination,022ce3a40e10c7a4beb0d852490b025b0aaf75d203dead5cb28987a439fd7c3f3b,0.00013969267611255238
Destination,03357f33428bf6a9c9006a2be737ef2bfebdb11a7f451c3beacb40739f8dcb1625,0.00013969267611255238
Destination,03eb979b85e904dcda0766c55a0745c6191b1e9f57d12847eca9458b3c86a96d1d,0.00013969267611255238
Destination,02238f0f9a2a9e2b418af6f751ddef43d4d81e6650d9de50480885e62a38a459ba,0.00013969267611255238
Destination,031043f3ece8f6ef0e5aba5e51511c51497df0747b05a1c6ef107e1a7717ea8890,0.00013969267611255238
Destination,031898b33443892817e3093690d2a7b9bd72188170a0e8b77045e55c0d21a8f6eb,0.00013969267611255238
Destination,035aa029eba55cae1deb97b39f6a8ef7754c8b12aac2e6ec7e081f89b15370a5c0,0.00013969267611255238
Destination,02279207a1e4ecfec9e528469273652629e5c54c8bed70a347f47ba663d53c6922,0.00013969267611255238
Destination,03686128db3100e8a66caa3a50943aa72b80c00b3f8700ec01f3bf2e3657d69d54,0.00013969267611255238
Destination,038baffac55a282ae73e0627146a12a345f7beccb90dec07280e8b970a072849cf,0.00013969267611255238
Destination,029105fae590a53a79947514c357e58190372f165113f4133144cac1e70d123a2e,0.00013969267611255238
Destination,03f7cc801b3ddfc1ad5b445f084ffd61fb0605a7465fcf50b6ccb389e50b32262a,0.00013969267611255238
Destination,033c951032f501f20abe22f35296c1ce0455af2a5d8cf699cbf54b5fe5f0d43e5f,0.00013969267611255238
Destination,03eab5a765e59052de58f439aa955b23aa187b47fc21439f62896886949bc4e58b,0.00013969267611255238
Destination,03a893c133cbb14ec3d402212c5b69b507d0f23e601a214f526277b11d655b79e4,0.00013969267611255238
Destination,033dd6e3bed83b1e233f816aadf6f930ee657c9cb7342704797810c79133003dae,0.00013969267611255238
Destination,03c2c55aaafd3af3d6b7eda7c542c1969a206ce5ae34061a2ae3504f2030ba30eb,0.00013969267611255238
Destination,024722a3ac8fd714ca658534611327fe898eb221491db3aaf01e5ae972db2047ef,0.00013969267611255238
Destination,021fc76ea803c7ff989cffb1b52bea96fa8a2c6d1721cbcdc5c0a4a891ea2782aa,0.00013969267611255238
Destination,02433e6029595c26834c3e95b739ffc0c7a59a61de8e0addcc8de704ba73ee5d3f,0.00013969267611255238
Destination,02506e19cd5ad704c8ee2a3b93d043e6c2cda60f1631597ad08346b26ce957469f,0.00013969267611255238
Destination,0225cc394912e01894f1cacb5161fa563eed6e524b231309f96fe746f0ba30c3da,0.00013969267611255238
Destination,0332c3d8f33ec5b214da6057010b6208b26cb0ec756a27eb20b9d0c188ff5d06a0,0.00013969267611255238
Destination,02e49f290df1e8bfb7c995da5781f8a91575236623f704531fa85fc286f15d22da,0.00013969267611255238
Destination,034782c1790bf795dc3e4dc06926a6b74f8d690e7512db864a980b82606cfa88e2,0.00013969267611255238
Destination,030a3af967d63bbb0048409b0adb4f8999eeab7155c3e972597a71b03d369c0d2d,0.00013969267611255238
Destination,03a62b4b722d0804f78a9b7a151bfc690a0f80b1602061050b9b04b3436a46738b,0.00013969267611255238
Destination,02ed897dac171e2d9ddb8c80a2840fd253d67d22b42d4bb94fc3b8f7ca8525f91f,0.00013969267611255238
Destination,021cff95cb091cf8efbe65162840676b02040cdc619fa47cc55d167140efa9fe32,0.00013969267611255238
Destination,025e98a9c4f4603ff668ce456bb89b7575e6667decd79f26beca7ab881da862467,0.00013969267611255238
Destination,02c55b405e1d5afc8d59c38ad1eb089f86dc4a296767cf0bc10bc08f51fb382111,0.00013969267611255238
Destination,028f48d16c9745fead9b87c5f1670a7ceca19014cd9bd037dc4be2906a1d4a238d,0.00013969267611255238
Destination,0368fb3946ad428085cd394f2b2f983f9f6730ca7af8861ecf20b604c4cbb07536,0.00013969267611255238
Destination,024c711b33483b2cdd09670fa220ef7effb7c0340c832df5db64264354c12d7a86,0.00013969267611255238
Destination,03927e57d98bd16ec79240f40a53a993ea320d9295efe7333c343bbbe93cd0f40d,0.00013969267611255238
Destination,03821e0cf58e76f6d763409ba9a115537d44b12c46a5249a60256965bd4473abb2,0.00013969267611255238
Destination,03a06420ba90b084cb7eb73489f3a4343061b1fbce51c495151c8d8bf0b133092c,0.00013969267611255238
Destination,022e63a17038519c55d5bdd4a8b77fb349934c4a812c337da5211b4de7eecbdb26,0.00013969267611255238
Destination,030d7a2ec0aae5d52efc433df8903ace2137db96833f3b966f795f02562cd879ec,0.00013969267611255238
Destination,033eeda30f7738c9c80629fe61d0bff246f48c1fcbd383b36a99f1abf660c8b5c0,0.00013969267611255238
Destination,02db6ade6a9a474d7352d0375dc50b3d04c306e3461ce9d02697306cea289b1802,0.00013969267611255238
Destination,03456e34aa176a6b4e3764b1fb656f0e8fba61db158c728a29d44109bacf4e614f,0.00013969267611255238
Destination,033c87508fcc89d7a01dc9a8a0c1d91874a9db257a7d337dac10cc9c33e9084317,0.00013969267611255238
Destination,028befd7d41a70934a942263138b615801cea342171089b7c2204f79ced3eefc8f,0.00013969267611255238
Destination,033d69e63a6aaf87d59b6d96497207c90c3cccd52853f8dbcaab16d111c64abf86,0.00013969267611255238
Destination,027b4faa23aa5ace29c8fbebc1f6df704ed5fbe0575e0e0634ecbc479491b52529,0.00013969267611255238
Destination,02baee819fed134d148df140b46185e35269982c416e7e47a3f78daf39a6543d84,0.00013969267611255238
Destination,0278bbb976c52e14fb17d67368531a33ba64643a6fffb6bf6c8029bc1e9270a670,0.00013969267611255238
Destination,0315bcd52d1fd69aadebdb0f43dd14844c6a0d8118d8ecf078ac6b27eeb244f372,0.00013969267611255238
Destination,0290732f9772598474d13c4796ab575795b93ceb91db5ae6a09a180c8417dafbb9,0.00013969267611255238
Destination,03b62be17563c3ed4b9f15b0dc6d4fed01e3aa77a970b821c9f89404e1a72954e1,0.00013969267611255238
Destination,0310eb6b041b5e8ad0b19f321683e1e2d4146153d4b33392c02f7cc383e1f3aa02,0.00013969267611255238
Destination,03a0c41fecdcfc70dd4212a8dec6c290415b8f34134237f474c7d1f803621bef35,0.00013969267611255238
Destination,03aa47045c4095baa0a4d69e3c2f304859abae35dfb453407dc28e8a31943b19ee,0.00013969267611255238
Destination,0354e8d36e51d285109ba15d20432ea25dde34f90068f9d8201ee99099b56327dc,0.00013969267611255238
Destination,032c0a2a29dbf91f7a7a5aaa3a6bc700128d398a715bb87453e218092525e137b2,0.00013969267611255238
Destination,0240d316a961d912988e8feee7dad89a24227c953b8c4f9eebe4b4bc524ec47b29,0.00013969267611255238
Destination,033e000f7c6a0e34a1e50f470a038eea019cebca4314d63eff1aea250d8e4b61e0,0.00013969267611255238
Destination,0351d1372b33f7db0f2888e96be4ad1979fb2e17666f20dbeae66a34ac2ac566c9,0.00013969267611255238
Destination,025a62c3ed9fb81a1b5e3d80227beb1ea00eced4aa359a6da2c0ab762b65c7b522,0.00013969267611255238
Destination,02859f538cfd45f2d5f4a6b7697738508ff548e89d1fe725c6d727915f992b18f5,0.00013969267611255238
Destination,037bfd5ef44d99a401dd8358e192a50b0f980622f57261424a3ec6f9bb431173c2,0.00013969267611255238
Destination,022d0315cfe2cb6b9b1616e3eb31b2744ffc525d72e05eb66e30dbb2fefc44f5c8,0.00013969267611255238
Destination,023a75118b00ac011506e63e347924138330293eec94977a725c82048aefbbc883,0.00013969267611255238
Destination,02f910e74c2666a909930cba9d63424df344c50141b70dad151bb12fca11702166,0.00013969267611255238
Destination,0294fd19a1c89a8f69a90a5a0489153a9d2f9ec134a84199e87c47304c4bf2f221,0.00013969267611255238
Destination,03a9197388a32311454717f9044ce2751e116b6f03facd70f49522b1f592087060,0.00013969267611255238
Destination,033bca8ef6e320ada397b0d8d008bdd7fc9cf1485ba29c52dea6d055e1a09a757c,0.00013969267611255238
Destination,02fbb175a01a328a57d8b9a707d519b75a818efc29ec48d4ff7507eeae66e53e04,0.00013969267611255238
Destination,02dbdb833323cf3e7713290f76d96089177752f34bc229b7560b494b52707df700,0.00013969267611255238
Destination,028ed1ef4717411f2f092132a81a880e62a5f9d26835aebcf3069fc5b205f6bd1f,0.00013969267611255238
Destination,03134f6d79996eed596535152035bebece13dd65460c4949cd507faceef156db96,0.00013969267611255238
Destination,03af6b6d1b2c17e803f5b102cd042f2ba62977418e7da2ee5416931ed8a944bc94,0.00013969267611255238
Destination,0386aa645e9abc21e4989e69047eb4da750fc6c5c458ab86433d76e0e7cdf30b80,0.00013969267611255238
Destination,03bfe283e94ff0d6df5a9f9ff4f6d7cee6b4b84f158d8cddaad639578fada34485,0.00013969267611255238
Destination,03d829f2a214473bd6300f3b829c8dc5755583f2113deadf4b75dc83da2c4ee149,0.00013969267611255238
Destination,033681a92e71ef203155ab0a336c218d541697bfc69d32f070beb7845d879f1ed3,0.00013969267611255238
Destination,03cf2c6799c0342b11887ce5bfff1492c2295754fe4c33b0a6b86426adf6e4bda0,0.00013969267611255238
Destination,02057240f617091dedd1bce0da761eeaf1809ad9e131771cf1f34858955e2a304f,0.00013969267611255238
Destination,024188028817022670d2ace78c90f1f69a54e064263914d7854ae44862a88fe300,0.00013969267611255238
Destination,02eb751d26ab0359e5c076e2c4821dfd4122966e1e78c456119435e781a2343e39,0.00013969267611255238
Destination,0219b2e8898ee01afd30c4e95a7481e724b56c315c11ed710044575a74626c944c,0.00013969267611255238
Destination,03d92b15fe182940c677d0f8ce616aa694217f5274e17fc24fd4e02f5f12e3ab59,0.00013969267611255238
Destination,039981e0686cf786aa78797525d018a533c4ee2a420bab047391cae19ea449c307,0.00013969267611255238
Destination,02bf398ae45bb6b3d2fb1faeb4aef1f6f9e9b73a4d7acbc5dbf2fdb1ab3d734c18,0.00013969267611255238
Destination,03bb7206e2e50e7b2aa8c263f08d994ea6c3386b1bf2c124acc3568e077c4349e4,0.00013969267611255238
Destination,0218ac64009ab1322f01bbf3103771b59528495f6f32711bfadebfafdb63cee18c,0.00013969267611255238
Destination,03c032d577923910db0dab0d2f66b5f1401f4a628a125535beb1e6cba78c231f8f,0.00013969267611255238
Destination,02462b5bca3db0753aa65e71c9d49ac83d65cd787c4295c86284d0c3a2b0f98f3b,0.00013969267611255238
Destination,022a1e66cdbe7739b19338357534c99a24a2a1fc0677b08fafc7f10753ed28cef6,0.00013969267611255238
Destination,024e6f7ea0ae529e30db63d6ef1deb743af2c5efd58a78837371fccb5eba898199,0.00013969267611255238
Destination,024026e7e6c92f48df9ffaf5c01ff1d6110cf74b99e19a9436e62f1681695bcd1e,0.00013969267611255238
Destination,02f476643b14036bb9baba345d61accc20f861583d68bd7840f146dd5deed4c81f,0.00013969267611255238
Destination,03f033236fe5af5942175eaa0326fbd493abc3423b2416acbb1b41184bb1019718,0.00013969267611255238
Destination,03285b65f21af4eeedfd3f7e270eda80cdfbd237c7313870a5f522d3acc169d32f,0.00013969267611255238
Destination,03c2abad46160f5c51acdd45292861d48816f24bbac93dad85efe0690f6231fb55,0.00013969267611255238
Destination,031e54cc958ab7867d098c3e300878eea05a441f930f7f3189d3731553d5247b89,0.00013969267611255238
Destination,02862e5864dcfb31b777ffb11ca690ac59b896c4ca718bc18319b56949d3d44d9d,0.00013969267611255238
Destination,021221ff0c6abd8a4169d09adfea589d7f7c62911c390724537ca16828a8e1c4a0,0.00013969267611255238
Destination,0320087f97186e6eaac8c12620de71823680076f5407ac3fc98cd4b8ee3f114bf4,0.00013969267611255238
Destination,03bcee3d0911944cba06aff72c8b05e22e8cf5d2d74a92a337cc510749460c9465,0.00013969267611255238
Destination,0222ad16e6fd93cb57f36be279aeb1972c9d4fc19974a5cb1b4605c42bc53b2146,0.00013969267611255238
Destination,034f39773a250bd39a703eb67ab3dc296ac83e6f02adf4941de3249ec30e513f16,0.00013969267611255238
Destination,0276e7a080aedca47faaf1f58b130bfb3b8a2de3e20d0008e415190f0fc8322928,0.00013969267611255238
Destination,0315b826ce97e99d2b9c9734c57b575e74be2d56eb219779858a338f5247307fdc,0.00013969267611255238
Destination,039a2a77b9a1ee9b57a201e4230bb16b07b0d8654e10664710c2ab66e66568f9ae,0.00013969267611255238
Destination,0240f910f0ca3b45ce7493d5dbd3fceec82378d0886275843db22ac9239bdbd497,0.00013969267611255238
Destination,02ed09e8fb8f2d2de638159958a108b1c374830c55f3ff46275b010dd34cdfa50a,0.00013969267611255238
Destination,03fa79fb7d88d250a79976000d6fae4d47a4d923b73bddba042474582b7dbbe076,0.00013969267611255238
Destination,0362a9ae09629670a825a8a461782828ec5819f1c733ac96696f8b7f1c1b0b31e0,0.00013969267611255238
Destination,023730a2241aaa503648ef51668ba36a56377672ef8638672c3cd39bc3e2a14721,0.00013969267611255238
Destination,03561d4dcc14a587323afd29704f702bd51d30903a208c4021360f0e124ca31dd0,0.00013969267611255238
Destination,03343fa29764058b0f0dc1afb202faabbbf46332f48ce42e39ea9a9b569bba1d57,0.00013969267611255238
Destination,035cf880cf0ad052d0f4fd2ba54c1d15d22b97951b15194fc4e27e485b977a0b91,0.00013969267611255238
Destination,026a8cfab2f7cddf7621171f7abf79b7825e5d284ab3729853272c58a0f2ac96fe,0.00013969267611255238
Destination,035df40d260523db32cc90dd178176d60965e23b6abe076861909c40aeb56120ff,0.00013969267611255238
Destination,02963d1d5feacc58531c4e80927728321626eaf2c68e50e5687b3ea77866c160ee,0.00013969267611255238
Destination,02c5898e90424d4b9182ddf2d38f9349713a77c0f731b9bf955bcdbc0dd64942ee,0.00013969267611255238
Destination,03cb8d1a782babd2060cc0bc953da81616ad6c413b4550f9027df70e79cb7f77f2,0.00013969267611255238
Destination,026d913d02946ca0539d09934ecf3b93584f7bfb841adead2c724b98652984cdcd,0.00013969267611255238
Destination,037808a32be71ce0201ec04d1d975ef1fbba5c2a8cf83ff136d580ddc08b396187,0.00013969267611255238
Destination,03d1ae5acbc2819539ff4d41d1c65683558fa9551ad6156e60fa215fa6449c7791,0.00013969267611255238
Destination,020b1d32cf2d8b9001f9eb183379417d8d136c86b45bee59e2bf2b83e3fba9aa65,0.00013969267611255238
Destination,028e31b583cf30de16ef8859579428fcd5cad4c539e279c4e6b51e8bcd2518879e,0.00013969267611255238
Destination,02e2bf9e87c7ba0ea046882d9b3301ca9a3b049aa920dccbd836c4008eac32d4e5,0.00013969267611255238
Destination,033aebcf40b7c3ebe1a051a85c9317541536b29ae8241b9528725905095b24f03d,0.00013969267611255238
Destination,0220df632669ab1d70caa73eaa9d05edee1fcf27419163e0e78d259e4c8e8e9337,0.00013969267611255238
Destination,03e0b4bb27b9466ad58640805f7dcb370dc46998eca2f498ea2a66271e869f806d,0.00013969267611255238
Destination,021691a57faefc1910e75355ba79b21502ebe0852fc496374a14bb9884641cc4f4,0.00013969267611255238
Destination,02ff794247957e4a73797ba3edeb00ad16f18009fd0556763fb4d2a135ab528e72,0.00013969267611255238
Destination,03a804cdbf925012509789cfd373b96234c8ae8f38cbd6c852c685f118d68aeec7,0.00013969267611255238
Destination,025148d53c5b71bb8e98cd71d8b663beedadbd296f5b462741d0b6cf84ed117d06,0.00013969267611255238
Destination,02721f94cc322fb4257d81ae6ce05fe6169ad5e67564d90119e838f021d5908382,0.00013969267611255238
Destination,03813340301bf1db3ebeef455b0f07fc9ca4ac98087465732afeb44ef57377e62b,0.00013969267611255238
Destination,02d5dafde5130e2a8463463fbd9cb72a26f88a8ed840e4c2b7ddca3539caf81122,0.00013969267611255238
Destination,03930e706cb05af0b8e12e59c1eaa2958d7393bc4250a7581c876f65f211062328,0.00013969267611255238
Destination,025fd943d63581e039a62b748c3435c179357da4b2db5cddf83e066bf6936dca00,0.00013969267611255238
Destination,029f430d501c4b8f4fa3db11389f84be4bfce455ad056df87c8644c66cbf85d05e,0.00013969267611255238
Destination,02f4e1fd5a6222035a30f0d0d077918576a9a53e69eda7208d34dbdc24c8717d2f,0.00013969267611255238
Destination,035a7161b3f8101eaf34981caeb012d332afc03e4586bfab8a26b331c9b2b844d3,0.00013969267611255238
Destination,0204c9def9eaa9f467fde0df0e889fa593078aeeb6828b7e71fa39c36075a42002,0.00013969267611255238
Destination,020129a90672158cd9c59acc6f1c9ae1e460c92f28b33e2339882c1b388b45da9c,0.00013969267611255238
Destination,0317b6b5d63d0bb0b819d94782be6641af46297c58bc9ac72ffc70786102892276,0.00013969267611255238
Destination,02e671c2f1c27a680e3876f59cb5b70b6f824451b3e37312b9d4d8e855068fce9e,0.00013969267611255238
Destination,03e8c48101365133aa9cb248784bedb1abaf3785ba6137beaf4474b20438f4a189,0.00013969267611255238
Destination,022725f2c95caba8c191eaf7d5b32674e446b4027f0afe7df39b8d437c4a4fa292,0.00013969267611255238
Destination,02bd826ba381fa913f191d9750e9bec8a5ca5ffaa3fd226f8822ac86664d9beac1,0.00013969267611255238
Destination,02720532ca693d59de22c1c059498fa8fd86d28121d298d6531953ca4ff21caad8,0.00013969267611255238
Destination,037b61ffd0775bfb485bb6e4849bc6a6516bd37a7cc228cb893d1acdd36185634f,0.00013969267611255238
Destination,032cccddea0f75ace1edad9d045865a1a0447f8d3a218f008e087f862b7ddb4e6b,0.00013969267611255238
Destination,02f1acc53f20fbea9d73fed77ac70a555d2207dc2c3b371c63f8686d16a2174d6b,0.00013969267611255238
Destination,033f9f71f1b8dd7060c287a17fa9de26d8fee81df0f811b4a2c365631fa3485621,0.00013969267611255238
Destination,03ce3679664eb3210fe74c3a867ef03ba31fa33e8fd523bbc3c9c307397ca5d874,0.00013969267611255238
Destination,0371b9ff705aa4d624d32e1323a3b0fe2aa989a399a529a2628e86b519f3aa718a,0.00013969267611255238
Destination,02a75dfca117a626896bd1299a96682cff28da0b62ba7ff05781054f726cb34a91,0.00013969267611255238
Destination,02c13bc2685cfe48129405eb8a56a23955d08098b7dce96c3360189b177a5edd12,0.00013969267611255238
Destination,0202cb8bd84def2572449b28f6dffbffb16b4ecbe00c32d4c02a6e9b13822e71d7,0.00013969267611255238
Destination,03928b4b7cb8199d11b5e0ddea7fefbbb33796a763ffa1837f875cda5c7fbb08a9,0.00013969267611255238
Destination,027d4b3fb26b629143567e37ffc7ed3210a5206bcb2e7cb42403dae4b60abe1871,0.00013969267611255238
Destination,02d58b8a27c8fe982cf37360ec053ebf672d0274817d77c0e9ceafb65deea9a5f0,0.00013969267611255238
Destination,032774926f388be5d394c5bed86b5ecedb6db826d87c07edc45e5e914ed090c861,0.00013969267611255238
Destination,027d4f8fd79e846b19c36891004c4e1c02e4ec6452112dd73a5761c971cf880ee5,0.00013969267611255238
Destination,024acd1c8d0e46713ec76cbbacdbaae7f394d6cffc0509d7e42c21e2822879a06b,0.00013969267611255238
Destination,0359d338d993fa339e21c0fd0320219144e3fb17efb1075d63737a1f99cbc22a31,0.00013969267611255238
Destination,02f8abf84b102a61b7fac723fc4ec88eef2c1c5ee9c80ba747b82942cc2d819cb1,0.00013969267611255238
Destination,03628334a499105a1d6d6bf07abccc39d8514f613acff3b626e4fb68f9d3147c00,0.00013969267611255238
Destination,0286b94884062d42deae42d1a1f0200170e672c5a902860c2ef712b41b2404c56a,0.00013969267611255238
Destination,0309232945ba144f970177f6f9067ad127e879b3965f440221b94c08e748bee2f1,0.00013969267611255238
Destination,021663f2ad55dd39ab708992aa9934bfc1635885a47befeea9782c42bcef9e9f0b,0.00013969267611255238
Destination,030a0274ea8e172060973a34d0d81e55a67e8ce22222b0c50b626ac5dd5d8dbf5e,0.00013969267611255238
Destination,03bda4dac5649f52904fd2ec23b45987e968649bfc9be728a58eb7efe48c464013,0.00013969267611255238
Destination,02635d17d294f7f815b22226b3ca9126680e36bb8f42b3d58b645a03ce8aeb3283,0.00013969267611255238
Destination,03d4c251912853b05a5b4ea35e31af5e4dd1193a6cc38a3b2930c8ee35b14028fc,0.00013969267611255238
Destination,03730c89df450469df06cdb4c34e5744222edcc10772700934f98486d980310a2c,0.00013969267611255238
Destination,032a61e216d5a0baf9d597aae9ee20645f280c6903841ba2b2371cac8c0591d1b6,0.00013969267611255238
Destination,0361e3cca1fd1ba3d44f0c8db3f5e426b74ee5d2addda2aa4ba31fb729a39661b3,0.00013969267611255238
Destination,03b5006b578f5b113d8031c6a671ae1e135e0de4c010087e26ee7442e10cb563c5,0.00013969267611255238
Destination,02d2db4bed1189e106f931732cdd26a1aed0ea937c237f55b40b65dace7df9ab95,0.00013969267611255238
Destination,0292f750ff520a92b9eca098aa3f05aff2f4a67d702f7d1882c71e538d13add7b6,0.00013969267611255238
Destination,03b28291001487066ec6c77aacdefab18904ead41f951d329d50ea3a4512ee98e0,0.00013969267611255238
Destination,032842adb8bcc9e1fbc41ea54950a523744d2b834af0c089b9dc8884cf809adb11,0.00013969267611255238
Destination,033b1f6009f68afafd62c567b81233d56b56ed0ea7007eae61b7768106850b0aa7,0.00013969267611255238
Destination,028a3c1fd78290c989e73314e21ba855e7c9d8ecd4f5295738e90b13f953043547,0.00013969267611255238
Destination,02dd6c405b7d7e10435805f07e8908e0d19d54d9d2061be302e210ec2e54c49c61,0.00013969267611255238
Destination,0256aa1e6b8bb0546dc60b5b6074b7ac031344a43eebde126fd930ae7e0e3d0ec7,0.00013969267611255238
Destination,0265e09d24b0aba646e8e416dd7e02e8d942decf59ad62955c8106bce2b8082891,0.00013969267611255238
Destination,0396f85d0826607b5ce1c8eaffaee0f30cd224349f2c75a0ea8dd87d00bb77e59f,0.00013969267611255238
Destination,031d5e427abad6a2aed64fc790f0aa424831cb487ce64d74cc17759d2c8e59bb4c,0.00013969267611255238
Destination,034025d58117f4808259dcb9bf6b37330b2bdecefbedaaa47a0bce4ca79b97510a,0.00013969267611255238
Destination,0295455c9cc7cdbac4ce47e5d74290ffb26d6872340f98ee4bca922326382d017f,0.00013969267611255238
Destination,03d51dfcaa0e0e362a047185d0f018dbfa1660f12308e4ef6babf61b1a0a71473a,0.00013969267611255238
Destination,02dbb4579a0af3ff4e6fb456783b763ac5896f1e4397d1502a880c1dc9d6686909,0.00013969267611255238
Destination,0210b92e257e57025bf9dcab45c2b5dff7eae77c43699369edd943b130e0693f49,0.00013969267611255238
Destination,03c7b393cc8f948f675e7ee1d222b4a7ff01126a66b0872e3f15a81becbea93ef1,0.00013969267611255238
Destination,038feca33faddc90f9a62076ad33a1ec3c7d260849434b89848bed0125f3e518e4,0.00013969267611255238
Destination,03e7805f7db464ff922748182bf5ab66a74e4439771e5d090c4bcb1aa8c84d7fb3,0.00013969267611255238
Destination,02e71fd624c23fd99170d2138102b9ebc32fbe781bba675c0ec601718d9b2810a1,0.00013969267611255238
Destination,0253e62868531838dbc07cd2d7b0d3970533777c5bb78dbe8238f03fd6fc5d6a1d,0.00013969267611255238
Destination,02543ba64ac295fb8d59610faa652af812694561eb29bc481fb18f799844cef847,0.00013969267611255238
Destination,02edfa2d922363bba99aa42557f82f880cebb806ae3c14d42ca8e196ce25608204,0.00013969267611255238
Destination,03cd041b1b39e4de40eb9001d3eebf6cc27a2528973e363812e5931a3028c5c7ad,0.00013969267611255238
Destination,020284ccf92bfded620df993909e1ef55282725adcde48dc20bb3754b004427037,0.00013969267611255238
Destination,03795713f1ec4261acb727761e0818699ebf3848c3313e8107fa34e8cc8f543a1e,0.00013969267611255238
Destination,02bf457d8372ce18f444715e19324aa47bd1125b5c817428e43f1314db92cd13e2,0.00013969267611255238
Destination,037d3bb0edd3eb5e22aa0ece7ecb2cab7323ca2e768717023c015752c47267c7de,0.00013969267611255238
Destination,03b5dcaf8d988e139cbed65c3f48fb553ad54b4565e7c2531ab0319b156b69d715,0.00013969267611255238
Destination,03658e1736c420c07e4636eb2a7521d617dac34ad7599f6f9e5cf6dc028ccef9e6,0.00013969267611255238
Destination,02159c81c5fde1dcddff8130ea45321dd701840d8e0c3a46c03f54991c4eb2e475,0.00013969267611255238
Destination,022c3ce1e4304aaa6762ff78aed9fca0afc08f928d78208d584150e52a1854196f,0.00013969267611255238
Destination,0367390e3a95014a713e8320f4d454a2d75be37d7204ff710319eee2d38299258a,0.00013969267611255238
Destination,0310a347c1be4f2b3b55e63f7f1e6a27fc3717cec5e256496fe710e973d8f40001,0.00013969267611255238
Destination,0222781c89319c5964ed28b75876971fa82dd55eed93c8ff6cb2857e40d76cbb37,0.00013969267611255238
Destination,023dbc829f93cfd3dd590ebe0496cdf25114cd14717ae0a4209cc3cc864fb3a2d7,0.00013969267611255238
Destination,02c948eabb06f24b0ecd44298d4195095e431ac8680a6890f291546de57632c6dc,0.00013969267611255238
Destination,0286a67d2d17274312e9c230f6bec5111fbba19ded43e5b4504a2d8b2b0703f410,0.00013969267611255238
Destination,030bc9e8a4048ca8337ff48363f643840e3333fd31ac36316b55ede34ab9f98d19,0.00013969267611255238
Destination,02bc079534c5f19c8439b0f73b57c3c23d51b2304074e3b7454eeb6474803be1d6,0.00013969267611255238
Destination,021ae1e5b99cd56ffe5040e24bf8f00ee394393e01c46d713d181dd7b2a17f236c,0.00013969267611255238
Destination,02d5cc417b20f3c158986f97f1cf3970bec05f1e26b52b234ee22eec517461e8a5,0.00013969267611255238
Destination,02321e8f1301fd95b93b2dc68049b8d457c9c941352ab93cadd94087ce57aea8d1,0.00013969267611255238
Destination,03836c54f1dc73dae4a5dc66e63ccf4ee56d36e54b5bc26fd2178d8c229405a7ef,0.00013969267611255238
Destination,0246e8f06ef0e7a42d1f1adce6520329312851513452a259c7bfbe648233208d80,0.00013969267611255238
Destination,028ce75f63605e81f9f2ae54fd4877bec21e8aa60c4e448b45ce4b86bbadce7d3c,0.00013969267611255238
Destination,026a46e065bd5ca228c2b58486566514f073a48b99e60b53fec9fa1d6856a57489,0.00013969267611255238
Destination,03159a0177a176c88a6089cbf06630eb0cf6c8288606495eb3506e50d51d93dee6,0.00013969267611255238
Destination,02a4be6e6bbc1bee17a8c4b706ff9fbd276f7aef44aa18dcf9a12b7bfa703b8a3b,0.00013969267611255238
Destination,029d944b8dbc8696177663c800dec674f98c909e6a038f79f7d8c6b2b5f1c3b54c,0.00013969267611255238
Destination,03916fd08d729ca61b149577c7f2d94109fab87ced92f0fdf9db488f1a402062a5,0.00013969267611255238
Destination,0225175278a7714738a9fa2a17cdde1d1e98b19909c82c83c9023681c638aee383,0.00013969267611255238
Destination,035d38b8c2b7c9debd6828b514d08fde8d7c23ef2f436bed70f5c1ffc4415cf954,0.00013969267611255238
Destination,0349697734dbd497aa3139fe099bd5dca259f464751d3daf6cf72e3c7c7faf68e5,0.00013969267611255238
Destination,03a7acad9d2435feaab67abadbb6a0ee2e80cca28686945717832fa7aa04b78a88,0.00013969267611255238
Destination,02043bfe604fea62d38c9e73a76db3a5becd266a0ac8bd3c0d3fc04b61ac3d753c,0.00013969267611255238
Destination,02ce3eb22fafb1097f6fe58d62f94aac50da8d141373219671974010e9db8de15c,0.00013969267611255238
Destination,03a3e1f40f49840c720d971a3b2771ba43532cdba4668a208c85241e82762dca68,0.00013969267611255238
Destination,020805806873f15859492d9ed1c7bc574a7432cbebe6abf13ce96518c8dcb589d6,0.00013969267611255238
Destination,0202ebd010a208703ba654c178412c23a1e5ca5eff7eda2e46599a1e63b0cf5265,0.00013969267611255238
Destination,020d843ee4debb09feed3e6f7dbeb730f06edd6b4467aabff8d7127628f17b3e56,0.00013969267611255238
Destination,03d8b719201d55dce51454b15c2f75c666bf9057152e3e39dbf5fc8edb0c6894ce,0.00013969267611255238
Destination,0328dde826ad3d00b8160eec8ff946c206f8289e9544cf227a04b425e0ee7f3488,0.00013969267611255238
Destination,03084ac386ea2c20ee984cdd102828d7359b82580b8658e8164970385ef912de38,0.00013969267611255238
Destination,0240a6568e807179a2b61e27291af01310648ce541992b2dc137ce454941fb351d,0.00013969267611255238
Destination,03857f8a9626a9f20a0bab096956abe50aeeb3a67fa33735f939d64df5eeeb7cdb,0.00013969267611255238
Destination,03814103e9a95e0a1991fc7ff590e7ee8e6ad75f7348f01d30ee58b71546b3c942,0.00013969267611255238
Destination,02824b491d1a2199ff87eaf42b2f0eefc25d7198ebfa8c95565acedab01f2bb00e,0.00013969267611255238
Destination,02b7c32c923a175afd01e86d9cee1bf268c46438b5acaeca05859f18df22f52aa2,0.00013969267611255238
Destination,031ff1fa0ce00bece0879270798ee06d29a54f54e9a4ac632beeddcc74f000e217,0.00013969267611255238
Destination,022030420656ec11a47fa4b5a4dfe397e31aa53b7b5cc34942c7236845672f6215,0.00013969267611255238
Destination,02dabfcece1cf3abb06076d60b8773713a890aaf88ac2161cb90d6a0043a7a0257,0.00013969267611255238
Destination,03cb89337b773120bab0afc8c02c9dbe6862e6643555b45175d5d751d72a15ce31,0.00013969267611255238
Destination,020f8d5983dd862dfde6e78bda53fa4ab487b4258d01ee25d00039c019c3888295,0.00013969267611255238
Destination,02a8e00f0b1b42897beaa5fd37560b1ea1b0dc3c07062bf5a458d11020c81cb314,0.00013969267611255238
Destination,02b3969ad5458a63749020af4185cf2e7511ca99626339028dd50e480cbdcd0a8b,0.00013969267611255238
Destination,031c447dabc92728b35d9cfc271842b6c1173e59e5c44c65c245446bfa07945916,0.00013969267611255238
Destination,02f8c6379fce7cc8eb2e0be16fe5623f6b93a724dfb7428004c51ebfa28ef53e39,0.00013969267611255238
Destination,02d38871e8be8431cfcec76ed5886eb31cd9dd48816c9eabf3d2cdbd9a998b7428,0.00013969267611255238
Destination,02469b5571b17f8abe3d0a1b18c90055321dce8ea4acb0fd6792d4442a590e6b44,0.00013969267611255238
Destination,03e70f6c4c538d1857ea33e65146d7a0f51d801c91fb74779c2f7d238a425ac9d6,0.00013969267611255238
Destination,02fb79c3a9121d85b126687bd111eaebf21aaaaa5cbf232e2b6c3bdf8803f40182,0.00013969267611255238
Destination,03d6b14390cd178d670aa2d57c93d9519feaae7d1e34264d8bbb7932d47b75a50d,0.00013969267611255238
Destination,039af365f0b2c9bcfeb7fb2db60e1972d2ac58e312720879eb6f755f9b800ef3be,0.00013969267611255238
Destination,030c5e46cf2f62755fe597c47ad87094df54514a10da5af221357b46a8e8ca0178,0.00013969267611255238
Destination,024357f94113989d75c146d07b3ce3b24b7533283f61abf4fb888efdcaf16cdc31,0.00013969267611255238
Destination,0229715d85d30a71e3714debecf6d1a8f9afdbd3e1e9b79ba27ae9efa12bbf4105,0.00013969267611255238
Destination,02aa6b03fcb868cd111d95d5e3679e9ec3b96fd899266beed66463a076e79b06e9,0.00013969267611255238
Destination,02f54386746f6542e8449eb336ad162287aeed8314d65c9eff4fcbdf094e4e79b6,0.00013969267611255238
Destination,03a187e92d850d81d15e5791d4d773940d0429fca5533e293d8cbd093510187fa5,0.00013969267611255238
Destination,030e0078ed41e4920bda7025be1eeb5d7cda6202e1fd31bd32520da103ecc87d69,0.00013969267611255238
Destination,022068d13dd2813e4bbfd72f1e5a27e3c04ce23362e8491d87006e9741c8695f9b,0.00013969267611255238
Destination,03fb64900a7647b4499a88a6c30976333074dad3bb7702d0219bd84dc4ac4a241e,0.00013969267611255238
Destination,03c726365d5e1613fe1289508bc494cc8d67a8f25793b22d543707e3bd090a9404,0.00013969267611255238
Destination,0245c76eddf79d946628515ae470a2458523e6553c393311ce163fb96596af37f3,0.00013969267611255238
Destination,03c63f25b2b991f0e8253eb45054be6a47e0467b9532c02c779b204a87004ee7fd,0.00013969267611255238
Destination,0394a8619decee64ceedf54dda0fb06f3a912fff236824d3b913d3a4e8a9f5f703,0.00013969267611255238
Destination,03d2d9b865127074632a6b8f8e67c977e9618b55ba0e7d9c005011549bd6ecc302,0.00013969267611255238
Destination,02e7163efc0595c8a25582aa39a8d477598084a4dd80fe11fca0d92a93ae6ae236,0.00013969267611255238
Destination,0396ec20635d4b63d884d2737a838e7b0329e5ad44782b8321d0773541d0bacab8,0.00013969267611255238
Destination,03846b1ddaf23b4f1319cb1fbe3286ad24655824fbd6322d18f7aafccc6a9f45f7,0.00013969267611255238
Destination,0275dbd4d6cb62870ea7c9f689e3d17c31b8bcfe8c43c67b7f1e8194019ef74a2d,0.00013969267611255238
Destination,0339be993760b0bfa4d45f775922d07992d19d9ba77faa4af6993d71e10404065c,0.00013969267611255238
Destination,020dc414b3d1853316d926496c6a226149a34dee021131620cf0a0dc498f8f4a5d,0.00013969267611255238
Destination,038fdaa84188212e7aec321d443c3206a3ea4e009aa41f37be194154b1be6726c1,0.00013969267611255238
Destination,021caa930b57a42c58ef86a099c7c136d33f37dc346566a1dc33393ceff238eb67,0.00013969267611255238
Destination,039ce84f34205c2a730dc5c2a5fdc8d092b9f89d253d6fe1ac03a9ae8b6c47291d,0.00013969267611255238
Destination,03994d4c9051a52687262f46da8c5f3994c0fa31b8d51325e7989bbcf29853847b,0.00013969267611255238
Destination,032f46d1e9a0c0db99cf788ddfd86d815be6e9d752af37f4cef5a13a5276af7004,0.00013969267611255238
Destination,02258ef4b60edd70bb5b004baa2008eb974f8972f516a414627fe83fdb6ebef60c,0.00013969267611255238
Destination,03dc2d618c677cfc6cddc77c3b4891eff8582a9626cdb79787e09ff7f8ed20bfc8,0.00013969267611255238
Destination,03ba55d04cf42f4dded663d046ff11f1ee44dfcbf284e1bf8afe564af41a172a3a,0.00013969267611255238
Destination,033d8656219478701227199cbd6f670335c8d408a92ae88b962c49d4dc0e83e025,0.00013969267611255238
Destination,03518cfddeb18d50db01fc316984bac961a6d978115a52259cd5d2e47fbe363e94,0.00013969267611255238
Destination,02077dd3b609b3c19afce0f86575b2a692332197ddc99339cf5dc89dc38b82bab1,0.00013969267611255238
Destination,02731e5c9370a8d08bada7887e761721bc9d094120f4c8c11fe9d980d4cc1c0473,0.00013969267611255238
Destination,021e08c4621d5261e6e6375078ac162367ac7c2d5021520f598c94953895b581d2,0.00013969267611255238
Destination,03425bb03614335589b053c57b82884adb6256f8a5fceb0787bc7fda125560c9bd,0.00013969267611255238
Destination,037eba2193fe30b8f875cb2f8ab6cbae20fd71af8eed7f5dca09974f2df9440529,0.00013969267611255238
Destination,02c73c8ac3f37bb28d9fc3819dc17baecdf24b137d476a2a9e22395d490d842bec,0.00013969267611255238
Destination,02c49429f3c6ff30ed43eb08d00325f5d83cbb059b5b69d674c4b602c606d315c3,0.00013969267611255238
Destination,03b5205679a18b4ec927fb828cee744b5e2feb1981661bc652bb195493164a0f02,0.00013969267611255238
Destination,0210c2b9701f3b7c309437c73151b952f11c1f53e236aa40316a042945cea5a600,0.00013969267611255238
Destination,02d5246fa6bccbb80732146e198d243c49348a29d847ca8486742f5bbec158744f,0.00013969267611255238
Destination,031429f90b6abb03eb3329199a58434a491faac7a2294f4ff43dd0a3d3eb4dcc8d,0.00013969267611255238
Destination,03f4553a2e6092fb7c03e7c4041451d9946e7326f6bf2c852278dacbaff798a4b3,0.00013969267611255238
Destination,025f806c1c21db29f0a5d8ede16c6b21d9ae6c54b66695a4a9669f943b9993f95d,0.00013969267611255238
Destination,0302a55bff0c4f02483bcdf602930ef94091eadd1ab42aa5aac2364a509526bea9,0.00013969267611255238
Destination,03649adf3a6e607da302294c168a0971388080422cfbbf53a9f5c5f8482aea9a80,0.00013969267611255238
Destination,026c407fec5bb02330beb3d9746b410e73cd471b926d5fe2b7e57ff9613648005c,0.00013969267611255238
Destination,03c7bfbffe406f771f3cc4eb45813b68215b52cf55c23a56decb239e847decd72e,0.00013969267611255238
Destination,03edaa7827506a7627e73f5ec632ca3a10e186a7b3b4313fa3893c2c58dadce52c,0.00013969267611255238
Destination,025833b1cc1a52ce68a09d8088ec7281af46849444e9b1b83261729e086e366264,0.00013969267611255238
Destination,02aec9e41abeb523be04d71cef66d7eb319ea584a17a3ee90deb24ee0f1a39592b,0.00013969267611255238
Destination,036b40d18e6d0fcbeaddb4afa6f0ecdba32018d8ac28076e51bbbba415266e3471,0.00013969267611255238
Destination,03f4e34609a220e36157b542d024fc1d9fe145c436dfcd00d0162a0edf2d4c5f00,0.00013969267611255238
Destination,02992960012262be5891d59080007d18c85fe7b9b594198e5aaff9f5291fe32742,0.00013969267611255238
Destination,022c2e439f25adb469b161cbed4f9e0a44c05c952ed350619c309bec0480461a79,0.00013969267611255238
Destination,023ead0d4228df4e93cf80ec32aecebc6032b46427d5ad987bdb820664ae5ffc2b,0.00013969267611255238
Destination,035ac18540bf0856be33f764d745d657cfcd5399a0f6b4baabf1ca4af36762384e,0.00013969267611255238
Destination,035822a521c25ad307e64c0e4437031a04f2766b490391cd377a8a0930f112e18d,0.00013969267611255238
Destination,0326e692c455dd554c709bbb470b0ca7e0bb04152f777d1445fd0bf3709a2833a3,0.00013969267611255238
Destination,023f6ac900ed8d20b85533afa498448e33c53ba59adc1525732255448005c3717e,0.00013969267611255238
Destination,030f35e2e50cd3e097cb243e137191d28b9628ed85b5e24b0a56c8940a8c51b1c3,0.00013969267611255238
Destination,0308ba223f2e9bf7577e9f37eb421cb28e93a4ff632667c6f858055d86581c2f40,0.00013969267611255238
Destination,0251c1c3c167ff1bcdaef55cbfb61cf49f1c0212e3122aaf9493aa3d06351cdea4,0.00013969267611255238
Destination,03115b94e6207d2624272fb2fba0596e31053ec9cc6bd5ad91762fc091fae5769b,0.00013969267611255238
Destination,03e507065c3b62d966721efa7b9187207a3ca863e8333f0a1003b0f37e12209c16,0.00013969267611255238
Destination,023d70f2f76d283c6c4e58109ee3a2816eb9d8feb40b23d62469060a2b2867b77f,0.00013969267611255238
Destination,03d982db3411528c4a951dd6168d66eb978908f6ca9c1223d79e37b68fe33d3a26,0.00013969267611255238
Destination,024f0c856c64a2dde090f3a9855f57cca1f57c7303f96ce0778ee5e84d9dd3819b,0.00013969267611255238
Destination,027c4f0e97acee872ea18a7c8154b92d719b3e8492d22ab0ad005f33e56c8034d4,0.00013969267611255238
Destination,02715862eb01bb4e8719f340939db31ef6c44b5bbb2641125de60788cd40fd3104,0.00013969267611255238
Destination,020fdd6edafef0f9fd874abc1629fd14181717c751c974f43829b235c272043f19,0.00013969267611255238
Destination,034598c5beadf46d4f35bae5ae86f3c4cd02dd264232f4746d66d1539fe804c9fa,0.00013969267611255238
Destination,022480d22b2de01b8eb7d94b76e38feaf2d72ca49c84cf3e691182117a93f2e08d,0.00013969267611255238
Destination,03e45aa39c2123ad5c56ca1b3768ae2367014d5ef2762fa891f9cd5fe0efbe52c3,0.00013969267611255238
Destination,0349cb2f33d5542432b016405a22dfda18617d87abe4718e61c45909b8a5449329,0.00013969267611255238
Destination,026469a15b4bcf27a814c54bf99508cd36ce6e7ba2973b807ad93269f4ead8948f,0.00013969267611255238
Destination,02442d4249f9a93464aaf8cd8d522faa869356707b5f1537a8d6def2af50058c5b,0.00013969267611255238
Destination,026165850492521f4ac8abd9bd8088123446d126f648ca35e60f88177dc149ceb2,0.00013969267611255238
Destination,02b97f647df381d9495c3c5fda63fd872855d0c65242d66568f4cc9414663a3021,0.00013969267611255238
Destination,02bdafc0a837a5151c67bc587b5327d19a8df192488d0d01a5732a4fcf589c8a17,0.00013969267611255238
Destination,02a347d06a30244c3b876e20996ce1622d5ab3a88adddd8e02b82ef2c610cfefc9,0.00013969267611255238
Destination,02c7b1ea0deea10e794f2afaf984e0585d4eddb9f017aa5841dcccc483172cffda,0.00013969267611255238
Destination,02cc362ae3686e5a11a6a0cfcd7122c65cc98e4db830b05272ab796fbde6887402,0.00013969267611255238
Destination,03a290348379a936196de128aa9e0258572bd78f117764fa90b255c6375551ce12,0.00013969267611255238
Destination,03e1ab9d0010aadab7b86e2d09ffbcdb9933acbc441e8a8fec2784dba3ad4640f8,0.00013969267611255238
Destination,0306d727c50c0e14ae9a0d0fe7e8e84fb5c08969d71e7e79fccdef22a78c3615ca,0.00013969267611255238
Destination,035f264f10ff47be33cc779fdc42e48de3f9a6ab9975e7942548dc065623dbfc40,0.00013969267611255238
Destination,020154791bfcc0000e7c2fdb481b7c122a9aced5f8a3faa53002886ca5395b3098,0.00013969267611255238
Destination,033e514ff30be0ea421f9512da0ed1aea52ea541275654d034bde3470a61269285,0.00013969267611255238
Destination,02e09dc039cb5a7ef42e202a3c71ba612d8aec5c283eec882f54079541659b6e30,0.00013969267611255238
Destination,038f3723ff347c1b521c77ef587d965ee6fbc2b67e31518328110562eeaca8fd0e,0.00013969267611255238
Destination,0385262f7e9e2eeeba1e7d6182a0efec98e79d01154b76189f3e0b88bcee279dd0,0.00013969267611255238
Destination,030d0036c5fdfb850b38d6101d2e23c13976b335fd71a4f649a98cd35178c9727a,0.00013969267611255238
Destination,026e6be50f8c6e539f24e11b989a9c501a107208f99dbc83b9cee001b637433997,0.00013969267611255238
Destination,02cd546a60230b5d5c603bf79ff344afaf071cd42438bdd7846a5de4595c1ef304,0.00013969267611255238
Destination,0391904d140fdf88d19423513945a5fcc49c606521b65a85f6d6fe46ebdd1c7665,0.00013969267611255238
Destination,029cb5d877fb65761c9edc2810037b532631d22cd0e2b696051cf0d07d6ee218c0,0.00013969267611255238
Destination,02b814e877ef16dc7c6f96cbecca2e1759b860efa827ef2bc85a79d8d1ae7f3be6,0.00013969267611255238
Destination,036b98894240f9dafbdf052dca5e0e0c6dcfe823ce3d59bffa57d3aa7e0dd4dcf4,0.00013969267611255238
Destination,02da5cd27b0f548e3c79988a8d302d04ef8ab2d8e76b510761188fed3bc5b4fb01,0.00013969267611255238
Destination,03ec4be080c34aff5aed17daaf5e31bde047373a0c5baa94cb2b5e63ffec48d23f,0.00013969267611255238
Destination,02e4dd56b394e9b79e967b442f4afb08a835b69d2c48e28051cc61c3c4bd20af30,0.00013969267611255238
Destination,02eff4053a30921dd739b5ffa6f9299435637206598f9240d7bc9c8df27cb7ff61,0.00013969267611255238
Destination,031d49ea984bfef0be80f2c0206ff508882a912ff7914d03dfc60e3f712e0be8f7,0.00013969267611255238
Destination,029f5e1a32f80ab0714deee369024bdc373229eab5843dc925a7ac72975ca9eb38,0.00013969267611255238
Destination,030016650de79bbf44988e9ba1a826d3f605f38a400710b1fc460df5cc83c0851b,0.00013969267611255238
Destination,038785f5cb66513dde1d874393f7a85862d70c276601a54572dab16e3ba5ab8503,0.00013969267611255238
Destination,036e963739bfa62afad807c9ffb195868a1a2ed697d74ffc2d80f556e46f98c0e8,0.00013969267611255238
Destination,03bc9337c7a28bb784d67742ebedd30a93bacdf7e4ca16436ef3798000242b2251,0.00013969267611255238
Destination,02d4b432058ec31e38f6f35d22a487b7db04c4bf70f201f601b66f7b4358242b03,0.00013969267611255238
Destination,02d99d87428e4141881758007e04aaee3ee45f78f3b593a72f091f4310f9832922,0.00013969267611255238
Destination,031dbe26c99e69fcdada847e56f3fa8ee6751e9bc61f8808245f4b2cbde5f37b7b,0.00013969267611255238
Destination,03f8a0d401257c24c3a6128589d4d7f2a4fc5f3eaf62b57bce8583fff315970fb1,0.00013969267611255238
Destination,03608d129098f701677611ae8fd0e5844e76f349aad2ac5c1756ee66e325e0457d,0.00013969267611255238
Destination,038fbe52aaa975a7eb78e36afce6bb5b609c8f8edfa4619b87dd4c3118acb92c65,0.00013969267611255238
Destination,034b3ecd8d87edf1e13aa23cb34c4f719d2faeeeae10010d44d91f5e432c8e4b5e,0.00013969267611255238
Destination,038da115c0147a3a7ce38a7f469b07e7e3631c415ca91091cf300996a4cbaee72b,0.00013969267611255238
Destination,02b72157c7fa1463bd358169eb02e44466a5f10a2f4a7c5e015865e0eaad469b83,0.00013969267611255238
Destination,03a643b2f40f86f06a94fd30a603ddc7060a5c1910259ef859b86dfb3542944a53,0.00013969267611255238
Destination,02e9c9122ff3a8094eaa5d5fe77a58d86cf74c0255301ce132e58325a6e018fd06,0.00013969267611255238
Destination,03bed0844615730934cd1db1db76e10f7a5cca955b11f23ac02ecd84575f3bc56a,0.00013969267611255238
Destination,020dd8fc221b1075c628bc049a0580e4dbb510d73d5416ea9a1334a518c467c5c3,0.00013969267611255238
Destination,0290f49e1eaba3e141453b253e5d63024381db278951e21886d1443e92ad7fdba2,0.00013969267611255238
Destination,02916bb52b33836e28a3649baea2e4a29c16fd8ad97901b2c97d408f428edef108,0.00013969267611255238
Destination,02a69381f0b9c5b2faa794aec56bdc3076a450ec46e65e33018ff09dc8f9828083,0.00013969267611255238
Destination,02e30cfee5d8eb3739e74bb631b5e3e2b523b8a52e92c27ee7137166bd2afbbdfe,0.00013969267611255238
Destination,02ba3ad33666de22b4c22f5ff9fac0dc5d18ae9b6ce38c0a06d9e171494c39255a,0.00013969267611255238
Destination,0379221a4051d4171490e43e4a09e218a02941f06996b71cd814b290da08ad5f7e,0.00013969267611255238
Destination,02254f26976d6487f7664aa941e006642ac3f3974d20c19f4117069e5803418dbe,0.00013969267611255238
Destination,02b986bbee8ec9382909e2324b46f9585d2368b3903798e5d37706bad1cc2cf46d,0.00013969267611255238
Destination,038006f90c58842c950f503d0fcb423517ec9cdbd2fdc458c5e3139e0629b71ec6,0.00013969267611255238
Destination,03879a464c9017b7c789556f1721a7b9ce92d6572b02f790b518d1dff38a1dc489,0.00013969267611255238
Destination,021177fc6c3890b7f0c5b6e67d786c3f855664cd74bbcb52c52e4d45eeb33ba117,0.00013969267611255238
Destination,0380d617cf863bc5c0a4b0bd25a3d330e38a0d10c505d5f8af8e1a70b62c18b022,0.00013969267611255238
Destination,02fcc80a433aa1c5c7e9723ab66025c88fe5bc08725df067de917a2cf275a3271b,0.00013969267611255238
Destination,039b24fdf823583c918effbdaab3d522e8814722847f01a4a1ecf0f19c604b0587,0.00013969267611255238
Destination,026b6196cfd73603b45151353a3286d5a985878e95402a05355fc89ac751e4f0d4,0.00013969267611255238
Destination,0385218f0e307b6a0e989d2a717d346942d96b4fd550e937de5f8ffe1568510a18,0.00013969267611255238
Destination,02559f7bd0aa9e35047ee32ddfa5b531968245c644cb4f1f0e41ab191af0afdb19,0.00013969267611255238
Destination,03bfb32d6ad2bc70bde78ce9ca96e0e1cb4efecd10b04a344ec73361db77292c41,0.00013969267611255238
Destination,03cef786778cd26a2a839d822f0d16827a2a26902c35dee8d12e2a79a1dc3ace36,0.00013969267611255238
Destination,0270dde4f0e3b60d61ef11d65eda76f54381f9aecc0de632bd32479c5e1da67c2a,0.00013969267611255238
Destination,0289b7bddeda923c7380141f32b60bc12234be58f59fe883cd2a2c7fd46931d1fe,0.00013969267611255238
Destination,0205f412822832116a7dc11cbe2704f1ce7704cf1c2c1963f925589f98b8774dac,0.00013969267611255238
Destination,03a089032b601ac23b773516dbb32f8eef4135733865bfa4d2a618ca9f4fc63d40,0.00013969267611255238
Destination,0311d229cba21a421c623c8d880c15f6e4b45b15d6ca966222407b9550b2063ec0,0.00013969267611255238
Destination,03a6e8c14ace455f0bb3ada357e0bedd2a1e79fd8688d5ea633f7bd28467a624e2,0.00013969267611255238
Destination,032ae3168ba52314da581d6b6693c562b437a9cf805933d4d69e7801547e07302e,0.00013969267611255238
Destination,02115d3de2e740854d46375ef945e9ff8071832e75ef047e795314119a3a734f8e,0.00013969267611255238
Destination,03ec989184aa887337f9766d3c8dfa90a26b82f642eb89758432a9d6f18489f1c8,0.00013969267611255238
Destination,03326343fab76852b47c7cd3f6bbef0f622326bffa446fa2404b0e8d9e14d280a0,0.00013969267611255238
Destination,0333a4a1ec6ddb057fdc26c830ee0e457ddaa32c1eb476a8b46d4eb1a592f70578,0.00013969267611255238
Destination,0301e46e7f02c955e274bf60dd819c153d93b2d87017122df72ba3dc06af4a294c,0.00013969267611255238
Destination,0333668bbb13487cbf0623cadfc111a97a9fe61d969eef6746052d43a2fa4e0630,0.00013969267611255238
Destination,0327e580b90bc1ff5646bb7e24af6c71e8ff093bf5002d00f1fa334e1a9650b251,0.00013969267611255238
Destination,02765a281bd188e80a89e6ea5092dcb8ebaaa5c5da341e64327e3fadbadcbc686c,0.00013969267611255238
Destination,031964cbbb0242117267adcd3e04ced928db0a80c9beebe51856949825b2d61499,0.00013969267611255238
Destination,02468f95f9bd4f9f0bbf9121929dc47d3013fe541b75c45c2592deb6b7988b35f6,0.00013969267611255238
Destination,03f1db913dccc3330664723def2a84295d8a067d5ad0605bed68023f990ff40325,0.00013969267611255238
Destination,0360e1c7d6046aeea22d9200e2d9fbcb76e9cc4678dc4cfdaad4e292bbd886ac26,0.00013969267611255238
Destination,02542b74385b4965bf6b5616a0eaafee06b58ac62e3d441fdb2380a92ded3cf124,0.00013969267611255238
Destination,0217d77af5fb2f46dc826de7818c7070a53309ccbc313f9ac13bd9b95e978f6e9f,0.00013969267611255238
Destination,026d2002de505b8e9811e4a911b132561167bca428e2ae152c30a2e5c38fbb603a,0.00013969267611255238
Destination,039e8c6b83e74d0bf4db1e930a6e19b6a3bdd3e551668188b694934320993719f4,0.00013969267611255238
Destination,0364d6ff27ee48dd409e088e6b57abbde6623de80113ff29cb19d6169688fa318d,0.00013969267611255238
Destination,029a1316bc91eefed16e51de41db5ac8237758ae725486fd3beb5dd0501c32437d,0.00013969267611255238
Destination,03022cf8fd85cec30fcd705fd4c42adbce73105110a46fca29d108b5f88be98258,0.00013969267611255238
Destination,0271fa10958e6cc561d9295645d501f230ebafa1bb7a5d3a0f2c5ac2af6f5b8796,0.00013969267611255238
Destination,0291c7f53612e1d64be43f2b388b9cb7f5a510ec98f887a6b80600ba5cc8b09e5f,0.00013969267611255238
Destination,032cd1bac674b61e993c9c0afe8efe23e3b1eb30246719010f2cf0f1452ee21e2b,0.00013969267611255238
Destination,020a919e4684a3678bd5d5fb21752ca19f9700214bf399abca72190c29664ad551,0.00013969267611255238
Destination,0399aec05c7eadfcfab9ae0ede812e03e1e0e22914ec601fbd61f377762355bb71,0.00013969267611255238
Destination,039947a98b84480dc6780ca4953c6fa7a5e821db86fd593ce249466d5d26cbb987,0.00013969267611255238
Destination,02907887f9bfcc9e83512bfdf40ddfdabcb8569786f11ac3e9c52c42d77da3eb6b,0.00013969267611255238
Destination,021039b778fb9ce9e349c39f9b5ed7aaab7ee94c43b9c079d3c5cb8b38b919ef99,0.00013969267611255238
Destination,03c6ca14385508d7ff3349f84521a4117f47730f1477f8790601f75f2b828c60bd,0.00013969267611255238
Destination,02afdde5063894c0883e036493781e9e1dc402b1dc3fe780ab5147221b1c27a875,0.00013969267611255238
Destination,02a714a0dcad8e311b49e6fc438c9cb839fc48a8d1702cb84bfa3a6c08be54ea20,0.00013969267611255238
Destination,03831262b0cb086ba6f2360a36757e4283347f3f67f01d6f24f54c3eee841e29d6,0.00013969267611255238
Destination,023d3165143024c8bf7538717ceef296710f38317a9b8d51521fc1aac83626e1bc,0.00013969267611255238
Destination,02c7c0a15ba6d021550ad4a39f5d99aa0b26df36f14e3e05ace7d1db838d3c5125,0.00013969267611255238
Destination,023619ad26f17792d0c217202587651af088ecb637a3fd3e54b42c4b5f71947318,0.00013969267611255238
Destination,02bb2a0357e93205eb891fec3fc144996a85389ae0b330954d1aa8b3e5cb3a1664,0.00013969267611255238
Destination,03633a00575eb8a6e814163f1b84ddce3ec187495707e8e7b9928dc5cba8240c68,0.00013969267611255238
Destination,031974c59db8dc2d4112e0922a7be31ac5d826c5d068ccdfd9f9106d719e5e25f8,0.00013969267611255238
Destination,0298f6074a454a1f5345cb2a7c6f9fce206cd0bf675d177cdbf0ca7508dd28852f,0.00013969267611255238
Destination,03f1c8aa7d41bc52f28407cb284ce7dcfbe2f587f67c126a3dba860fd47c94ae61,0.00013969267611255238
Destination,03f641f79a344a106547ebbbb2889e0873d82458b2e72531f4dc74509a6b66241a,0.00013969267611255238
Destination,027e6c3a7f0ec144b371c01248655b8403b21b7b75c5cd6718a89f887e8aa7d708,0.00013969267611255238
Destination,024c71c987f240c9987f6f3d5386a2c9146f00f59bae73defcc3bccc1a6e61b11c,0.00013969267611255238
Destination,0288be11d147e1525f7f234f304b094d6627d2c70f3313d7ba3696887b261c4447,0.00013969267611255238
Destination,037f990e61acee8a7697966afd29dd88f3b1f8a7b14d625c4f8742bd952003a590,0.00013969267611255238
Destination,02e80f1f135c1999ebcedf8bdd657ac605eaab09c526c06b0c22f038ee111b135f,0.00013969267611255238
Destination,0207ebfbf356bc761a74d2385b5978d88e37a1ea7e2ff30f9fed4813edee2052ba,0.00013969267611255238
Destination,0326e262cf1921cd6c597009e7725ce3ad9a7559b3e815d34cb3dfe30603dcf83e,0.00013969267611255238
Destination,03e7882ce549d3f8ddb24b6accee327297795fd8d7151f42943cdfc1f5eb87fe9b,0.00013969267611255238
Destination,022788692d9132e73e6e50721e17d6b75e93349876b106ef3cec0cd5ce69b81f17,0.00013969267611255238
Destination,03362ab599d1e8d5e8e02ce38e836a3cf1a6e59f047d7f02d12484f160a6bc76f6,0.00013969267611255238
Destination,02257c8ef33feaa880677b59a1168775b2a91c5472a1a7d7233941f57143ed6c71,0.00013969267611255238
Destination,030326c4b6b073c402e86fff2933cf3f8ffff1811c097bf733c2eda4c5916b36f8,0.00013969267611255238
Destination,02fe769b85f480823dac4bf2557c715746ca2646fae6cf0f212be0556ce763c7a9,0.00013969267611255238
Destination,03bd743abf0f94b6d208d1c3c47aa8e958d6ddd8aa4e8c910c6e1d6b8dd7413a93,0.00013969267611255238
Destination,020b883e5dc59ad5dc099b994c049665e74fdd998dbebb24d68fddecf6e3f02f93,0.00013969267611255238
Destination,02ecea52a1ba30df9046fecd001498eef4f7249bf164eafaac2784ae201a262a56,0.00013969267611255238
Destination,03b3268f7157a30c050fd97857f071ea6bd411bd966a7480ec9200d71d329499bd,0.00013969267611255238
Destination,039b8666dc2b2e69e2b226c314c7e10bb9d7a17fb5d3f5eff1142c57382d4c2271,0.00013969267611255238
Destination,0230a5bca558e6741460c13dd34e636da28e52afd91cf93db87ed1b0392a7466eb,0.00013969267611255238
Destination,024fb89635469db10ac5b76eb3ca0eb8e0bdf0277c6d8fcbf7fd9ff09fc94afb8a,0.00013969267611255238
Destination,0381dfa9a8a490f9f8699a831364d4d465c2dda2c035b15f7d510a5c599db33f8d,0.00013969267611255238
Destination,025de99b8a83a78e63ffdeef368d5881dca44dd2550d2c1f3cd43de9d408ea9a07,0.00013969267611255238
Destination,0238ab861abac82ef99c8cb58673231f5d4d54734e158f86e8913ea6d4a0c0f681,0.00013969267611255238
Destination,02a2139b791b673c99ddd512e2c84eb2c4c36400418053d58ef6065eea5d423a0e,0.00013969267611255238
Destination,0395ab9ab6ac75949a648c5b7830ecea192c618df2fa6220154a5066878d9f439c,0.00013969267611255238
Destination,0245aa53edf3c646688b5cd4694deab61cc04ce8d240570f080f5b14f41aadca70,0.00013969267611255238
Destination,02a06b8470199c686194b90a31c6fc91662f67861c2cfa3f299915151bdb7e7b1f,0.00013969267611255238
Destination,020cabb16e80b37c44e9897fc2d0acb868556f04b7a879c1cb60fea4123aef8f8e,0.00013969267611255238
Destination,03e40a2f5123066436f75204ad0c7c0af0481040e126eebb02d85dea213def0be8,0.00013969267611255238
Destination,02da8d5a759ee9e4438da617cfdb61c87f723fb76c4b6371b877d0347abe953a4f,0.00013969267611255238
Destination,033e7ce9c4d6fa1133792eb0da8b7309b48de6270884a24ab9022dd06582e4771f,0.00013969267611255238
Destination,032616381fa4654d1dc85f060cbd9ff3ee6f416d24dd0ca5a067e19354dcfe3cee,0.00013969267611255238
Destination,0388f89086bc5f4bb1283a76bd27b0f35392e467a6e9411086597c01c23c541d26,0.00013969267611255238
Destination,033af5090e5530aec789e32e6ba160a2abb1e567d4777bd3c7b6fb59a92154b841,0.00013969267611255238
Destination,038c7b2931f0de49a5aafe40cff04f11b3d6cf8382af64416eba1787fb48f763d5,0.00013969267611255238
Destination,0397919767be2ef36abfa8e0e42830204c89fceda7decc2c755a915eab3993367c,0.00013969267611255238
Destination,031015a7839468a3c266d662d5bb21ea4cea24226936e2864a7ca4f2c3939836e0,0.00013969267611255238
Destination,02ad898fce14604311ebe871e1053fa248a25e683803a8e599f168fba79bad5f52,0.00013969267611255238
Destination,022bd0aa893db4ac890e457cca8c83f112518d6941bf9153dab4bf904620503a78,0.00013969267611255238
Destination,02f0c7b731ca40a285d7c12aa1c5c7c7caa4598d3d6d34904c3714cd0d47852640,0.00013969267611255238
Destination,024ca705edbc36bcae5cec4a2196b2e4c244b3a8c1b1aea4b97d5cb69ce94b5fbd,0.00013969267611255238
Destination,028059662c65626f3002290dd3151186bc1952726c03f56012406f3ceadb81cacc,0.00013969267611255238
Destination,0256afe6405616400c90630aebdf34269f4000230a8c84af471a668dc646cd79fd,0.00013969267611255238
Destination,03a78a1656c92706b4a1311eb72cd96ebcf566764cc451bdb05d8eae5f0db5c864,0.00013969267611255238
Destination,02eef44bb2092b9327d7e16cca6ece40b9d35a64301b3c3e42e9357ecc0ac56faa,0.00013969267611255238
Destination,03c7f13d2b8be26fcb555363f9459db305d568b7683f9f7fe66282f8d670aee5d7,0.00013969267611255238
Destination,024f0e88bf2d693ce69eeb4696ed4bd15f7f04db10c1652d6bacc6dc9e84b04706,0.00013969267611255238
Destination,02cc79b8d771cc79d323bd71e54ef1780cab50e7c0ef2a4beb625fc9dcbbcc6d24,0.00013969267611255238
Destination,02d55979aa02d8f9d596250478bdd1f0b8fc53fefa7289b1162c22c9b6da47c7af,0.00013969267611255238
Destination,02fbd317aef57f0007dbb3acd1865c8ad9a6491c9e9d82dbee5d0d3d111fcf480c,0.00013969267611255238
Destination,02ce3b8bb5ec1426d56bc5610ab081ff7f959042a7a00f4b7f7c62809d1854599e,0.00013969267611255238
Destination,0372f6bae86ecbf1860c749e41a106446c4af1144ce8d5fe591375184b738fc5bb,0.00013969267611255238
Destination,02db49beaa4d8d229921f1e85370841489981cc0e0f5de4fcb8816e2757232b6a7,0.00013969267611255238
Destination,03817146c7cc11163d7110502657562e0b9033d062c4a785f9369013e477bd664a,0.00013969267611255238
Destination,02acf2640da11bb9f3e817bf5a15f741eedce24a4343696155f05d1db4f3f70bff,0.00013969267611255238
Destination,02bcde8f404ae85e7ac0e904f6ec2e2bcfe96da0e47379b6d612d6fb4eea64269e,0.00013969267611255238
Destination,026f9c804ea1fd88e955f7e5755ac60e0500e0a89ad08c8f7287e257ee88756ad3,0.00013969267611255238
Destination,03d8658dcbe7ebb274bde030ac0f6bc62b0c6d95310f5740f5be45d3a3e9efe234,0.00013969267611255238
Destination,037cf3054185aba0bd2889800c7d5c67b4cc08deca1686c24f98b15ee46d7e8fbd,0.00013969267611255238
Destination,02d96eadea3d780104449aca5c93461ce67c1564e2e1d73225fa67dd3b997a6018,0.00013969267611255238
Destination,02921dcfeaaab06cbd28b78297d3e49da2e22aa1d63d9da3f314b8c9d422022022,0.00013969267611255238
Destination,021e2ede208b8daddfdf3c17b80e81bbca63505eccb32b4437a0fa8aac8c0f0944,0.00013969267611255238
Destination,02d8cb80fcafd97d92e8a0bae889cbc823b4c49b0104621a6dfe399f5b24265045,0.00013969267611255238
Destination,02145fb4540069b2aa88723470896c5d607c52e25244ced1346b4de8b3494789d1,0.00013969267611255238
Destination,035f3171b63ba20e4063f6a214195a532de53aebbecf44d62d7352e74448e144a8,0.00013969267611255238
Destination,020df9bce498c3063f8046dcf036f075556628a2165958e7e5f35838e3534e6c41,0.00013969267611255238
Destination,02c5333bbaee6c7ce9bb80ad601970140434ee180ab7063ffde8f9ec6bfc35825f,0.00013969267611255238
Destination,037932df9242c99de7c6dbe393798d5982bffcccccc8e6dcbf84c87ead888dff7d,0.00013969267611255238
Destination,03c72f89b660de43fc5c77ef879cbf7846601af88befb80e436242909b14fd0495,0.00013969267611255238
Destination,02109ab6b08d040364c660cc176ce54b1bbcb6c33c2fab3e26a63ec3b260927d72,0.00013969267611255238
Destination,023ddd188054cb94cb6779f4cb57e4da7f91a8ba779c5e0bc26cffed757177c306,0.00013969267611255238
Destination,02116779af189cf8f82a9c3f81aecf056abb6e5666e268cac8de7c07c26d66049a,0.00013969267611255238
Destination,03a2d9707aa15908ae00986a650eeec057ff026bd9ba17ab0fe18b9e19d19d77c3,0.00013969267611255238
Destination,03a6daac0ca23f681f86f7a3dba5674ae5eaa5c171571ab1ece5bf10c0ad7b4c4e,0.00013969267611255238
Destination,0386efd6861c73cc85357a7d477e7a3b078f1b95d3e512689b28a63b155a794080,0.00013969267611255238
Destination,023ee6fb0d1af1c2a240331b0e5add6618f6f4ce8e59b13fccc78c220a8a61f4a8,0.00013969267611255238
Destination,0384b220ab8701207f6e4b3576517c6390276ee9ee40b1d0c97e96579190e5c946,0.00013969267611255238
Destination,03718bbb44877232a672ef2a8cbe79d357fbb3f506b646f0a0741da6f0618bd1fc,0.00013969267611255238
Destination,028b10be90ddfb4ef158c252163e4f340c8a093beee20427d39a0986abac58a55e,0.00013969267611255238
Destination,02b667830be98cd914508005856dee6e5838724bf6927c140627fe7e1eb40941ba,0.00013969267611255238
Destination,037fca9c7303e42af0c6d2934b24af23a2d226ef58a3a44c25bd86a565571c4be9,0.00013969267611255238
Destination,0388648475b8e5d2a345c1c8f8a9028e7cbcda2065cf41e120a9ed1507ccdf3529,0.00013969267611255238
Destination,02a5d90ed9b0d41d2fc7afd45356c9fe8ffeef1794ba6c12fba64e1a5c1f11e931,0.00013969267611255238
Destination,02ab72f8eb147cc62fbbcf551d26ea27560c60371d2f42e34ed5e48d561c06f805,0.00013969267611255238
Destination,03f0383bee4dfe3f6ecde1624d707cb50cd93e5d13d080be270e27cb753866cca1,0.00013969267611255238
Destination,030fd5ddbe1250f0d7dda0ae555bd8187abb3426190fb58bc8f95218f72828dd2d,0.00013969267611255238
Destination,02412d393206736f5451511a3a527a1ba565911ba40d05e8811546816835594355,0.00013969267611255238
Destination,026c2595bddf44ca1eadb65ad26942b325616690d104442f8560a7faaf67c4c323,0.00013969267611255238
Destination,034fda220d14b07d0cb17beaa1627ad86f21d61db1f6eb15b7db453a7aa08158eb,0.00013969267611255238
Destination,03145bfd9aadacd3fe67265c4489f846f7fffb63879049a50e6134d3d13fe937e2,0.00013969267611255238
Destination,02ad74cfb336667e8b57b63023294b2aec2610243435b900fd9ff6e47b6106542c,0.00013969267611255238
Destination,03c37a99544279ba9b792b94991467774adfa96b9dab8e8dbc9babac27b47d317f,0.00013969267611255238
Destination,03fb1e396cc523f9823458197150b74fdc79b0478ee00f67f526cd1e14e1ad267d,0.00013969267611255238
Destination,039b8b4dd1d88c2c5db374290cda397a8f5d79f312d6ea5d5bfdfc7c6ff363eae3,0.00013969267611255238
Destination,0365bc9f5bfa169fb6efe53cc7cc840274da3cbfd8fca4e1065d0f1794dbc5448e,0.00013969267611255238
Destination,03ad31e19c94c5ef331aa30047252d9b173b0d5fcdd07b9340ac7e828c8a239cda,0.00013969267611255238
Destination,033244077e319718db3eff7667fe1abb35a70461be6514b9ce42a3889d64b256c1,0.00013969267611255238
Destination,0202dfc1c6a94efead8a9f88236f2338345f7a2cc6924226e904e68f5ebc7dad20,0.00013969267611255238
Destination,02ca31a1d88eef417b648343188137345234d56cfe7245a887e99b097c509ca8a1,0.00013969267611255238
Destination,02030439c95574c6c695c1f341425118085f26792fdc271265b959b559ac0fc2d4,0.00013969267611255238
Destination,02826f55700185cd81dfbe5a3eefd7d578dfe93c06f3ebb2646a3965d27cab7188,0.00013969267611255238
Destination,030e4243b8c8c9ba1a590f922a77f9fd8c1a49092c129f161752e300b415304232,0.00013969267611255238
Destination,0234f3200e878b8312e738ba42d37e2aa5c9028fecca6afd9b1114f8466eecb5f8,0.00013969267611255238
Destination,0373eab8f43b0710549ddccc19ac7824ab6aea7655f4c15f4bc93b63df5db8fa48,0.00013969267611255238
Destination,03c02ec99cc9b0989b373e94db9cf209250ad0c0ad2f64de2a68cc8be365f66c69,0.00013969267611255238
Destination,027537449dbaf56360c2157a605637ee1c594a3c21c67f66059007c7e7493a842e,0.00013969267611255238
Destination,02abddc7c1a11ab46a514c096e8cc759087a048b556c3b2d960863dc3fde5f9db9,0.00013969267611255238
Destination,0301421ad710a74cdcca5938ab9f0505a7139d5c19317a829cdbd6c131bdad8f31,0.00013969267611255238
Destination,02740c62f38896511eb98479036b06907fcac283f62d08b756a1e25fb55e3f6772,0.00013969267611255238
Destination,03f4ee45cefe431435fe074a94323eb1df1d2af85475e7518d556bcf0230395f08,0.00013969267611255238
Destination,0375008f1149a604181698a79766c261daedd453296ed66a7b92a203fef6dc4640,0.00013969267611255238
Destination,02c3c398601d84400782e003f110184b398cdb4f6668d09c9ec786d1d3bd2dabd1,0.00013969267611255238
Destination,038df68f8275e38fa0a53a84f13d4ca0c2574a2e923a41e14771352fbaf4701e5f,0.00013969267611255238
Destination,039e0a9759d66ed39b4d0fc152ca79aea948e3552aea5faddf3ff4df3c1a7e1751,0.00013969267611255238
Destination,02d8862a71c2ed833139dfb32adb48b429166470c528d47792f4aeb35bac175236,0.00013969267611255238
Destination,03fdb1e514b0ad22a0a86d2ee7dd0ccf484c4162de72f75649cd3e3bfba9164199,0.00013969267611255238
Destination,02a4cbded5edaa2b174502f6f481b16d15e52f22ca8bbc0b5e288abcb3788b29f7,0.00013969267611255238
Destination,02e2a9bda21fd5c43649128beb78cdf623472cb2ef83147254b78901d898f83c24,0.00013969267611255238
Destination,0202f00d5f5c91a3c79113851b162c2b75f2cbd9fb2378fb4a4ce92d5ba1e63e08,0.00013969267611255238
Destination,0263e99b73ca00f5a2000c4b63d93430f4e7ce54616457baf86a8570f0214711fa,0.00013969267611255238
Destination,02e09a7d40fbc4876c47604c376cdc3a099152b164b343263e51fd6df046618166,0.00013969267611255238
Destination,03a6f5bd2224cd15cdfa57df6a5d532c86e5605e2c973a63bccd68ede992ed3836,0.00013969267611255238
Destination,03b3e145da638f4be5d1c6a38115676f8388098e527bae2cc9aa84ea050dd2e94f,0.00013969267611255238
Destination,024c2804815582a504c466a90e11f30ff800e108fd691274faf6f026a12d0ab976,0.00013969267611255238
Destination,02b65dbae39dc11c2577c318ebb82696651377be09187b1a9b0364a417a1d96815,0.00013969267611255238
Destination,02a268fa37c84022f57c82e11aa854e7a5d973d5f831613eadd3686404886dd697,0.00013969267611255238
Destination,03986214fbaef475ee1f1b48858e752f4a0575ba811841a3a82451cd119ebd6b18,0.00013969267611255238
Destination,03d4994371df21fd75a049421ab5b1e3a66d81fb4a22755b2a3db9b290f14c8464,0.00013969267611255238
Destination,032ee01185ebe5895ab7f1250560c2def539f335ca79d0b58b1ed4cdf9b2adac1a,0.00013969267611255238
Destination,037b561d57f97b67c29f894d61d5312238d30521f7f4f4c21462bbf6e2da814d50,0.00013969267611255238
Destination,0394972ae58841345dce46a0050f39d89a0c8fac3379f16c482c0722c0e4183151,0.00013969267611255238
Destination,02ec20f34bb94460f3d63780dfc24a4d4a1ddabc3bd86c09e1830c5b5db08953e5,0.00013969267611255238
Destination,033b74d74d6b7d96e89ebc9e135c4ffb0526fbe8293eb02c05f0c28146d078605d,0.00013969267611255238
Destination,03bb086b83afa45795c2265ebc76dcc749a590bcd83ba244c27d4f47b1102ffc60,0.00013969267611255238
Destination,02f167bc48f7d304013e09b9cc5bb50e2204f7a8f76b9280b0cdf9c3745ccb5544,0.00013969267611255238
Destination,03816141f1dce7782ec32b66a300783b1d436b19777e7c686ed00115bd4b88ff4b,0.00013969267611255238
Destination,02bee56e4ea4b0f3cf0e21b0fb68236a7c246a7856b803ead1f886ef528a8843d1,0.00013969267611255238
Destination,0362a4372375bd24c5b8f8bb2ea85ae2ccf783808477e68cfb06121694b34d1927,0.00013969267611255238
Destination,032f99d1bd97dd02efca70dc148d6971c8cf688b1c07e526a7c3b04b65dcc7ef55,0.00013969267611255238
Destination,039f7d3dfb2c7abea836ed924b2c06501f610c38af70ff7ee78a3d5acf9ee49e35,0.00013969267611255238
Destination,02a8faff8ce2b909e1f91257aa6168a1a80c0e8b32d71e425957ec16c7d10f8ee1,0.00013969267611255238
Destination,022c024b5e34bb6f76ec0e7322e5f6e9519561f7f72db42b76d41e4f4ae02a7d65,0.00013969267611255238
Destination,0360f50e9b79dbe6dba04edff82385d6e4edcb4ab4ca4b87e0936c755d666f1bfa,0.00013969267611255238
Destination,028ca0ffee9ac156a022d92d085bcecd85202f35e5245f0a464f5fa60a004fb19a,0.00013969267611255238
Destination,033becef4ce0a0c08052f7fd53c46f98166b74e8a06861b311f5158120b476e583,0.00013969267611255238
Destination,03182cd3f691d3a40c66e77910790b05573333e9d2d4b2465d47e2ad1cc630f5ce,0.00013969267611255238
Destination,03c3e9f55581947e501c63aff341cf91bfa6f9b9a31b7581b6da6e0cf6f738aa8c,0.00013969267611255238
Destination,033d9ba0963408a8d8f8c09adb0176b3fa33fd8228666d8b500b01bcdc6879ae3a,0.00013969267611255238
Destination,036abb1d2a350188a9c48c9fc9eb2f16554d4d435122a7470ea37dd9c2c7689719,0.00013969267611255238
Destination,03603e2f56e66587848ce2b04a6329441e516e1cd62221673b7952cc8f176017b9,0.00013969267611255238
Destination,03c2b5e97173e2ff7baea106a34a165e0213b6c5148441ea97785b35a78a506299,0.00013969267611255238
Destination,02f2a6c3e0c70d946ee4ded2460b949b96fb8e6892d5ea1b05030a0d9889293dcf,0.00013969267611255238
Destination,0294967f3327884442de266e865f21c2812d5bce7c1081d375c55f6e47322bcc72,0.00013969267611255238
Destination,03d506016e3e0e540ac26d557a412520ea24990ca9405d410c24122f648752b830,0.00013969267611255238
Destination,02bdb62df29e3c465784f471cf4405d68b743d88e64e40db0e666b6a04a06dcd26,0.00013969267611255238
Destination,0230e8b298bef620df9640c7a956106f905dbc48d5cedadd5837f3a22a9cdced28,0.00013969267611255238
Destination,02a3a655957625609d12e8defd4e425a353f36f100f4af7d3358185ca9d786621b,0.00013969267611255238
Destination,02bb10aaa77a95a358cebb2d112c4de00e47c08f56e89b1acb4487ddd44cc98d6d,0.00013969267611255238
Destination,029f670766420210850a6c388b109d3a356896ff3adba3a0e262d4d8a74f225ff1,0.00013969267611255238
Destination,028091ad2b157f76f8be07594d6b884f707d9237bc1dff5bf412cdba9af75c193d,0.00013969267611255238
Destination,0285c280641305f1641a9e08718d5f4b1ea3bde8003beec4acfbefb5dde207ae4d,0.00013969267611255238
Destination,029c5b14214ca7c1f5334db539dbab266088ba43a40563551efb9458756a94cd94,0.00013969267611255238
Destination,026db470c8a438657498f034805273d51b4906c2e0bd0f8d5f48b9f53866f8a2a2,0.00013969267611255238
Destination,03d9c9079be4c73ea8d5653613cf2ef20ee414e3d335474ce64eeb780ffebf79c3,0.00013969267611255238
Destination,039170120cf7502e10c5d83f109cf23708ebe00a38ff3ab83ce87088fd25d811d0,0.00013969267611255238
Destination,02b5f661d26668cbe325df698afede3349a1dcc2843ff5e6275ce90d70629770c7,0.00013969267611255238
Destination,02c22bc3371ca350cddf8fba2fef3919d10a923ac9c6bfb1f4ac3e49818d7526ed,0.00013969267611255238
Destination,036f4fbc924c877c7d1fe6e8b97d99751a16ea62697b6c29043017c5e45ccdb325,0.00013969267611255238
Destination,0212287641bcf57063a692a445e0baf08d64d461745ae9708ce538c6e64921b89b,0.00013969267611255238
Destination,03670f006b8efa0f789fbfbf25799371d2a4d3feca4935c98614bf3bd50112bfb8,0.00013969267611255238
Destination,03b2041843c2fe2bec761a473f11f4dcd590e5d0e037731f4f1f3c40057fe65e37,0.00013969267611255238
Destination,02307f1011d8a03acc7c41d60ba97f02a0a826f23ddbfa96db30f8a26fa6296e81,0.00013969267611255238
Destination,0279cba97d7810156b2ca2cbce1c6b8464450ae728d5eb26910ffb0ae1a5e3d25b,0.00013969267611255238
Destination,0380eccb4d0c299ba0cafef20df6c43298fdbc2c7c78c11efe467d43960be192d0,0.00013969267611255238
Destination,02fcc5bfc48e83f06c04483a2985e1c390cb0f35058baa875ad2053858b8e80dbd,0.00013969267611255238
Destination,025220d94bbb6d44ab7163047faa8f1769bc800a6e330d7f981a8af0356d84f2fa,0.00013969267611255238
Destination,03ad29451bab0d63d75b148e579c5d9b54ecefb7398499bc2809822dd519cc2240,0.00013969267611255238
Destination,0253b838234635b673e5d57b104520099f6f2935edcbbd6e6215b5eacdd11e3100,0.00013969267611255238
Destination,023d0c9a11da6f93e932c96e9b17301893981cf9a0e1ff231097611cf9d5bc5de8,0.00013969267611255238
Destination,030412a84dd6046a321d43f549ffffd557c8c043090cf18d77fda6ebba18e0fbd1,0.00013969267611255238
Destination,03f1b36c1fbde8fcaa8212bbc2c36f3f77a71c4925308b5a8aba4aa75be5e7d922,0.00013969267611255238
Destination,03f54c3072e69b2e925f3bb42b24146983b111fc7e3fc0fc86dab257f5f79cb4a4,0.00013969267611255238
Destination,03f4d2fba5aa0ca3857a1a58ef86e08eead8185ca21957413e052bf3a456a927d6,0.00013969267611255238
Destination,03d92d6fac82b1aef7c974ee400dcc64aef3ee12723a01bdc0c269edb4f11c5924,0.00013969267611255238
Destination,03bf8061805149f6a6c1f77e5ee3a7fa0e898f67b57927fdfa59832979d57ed0ee,0.00013969267611255238
Destination,03a968b17f2cbde50978d627c376d7ecf33101e951c14fb4cd42bd4bd955d2dc07,0.00013969267611255238
Destination,02a49e170b9b5c0d4f4b4908da6fd797186f04166a0182f37ea87fb8523c3646ca,0.00013969267611255238
Destination,02e8f4b19c80c517e7d771403dde07bcfe422ca60930cd529196a26ad8f2aa8ed8,0.00013969267611255238
Destination,02794511dbcc3a86e399a0e3ef83802f98397c8de96ef637b20a63531332cfddee,0.00013969267611255238
Destination,03f23da4fcf14c87121b3ae7b7251bfaaa7fe157638ae293a806b219d42966df17,0.00013969267611255238
Destination,03bc77779d860e8b231d307c109bee12fa8f7949ca01273f296548fbe50c063dad,0.00013969267611255238
Destination,03df75dccb85e82f4b5cf4a6bcb28b32ea12c878e809e89f4e3b35541eafebffff,0.00013969267611255238
Destination,02398fd3bd9b43a86c49683865da7789e15744e92849bc7cee85c7b7b1729436e0,0.00013969267611255238
Destination,026ca7fbd916126fc4b5e6e67d331051e84d7f35d2d69baa95e1535776769fee16,0.00013969267611255238
Destination,03d8205bac19c2371c2fee1f7212dd4de6a615d85bb6ccaf0430e9824b4da5eea3,0.00013969267611255238
Destination,022de9279d7bde9ece983da359c4037c5ef078e58ac4118fd3d3fc86f63b354c0e,0.00013969267611255238
Destination,034be84fa9ab4ea9f04f940d44ac6111cc669b4030cd78dc33949847c654fec672,0.00013969267611255238
Destination,033057f1498dfa2d199d58b50f270871de6b9a53c4fd0ecc7200650e342d415224,0.00013969267611255238
Destination,02c928bc676d292ce59b698be45710ca93b7113af0a9726486ee3ae6183ccc3d1a,0.00013969267611255238
Destination,036b45b031fb34295a45a0ccf99a337758f55ea9650720248b5bfe73159adee4e4,0.00013969267611255238
Destination,03377f891367579d0cdfc2833bc323a1d01514eea40d48cce86d31e398223e0cb3,0.00013969267611255238
Destination,02b65c2d121a229b3df188d3b90599e398bbca05388a1b4ff74f3c9d4ead20d0ea,0.00013969267611255238
Destination,031df8ea711416b52d33c2f4a9b2a41d82f1da3c7672ffef2c24b0751cbdb75404,0.00013969267611255238
Destination,03413cd663b1b622eacb9cd1d5d66237a0c7d934e03684b00c67470f07b8f26657,0.00013969267611255238
Destination,0275502b6f71867ab7b6a4175e042c513758952e86cc5bff38161cce7e70302bf5,0.00013969267611255238
Destination,025cbed624834cd4230c61ab1d36b00eb6d4673f845063d2040a532418c77fc1ba,0.00013969267611255238
Destination,023369b071005d376bfa94b76d2ec52d01d6709f57d6b67bf26250f2ef57a66aea,0.00013969267611255238
Destination,03074ab83706de692a91b6e7c5db4def16686e40f0fe7ff6f8997706a604671ba1,0.00013969267611255238
Destination,02baf137993ae5da2ba45094e52b4ccf72588b059d32a7401c9759a42d9b68f114,0.00013969267611255238
Destination,0260286c77290cb797a9996d186328697046419112e4542d66395ebf78ec74c522,0.00013969267611255238
Destination,0251fff168b58b74e9b476af5a515b91fe0540a3681bc97fbb65379a807aea5f66,0.00013969267611255238
Destination,0328e8213309cef36486fb9a0eda6a16f349562333bee1a7d2ed84dd10048d682c,0.00013969267611255238
Destination,036b68a35fb90c15d1499829bd779b61ad9966cce0e5115c5783f936826d30c834,0.00013969267611255238
Destination,0322824989daf1f31dae04fee4034be4069f3dabf7059cf7c637257bc9735da80b,0.00013969267611255238
Destination,028d1db1af4ba4982e4dd71c6e4167065602021f34006c9bef683dc57d053df4e9,0.00013969267611255238
Destination,02d491cca4aacd8a5d82d30058a0a9dd7435d6dfdfcaf33b51c3421540c31df099,0.00013969267611255238
Destination,0335e4265f783f37378e969c6a123557cf5d22cc97ec42ea3abff5dfaa64afea83,0.00013969267611255238
Destination,0289753f4559770003baec773453f8d1b2dfae3256546891e4cfef3a0bdbaa4f30,0.00013969267611255238
Destination,029fe435040c8b665f731f2b0c81d039238ef1e3a1b1de0afac2b476361a26d675,0.00013969267611255238
Destination,03294dffd7bb073ed26173f05ef71f27d2b30d64e03aa670925220c8ce4584422b,0.00013969267611255238
Destination,03f10c03894188447dbf0a88691387972d93416cc6f2f6e0c0d3505b38f6db8eb5,0.00013969267611255238
Destination,0310dfe64857489e08e93ee3663f04659c8a1953715be2c55553d1fc7fd8722201,0.00013969267611255238
Destination,02166680efa001694765c1bf15428198c37057a8cb61ed0eb264047c24dd6876d4,0.00013969267611255238
Destination,0205198c099c45acedf988445f71da087ca39cd80847e53a7819e8f4e45768d7d3,0.00013969267611255238
Destination,029627377f711902637d34fa3bbd9d32e0ba2382c237f07f1d670931b648f7dbf0,0.00013969267611255238
Destination,030e5868ee555b0cf34e56bbce59e5c755ad80a8b41fd4d848949666189b100fae,0.00013969267611255238
Destination,035ecfa18f08c079ba58a410859aada06062ac31ca60585bfc878ad60e6a490448,0.00013969267611255238
Destination,02dd0714f9f1fd8b64ce0edfa0a6f0326ac48ae198b43c7f38485d6f38547c2278,0.00013969267611255238
Destination,0200000000727d3b67513c916f16975e3bf8f3304cf3fcf0ed855e2ae41888f461,0.00013969267611255238
Destination,02dd3fcdaa17b9bc83bf7138fbea85d0e83385a68b5fc8f9933658c8ee04644f68,0.00013969267611255238
Destination,03466b2b05df75d18d420c702630c154a67c620a0d1b1e64c41160f56627e2ed5a,0.00013969267611255238
Destination,03104f31794cf38dcab59a1eb93125b2afef79a56a4cd05fbe533f492ad194480f,0.00013969267611255238
Destination,03e9dafc1086f4e9f5617a011991f083e448e693b0fc073f4cd09de7cbc5069203,0.00013969267611255238
Destination,03cbc091a70ca17802ac4cbaa92754338e7582344702f2ddd44b6a9543fbb587b0,0.00013969267611255238
Destination,035a1a3e5fb6b618fce65a1570e7c8b3ee4db9db8860531ebbf4f2a4577909c1f7,0.00013969267611255238
Destination,0394879d35037b72f19ca075f8ceb1363b3a04a7466ade9af56d83d26301a3a824,0.00013969267611255238
Destination,03fa362244af5f2dd4aea4dfb6d301fe160fdf65f7061940c6278b628d5ccd29e8,0.00013969267611255238
Destination,03260d9d6fcf84146444f46dc58cf2d06fd275fee37448f84c324e3598523f48d8,0.00013969267611255238
Destination,032d220e18d098ba84c95ccc3c76e60f9346c0b82e776c824cd852bf5391492812,0.00013969267611255238
Destination,0275bf18e91a351a5aa211833226db901449fb08e986bc84f94a10774407b24da9,0.00013969267611255238
Destination,02b70c692008102e265f376cdc2d8a74f5b9ed08995a79bc75c87eaa83f54bfa4a,0.00013969267611255238
Destination,02be99f8bdb0ceac55cb5ea64b0f4377e5ee5d06917ff55d38d712524af1298592,0.00013969267611255238
Destination,033864b40a0cacbc61f3d489aed81009120c92d319ca5d4f7ad02f889bd2ff500e,0.00013969267611255238
Destination,0213a007ebb3843143cd98e578fe105dbccadfa5202840bbd4b832d8cdd63a2946,0.00013969267611255238
Destination,029b5694bdce8dec3ee25168485932d5275963633d7f897dadfea1f0ab682d9e36,0.00013969267611255238
Destination,031e7ed74fd4ab8cd739a164f9857cd4116ea9441b9108bcd41b2905c965ae8321,0.00013969267611255238
Destination,02ed13faca3b2e612018e768e2881ee9a289c3f5bcbc45443de668c1de1f12de40,0.00013969267611255238
Destination,0380c5536d70b81137cb72fc71c262f50a3ec5a6fa9e517ef3637d889fb0b7e3db,0.00013969267611255238
Destination,029fd76c8cd95dbfda635be7314c4eb4cb91445d006ec99afc5f6d0798770cb3f8,0.00013969267611255238
Destination,03c3afe708af86eb25fa27556695d477af98ab0e8eb60450910d4415271d238568,0.00013969267611255238
Destination,02991f43e6d8a917da4e5cda4e043b4023da592ae7a04cebf426163a6bf61b4fe4,0.00013969267611255238
Destination,03a692458aa3357c5dede272b1bd4502209531a8fc50cd6d416331e557c04aa5c1,0.00013969267611255238
Destination,02499ae9609e459bd1d75770a450d4f9c79d1990664e36b325dbb8ca0ffded8400,0.00013969267611255238
Destination,03a23d220e27ef41688fe6912a3897040dd024fc53a3d2f6c9a621858c991fbfd4,0.00013969267611255238
Destination,033acb18b31498eb6503e06172dfd281b5b64df17b8a7cb6b2bcecfd89f275b755,0.00013969267611255238
Destination,03190c590909fa30d1551f1d5daae580aabdf6e87e3cc8297e3826eb38166892e7,0.00013969267611255238
Destination,035b241ac078a67e2deff6c73569816261b65c3125697149ba9548b1713d4ecec5,0.00013969267611255238
Destination,03627ebe50fc6eb80b0caab0c3714958c701eda735e3c29588e83150d6d4a93976,0.00013969267611255238
Destination,02b1e53f6b2873d3c7f05791ae205621dc08070ec6b63b2d8e3c8dd481151e9173,0.00013969267611255238
Destination,02b45e6448588de24daf7c773a674ecbcd3cce3bf2cf27428d1ddbf1e6ca034684,0.00013969267611255238
Destination,0227fe7931b4a8e1817606d4b6ea60b7b37ba0e40ee3bdc34df36b60faec10d00f,0.00013969267611255238
Destination,0309506f816ef8c60bd9be263fae9df0818deded18f7bbe35887246cbbd29f96a1,0.00013969267611255238
Destination,029ef2ce43571727104099576c633b2233bfeb8dc18b476f93540a32207da9e9a4,0.00013969267611255238
Destination,02131afe0b4e48bd4e9a72edacaddd35a2f8e472f61cb6578450f95b779fdcf1f8,0.00013969267611255238
Destination,027ce055380348d7812d2ae7745701c9f93e70c1adeb2657f053f91df4f2843c71,0.00013969267611255238
Destination,03af9907b20acda85012d855de45176e1a204214d59c45b7173729a6b8379222b9,0.00013969267611255238
Destination,0211a3bc1328c473247628a446b4c3902d81b03dcc0847e5714763bd026dcf7fe6,0.00013969267611255238
Destination,03a93b87bf9f052b8e862d51ebbac4ce5e97b5f4137563cd5128548d7f5978dda9,0.00013969267611255238
Destination,03392681646147adb5995ad5c1325e7f308345f4d6eef7f53a6af1c3bc51b1306f,0.00013969267611255238
Destination,03f778538df6dfde80eca8a943847635a5be670df85406f1039868b8b1fd3b205e,0.00013969267611255238
Destination,03e04f62803231c60a9777888e467cb0351347ff95837a74cbaabc2ebf130f0151,0.00013969267611255238
Destination,0229ba89bd21cad840ba50ea2bdc86d9e709318965d42bb7ef7609c191be7b8fd8,0.00013969267611255238
Destination,03c5720f019dc9697fa26e2661f5b6015e93b2d2d912ac1b587d0200526be75d4c,0.00013969267611255238
Destination,02493033fb238cab27a1412acc55101bab4a9b644f1d18b76287aa8d764c9285a4,0.00013969267611255238
Destination,031979fe6ce0e69ece6d99a4bc4a7b30ed22a8cb8703dd7dd2dfaf619e07127e0b,0.00013969267611255238
Destination,030751b547f0e59c40086bd6a2b5efbaaccfa850aa5af5118253070ee123787193,0.00013969267611255238
Destination,03ae641aa89c4d2c0034b31bad23a4f80f841d593ddd52f7f35cf7896d0ef8a594,0.00013969267611255238
Destination,03dd1b795652debf811f93142ea4e7015889929e43220966e2431b38f74535dd23,0.00013969267611255238
Destination,0286f98999997e2cd931571358d1f7e380d0f391a8159d7d8a1a9bc779f1707ebd,0.00013969267611255238
Destination,02e7b320bffaabb516962fec3b77e901b75454e5e62a24ca99aac0ac649d8b6900,0.00013969267611255238
Destination,021ba5729603c9821c8c7e5baa0d828a5861e3deb9f624a5173a842b526e1458d8,0.00013969267611255238
Destination,020289fedf16cc2ebd800d3292de03c01297a7da786934622e0c49336f00e15deb,0.00013969267611255238
Destination,02f1246b8fe904a5c5193504d8069532b1fb8692b84fb3eb64318b201238f60ff1,0.00013969267611255238
Destination,02fce3ea57e9ce97cb7da178b91ba00d194b1a4d0928325463c777622b88eab001,0.00013969267611255238
Destination,02a7311555b28f6851698999c8045de5dd3a355feae444e6ca1300bb52cceb1e7b,0.00013969267611255238
Destination,02ae4cde808ebee3684b7107fd337b1b05a1f12e92467f12c24cfabe5b75e36152,0.00013969267611255238
Destination,022f35f2456d9a1ad52db97f5279a41b18e13977366229281420ed3a081135a042,0.00013969267611255238
Destination,0275080fd049ab56e7173e97c1d24c3e198647d633c4c233b5ee342e6697f7898d,0.00013969267611255238
Destination,02a2e2e47fa0b981df4653223621b43556b3c5e6bd4764142bf87b4a9a18452ee5,0.00013969267611255238
Destination,021219960c0f41944366db375ef177ba97419d50766aaa4d8a9b4cdda3dde47a7b,0.00013969267611255238
Destination,03c6c207b280f47d5508a0c2ec920502f5e4dce56d45e115f32ece73771e53ef7e,0.00013969267611255238
Destination,02e0894ed742ec18fb5e0048298de76fb162d1ab1116257b63727bc1f047894d20,0.00013969267611255238
Destination,02f4ddc559bc1796d3fe1064e637b9848f7817a82c9f73396214912f9d21db2301,0.00013969267611255238
Destination,02598ac7414867d404db6caf55f7a00cffc5bf6fe173b0c1784a7e5a4520d3b229,0.00013969267611255238
Destination,0322d0e43b3d92d30ed187f4e101a9a9605c3ee5fc9721e6dac3ce3d7732fbb13e,0.00013969267611255238
Destination,023e1d002022f5aa90fe4ffb71c5ddc2dd20cd9aa4540e9e15290a2b52a78a9f4c,0.00013969267611255238
Destination,0393990dadb1e26fea7975360817545e537d6c1794dfa3e946085cdfdae4b66f89,0.00013969267611255238
Destination,020fc7e62c9956a34bcdba309a4809ccfd7adcae4b8b644cac81b4dc58d43a2479,0.00013969267611255238
Destination,03fbb38f7e5df72e39ffc20f0ca5d7cee508ccb8bcf6bd054ac5c2c1a02ff3a924,0.00013969267611255238
Destination,034325d1f0149405ac38de4c3504c8a113dc67d79038968f9a311ff5d6e474b9c4,0.00013969267611255238
Destination,0380a492921bea0522ef85d8df6ff83d0943e43712e6120067091a0ab4ba2bf65f,0.00013969267611255238
Destination,03f01cc2d156a164d22924d8bcc9fd793952fdb891a3b9edf681c4862fc2c99e06,0.00013969267611255238
Destination,037310ee65744f9c4a37cba7dae742a881f7bcc57f6be70b69a437860ffec410ee,0.00013969267611255238
Destination,03724c589256bcdf0b3ab75de2862bffea891c22076e806bb1b395f2514223cfef,0.00013969267611255238
Destination,027831fdda22a3fdb95ac7f4a6348467720ba073edb61317c7bc965315c9e5bbe1,0.00013969267611255238
Destination,0339995292a8f2b2370489e2a8b3d359a18a95c4d09de9fbe5b974d887c4a7e6b0,0.00013969267611255238
Destination,026d0169e8c220d8e789de1e7543f84b9041bbb3e819ab14b9824d37caa94f1eb2,0.00013969267611255238
Destination,02c44f694d85f3bc013fa4de079b6cfd55c08a5e165649d09c6ed3a4bd1dae0d90,0.00013969267611255238
Destination,0377f04cf8ddee20a0f0bec7835a8849f22acfeb342301512c30a454712a823ad8,0.00013969267611255238
Destination,033f1323173de7e70b4832c0b9bf27e9997198a04e244bd9dbb9e78f86469bed3f,0.00013969267611255238
Destination,0215bea618806194ad88b80de8bc11c6391edb2fa1beeea6174305856596faeee8,0.00013969267611255238
Destination,03dab86982d5f9d605e4ba0e04ec163268dce1814ef38a563620608124b469241f,0.00013969267611255238
Destination,03ef3420364513e991b33c8d757647a14f627e2acf76828b188cd8e5cf56f481c4,0.00013969267611255238
Destination,028aac415e5c3f5bcfc0530b9027fd5f5f6601c2e54dd179eb927c99b0922d27d1,0.00013969267611255238
Destination,02d25fa564d7f6ccbc92c93abbd27b7c3b30aa311b88f76ff749e23ef47401ec05,0.00013969267611255238
Destination,028c345f7b4b7298d7340ed531e2c6f46e1f136fc43de6316f5af42345d619c7a1,0.00013969267611255238
Destination,03e81888c35e67cef9c9e6adc0755a70a9be5486a4ccfc28c7370536b10cadbcf1,0.00013969267611255238
Destination,0325f5875721d50d55e96542a0643b34f63b1e9594eb5d7f55d891aab7def1a4fb,0.00013969267611255238
Destination,03359cad9e58ead8d665af91ebcbc868f9267d4302664cf155cdbb4355ce9b7f2c,0.00013969267611255238
Destination,02a14c5c4fedba011d5a822f44bc4cd968484b94d92810872971ce498f278e34f1,0.00013969267611255238
Destination,02ebb9c3b7265647faa9c6361cdf5d2a0ecf08d4040a6cb47b5372046f23cf7ecd,0.00013969267611255238
Destination,03b7205c4c8e87d60db8cb80d99b9ec9a9678485b45864dc51774c1a8b5fd42ed7,0.00013969267611255238
Destination,037a3de793ea6af80c6784836a7b86139a1973219a9958eb9f12570a617de62aec,0.00013969267611255238
Destination,0253b02752d9629e6029840e2c6a70aa13c72d6de18ef4209f6fc809452be30236,0.00013969267611255238
Destination,02daaf8996a270f6da09ecd7a8e47ba04c776471505eac46b01d790ce2ec08d2da,0.00013969267611255238
Destination,02d0e03736cbfc73f3c005bc3770327df0e84bd69bc8e557c279887344deb8bce2,0.00013969267611255238
Destination,039089d6af09b1aa403b65690155670daf50c8e7c4843de575a5b28c3683e12880,0.00013969267611255238
Destination,0321349b94d9c240f69062238b46a8d87dde1aec7ef870f57601b569dbc702650b,0.00013969267611255238
Destination,0260b2dd149223ccaf0bf3aa095f47da15474d71fe42511f504bc3f8618f3d1a72,0.00013969267611255238
Destination,0203a21e744c231d092383b5e2df60709f9645a538d2a8d7c6f2ede8c4301c0bff,0.00013969267611255238
Destination,03c9651327a31793919508669496b83f1a4ff87ee9899b04bbf2e2c6e7ca532625,0.00013969267611255238
Destination,03c8ba74efbb09b4223746e19bdd96ea6b7cbcab06e1cd51f363f9be7b8b444b40,0.00013969267611255238
Destination,024b9323715058abd3687f621db1ff91ba73ddfb5bd4d369881169297f303f848f,0.00013969267611255238
Destination,033d6c9b2da94bccb4b7b74131eb21795bcb3acdf191da1095b486604dc0219ca0,0.00013969267611255238
Destination,030545472cee5376806eb2765b6b9068eaaf04f4fff95006ff4defea2f852d823a,0.00013969267611255238
Destination,03ee42cfcb9540159fdace61e085a9bb6f27b272385f640f0be28df73695ed9817,0.00013969267611255238
Destination,024499ba06a647fa11904c781889630536fc55837c61ef9fc50080ba060a3c263b,0.00013969267611255238
Destination,031b8c114b93c162e8d8a29fbda7763e81089928b838436264509191702be2b4c2,0.00013969267611255238
Destination,03972c8fbc8cb22d1d0dbbf0c81aefb0f0fe3d3ad42c28505da4e1e53cf97eb12a,0.00013969267611255238
Destination,02f3d9e33a2de53e128ae1821f0cff02f7e8c9b6872d949f0ebb0c8e388bad82ac,0.00013969267611255238
Destination,03966696a6dc60bc33c602fad914d1ad6d8dd5d80212778a30a6be1469244f0b5a,0.00013969267611255238
Destination,02a929fab5df472eb8f8b2d5becca4b2cc4b439d10d46651db1921739186afb0b4,0.00013969267611255238
Destination,02ee1fafcda7597297de305b88da52bf62db04a08599e7f8b2e6c86bd03303590e,0.00013969267611255238
Destination,03b9b238a9e07336d4902e007f14d6597363b8563fef2316bbe98250146d0bd9cd,0.00013969267611255238
Destination,03797da684da0b6de8a813f9d7ebb0412c5d7504619b3fa5255861b991a7f86960,0.00013969267611255238
Destination,036360986f6673fd63711d6153841ae613e040bd1f7d32d648a1befdfc6ce4a702,0.00013969267611255238
Destination,029d40776fd9fb60f8cd3f1cf7168a8af46c08ea75fdf15a3fbade987376315e31,0.00013969267611255238
Destination,03c38c9abb6694747ea04bf7fdd008a413c7833b338dc79622a29e51bac48b5bd7,0.00013969267611255238
Destination,03894bca92c802a5130e00aad6d6cb211af2e5d652d9290aba8846b9809c394b8b,0.00013969267611255238
Destination,0228cc784d015731cc0c5dc2163c8bb856f59feb3234ce813edeccf2e26733c32d,0.00013969267611255238
Destination,0208c8768da0fe9c9e5a6c9337da26432dcc534a5391fbd2955e977dfb67997658,0.00013969267611255238
Destination,02e29777adde8a4ca2208df209ce7ea578ad7b6c5ea4f02d00b3b1025df8e58a96,0.00013969267611255238
Destination,023a48106b7b6cd84ca58cf086a00177bb5d1e999aaa9db82cca58bdaaaed1829d,0.00013969267611255238
Destination,029658c18a365d050d5eb75d86b281d7e151396872e2f8c27777b95942e44d6c9d,0.00013969267611255238
Destination,0337535848e6d63e626a1de4528832eeec7daae9010ffd6357cc523619f532aa3f,0.00013969267611255238
Destination,030035ea59d3fc1b6f598dfb835260dc03ea3955207086b43273f4f7966e7e7381,0.00013969267611255238
Destination,02b72bcce369e0bb62d70c7eb1f1e7169799647a77eb7e32d3a920d4520c3dc7d3,0.00013969267611255238
Destination,02eb34848fd68058c2ed4fcf867c9485982ec37cc21e30aab0749be795f8d9addf,0.00013969267611255238
Destination,03100616418bb059ea8a0fca0b251a893c09f86cb50f5bcd7ad0de9c4d6dfec4ec,0.00013969267611255238
Destination,03c4f44b26dabe7cea67dd6ece6e683fdc942f130119ebab55dbcdfef799d96736,0.00013969267611255238
Destination,026651b2c2ccd59b53a310bba1737797b4f368c0847a61faa503e2892a71704d81,0.00013969267611255238
Destination,02cb5509d2eaf24dfa62ec7582cdad0aa9768ac808534cd439d45820d05850509d,0.00013969267611255238
Destination,02638c3c27dd3db9edf77449571861a591c085eec152a8b60e3a68931f99ee5ff9,0.00013969267611255238
Destination,02c0359c835024ab08dc926c8b0188c6594a1d266f116fd06d90dfff6b32c2d7ea,0.00013969267611255238
Destination,02f50854610dc0d0ca2ec28a913df26a3a1368c2196c7ed39cce0648a968c7fe76,0.00013969267611255238
Destination,02eb9aaa77bef4e919b1c14e2b91a71991a78be553e09f6fb4893983425515b454,0.00013969267611255238
Destination,02cec87edb7e4702d5466bb9686e38c070dcb78c0b19050faabeb5210becd22396,0.00013969267611255238
Destination,03ba52b971ba42c179a55f3579fef8b64600213c72f14d7fab7946d38f964e98fd,0.00013969267611255238
Destination,0258bd38fb3a67ee8308ec975f2220ca5c1c2525dc6c34af637a1bab6ee17b41dd,0.00013969267611255238
Destination,02faa4ab03242a287651931e7dae6fddcd7f65f01c17800b7edf6a1bf2a31e00fc,0.00013969267611255238
Destination,036ac54a55189e853c5c22bb5dbc3261d856b508e33e725f1956d64e51be48f7c6,0.00013969267611255238
Destination,033f601cc7ed1e78d95fdf7132f2f47d5b7ae109802f9599903aad7178b301be1a,0.00013969267611255238
Destination,0391574fcdb49dcbe1f38e27abf384d03a445a8c1b73ec686fa6d0d473787e39ef,0.00013969267611255238
Destination,02fbd735ffb1c0ccab0ed05f5b4977130db0eb9154e777bee3fe588a9876e8080e,0.00013969267611255238
Destination,03318d01b8f87191be2c718d1e5716af1906df5f58d7eb1b7750d95a80501eddcb,0.00013969267611255238
Destination,033a6fadf13d7ac90347cdbc9b47b980d2746ddfe86bec86f0f22c9b5579263e52,0.00013969267611255238
Destination,03b90d6f20cbe82e930b96acf2b6b6806142b43d5bc6d969d310958d3c71a2438a,0.00013969267611255238
Destination,03339a8dca2023a3e2a7b4ee99f6a7be87d04bfd32775d3b7f85b0d6d30c457626,0.00013969267611255238
Destination,0386b35d2c0c4f16407f189865b49ff05d66eb0d9334226083ce57b0331eb9248e,0.00013969267611255238
Destination,03be9d2a0276df1cf7cb56b3514242ec6a4c16526bfe7b0513247d40c2c4cde49c,0.00013969267611255238
Destination,03488712604abc514c04c6f8c148f820df74522383dae0c94b4b9afa89b83288c1,0.00013969267611255238
Destination,026394b215fb9559dd1ad3f0a1e05d59794ca3607a971a1713d155521fa79c99f6,0.00013969267611255238
Destination,035510dbd1d58e9031fc37f5805c6c58e1763d33ab5a406f4007243a8e75a75e24,0.00013969267611255238
Destination,0323a74fbd280d757cdd8c04513d302077089f3205db62963d0dea468c6424d231,0.00013969267611255238
Destination,021ae1459830f490ffb6fde437eb99210ace2bf4ff9afebb8b2b9c4a704440e3a3,0.00013969267611255238
Destination,0226f31c5f3a8b48bbbb7aaa97a10effcfb445b5972a676955d5c095383d35a428,0.00013969267611255238
Destination,026f46207fd290a33cbd86e29b3ad0a47cdd44ab9aa5267cde66483e10aa9d3180,0.00013969267611255238
Destination,02375b91bc583eec4d1b0c906d5339ff175c5512d4c3bdad03af745c34543d93a3,0.00013969267611255238
Destination,029d08f1d1e2717c45eb4d2b226c757338f378c823c302ab2f177b1977492fee88,0.00013969267611255238
Destination,02891f8a0cc91093862417a942cd3bdc12e6a51a2e4cc24bb01ad8c4b504793823,0.00013969267611255238
Destination,03ce90d72b44aa7220e79e60436062f2b686cdcae8a3a8f805fb56e028229cdde1,0.00013969267611255238
Destination,03ae19786884da33c7e3220337fd01b4f5d44b8a920af310779863072f35ba25d8,0.00013969267611255238
Destination,035cf526f4c01ed693bacd7434461b9dc53d65b910fb3006110d8b42a574858fb2,0.00013969267611255238
Destination,02d695b01c7a6909e716c863fb39bc5fb7bbdc3824b7fdce53adc593e5be080e73,0.00013969267611255238
Destination,02c33c8f4e38ea2986675edad9265c59c355024bcde4c5e10e30eaeab47c1fa39b,0.00013969267611255238
Destination,031e3f9147b199cbfedc973d8a0f8a46b4b3d7751f09c1a964b31ffefd9a07db84,0.00013969267611255238
Destination,024a8228d764091fce2ed67e1a7404f83e38ea3c7cb42030a2789e73cf3b341365,0.00013969267611255238
Destination,03a1583ff60c27c634a44cff66124c71807fc38e0dd861a6110965f2f985202e19,0.00013969267611255238
Destination,02b437d586e5824b3f14ea8960897ad02db88dc049c54f25cc44a582a9cc228198,0.00013969267611255238
Destination,02b62333c0922fa5542906ca0f98ecadb24de9ef9e259e4a63ac4db33aee8fdc7a,0.00013969267611255238
Destination,03202791105580f5b7869ebd599c4ae1ae2a3e1ef47213dfa060cb201e0e1b4505,0.00013969267611255238
Destination,03d9485f27c433ff17fc103b925dfe1385e77728662e65b4e5373eb408386c4c66,0.00013969267611255238
Destination,03ecef675be448b615e6176424070673ef8284e0fd19d8be062a6cb5b130a0a0d1,0.00013969267611255238
Destination,031aaa39139979f521db13315658c9b1805b10e75dfe3edaa604135fb9c30ec71d,0.00013969267611255238
Destination,030c90df49347aca5cef19ffe419c90ccad6655bcdfb10ba0d3eac609858e313f7,0.00013969267611255238
Destination,022f25ede65b3964a4c9d95f9367d242604bd96ab8e7337c3eb69d9afbc0023d0d,0.00013969267611255238
Destination,02cce866b659a12f14e29efccc3c240eaa16bfee3c763bdfddc9808244738c4cb3,0.00013969267611255238
Destination,030057ffea1a1650ce716aab702c9fc29ce24659b89650eb963f2455df0194c997,0.00013969267611255238
Destination,03a09f56bba3d2c200cc55eda2f1f069564a97c1fb74345e1560e2868a8ab3d7d0,0.00013969267611255238
Destination,02413d9c273f8ca507440a75f23de5eff1e678d3cb7720e074fb1a7bfc7eefada3,0.00013969267611255238
Destination,031633471d005f37252ede8114c6f4203e0a668270532f0f11a1e4072eb2eef272,0.00013969267611255238
Destination,02c4bb2d0c6003a94f5cff1f1e83414043082d8a075c3431ba896414cfe39a0f6b,0.00013969267611255238
Destination,03ece2b628701fd5f44ba866704b0fcf4bde05adcb3f91e724dca2fd4b044297fa,0.00013969267611255238
Destination,03199ed0f5d35865453d3936aee5dfe1e393d7779286208b6b4733296e9635ec12,0.00013969267611255238
Destination,03aae3f600d7355af542a368cecf67cdcb0e61c5503b7893f1c1c65f57740cd93e,0.00013969267611255238
Destination,03c41fde73d7853d07c0b0baf110e91c5f54f768cc94d58ddc0d3e947fa7d27e29,0.00013969267611255238
Destination,027f6a478755e8f2b07c8c167623151f5be2005948c930fd45aea94d343a4d966b,0.00013969267611255238
Destination,03df87b99d597f1982e3ae89ea3ba7bc266536269326647c73acc056f9923c9ccb,0.00013969267611255238
Destination,02665cd5eeb875155645483c14704703e88dfd5094f560a14301e4ac7870a0dba1,0.00013969267611255238
Destination,021e0743e92c033b57072adc4f8ff6525c6430c4df5de735646cdd823993fd7706,0.00013969267611255238
Destination,03204fdaac64b5101bb5d8a1699b3067b4c617c0ea4758b36158f489dad1027ef5,0.00013969267611255238
Destination,0387955f67913f73fec57b34011568aead2d8b9902c94ff7770885452bb9acc842,0.00013969267611255238
Destination,027b581adb069aff78389c970b898b1956d00e9ebeab3c2699e463a3db9c9299d1,0.00013969267611255238
Destination,03ac2abafea57755b9487247b01234ca7c8e7511fd424f012ce24bf6d8836dcc45,0.00013969267611255238
Destination,03e10961b3dca2535db724606ed1fb1fa5140278a934d36826937310420d4537f3,0.00013969267611255238
Destination,023924542082a5d16bce188ec4c29a45f00dd439a3f5992034d82e3353232a0345,0.00013969267611255238
Destination,03e4f3d7ccf98bdbf24085b948f204a6c0c0b4464a7572cbac85c746085b14bbc9,0.00013969267611255238
Destination,028b6cb61e000ce5731dd56d142474bb3c62fadcfe26f87171b468a37b2cdfcc82,0.00013969267611255238
Destination,03b014c3f5159debd6e7585c23885967de252b25c487244fca07881cdf0ad19f13,0.00013969267611255238
Destination,0232a5c6b4e1f1dae5e50528fbc2f0de6f2d66363638c83cfab65391e3eff48ca8,0.00013969267611255238
Destination,035b733d94418b1a7626c76681518cf56d05584115a264309304d0742bd1e979be,0.00013969267611255238
Destination,030588fcbf2e1496a3bbc17a8b50b74a8779691d7be727f93e567a96c3d1053e7f,0.00013969267611255238
Destination,02dbd4dd8cbd7fee2d231cd44a17fb655bbaefe916757712036ff63f7d4ef73fa1,0.00013969267611255238
Destination,0347ab327d7e573416ec0628f1edc77c3dd5d1e3b51a2118fe254b925f543ecdbd,0.00013969267611255238
Destination,023af487e8558d7d6ce7a944e54c207d6a0c1a40645f85f1fefc2860cb2404420c,0.00013969267611255238
Destination,031138a6e0a5d58bc144dbaa61daef305a97c6d3d8946b46675d26e92aecdbaa89,0.00013969267611255238
Destination,0295a3588b52f7612b4f07f4c8257991bdb608d4eef8e474d87ba9879bce46f32a,0.00013969267611255238
Destination,02f97f34b35a34142321a3a0c1ad4ef576be6895fdfe4ef72ff45ccef406f14a54,0.00013969267611255238
Destination,0362e330afdf043766a48c4bbfd1c6f8fe616ee4f2b0595c00982e09e2e79d4a83,0.00013969267611255238
Destination,037f627fa45736c5eb23b8a89f2301ebc6c857df2cd4a2bd8dada05aca8623e180,0.00013969267611255238
Destination,03641a88d80a2a85bbecd770577aca9b5495616e9fef63d66ef2631b7cca1d395d,0.00013969267611255238
Destination,032a4e05b909452a8a21a4b9795b6de44785ae17dcd2ad5b1788f689f36c1cd84d,0.00013969267611255238
Destination,022306bf59377e3c6c8c445c025ae9e030dc2714c199975ef18de0421a4c03c7e5,0.00013969267611255238
Destination,0225f33ebf88e8d58d3ba7006dbfc70d05e6f797026f2268df9984f29b738d483d,0.00013969267611255238
Destination,03f13fcf0e95d329e779c551675cb01b85b3b01a095dcf280efed20520cd912a21,0.00013969267611255238
Destination,039c19c8c90544baaaa98fd7435e7989b66a0a3c057b34762cde05f3985472ecf6,0.00013969267611255238
Destination,028690f24e527ff41051c985beca9d87d835415b9b1da378701ab5bf8f58407582,0.00013969267611255238
Destination,03ee6f7529b16a75fe00825a9a6cc26e512759df6292881d90819a55d9553eaa36,0.00013969267611255238
Destination,037621d90b5f3673834287d2f87d4c5a014ccad50a973d3b8c6aa5b94c30a537e7,0.00013969267611255238
Destination,03161920646c732c02d1684b28b2548c28d935ce81266715cefb5707e192781e0f,0.00013969267611255238
Destination,023e09c43b215bd3dbf483bcb409da3322ea5ea3b046f74698b89ee9ea785dd30a,0.00013969267611255238
Destination,03d1254e69c167c6eb74df37350027cea2badfd4375217be12563f24b0fef4d2be,0.00013969267611255238
Destination,02ef754a13d37b6a1d9747a01866dce19adf5adf82b7581b8bf08e7dab16041eae,0.00013969267611255238
Destination,02793c468d6e179bfb3201e4d33b91737a6b5f4e827e73639e47120788685f2c69,0.00013969267611255238
Destination,028b06637205225f29f6daf40b4a8281eb3dd8aceace945e7b012fcc9e6a1e1b39,0.00013969267611255238
Destination,0328b5d9d56c4f4192f4687611dd200765157d07b721343b2247472d386d551cda,0.00013969267611255238
Destination,02cb636e4c00127c8da7864d94a26b16a789dd4a082e0a9b7e2d99077b02fc050c,0.00013969267611255238
Destination,02f1a8c87607f415c8f22c00593002775941dea48869ce23096af27b0cfdcc0b69,0.00013969267611255238
Destination,039d5b9f5afe924dc787a601aff6e87a89f6704f91ff90bdb24daa04594cf5b4e7,0.00013969267611255238
Destination,031cecb697b2fbdcd265d233fc65442fdf8a3522a61ab1c727a9d6be673270cbfa,0.00013969267611255238
Destination,03c16b1a0066c93f05dfefcf11d79c3c729ea526c1a039768d3de8952da57aec89,0.00013969267611255238
Destination,03e437df1443336c647f0a61e03eb0449972a486863acf2676410f308a27df33c2,0.00013969267611255238
Destination,03ff8254accfed217b86979443346dcee6673ffb06eb7942d0ef14f568930625b7,0.00013969267611255238
Destination,038b0481a4b2e396f446853eb7c6dbb682c1f90ba8123cd1e82ebfc29507e7114d,0.00013969267611255238
Destination,0218e396e20a50f2f9715dcdf9afff93622607e9995f2df7020b228ebec587d127,0.00013969267611255238
Destination,0259204d857955118bd6363ba99f967ab1647d9371d9206bc4752b056c4ba683f0,0.00013969267611255238
Destination,03db4c2b18da2bf7c5526da3faa6940cd96b7a03296d3cf66ac177abd291628753,0.00013969267611255238
Destination,03d51a1ef33999f08756d9340254418e1b2b0c499c58ccefbde3021d05657f7f7f,0.00013969267611255238
Destination,03be06c29b8b891b9f589c346aefbd4f73d09bfb73944b7aecbd91739d7ad5b575,0.00013969267611255238
Destination,02555dbb3eb52bafefdb383bf041539051503250e8ce9935c944ed656b8af6c335,0.00013969267611255238
Destination,02dfd3cc8212d496ab64f59be43c65702ce9fee04eb78f4c06f350e53318237784,0.00013969267611255238
Destination,025d4a6dc57ff74f1c78a36cb43ebc72f895bed965d1e48a4f282dfdd714299364,0.00013969267611255238
Destination,03e88b9dc27c42f2d5c252baf25d49996780f5048d68cdddf987a4452f3c590297,0.00013969267611255238
Destination,0374fd7bf28122a8cef4eae815a9ee15514c3f349ee7eefd68bb6e602283461732,0.00013969267611255238
Destination,0248d4f63760360a6c87c59ce3eb446258986b2efbe23ee9164c50fe000a4636f3,0.00013969267611255238
Destination,02faa3924c63fabd1fe3d924b8d13b60903e0daa0850f6dde0bf5f239c9cbc7426,0.00013969267611255238
Destination,0350e8672e1cfbf20f5853505041a67df6fddbd8d3aea7886942cec9ecd27312d2,0.00013969267611255238
Destination,03246f90256ddadb3cb861a0beeb5c20d5c4871c1cf6b3a742a544109a0d23d75d,0.00013969267611255238
Destination,02939bd0f036eb127a726b7bd3c9081c36c9b769a94b3a3f74b53ffc18767acfbe,0.00013969267611255238
Destination,0275affd6e30bb5804160e99e1a2871820ab7487dcaa4352c438507ee8740838c4,0.00013969267611255238
Destination,020b89502397dede9af0a453e438f611209a91db26d7b5f6de26a43de5ffe6af20,0.00013969267611255238
Destination,02ba825f01f0b60b8148a3c3776ae729fdc05ee1fd45e286abe3c8409720b1c5a0,0.00013969267611255238
Destination,03eb554f5faec894e443d7777152a115ccb7aa0be43e4726b9bfa18b8c6cf87bbe,0.00013969267611255238
Destination,025db83e0f5b9141dd86e35bb9848aece9e586e066768d1ea4d0ba7516daa72e81,0.00013969267611255238
Destination,0389b6edbdf24d45af96261f8493403abee39d74f9b1d789e70d1db9cd4480e77a,0.00013969267611255238
Destination,03c3a9630e1239fbf113bc34d043d105df9b75ca9621fb72c8ea33a5c45853832d,0.00013969267611255238
Destination,021baa07f59a42edd4ff2c2cd9f0aaa37cc5e81493cbdf9c8beda28ab46a102cf9,0.00013969267611255238
Destination,03f284baa8b2ae9f0a6f70ba20f8289da0c39ffb63796c9492990ec1288f5e1791,0.00013969267611255238
Destination,037e8b1af65a511e3baf38e45509fb1bfb8023a6e5e2555774998b9ce91a3c58b6,0.00013969267611255238
Destination,02baa725c94f2ff4c537772fbf340d47d9e6cbf12e3d93fe224713e18f5acfa8ad,0.00013969267611255238
Destination,03ae5e2427a98d54c2509010a78274c87952c3d024ec03ed63d3ff093d4dc7304f,0.00013969267611255238
Destination,0233cedbf5539c05a50b2efbf88a544e89b89399646589bf95fc18572658fd7da9,0.00013969267611255238
Destination,0217a309762fb94b9dcedfd16485ca2e52f3f3c8fa1cbab54e8f922fcf1454bbd7,0.00013969267611255238
Destination,03ad866d77dd2b4757836cd4bb2e1b8a48a7e741cc4cf6fcb1a2f06d934a374e4c,0.00013969267611255238
Destination,02795a9a9d9aee4dfbb9247b7bc07887a965d9e2a0a583673bf2f48e0841e7962c,0.00013969267611255238
Destination,023d1d5bd014fe70ff9b359bc1e5fff9a409e9981f3fb40a25772fee7db21a3a4e,0.00013969267611255238
Destination,02a3bcfbf123fd931dc7f7bb0b1aaae631d7a126e3da608d58f041a56e3bae1282,0.00013969267611255238
Destination,032705858146e9cbd40b937daa3ba02f2f9ff48fd976d42cf2f000517c2bf78911,0.00013969267611255238
Destination,022b766f64a3b647d26b447396d5f5b914f13bb032a10d64de4446b84f9a48af7b,0.00013969267611255238
Destination,0241eae1ac5fd3f08567cf4ca579b076cc96d3c4f35c138379a99a25b2c26e7a70,0.00013969267611255238
Destination,037b722e082579d9e05aeb1f2a34bd5b0941e5b2998da37e7589d749e8ba56ea57,0.00013969267611255238
Destination,03e5a86bd6b9f794f9b72b6c180d29369e2c8374eae701e93d31b37fc6a6840d09,0.00013969267611255238
Destination,02c28872d38317b00526f84c7e084631c63a9414571a1ff18d6134f5615e7d6b5d,0.00013969267611255238
Destination,0293bd82b16f9a1f05ddf26b24a6763a86a5c91de7044ccc23b871d4e170408039,0.00013969267611255238
Destination,027ff2837f2aab5ec52251d09af600822b31084bf47688f99901b948b76d7f9239,0.00013969267611255238
Destination,033fc3c54ddb3fb70f5ef0414ffbb6d779e6ff750b9f75433cfb1e58400fa662a9,0.00013969267611255238
Destination,023d3344876aa2bcfb7c976d9a5ae3e2ba44772586c44a947433c6d84700722171,0.00013969267611255238
Destination,0203e5b16ebe87b089f22e18752f1f7a66a1bdf77879df8d1c9e8d912dbfb9beb4,0.00013969267611255238
Destination,0257a0e81a593cf53737197478d01dfe1ce8e09d0269df3aafe29d08da0ec1ff55,0.00013969267611255238
Destination,02c12253b40b6bc44cba256cdd35cc77a7868dfa700cd8615ead9893f002cfa2a4,0.00013969267611255238
Destination,02e91ff08cba7981d73dd56fbb3e9123b101c9c94aafd27a7d70094ae479ba2c18,0.00013969267611255238
Destination,0275721a2cb785d2294bbe489a79de1f2a18b9a2eac7d95dc40e5e637c281538a5,0.00013969267611255238
Destination,020ce512d9578156e00b8946d4b2b2375db48f6805253fe2feb31ae807ed188467,0.00013969267611255238
Destination,0267b5583bf3f7bf8d4d957403be84c305e0feff0bca1c2be7668363a8171cb72d,0.00013969267611255238
Destination,02f990558f06c4167018d7d58e99462333bd947ce17b73770396fa1552564de3fe,0.00013969267611255238
Destination,03e829b2ba953e433bb6867f898ec24cd6763bd6490df1985aadcb7904b07b70f4,0.00013969267611255238
Destination,02edfcce712afca50ccdd79e8d272ba03b784e8ec5e77a9096454587077ce8f05c,0.00013969267611255238
Destination,0323adf01d03dd71a39cc703dba3324f8c053f5da734ada1a026bae703d81279d4,0.00013969267611255238
Destination,03e78423c7a744550bfb7c02978badf59302a4feb33c7b305e67e6f4633cbe5744,0.00013969267611255238
Destination,02ff837e673764e2ecca93ade2c05bc1b288e1a0ba7b034ee807d405d69858cecc,0.00013969267611255238
Destination,0291340e3f187bcc839f7711d04acb2ffe93c3b2cdb68dc07890be364e54b923a1,0.00013969267611255238
Destination,02538a62eecb2875bf1a66ee15ad1e1fb499506accbcc1c0bcb7f383d7e4a6ba0c,0.00013969267611255238
Destination,03195ae25aeec5d2956478558c26b0f790c5baa2d55b66e46d3ec9d8abc01ceac5,0.00013969267611255238
Destination,02344fd35bc80f464d89451f17544108bc252936819e9319cdb646caa173a64bf9,0.00013969267611255238
Destination,03314752609894ad71ce9eeaf3597dd8013c3569594ade4ae36f1172a0f8f4adf4,0.00013969267611255238
Destination,037c65e34444c37deaccde1f61f03b93e22b3d7451894d836f60132ee5a6f486ed,0.00013969267611255238
Destination,0357e23939805a0a739b693107f1efd33936023afb7dea6472cd2118df6a0a7036,0.00013969267611255238
Destination,029c6c8715a33d417fc753d5c824e461b11c0dcd8b354e489f9ca3e2c7a515462f,0.00013969267611255238
Destination,03a465772d45616bf6c8450a69191db8f3cf8cca19ff92138735fd5f1d436fe4dc,0.00013969267611255238
Destination,03e4356de7f0e46806e9eeee1d9e9deb90da4f0e780c932c0bd97016477bfcb167,0.00013969267611255238
Destination,03d73316bc75a10e97b538618b132e1384928471009b87af7c27dbeea20879e3f6,0.00013969267611255238
Destination,03b8f7d9499cda7890d981a319d86a26aebea15df70344fd8e8e135779ed8e76d9,0.00013969267611255238
Destination,0215edf1f0503badf6354be612bfe0248fe1ac60ded6113bcb01fe6cd38f1c99a7,0.00013969267611255238
Destination,03bdfb1208bab9b4808192ea16ea099c14d54d6d2f92290dc7ad0a8ed31dfe36ba,0.00013969267611255238
Destination,030f2e51d184c1aa37104e9d646b3a7fc14dc4cda7390982d571b1135c3093f3f5,0.00013969267611255238
Destination,035c4456f52f70bc2b5d55fdca73b63752aeaccbcadce3cf8ef53d7c9e37674c57,0.00013969267611255238
Destination,027f0379cd857a690a56c389b13d715e11cc4186ce2e22b8064a1d797ef3dbbf57,0.00013969267611255238
Destination,03e043fee083718d631444023f3b548713fdf152b99371edc986144c54c033f1e9,0.00013969267611255238
Destination,03db73d5a53cf889e2520c449a0d7a8c3da99bec15cb544011a006f8c702a16ce9,0.00013969267611255238
Destination,0380ef0209ff1b46c38a37cd40f613d1dae3eba481a909459d6c1434a0e56e5d8c,0.00013969267611255238
Destination,02d904870a5655101789211614af38508fe03e4d746886264a84df4f6b12155b2b,0.00013969267611255238
Destination,0285cdf038d8bb23027ef65e00ac56bb6975e3b5ddc163122a57f4cd1a58a5fc51,0.00013969267611255238
Destination,0295e9c42c208205285a5b8a42d44ac66729fad017fadba51fe23ac47b2f9bdf47,0.00013969267611255238
Destination,036f80166855c6b706a9e59e2f41a276ecca464bef08afc48d364720231a4d6ae6,0.00013969267611255238
Destination,03c10d7c9ad24fa5c44a4aa6df3c1c97f079ede5d0f94c81d001c41062cfefb588,0.00013969267611255238
Destination,031b301307574bbe9b9ac7b79cbe1700e31e544513eae0b5d7497483083f99e581,0.00013969267611255238
Destination,021f1e6bdf336f7f4ebc7a585d7645ac90be3050e0dd5ab5e814d1d7bef8b897d4,0.00013969267611255238
Destination,0320bd97e44c074e44168b840a86b920bdd9a08d07524f654ea32e5d3f12688e5a,0.00013969267611255238
Destination,0265b8ed989c84321bcd0dfb77cdb4a8347cc5164f5e65d0c44654d1641f3cc15c,0.00013969267611255238
Destination,033e963ae80facfebf0702c041b25d8e03534c30e234e99f67fb5aa9eca3e1f867,0.00013969267611255238
Destination,03caa1c155bb74a3f68dfe6a9970aa2bcac6a5a05457d72694c6865d5c3882e581,0.00013969267611255238
Destination,022c6d4cc91f495b269a9d5a2f685dbfe50835fb2de0181d389d1da4b2b5bb07a1,0.00013969267611255238
Destination,020fb1b9fef75f80ab0d44f6cfcdce5a985bd8db2e06312252210667c65e4df88f,0.00013969267611255238
Destination,02c5898bcbba603c536c0ffac22a4f32f67ee441b32d119dd74c55b362499da4c6,0.00013969267611255238
Destination,03da5b40408bafd195d3b1534dd00a198c71c725857cf1147a7499746f9d6de655,0.00013969267611255238
Destination,027cd974e47086291bb8a5b0160a889c738f2712a703b8ea939985fd16f3aae67e,0.00013969267611255238
Destination,02fd0dfbdd3301d82d4d3950eb90fae817b5e3a30dc6ac69480d67e155a1f4668d,0.00013969267611255238
Destination,03b8253877a515c3b6d857c5a482df815e70a84e933b5fef040854e6fca3c5ed68,0.00013969267611255238
Destination,034c6f506daf93caa4bde4e9c08d9d98cf4dfb37cfa01109f1e1ab5339471f3969,0.00013969267611255238
Destination,03f537c6e27969ea9da7665c51e153b558a890d0682ec47f9056e5c81b08dfb366,0.00013969267611255238
Destination,03d5855896faa6d6320e408f11e18b16831f0dddbb3ace4cee79f039d0dea528b4,0.00013969267611255238
Destination,03d98e20969aa217f1cf84e0c2dd5f8d4b65323c4816d4dcf7b1779c57a14ae296,0.00013969267611255238
Destination,028da2720cc25a5c0cff623b340be5d772330247ae08e11b451e6c22bddb0d7605,0.00013969267611255238
Destination,0270022c2adc16eb48c9b4ca3838724c14455558f32be331889d1ec47fd0dd2ff4,0.00013969267611255238
Destination,02833b7a5020a0afbee8edf42e05840e5fa52485d1ee56fb2fcd0c87b2dfe7b84b,0.00013969267611255238
Destination,03ebcb8cf02338a86ba79af7f7b7d449ce6d72512762c7f55a012830c5260b494b,0.00013969267611255238
Destination,03466e29d4bc1a2f7a63f5d385e9d489cdedc27d7d3f0196cd053e300d9253e10d,0.00013969267611255238
Destination,0252061bd5cde993af2863eab808d21eaa2face86949a3915bbe64c0a7b9bb8ca4,0.00013969267611255238
Destination,039f5888701d162da5c6fda161521aea1df813d845405f964ec54bc432b3ce4879,0.00013969267611255238
Destination,0270a26e0772d0cde73d870cbadf632c5377f83ed02d979f866dca2e8c49ab8551,0.00013969267611255238
Destination,03d5cc8fb20d1a95c06a63348ee35cac8a885a6e10b2259b9c8a2d17b510500b49,0.00013969267611255238
Destination,038ecb7ca4dfc44d5bad17e2a5fe88df9272fc93c89797566b3d4dd5092f52d91e,0.00013969267611255238
Destination,02c51392ac92ef5120548469f6916407bbd32cfc6ffc8ab39fcaf3cabc0fbca3ec,0.00013969267611255238
Destination,02e182884352d8b879820b13652539394f799b8d9529545a1dbe3c06d16007e6f5,0.00013969267611255238
Destination,025ddd534168f01915299316e362ec8c47aa9d166f4a00941f9866dc4de0d47cf9,0.00013969267611255238
Destination,02bdad1847051c04285a8afe76fec9495343cc9dd9e87e8f3cf478c3e64cc3bb63,0.00013969267611255238
Destination,038777ce4015f987fad34a4ba8d3bc6f43e9d0c4c040073302be69ecea6d106e44,0.00013969267611255238
Destination,03bc2f182ecca2be6c76f3f3b07af40b213c0f31e78de228eb8f8d601d93d57021,0.00013969267611255238
Destination,027270f63038c203c8e2e3eb2f92c1b5d208b3b937e2ad383ce942570d90fc24b7,0.00013969267611255238
Destination,031a8edd311cc42ba4a947bc82c23c73fdd18ffa21046a9eb00dc5cc9b133554e4,0.00013969267611255238
Destination,02ed7aff0826551947a359d9ff46dd199417ccade5848b2af390dd8538f5f2f92e,0.00013969267611255238
Destination,0399d94ccc0c5500335aa7c6fc8d0ed955cd6951aff926b8a4c2c9b3ddaedf6740,0.00013969267611255238
Destination,03b1f6e4cd30dc195ac471db66aa0a85fbc9494c41e9e1bf5b6447e07fe55750cb,0.00013969267611255238
Destination,029226d8258fda7c12427af191f18b514ded8b471aafe76fd581fb8d6c43cb3e3c,0.00013969267611255238
Destination,024d7d463f559d892220d745c0a790df66d54e2bc650ecd30900b316d9e197a59f,0.00013969267611255238
Destination,02981baecdd0bef96c366967af6d15f111d4bf8fef8fa40d545abc3b9d728c40a6,0.00013969267611255238
Destination,02535215135eb832df0f9858ff775bd4ae0b8911c59e2828ff7d03b535b333e149,0.00013969267611255238
Destination,03b428ba4b48b524f1fa929203ddc2f0971c2077c2b89bb5b22fd83ed82ac2f7e1,0.00013969267611255238
Destination,0353fd0b27072d5d994470b65506c5df926641cb0db07f7032dfab44977e22b99b,0.00013969267611255238
Destination,02390f3a455d16bd4a55948999827def30da2fb2a6df5c47232969a92856a35280,0.00013969267611255238
Destination,0325bb9bda523a85dc834b190289b7e25e8d92615ab2f2abffbe97983f0bb12ffb,0.00013969267611255238
Destination,020a5c23e97336dfc1e68d79e1efabb1b2960766f58ac422c8c20e11a765ca304f,0.00013969267611255238
Destination,0371e771520a5ace7d49272d943652c816388f17938ebaf712b26383769045aec9,0.00013969267611255238
Destination,03b9de7a7d7e8a474b859a59e314cf2a143ae9c569ce78c46289b3ad16cb8c03f9,0.00013969267611255238
Destination,02b1b75da8dcf1c20f8552cc8a80ae42e01b3e78d68ca351574782ae20e52ab30f,0.00013969267611255238
Destination,0342ec03d283d1ab1d36fa20c8d1122ea19ef0e65c27e99414ab5e24d700a5e7eb,0.00013969267611255238
Destination,03d96cb09f7eeb841bdfde0bbe5c68efffbc66f3bf17889054441c96c8582bb272,0.00013969267611255238
Destination,0284c6ea868df6d703f814a959bec23c333229a990e4d3e27083305a63304ea93e,0.00013969267611255238
Destination,03c1d4f9ea6dd3f5531a9ae876d9826eb104aed163e94baa88f2ff57384ef3f0f3,0.00013969267611255238
Destination,03c252eacbe4fbbb0f8e9f34bd47136c22c16d981f62508e7235a484989c3f53ff,0.00013969267611255238
Destination,03608c3a8979b6a1d2418d24e9b3172814a13af9d21bd7a4a1b2969478d129c6ef,0.00013969267611255238
Destination,0392c1bfd44ef31a5989f95a01b421fdf6a83d927eaf0be58ef74e1503ff08da33,0.00013969267611255238
Destination,03a9f14ffab794e38191a9bb676b490740d61ff27487df3d0d264d62eeb0b9ee22,0.00013969267611255238
Destination,02b3239d36d7e3e3216a9ad8250d5c01e9a9cbd1ea409b614936673146bc2671f3,0.00013969267611255238
Destination,037ed7ac857a34baffcbdfff77d385b445221b18b4b1aa3450225ebfdd895c902f,0.00013969267611255238
Destination,021294fff596e497ad2902cd5f19673e9020953d90625d68c22e91b51a45c032d3,0.00013969267611255238
Destination,0324ba2392e25bff76abd0b1f7e4b53b5f82aa53fddc3419b051b6c801db9e2247,0.00013969267611255238
Destination,035adfeca8fc95de5e2e9dbf9be39ac577b510e7dad0ad9287117d01f282eb667a,0.00013969267611255238
Destination,03af590ebcb9695025d79a17b4f8c6d30faf357a7b8d583a63673a8717cc036c0d,0.00013969267611255238
Destination,021859ea7461ad23fb79a21638c6ad1e7f4c9c7980241bc17d99526025e5f84580,0.00013969267611255238
Destination,03905e28dee72947e6c599a0e5f0b83cf60840835c27bf15fdaf1829001198e87d,0.00013969267611255238
Destination,03859670d82f62dbe6c1d2c3b453d87e17e2dbc4cd69341435ed83b58195b010d1,0.00013969267611255238
Destination,0293423cdebe76a816eea3c8697b15ae8bd702e19e01798cd7641d5ccdbfc79fa2,0.00013969267611255238
Destination,02018467279b42635c6e923b71d6bd914ebe8541decc09c2f5638678d038d954f5,0.00013969267611255238
Destination,02439112f98b6f4828e1a7426bfbece166bd36837d7dea4225a75ebd1d96864a07,0.00013969267611255238
Destination,02c29832898775ddea5e84996a3120b58ea0a76c8f6f89129e3dd86f46420536bc,0.00013969267611255238
Destination,028a3a69336f1c21b584e826293de1feb81435dcaee927e6b58dd76385142da044,0.00013969267611255238
Destination,021ab89df9cbd28cdab8c71d228ca40deba1eaebd827f24849ec4f3e919c023555,0.00013969267611255238
Destination,02fb2d6acce2b8605b864e98205c7d27dbf09b535ccd4731642d8ea550de96fc21,0.00013969267611255238
Destination,03d48660e4d5b595b6de6781f8b2d90793ac279a02b65f29c80faa137a7d2fa147,0.00013969267611255238
Destination,03f3657e3c4f586169002cdb68505d4a3250fb5ed59ebb4d781d64dd558d43037a,0.00013969267611255238
Destination,029b5fb846b22bf45f61aee7e8ca704b90b67638c3826f593dfb167f84f13681f6,0.00013969267611255238
Destination,0243eb245b9b0d6d19749598f02c1689ecda4657e0b0fc020b76667a3fa9ef8a50,0.00013969267611255238
Destination,03145d7bf5275e814d082e0d0a395f7a93ecb5b87f59aba5a21a4da53281dd2b72,0.00013969267611255238
Destination,03d919aafde3dd26b112d45fe2222aab874e88bfe90e1a21f21ae87d402232d707,0.00013969267611255238
Destination,036b4069cdb1c0e9b16b2e8141d45c2750a9e494a91e302edb92f85737b0166f37,0.00013969267611255238
Destination,0328c52c77b8eb31820b3f0411fa67525d3b6634e3fddbb9b224175f7eab720735,0.00013969267611255238
Destination,0397fa8e17a9a1bde9513acb39f2d35ad069d0be0a3ba1fcc67f5e5bda56784e78,0.00013969267611255238
Destination,03579f2b4b1134f9b43904222163104dabe4a2292ea8a9a3556aebf601c146a288,0.00013969267611255238
Destination,025ade7633d14cdbf4fb2e91f0f8777c21df5486593773f3c0786944147e8ca7e4,0.00013969267611255238
Destination,022ba8bd79c61528164f08e87de06618652f28cb4db4afbd581b3b1f8573a68223,0.00013969267611255238
Destination,031746b3f6d1676ed7585ad83a357367760fe3713b0695a9e6a66369f104d7fa4b,0.00013969267611255238
Destination,03343c35d88647671592aecd37f445b15b4a12d4d9560ba0f765c32184d9ab137a,0.00013969267611255238
Destination,030be1b6c769b5c22478f6fafe1f689fd0ada178ffaaa4737f1375da710cdec6a2,0.00013969267611255238
Destination,021a5c8e6d38e468596db450b90a68d63a3ce1505ea73778ec0729282381191410,0.00013969267611255238
Destination,02df315ed19636d66272e2ebbc1f413e460ac5a004810b28ef4714b30f33acf6b0,0.00013969267611255238
Destination,02045f289f0de16b275e925aff584bc6c626dddc0f29e15b367d68a35de445d98b,0.00013969267611255238
Destination,02060ed659410a4087774ea417e7f4eed00e8fbb7328baa25eb2268ac963938f61,0.00013969267611255238
Destination,0384e9a13236f14854d7ede62a764fe4b9d4122601ca62a89b54f9356704027104,0.00013969267611255238
Destination,0330fbfe20227f84227e5823f80a7f9759c7529b4071852e56e6f550360d428dda,0.00013969267611255238
Destination,03de23d27775ff1abc1d5770e56ee058464c9fcd4cc39837e605646e95aaf5f8f4,0.00013969267611255238
Destination,038039907cc717ffefc2d8c12c1e4bae3112543f822ebdda94b170004387c7c2f1,0.00013969267611255238
Destination,03c46b35a15e9ead3068c8fea06463c72fefe59ec87b3323fb9b4137fb2ddd26a7,0.00013969267611255238
Destination,0201bc093d985533e23581e421086d37c6235a0edf3bc20ac0a4f5fab627adb6b0,0.00013969267611255238
Destination,02180a97ae2fe9beaa78d33bc6e646a07c30f337a184953344fd0946eb851ec07f,0.00013969267611255238
Destination,031f2669adab71548fad4432277a0d90233e3bc07ac29cfb0b3e01bd3fb26cb9fa,0.00013969267611255238
Destination,022e687b9621f4a9ae5deb5836627e1a2bd218a1aec3b831f3aa43e4472497a775,0.00013969267611255238
Destination,034e8111d4c0876be06f6333020ba86c61b4a2d81cc14447542644bcac93fdfa8f,0.00013969267611255238
Destination,022be9317c82371b76a8e57f96139fc9537f0cee52c649488405072c8c7ab4d601,0.00013969267611255238
Destination,03d4c462c6cbf5229d8a1bfbf4bd1de649ca03e68716f033025948f70cc3425034,0.00013969267611255238
Destination,03795b7703c2b4f53dd9df44f8023d75a2dcc0b6cb9bf8452b960bd03ca9a5aa85,0.00013969267611255238
Destination,03edcf2358b9920ec2ecb28499a0f51629ef796d891504b5423ba4b5ad18cbfbf9,0.00013969267611255238
Destination,022df0b06f76aa6190916f22584e209f11d33611d57918fc668fcd1994e30be7ef,0.00013969267611255238
Destination,033a2b51d182b19f2ce42bd0fcd83aa01ff2f19422e3f7ded6df8cdad0ba056d0b,0.00013969267611255238
Destination,02c6f986b3c5a05ac6d3e1ca4d28e49d09d02a3b5963bc2a071b8b5cb31a250927,0.00013969267611255238
Destination,0301883405f47ab2ad69dcb2abe6f68c801bcc8093afd1d4b3adbac48e6920f85d,0.00013969267611255238
Destination,02f9c73c793ab1cf1dd14f9fea88b9eab37511d64e29c400c61059744663b98bfc,0.00013969267611255238
Destination,03a2807e87f2dd84193a41f8c289e9ca4723dd9e27b6d814f010ad8da5db03830b,0.00013969267611255238
Destination,03736eabf99d772903d72bfc8b2e9792e9f408f3c0456a05267737fec607a9d3e4,0.00013969267611255238
Destination,03b06c880c5d2451c78e2d58864ad1d12f7c6ae5b4e3209701783a8376b1fa661e,0.00013969267611255238
Destination,02acdbc78c92df2ca02e77af77a87ddf7d2a64d8ef8ae96b047eb2343cfb306b4d,0.00013969267611255238
Destination,0327fab32a4f349fd8bb729d558688cc74112363ea6c1443af0fac22d731ae6ccc,0.00013969267611255238
Destination,03c2a82c4a00218ecad7b4b811d8ee34fe71044a1677cfb958a072716c62b75da8,0.00013969267611255238
Destination,03d1534fbd4cfb6e41b3de0765088c6add555fbe0a19b8c0dc127c17103f5893c2,0.00013969267611255238
Destination,03d32827cb2bf58ff1568ebe5396017cd0f23df56b18610cb3df9113d5cb71d0f2,0.00013969267611255238
Destination,02bd37990d737473a7827d3aa0b5d9ba46d2ac16c73753567e4d703e0a9dea3571,0.00013969267611255238
Destination,0316526fa9d148235c55884fa12b0ed00ad001a79a8773d0408d2172209f36772d,0.00013969267611255238
Destination,03c4d87d83f965d3e4258b411b9c3fd34793bc9570bab67beabb8d1bab67eefd49,0.00013969267611255238
Destination,027b0bcfe1d61b9634c326265f3bfaabc666c5c11b40e9f79329e817c6a254040b,0.00013969267611255238
Destination,0259a363d5d0c0602d4e65a28746d4eb653bbcc0f7a997ebc1c86f706e28b20582,0.00013969267611255238
Destination,0251269ad424c00de9b570f5d7490c909da4c13c9512af0dc03b00f7b7ecd5429b,0.00013969267611255238
Destination,024fabbc7c4c161af673563bccbde1837ed263f51e3f43879fc117cf0258eb9219,0.00013969267611255238
Destination,038f8de9f7d7d7459f55547ebd2452998e24e6ade073ca07630e68fec7f2132dca,0.00013969267611255238
Destination,0307b23656662d0a9b8c2673c9ae3347bbea401f0eb31d38a2f7a29047648087ec,0.00013969267611255238
Destination,031c88581f20575a2eacd0ddfb42ecc89831f16c83534c03cf1fa02fe26f1c2398,0.00013969267611255238
Destination,03b76e259972f448fb6915c0287463e52576df1f972fc63d34bd7884421a46467d,0.00013969267611255238
Destination,03eee1d38ccfad3d6bd934614cb9fca8aa7403e3c4ffb72f84b21ea6cb877dc022,0.00013969267611255238
Destination,0351adee2a8206b03073f20c865f707a335780ce1254cab9da4ddf77760a6c1641,0.00013969267611255238
Destination,02a624a8019bb184d208045c07e511a571dfd6d9f1fb6c590c0f8ce5c424748f38,0.00013969267611255238
Destination,03b49f814c44c815a480d8dd3ae3f61a1f5d844cb2270709f16584cb446151a1c7,0.00013969267611255238
Destination,02c73ab6e0a2b9c32503d2a3d8009bbb6f494bb36dc4d5fe0b8aea388c075f72e0,0.00013969267611255238
Destination,028888989ca03c90f8f03e768eb8706e3a6ad0899675b4a3e063760a6f871430a9,0.00013969267611255238
Destination,0358f59ff1f65add6939f82b96448bf612bfb94464ea08940e027159d7c4663c49,0.00013969267611255238
Destination,02ad8a5e571cf776a2b13edbcd95a301b363aed96c9558e2839598f6195ff144aa,0.00013969267611255238
Destination,03c4e5b2b1e789f7916ee3d1aab38b92cdab044ca87e1b8d483be7b2de85fc2a63,0.00013969267611255238
Destination,024b5b162cb90768d852c9c9b5ebbe712be34f55f78871894f7ad7a761a1b7138f,0.00013969267611255238
Destination,0326cc26b26d1c5a85076d15c6dcbf6a3e08d890d4cb29c36346a17b4cf774bdce,0.00013969267611255238
Destination,02b2ae15001601b74eee8ddbd036315c5fbd415b24f88f24d5266820169dfd13de,0.00013969267611255238
Destination,02ec4695ac9e0af8f8ae42cedc903eedcd3cdb6d7f7407c483840649e23bf51bab,0.00013969267611255238
Destination,0216781c1d994c0d5daad5e86b29c54b1a6fab3827781c97529799c471fcdf0724,0.00013969267611255238
Destination,032eafb65801a6cfb8da47c25138aa686640aec7eff486c04e8db777cf14725864,0.00013969267611255238
Destination,0298ee08a8d3e93fc6358bf9e3ad1ed76225be0447024c754200bdb7b548561efa,0.00013969267611255238
Destination,033f481fe0e9344228b58e0297162bfa8d648d5043c12b6323df5eac61bd39094c,0.00013969267611255238
Destination,02c2edddbdbe63639fbad420421ca7b8aa4f99f1a6dc12c4c9d1a578702fbc3dbe,0.00013969267611255238
Destination,02c2cc6212ea3b464b470e0269c1f1ecd6cf7f424d4cd06e085a5969f30780a39f,0.00013969267611255238
Destination,021f916a46b69ee9541c13e0a4a0ecb571f7c72f1fe6b7e53376b2005365b44a73,0.00013969267611255238
Destination,03d38e5631647c10d7bc930dc9630348bc92a2c6e09b64df7eba50f910a8d35c50,0.00013969267611255238
Destination,0347c12bc647f61f74cde6364cafd6cf1dd722dfa9b3b531c7dd2e9c8f5e0b5259,0.00013969267611255238
Destination,035f6cea030176481dca0aec07d5ae076c2cd652ea34d1d04ce122577c836170a9,0.00013969267611255238
Destination,038557cf45ed950a0b18534acf9a417911ff941ea3d00389940016f262155e779a,0.00013969267611255238
Destination,02f16437c2b9bf9f38bc4a57d7f32d7c36633725392cebf1faadea11b4ea855a7b,0.00013969267611255238
Destination,02ba3eed9254d108197461de9722bc299cb21fe3b1fa680ab6d1463206fd8b0dd3,0.00013969267611255238
Destination,02f06ad40a3d8719a724b9f89f7a48b1772d5a5d6778e761c4a18708803ddc41bf,0.00013969267611255238
Destination,03e4df2558737184a1be19fc5a3bc39380c97cde5e9718e952adaa551a597908fc,0.00013969267611255238
Destination,030425cef2484bb833bd4d28e033c56ac7a4c665eebbacc3b1b7f1db6137117735,0.00013969267611255238
Destination,028f0259227ab1fc1ece9614fdb372eba5f5e0e934cad7481fd0684f780dc5771d,0.00013969267611255238
Destination,03d0bc874630ccc97402a58223b3e34e4efbac3b7a2107bd1485f30d16a5809ca8,0.00013969267611255238
Destination,03fb24911a8ffb909e7eb7eb3bf65c9f9494ed73ab81e0522a0db71b570a9ca9ec,0.00013969267611255238
Destination,02787fa383a86494733aefc06caaf05108ef7aa2fbc3da78a557e14bf5b1120a11,0.00013969267611255238
Destination,0207ed361128e101a16605fd8e7b491e2d28f7db1677363c9712a3907523a414d2,0.00013969267611255238
Destination,03d32e5618df518e911e2c0bf4686e9d236ae9ab0afd442f0a5de28b74d64338b3,0.00013969267611255238
Destination,033c4f1aa398bf286e3f0c90f37bdc0704d6693149885d690500a006ba9fae6586,0.00013969267611255238
Destination,02c5b5972b05fba2cd2c2d9269a47bc478f73fae0f248a85cb1e5af60a07c1919d,0.00013969267611255238
Destination,02fa7ea1a406c8d4c809af3f06802263a816b2103b7f8b4d54e04075625fb6b4ac,0.00013969267611255238
Destination,033960371f5e94a9e6fa6d5bc73bc7020f33c32aa1efd106a1a6daa75fc19e2917,0.00013969267611255238
Destination,02763d8a6be55b52a6a352f417f6cf3a1680bcb6b9e9d3e3e369fbd2df0435e8e8,0.00013969267611255238
Destination,0278f045df017c64c27bb8126c0dd52bbcd82021c0f89a913bf32a13d9e253f692,0.00013969267611255238
Destination,03f8746bc9b95599300755ab9d62b6e5e4c10ea9509c5f4edf44fa498f74f95711,0.00013969267611255238
Destination,03abb38e5aa1a85cf18a77d0e60ce908b47b86b8b32eb83591a0c84357ecf65cf2,0.00013969267611255238
Destination,035e9e326c3d1979a2d60e7e648f2a3b6ce2d9855a7bfd59d9fa159f469358be76,0.00013969267611255238
Destination,03276dc6e15c326b9bd243e327d1c71787312384c669ad55797e1ef7217acf3f87,0.00013969267611255238
Destination,0363d4daff0506649f6099872f08979f1571fd94c6a828022ea1f4eb7c8516f244,0.00013969267611255238
Destination,0309f02bbfcbad0dd50a14a7ba7a4050bae9f404f5a2c7306634453e852fcebda0,0.00013969267611255238
Destination,02f5be5f3d54b66bf531b96f06327f59cd139f6e2c301cc0131a3f632025c2704c,0.00013969267611255238
Destination,02491a3434a7db80abfa24f6bcfd8a848e4e5e107361ef458f5e558bfe5ca543ba,0.00013969267611255238
Destination,023ac2823d9f672a747db435e6d3fa0915e9d753fd53b2cc442dd95490b557ed80,0.00013969267611255238
Destination,02312ae5b618f26b3754454a3f5ba80d8c714f8f107e679d76c4f334c5602a5528,0.00013969267611255238
Destination,03880f6bf12094a56fe42f74d0c7f043d15435301083b1c7edab352e2676d0b52b,0.00013969267611255238
Destination,032b888be6b714468e9876b50b7aedbc9ce87c561b455a364a59b94ea2f98a81a7,0.00013969267611255238
Destination,0271024435660f7056c565fa9000a734cc48aa85b581a06fe9bc0b1c89e7b66874,0.00013969267611255238
Destination,03a3ed01180122827529d364031b607148d882984b6635cc70b29c62ff38d9b5a6,0.00013969267611255238
Destination,0211b63861b996c4ff4b20e3e217397c4dd12eca85b2004ddabf1cdc443a8717c8,0.00013969267611255238
Destination,03d7f8e26e2ad08f19901212284c126d30fd811cceca25b6214c5e0e025451d16c,0.00015964877270005986
Destination,03e3ec0c6f3c700fccd698614c811d8353e08834d386a31cd8c908b8853f83dfa7,0.00015964877270005986
Destination,024706283aa99fb769a84b638d391c0866ade1259c2b3f40eb94cba529de37e9e5,0.00015964877270005986
Destination,02676f9a009419b2a2f4dd64f4a5bef38f5a399de45dfe58872182489d36d8bf61,0.00015964877270005986
Destination,03328d89d96610451b8da6f843a68a9d90a5a694127d7703749b1331ccf79f737b,0.00015964877270005986
Destination,03f92c0e20202d35d35c3eb7c4b08050fbd917127be593436a1592d3941c5819b9,0.00015964877270005986
Destination,0250f02033170acda8299798e18db7a341c36e185efa293e572e49e348d514f2cb,0.00015964877270005986
Destination,03bf7528f412ef621ac4898e4815a7c94d427e719eefbac41d32c0e710c299143d,0.00015964877270005986
Destination,034ab5f3069e95b3e8f940ef904b9ab8eb4f783ad28bafa361825a9c7432405ad5,0.00017960486928756734
Destination,025ab7876e3d3c4e030acd14aa290b44ea3bb0e485889cdea172346c1da7683931,0.00017960486928756734
Destination,037584aa529af342287a0f91427df19f497925b93f9e1a73c48af2fe5cd16a1542,0.00015964877270005986
Destination,02b3a79949fcb53da53050018837c8eff56ff571ef1e0552a80edeedbd7320ffb3,0.00013969267611255238
Destination,02d02433667ab632a30d547e392ade513bed6988d061694fb8ba0fa4d714dbd7b7,0.00017960486928756734
Destination,02b646d30ed97b4e1a247f74805bd2bb5b5059151aa6842c3d8a02fda13be236a6,0.00015964877270005986
Destination,0362bc1141ed558a646cc95b0d0cf7ac5ff6ab0aa895d34abce2f094e543fcdec4,0.00015964877270005986
Destination,0371f45104e7da4d86eecffbb0288039438c74b1c38f69f4dda83180806b48af73,0.00015964877270005986
Destination,02a0bc43557fae6af7be8e3a29fdebda819e439bea9c0f8eb8ed6a0201f3471ca9,0.00015964877270005986
Destination,0223497b9a8e088dbb020ed3bd174212213d20008cc9ccbb3fe3ff6b16db08e134,0.00015964877270005986
Destination,0231a5232c74b33561c0f2117417995f4c46c2d61cd9b7a3d9e37dd1721bcb8e6f,0.00017960486928756734
Destination,020bbb584a5008a9d1dfcf9aca44b254919d9f33e37e8dbdba9e0dab3cbfc628dc,0.00015964877270005986
Destination,02954410d4027da8f16e76dcbc34c15e02e7f1b735111fda3683543673d083cbdc,0.00017960486928756734
Destination,0310502605bbd0e0c6ec0ae4e636eab86f2250c3a9e09c2208aaa98c6d0de342e3,0.00017960486928756734
Destination,0207f999871315c74e83de1f15a0f6c4be12fc0eb4aeaeaed580cdb0102947a584,0.00017960486928756734
Destination,03a4f54826a6076793fdde0a20bb693f961186972985d2885021642800468ce4bc,0.00015964877270005986
Destination,025de1ab430106fa6033637d0ff2946b48808c718d3202bd8183558119df98f25c,0.00015964877270005986
Destination,0342bc39863ee7f40e255c337ce55764524028670ca67b6b6b23dc5231c295f03e,0.00015964877270005986
Destination,03310b9622bcf69661d93eb05e4fe951620cdd4e0af06f008c901936ab68f71518,0.00017960486928756734
Destination,03e0d94bc1721f0730a78dca5d571e26cb08b6ad5d6049bb508e43d6a3050c7b5c,0.00017960486928756734
Destination,02f78add31471e9f8a41d106d77211f3685d3fe0a3928d9e6ef04908b8e24c4a41,0.00017960486928756734
Destination,02864ccd358d39a2290f6d94d5e32af67497cfb719ad8e6e143e2f26c32912bfa3,0.00017960486928756734
Destination,033479c05fb49bb0251a7df460420805b3f7bb53fb91e23d155cb9725bb5c6da52,0.00017960486928756734
Destination,025091d7ed0ba8d3bf4436c288c0030b7cdc1006ee6b87e5c5b91d4fb56913dcab,0.00017960486928756734
Destination,0298e3dfe4310048a578a5067e1926110b5820cceb5701be6a73e08a9780da58c6,0.00017960486928756734
Destination,03500908ce584586fc08bcde3d58cc37d0dadcda0a604c662edcae51010c0dd0a6,0.00017960486928756734
Destination,02500d046950b893587a79fced434da6ff09f5e844b6e8bc290397eee3897eeeab,0.00017960486928756734
Destination,03a86fccc80e9f9279888dff3c0464d55595623cb38a185e70f5daba6eb7e2fcc0,0.00017960486928756734
Destination,038ee4938d5d958c597c1a5b7cc8999e5330ee80d9ca621948b5e2ee58082a1c96,0.00017960486928756734
Destination,02075d9e3b096424ebaf44ceaf3a1c8560d0d30940ce536fceab2cc30195655729,0.00017960486928756734
Destination,035d7a8d4b66a8ca410df8dfcf9b207c6adba79ca164a8ef657bc60795cdbf5d1a,0.00017960486928756734
Destination,031571481369c09d8a5418ca70812d92bea086a6033ef5a21e91faebb3dd71675a,0.00017960486928756734
Destination,035f460a31af1a03db7965575923735bdfdc96c2ac3e78cec63c9e08c3c9b8a529,0.00015964877270005986
Destination,03f70c766f78e8bf474384df833be1b0e0231f91001bc4e94938b88415f2a5703f,0.00017960486928756734
Destination,029baae34dfaff9735392be23fe1c86611ec8ad4048e1c7673862bd92fc02451cd,0.00017960486928756734
Destination,03647aae6bc9bcdafa269270a9ba04a0c428738556a1951093794b57b0758db10b,0.00017960486928756734
Destination,0281dc59701f94080d6874590b81dc8a6d0b50ff4913d75d7a7d1ed98e96d415b9,0.00017960486928756734
Destination,02e2a7a2e3584223d7a2312f550da000e75f3ce156a383a4ffcba9f2b09e7bac2c,0.00017960486928756734
Destination,0208b6ec8c4c77cabef8351f92327c13e0b7cc2e3724083669de305e2b395341fe,0.00017960486928756734
Destination,021953d107328d7a411000f9420e7fb56d145aa5f7c3bfe5b480aa230cc42f565c,0.00017960486928756734
Destination,039b59c581959758f26f517b2d564ef844bcc663171247c7389ce6d1fe67c9e1cb,0.00017960486928756734
Destination,0312bd1afe7ce6d67ac12902451e46e606ee7d3deb913a8dc58539c25189700b62,0.00013969267611255238
Destination,035d3a4133421775f3dcb134b3be59306e0084dc7cf11cfde1ab128e2f8d544062,0.00015964877270005986
Destination,03e9e0f9aaba1ccbb702e3f862b8eddae3f2d55944595fb09d758fedf18cc385a5,0.00015964877270005986
Destination,03ec127a04ac464577bdba9637ca7c8edcd0e27c4ffeef5094a10ad69eeae76800,0.00015964877270005986
Destination,02b714dfb1961b719df4a8c06371c0b547ec5dfaa4faf39beabd8974d6b60fe5a3,0.00015964877270005986
Destination,03728053580578793c83d47f235b187f513dcddda4135e7764f53e40c6d2adea69,0.00013969267611255238
Destination,035713cc3f003a00b6aec8e0b0341d0c5668b4285d20dc46842168726c565f23d3,0.00015964877270005986
Destination,0290ed68150c33b96f7369b4c10b9680fbc5130421ffe8c2ee253603ccbec4732b,0.00013969267611255238
Destination,038e5c1c9b3892149c05bfb6980c5f250a362691ada5330b6c45f2e37ba5fc7ca7,0.00013969267611255238
Destination,0211ce12089e45ee7a68d0e94ee60c938c72a5317cc78f9ca456b823378501f3fd,0.00013969267611255238
Destination,02b18785dcad9c511c83b13341b55396dccbf73624d6a88155274bdfb1c9954bc5,0.00013969267611255238
Destination,025b37a511eb67d30306fb15a9bcfb9eaddf3a55a60675bb68f02707651896ffe0,0.00013969267611255238
Destination,02049b00b78ce74f0b727c7864de81d26ca3bcede6f38b78f773ca8fe4a6ddb2c1,0.00013969267611255238
Destination,039b4b3110d5779d75c5573480caaad5d842f9e1628eb52408d2dffea2eb7cc915,0.00013969267611255238
Destination,02318d0463d5c45782d61a762f36ba486bc92d3186ab81e853e6345a72b8ea7fb6,0.00013969267611255238
Destination,0273f4141a2eaa5f963c800293497b4b049a36458f967b0ce5b6e5dfb97ccaafb4,0.00013969267611255238
Destination,02a0a9ec6da7f909fdd38a7b2e33cdf96f4646bac3c0f204353be0b6a1d3ad8aff,0.00013969267611255238
Destination,03eb56bf2cfbb4ab54035ff8cc6a8a1691ff7a150b84011cb38fcda6a85745f3d1,0.00013969267611255238
Destination,02e113dc70965e608ba18097e8d436a12b5496adf2245792f4e58168f815f3e882,0.00013969267611255238
Destination,0314da85ec42da046703ea16f8ffd3b69c181c09652138f517af87df92a64502e8,0.00013969267611255238
Destination,0336f76c8d1209135699fb1aa3db07634c361c4482210111285234eb28b398fe2d,0.00013969267611255238
Destination,0260a613e8be8ce612813b6b72a7ec2bd5719122f9618dd6d3a2468f869f8836cb,0.00013969267611255238
Destination,023d153b512346a3a6026859ecf906d7f6912bc9fa4214ed4439ffafe47ba53cef,0.00013969267611255238
Destination,037c20dd6ad41f288b448d532093217eaab756aeefc9d30f526886fe0c4eac7a72,0.00013969267611255238
Destination,03994a9d4b2ec02cca101a0f069b5c360ac65fd3fb441519288e048edfe38d7044,0.00013969267611255238
Destination,02ddb472c8edf0624dec5544507b705aae67d42a6cc2db133ba7e843fd5ce90135,0.00013969267611255238
Destination,0397337276656b19adc183d5735e6a08d4c0fc6965e79199600fbf2248119baa6d,0.00013969267611255238
Destination,0310570e9d1f40d46404a551c447384f5554e7ed601f7c76104062421e7589b563,0.00013969267611255238
Destination,039174f846626c6053ba80f5443d0db33da384f1dde135bf7080ba1eec465019c3,0.00013969267611255238
Destination,02b1afba6153f9668ea0be12f4dbfc396a782a52d3eccf868732a1088eb2cc5d69,0.00013969267611255238
Destination,03748fb4b918f57f3268714a1fb706c053fdf117cd14ef5b64a520ae30cfc6db3a,0.00015964877270005986
Destination,027891ff6ed0f28a8a06b42a379a921b83b9a689ef7802c8108dc28de4a31c7dc0,0.00013969267611255238
Destination,03fd5caff808b412035ff573666ae5dab66b46bec8c99599c63c6c6f41eedfdba6,0.00013969267611255238
Destination,0282c03304843150091acd28fbbd2341d73571004ecd48b1da1e34844010c74f88,0.00013969267611255238
Destination,02c4ad243f18d8ed3a40e98725bc6a795b941d7e3d64be9f7dab38144f1eb09cb8,0.00013969267611255238
Destination,03284287b86a1378fdfa5ab34d7a7528f10bbdfab4c301d34087ca8996aa2571de,0.00013969267611255238
Destination,032d330f24cfac7142561e961ba5c11f17ea4dde3e2b3cd257241c0073787e3310,0.00013969267611255238
Destination,02a45def9ae014fdd2603dd7033d157faa3a55a72b06a63ae22ef46d9fafdc6e8d,0.00013969267611255238
Destination,02f77ee974dc8b413ed84fcf1dfacd75710144fd69feab6d045ec4da83d02dec95,0.00013969267611255238
Destination,037659a0ac8eb3b8d0a720114efc861d3a940382dcfa1403746b4f8f6b2e8810ba,0.00013969267611255238
Destination,02e8b87796f8c4123d1b4bfb0365584bb6a7177c73c71bc1e6659509d74a7504a3,0.00013969267611255238
Destination,023b05691b633cb1190453c329795f1b48ecd0f61f9e29c00fb9415022ac6d7a6f,0.00013969267611255238
Destination,02a4acf2042a6527daf094a331005c805146389c7b2272299335c9fbae2da036aa,0.00013969267611255238
Destination,03a79c19361154aba09c1d25221d600eefde698332fdc8643d41d1697bb8328792,0.00013969267611255238
Destination,03d28ac32e13a26bc2bc4c2e24adde07d8db2c27557de8047767e41537304bc64d,0.00015964877270005986
Destination,02d50e281845b66acf67a0ce754220b8cb045fc38a783f056800c5fdca1cb3abcc,0.00013969267611255238
Destination,0297fc2864cfe1ebb51490c3ce74cf408daf036874790d8b2427e82682235e179c,0.00015964877270005986
Destination,036476b59b23f7275552ad2891f2a0c81f82e9074feb8f0b8f48f354ff6afccc39,0.00013969267611255238
Destination,030c3f19d742ca294a55c00376b3b355c3c90d61c6b6b39554dbc7ac19b141c14f,0.00013969267611255238
Destination,029efe15ef5f0fcc2fdd6b910405e78056b28c9b64e1feff5f13b8dce307e67cad,0.00013969267611255238
Destination,02cfdc6b60e5931d174a342b20b50d6a2a17c6e4ef8e077ea54069a3541ad50eb0,0.00013969267611255238
Destination,023d49fd88692d4d1f366ee8ffa9dfe979c2266b036b440928e86cf3abe28d1894,0.00013969267611255238
Destination,026ec3e3438308519a75ca4496822a6c1e229174fbcaadeeb174704c377112c331,0.00013969267611255238
Destination,028c589131fae8c7e2103326542d568373019b50a9eb376a139a330c8545efb79a,0.00013969267611255238
Destination,036982a2b2398b9835a9d6cd2371a08c6e221f9e1b879008959dae28413af78067,0.00013969267611255238
Destination,023e24602891c28a7872ea1ad5c1bb41abe4206ae1599bb981e3278a121e7895d6,0.00013969267611255238
Destination,03011e480a671ac71dbc3fc3e8fe0db32bb9a10cc4d824663e09557d446ef80679,0.00013969267611255238
Destination,03c2abfa93eacec04721c019644584424aab2ba4dff3ac9bdab4e9c97007491dda,0.00013969267611255238
Destination,037172d2110c4148d6ed0c2790ec8be948458022425dced6794fede834be92af36,0.00013969267611255238
Destination,026a4c4193e1af3415a2b7f31d000facb006bc50c772e173dbaa8c8a848573069d,0.00013969267611255238
Destination,0353ca731df02320a40b57d35c3b27a2bdaf62a47190481cf6f9d1335651cc4490,0.00013969267611255238
Destination,030b828fd1e42549fbc2f1d0960ec3663362c41777d3d87fe1b8e1d4bf063abcaa,0.00013969267611255238
Destination,02dc8e1989f6250411e6e30137ee1e984ad7f8d3aa51454f0a40faef0e98052381,0.00013969267611255238
Destination,03905aed59919f322abcc107c3cb6767bc7d40ed175a9d143706fc211cad188157,0.00013969267611255238
Destination,026a38b5d58e84d88b1e4ef072153daeb72c317468d33878978a3728fe83d59ecf,0.00013969267611255238
Destination,03c5bfa5cab7e52e7cebc45fd1b86ea30ad518648651314563452b78b822333660,0.00013969267611255238
Destination,03271338633d2d37b285dae4df40b413d8c6c791fbee7797bc5dc70812196d7d5c,0.00013969267611255238
Destination,03284f74651198c2c35952a8e0204e68a824455f329f799c1368feb850572036e9,0.00013969267611255238
Destination,0208dfa005c47a8ae85363d12c54007a38550ca0d6f1c559ee11caaac8221eccd6,0.00013969267611255238
Destination,02b21ca992bf95e3f324302265ad86cec24f36166fd7afca44efa0809aaa8b25c5,0.00013969267611255238
Destination,037943defcf3068fc5b8a2b821cdd2c4c1b1faa39d6a971b3fd984b9dd291a4817,0.00013969267611255238
Destination,02abfbe63425b1ba4f245af72a0a85ba16cd13365704655b2abfc13e53ad338e02,0.00013969267611255238
Destination,0231eccc6510eb2e1c97c8a190d6ea096784aa7c358355442055aac8b20654f932,0.00013969267611255238
Destination,037f6c805dfef7a0f01cca0abcea96352a32aa478c63c974bc2e726cad8d026a89,0.00013969267611255238
Destination,025f1456582e70c4c06b61d5c8ed3ce229e6d0db538be337a2dc6d163b0ebc05a5,0.00013969267611255238
Destination,021a7a31f03a9b49807eb18ef03046e264871a1d03cd4cb80d37265499d1b726b9,0.00013969267611255238
Destination,033d38e07e2541628214c8184cf6c562311059872363e9f538b2f45434418b5bc5,0.00013969267611255238
Destination,0390cc12f782259427bdc45a283705f4c20ccbdff064ed43f6b74fefcafe9eb1f7,0.00013969267611255238
Destination,026af41af0e3861ba170cc0eef8f45a1015125dac57c28df53752dcaeea793b28f,0.00013969267611255238
Destination,022c402216eee911831d0d21e8ff5d9f2ac664b7c24cb674cf9e90b00f99a3d7c3,0.00013969267611255238
Destination,0381dbc5290c1c5a02693be10093e45029044fdcdffe5011a17fecb96281c5d202,0.00013969267611255238
Destination,038ba8f67ba8ff5c48764cdd3251c33598d55b203546d08a8f0ec9dcd9f27e3637,0.00013969267611255238
Destination,036eb65676a65660e4c1ffd728d88b3d82d027d416fad59867471fe2123de0ab27,0.00013969267611255238
Destination,02c095d069538f96bf14c5f90f6c0851bdf354a0ec86039a24bf38a73f705adc2c,0.00013969267611255238
Destination,028d98b9969fbed53784a36617eb489a59ab6dc9b9d77fcdca9ff55307cd98e3c4,0.00013969267611255238
Destination,03df3f0a2fd6bea5429a596461ce784c922b2981ada1af89cfefcd9ccfb16c16a7,0.00013969267611255238
Destination,033dee9c6a0afc40ffd8f27d68ef260f3e5e1c19e59c6f9bb607fb04c1d497a809,0.00013969267611255238
Destination,0318ac9faa9629e7da08819bc8fe0dd2ae3044d69b1b2283a63479acffeb968483,0.00013969267611255238
Destination,03c287a177705648112370a4219b3b2c248553d73ad4ec08bc83653cfc5bb36347,0.00013969267611255238
Destination,03c181e13a09a649c13f60ea3ddbeefc66123c43280da8eebc19f54445f35173ca,0.00013969267611255238
Destination,0387600e7702b803edddc49d9cd5a8eac509eab5d1cc12a87ab385be39e6c762c4,0.00013969267611255238
Destination,03d06758583bb5154774a6eb221b1276c9e82d65bbaceca806d90e20c108f4b1c7,0.00013969267611255238
Destination,03cc1d0932bb99b0697f5b5e5961b83ab7fd66f1efc4c9f5c7bad66c1bcbe78f02,0.00013969267611255238
Destination,03e81689bfd18d0accb28d720ed222209b1a5f2c6825308772beac75b1fe35d491,0.00013969267611255238
Destination,03439b551099e748ca19871f251d5001362b78114aa2d855b0f70c9d1138de4eb8,0.00013969267611255238
Destination,02f4c77dcf12255ccf705c18b8d6b95e4f884910bf61e8aa21242607193a79da1b,0.00013969267611255238
Destination,03afa7a8196dbca763ee6f9a34b634a7adc03f154e5d6979fe654db5606b5fb2b1,0.00013969267611255238
Destination,025e9497188d33af48bb15cfc3cd6d7c549eed05b5f54d45615d3cb7ec3b562588,0.00013969267611255238
Destination,03e9c99fddf5aaa60e22c166622206947b1fb14ae2926f550f837af6aa83556bb8,0.00013969267611255238
Destination,03b8d3617af7a3b525f2ca3cad9d08cae6ff7519a19c9cf3236b3b4e2f092087f4,0.00013969267611255238
Destination,03cfea6e01d8735d29863d0ecc0f637e5da25c3afb1894e6cb1c25cc9c52dbceef,0.00013969267611255238
Destination,026d665c34210fd99f9d4be36bcfbd7d637ae890631274d1f82cbf45af8cd8b2c6,0.00013969267611255238
Destination,035eb7d2253d934b51dd1cc145b6f36a9c2d953c4379f5fff9c39bb437ece525ae,0.00013969267611255238
Destination,02e0af3c70bf42343316513e54683b10c01d906c04a05dfcd9479b90d7beed9129,0.00013969267611255238
Destination,03b4b86f2301fe2b9ca478ee5980d812de2071a21a9f8f5bb49b88e29a034e1a9b,0.00013969267611255238
Destination,025b0351eace3c8951c6831df34b769a25040ed600ec5aceb80349c4129a4a51af,0.00013969267611255238
Destination,02dfe525d9c5b4bb52a55aa3d67115fa4a6326599c686dbd1083cffe0f45c114f8,0.00013969267611255238
Destination,0394a8cf19969a6aa5677f5b62b37104187b967322415351286c928fd66ceb0d97,0.00013969267611255238
Destination,0217890e3aad8d35bc054f43acc00084b25229ecff0ab68debd82883ad65ee8266,0.00013969267611255238
Destination,03e86afe389d298f8f53a2f09fcc4d50cdd34e2fbd8f32cbd55583c596413705c2,0.00013969267611255238
Destination,035360b3bf6a997ed1bb943ccca2b7ef969b1e25a1ee1322d3c8acca7e34468edd,0.00013969267611255238
Destination,02dbdf2312bb589a721604f3cff62d11f0d9adcd3602a66df3c413e8ba0c565692,0.00013969267611255238
Destination,03a92a92e64eca60c122e87e90c6373e6ce23b171ab6f8f5f24c1512b668629a1a,0.00013969267611255238
Destination,026b33a83311adebb7915427734e483787ef57d856f5c792ea6f866cfea7e58908,0.00013969267611255238
Destination,030fe3797178f7543450da9668df56f6e0ad4044a26f90b192a7baec5f510567ac,0.00013969267611255238
Destination,02ba54585837609251865ba9835a32fbeb07f96abc20767dedaafeb17a2e5b8acf,0.00013969267611255238
Destination,02685697ab29f0076fc888368c0981eb3c305feaa6f6dd1c4255a5504810711756,0.00013969267611255238
Destination,02c303b46ef8f95b799211e9112dcef59bae6a5af6133d333ac5ef8194bc8ae0e6,0.00013969267611255238
Destination,03910da61c1b42e135f134ed92a537c758d1edac5436efbec5ee8cec1928e1a095,0.00013969267611255238
Destination,02dd4a9cf224e290851f6af83072e2496479bdf4b65e1733e92e24d42a0ba89a75,0.00013969267611255238
Destination,02051a247550d168811c7508e4a84246ed3a756a5eeb0b8947b9430e79e99c0c39,0.00013969267611255238
Destination,02d3f41e090bd5b52eed0a9288705b248eb27afe995f02840cb8e7a2abc72580e2,0.00013969267611255238
Destination,0378a5312ca36773971df43f833b571d024fd7d5d216fbdf7e241b710714ef1be1,0.00013969267611255238
Destination,02c5544a361bfe1f025f29e83d092e4c83feaf5f750af59a0b1ff0591ebc0beedc,0.00013969267611255238
Destination,03fa3179f8f023b022b39286dd7e4179e362acdc295e32f522f053209da5dcb415,0.00013969267611255238
Destination,03a5d0db685dc1d6e493f77c964327cb94487a864cf24f5da47e914dd132773383,0.00013969267611255238
Destination,0291994c03e93cf58f3629b62e404851c6dd2f6b34241937e012aa84851a90eca6,0.00013969267611255238
Destination,02b00c7ccbf4965cfe843bea8bd34acccb0e75584dbd94825fbaa01ef98e4b89b6,0.00013969267611255238
Destination,026a0d374752a27ae489c37d6b37d76d9d7f8ad27a469d091d740018bbfbfdcf3a,0.00013969267611255238
Destination,0299b346598af7ba4ca37af7ce070a9f60f679e161ccef376a46737ad2ace3f648,0.00013969267611255238
Destination,02d2e2bf6868d7ddd2eb306a49ff964b717a6a9bc771a9f60de87ac77bda986d78,0.00013969267611255238
Destination,039e8327879cc56a485195fcc5ebfae14bf0dbb5f29261f8c2c2689a1e7e7c8719,0.00013969267611255238
Destination,02f324df7694f57b7d800d5a64f62fb226eabc8fbacb997f3ac5cd230e37944fbf,0.00013969267611255238
Destination,029daf6925ead3d3934890b565978a93f28337d12ee3b7943072e47662488f2942,0.00013969267611255238
Destination,02ed7a20586fab0461c75bb3912c100ff1046cf545d57c753e1e47a629983b8feb,0.00013969267611255238
Destination,02c2ecfd7e7646f7a249491c565737b5c9f83863c23b88e752f2d624e026f5fde7,0.00013969267611255238
Destination,021744d86987a91958461117cd9e7c0e3160f7b86de11f5998018f4b4984a5c330,0.00013969267611255238
Destination,02957896a4cdbec7618eb6eee478957f7f5acaaa03c7af5179810ddaf9afbb8327,0.00013969267611255238
Destination,03434a39cd9a537c852fc8fb72454086d726f9111e9f730cef4985c39c11fae944,0.00013969267611255238
Destination,03cb8d989cfe7e59d0302a49d5ec96d1dbdb4ed943ca424d1108b9f6a7fc843fc8,0.00013969267611255238
Destination,03740f82191202480ace717fcdf00f71a8b1eb9bdc2bb5e2106cd0ab5cb4d7a54e,0.00013969267611255238
Destination,02e3b6bb0834592f327f82ad6202a8328a64f27de2b736cd89319300f101f5b761,0.00013969267611255238
Destination,02a7ad4a99ac5f72ca8bb10f320beab966bcc8bc86fc2384bd17f238ac8a8a5441,0.00013969267611255238
Destination,03cbea29f98bdc5ee43d4f22b8b2c80ebe41979b6bda629eef5d52035b1d90ac56,0.00013969267611255238
Destination,0361b5e2752ea24a0073f7e3221bb93498c85c54f9744e3431657501aa0b42d9a9,0.00013969267611255238
Destination,02846c64281cb9f271f93f53a0657976e68cfb0830b49f6ea4450d22878faf8d62,0.00013969267611255238
Destination,03a32622b5350eea6c5bb16a73ddfa07af452b17b47f0d2ec7d33db884fe074d83,0.00013969267611255238
Destination,03ea23e773775eb33004bf7d3431c61317cb1e969995e631e3349bd1ba7e5e33f8,0.00013969267611255238
Destination,02c29b89b2121b2c1fa2e5422bc70e0bb7ae7326c7a9d2b796ed6b89cdc5a2871b,0.00013969267611255238
Destination,020518ce69c7e60da8e9b145d88a5bbd412f0735e5119de477eee3182a7ece08ec,0.00013969267611255238
Destination,02ba0c09d94698745ebbda922c6d19d54437a89aab333f1539d8cfafb819173feb,0.00013969267611255238
Destination,02ad9affc8768fee98f2eb6423e2f848341287720e454a34a4cb5107a43faab31e,0.00013969267611255238
Destination,0230faf7c3b2d0c4551568ee657348b77c48d8d365a31f240a832431bb19307f98,0.00013969267611255238
Destination,02961ed16db648f99ff5aa121a263420911d6b6011794f2a99b79397b5e8b2eed4,0.00013969267611255238
Destination,03bc86d036cc77ef27773d365b1565c1b5ab3b848ea4181f9a9f3853970e6a02b7,0.00013969267611255238
Destination,032d5a4b5a6a344ca15f6284e3e149f4716a1af782ffbb0194e0dadc077051acf0,0.00013969267611255238
Destination,035b82a3172c53e206e6a47ea95f17702d78619f384281f43feca13747a8c33896,0.00013969267611255238
Destination,03dc90588725058b0d68b27502396ea8ec79a0df4046b3cec0570a766d68b14575,0.00013969267611255238
Destination,02ec921faa245b5813385e04a51a6f0e2d99a570ff820bc42b6d1048c278f21216,0.00013969267611255238
Destination,03a1f3afd646d77bdaf545cceaf079bab6057eae52c6319b63b5803d0989d6a72f,0.00013969267611255238
Destination,0220d71d6912bac2d139becf75affd6a93caea63e38e055b5331600191d0b7063d,0.00013969267611255238
Destination,038198109314be718c531864a7494bfc66a5a7666d2f7b6afcf5709448b4d9e8cb,0.00013969267611255238
Destination,031da27172ae518f7a492c428795f1876ae65752b9da43477ff4928b94d346ceda,0.00013969267611255238
Destination,021f98b9898720f8633c93faf0aa54ab399d277464e502d1111b233c2cf4064828,0.00013969267611255238
Destination,03bd6d28432d67effa2b2b89dd5fd68697940e8a8f2fbb84aaae90d584295b03bf,0.00013969267611255238
Destination,038775102258944fbad46ce629d453317ddf62dfd391e623e0db3efff0fb006762,0.00013969267611255238
Destination,034c3dc51afed189148232b9a5975c19b63ee717a62cd0613a2799b74417a5381c,0.00013969267611255238
Destination,03799676e76c2be7b06716809d77fcca7962766079f168e47122bca812f4a10628,0.00013969267611255238
Destination,0217ab1f3781f806c702341714d67ddd46bd2253150cc5a7a4354d2110439b5976,0.00013969267611255238
Destination,03ed75f1ec977b78f26e509cda991f28d30fa6ee6138d91aecb2cedba323d82add,0.00013969267611255238
Destination,031c7ecff228dfe6054307ee49c8616998af5f8d4436f13c07d211aeb6c0ec87f7,0.00013969267611255238
Destination,03a327ab2c8adcd21758d176f357a8a1e3cd833e8979f665d96cd189ea6ca01fae,0.00013969267611255238
Destination,02bfe975eb18b29455ee6d5c3a2dc6c8097cb4d9a38fb440ded1e464b33ccc9f60,0.00013969267611255238
Destination,03ceeaec6cb017d1ea8ad04a5dfb3facb24a28399d24624ecce8f319973de361d9,0.00013969267611255238
Destination,023d9c506d636d6fb215c3995609447fa2e7b136550884596f8d8cbfbff23b2479,0.00013969267611255238
Destination,033e8bc45cc79dabebd18507ba39b101c839240932174bff6ddf34631305881cc3,0.00013969267611255238
Destination,027b510a7c40bc1aab58345eedad23062578a5647d13a69ed5a2b90290de2faa81,0.00013969267611255238
Destination,0293952cbf1be801ba5d73ff34a950affb64fcbfe2d0f46ed0b32c468874aa0d57,0.00013969267611255238
Destination,02e7c42ae2952d7a71398e23535b53ffc60deb269acbc7c10307e6b797b91b1e79,0.00013969267611255238
Destination,0235a13fa1e3cc0e15e088a0a72c9c732e9dd42bf5dc84330c20c4f7a1e2a91061,0.00013969267611255238
Destination,03501a74753e0f6ae270a1e4e2ffbbc37f7a796360e650c1121c18e116b22ac106,0.00013969267611255238
Destination,032434517e28f7b51665a525d5e11fa493bd4e30a59883b8156c2be4085f4aaf70,0.00013969267611255238
Destination,03d35779ff612c574b92494d74300ce467e0eb510181a6ae3eb74d8ada891d82aa,0.00013969267611255238
Destination,03aae60ebc0d009ef1bd3bcd5c66611d66cd235bff9ee7d2ce7ffec89fb369e981,0.00013969267611255238
Destination,0236333aacf54604abf218af6ab116d4fe6f16e527502e0019123d0cc3c7a8a194,0.00013969267611255238
Destination,02682b7c86f474d082fa9d274c3751291225448468691784c6f112187de975a8c2,0.00013969267611255238
Destination,03b6f613e88bd874177c28c6ad83b3baba43c4c656f56be1f8df84669556054b79,0.00013969267611255238
Destination,02058a29920854e5088ade34a0f89ca9c89464d6d6595c2942eb13047580a1192b,0.00013969267611255238
Destination,0283a2c4416a4803590d46fc104a8df50455c84cb25e9efe494b3ad4739bb5b3f7,0.00013969267611255238
Destination,03e354c5bd6a262e04130f77841386c6942413c52d6b34448bf15344067d5aebe1,0.00013969267611255238
Destination,03ca430e1a08054edb69de5c6812edbbb67db6b7ee775acc4ff8349255c95c7623,0.00013969267611255238
Destination,036fc6041f67b673e9357118eb2b74cb71aebf7e1e3535edcdba3b808b2a790c0a,0.00013969267611255238
Destination,02eb9dfcbe445ea0366635e932db3bf78e95eb5241ba9bd3f1c72b48fa9f3fc234,0.00013969267611255238
Destination,0313827390afcae8876dc7d56c417d5698effb237e6eab45a364ac71e9e2044c9a,0.00013969267611255238
Destination,0390b3d73a0e40a1a4d91d486f422bcb232868000a05cf4d88d74b62a6e7421f18,0.00013969267611255238
Destination,02b20c736785ce8e801d50ae0bb6f6daa534a992445b44f4b6255ebedebd84c037,0.00013969267611255238
Destination,02be8a325c61af50aebc2004e3a3db0dc8d255f2fb95036738392172f739fa1c3a,0.00013969267611255238
Destination,03820714a3f891c7c3ae5e00dbdd77f06ceccc24ddd8c99fadef13ec2eec462cce,0.00013969267611255238
Destination,02b4552a7a85274e4da01a7c71ca57407181752e8568b31d51f13c111a2941dce3,0.00013969267611255238
Destination,03dd68418e6e3325b5a7d2a57542ec33a707ccd875a878d238a766b82d158837e2,0.00013969267611255238
Destination,021d2436cab847373a4212bf6d754ead5304f5d0791479643893a837b295f3441c,0.00013969267611255238
Destination,03a01da97af71f7859cd1b2b6a70f221ecd49f6eabf0bf1e267bae9570b47232a6,0.00013969267611255238
Destination,02926b19109c70bc8dafa980fd65a1bff673d3a52603b816aa80d27f7961dfa945,0.00013969267611255238
Destination,033533e2db6311c1d417d41279c067d8713ad8a7d577a0d91e65df2f6a82c5b862,0.00013969267611255238
Destination,03e35f46a031560d437b3b2d81dce1039a19d12421d5a60362135448d0d96a077f,0.00013969267611255238
Destination,0255cd2e8a722497c4f76c7aa42f5d3c38e18ef88dd0b584d21b2096651e355b02,0.00013969267611255238
Destination,02ad6fb8d693dc1e4569bcedefadf5f72a931ae027dc0f0c544b34c1c6f3b9a02b,0.00013969267611255238
Destination,035542f0f213a5b6e985dff0e0fd973da01bd77325d44242fc325d0ea8eea3d312,0.00013969267611255238
Destination,03ca171e97e2e86f9e4682bc9fff84868f6d2ffd605b73667fd56b14e0797e44f8,0.00013969267611255238
Destination,025022f660d278b8d90415bdde1b385841b6caf179dc69569e4b55fd5aec70555f,0.00013969267611255238
Destination,021998f701de16564da7abff57abf8a79bd722de3f0152d5e7a219021fd5287510,0.00013969267611255238
Destination,028268dcb4c68311613dd3bbb0164f7685b6710022bfa6dcce639acd44695049a2,0.00013969267611255238
Destination,023631624e30ef7bcb2887e600da8e59608a093718bc40d35b7a57145a0f3db9af,0.00013969267611255238
Destination,02ceb27f3d4e32b83f37dff8bad8cc802dc0f380ca0193e90514ae25bc32c7542e,0.00013969267611255238
Destination,02e880b95c737bbe110c5ef4f5e70d0d4d04253503e42c4de2760d519f9cb9a81e,0.00013969267611255238
Destination,036280ce2a8346991c39fd616d2c8693017f073709f38f3c5eaa39891e40cb2ab9,0.00013969267611255238
Destination,02bebddc34ff99181b3a705107815d0c48e3598d62f9fc85e538a3313735839473,0.00013969267611255238
Destination,03a4d094802dcf01f3327f7b6862d5089cde71712e3fa3c75be8f09a8d7fc5f739,0.00013969267611255238
Destination,027fa5d82ae86515412af3d361df8bc2c242d8fe92e6d488612964108c5797e5e4,0.00013969267611255238
Destination,03f918398e7dd266b5ff9ed330c4c86e502a51fc4d594861f1b5896d7cf4bacb44,0.00013969267611255238
Destination,0355b39fb472045743c767e1f8de60128b9a68deeb5a834f343ed4968cf0193fc7,0.00013969267611255238
Destination,02c91d6aa51aa940608b497b6beebcb1aec05be3c47704b682b3889424679ca490,0.00013969267611255238
Destination,02dc0e58d3b2a396a243b8e12b6e1b333ff95cc0fd3429e732039ac93f40c7584f,0.00013969267611255238
Destination,038607b58550d272ce8a058b77bc7a00e099687531359074bb600477f6bb7d1764,0.00013969267611255238
Destination,03bd82b6d63567c196025b942104523f0e3440086c09627d140b83fbab47557f8f,0.00013969267611255238
Destination,0314a77523d1dcbc5db56081edcbc24ab820b35e343a6c6769176de707c178d457,0.00013969267611255238
Destination,02bc400b9df471549c1a2071a61be27460e9726d3399370671514dd8356606bd81,0.00013969267611255238
Destination,02f778514e68fa50c90ba49964371e83786d62a2c9f82c2545a0510a5c6a9f9eaf,0.00013969267611255238
Destination,03e598dcd4a42f697b81f5b82b79a561b7466bf16efc3d56ba72b228758b428cdf,0.00013969267611255238
Destination,03b8a68ccec65c43c657b5280d0f592e3d491f0799a090aff38d3198e126f2ff76,0.00013969267611255238
Destination,0382b31dcff337311bf919411c5073c9c9a129890993f94f4a16eaaeffd91c7788,0.00013969267611255238
Destination,03d860c48ffecb94dd15b53646943ae1a3eee4a53374fa88b5b385e07a2c03e4da,0.00013969267611255238
Destination,03e121fa397cb7ec60935c140bfbfa7690c3158ba6df26b8bc636508d8a3735afd,0.00013969267611255238
Destination,03edba122ea9d02126968a3e404680fa136b41440dcffc7c6d6db18231e9b52975,0.00013969267611255238
Destination,03d6f80df785288de2fe5de19f24ba8a1db3d20647a88d0a903be9de3e7bb8fce1,0.00013969267611255238
Destination,02b6867b56ca1b6a4548b97b009152683fa366bfa1b14119c8f9992e1acacbe1c8,0.00013969267611255238
Destination,0290cc884704073b2b633f69f852e8ca2a37660bb359a1e861f2b48760c298ac53,0.00013969267611255238
Destination,02404d14a1a5ffdf7f02a04b1aea3941a9ff3184b9ef2fd2c78af862cde9572188,0.00013969267611255238
Destination,03688d87335d1a9ea47537f563492b0346f8b3683e52b2bf1c1a125e2cf8449b5d,0.00013969267611255238
Destination,0248841dd4a94e902ede85285e67b5527afe5c46d6a3ff27955d63d18c70035757,0.00013969267611255238
Destination,0288037d3f0bdcfb240402b43b80cdc32e41528b3e2ebe05884aff507d71fca71a,0.00013969267611255238
Destination,02fe465d4afdd00864d60db80ed3f276240bd902cf635a06d4479548dcdeef529c,0.00013969267611255238
Destination,03b392152e19d74789b366aaad427f946c2aa4044e6e6ca1b13b92e48707914f76,0.00013969267611255238
Destination,0330974249e7f1d9f515e04af3bc664b2e924641de53bb43fb9efe3fa6edf0e2ae,0.00013969267611255238
Destination,020333076e35e398a0c14c8a0211563bbcdce5087cb300342cba09414e9b5f3605,0.00013969267611255238
Destination,02a2b81a825b5e73c0e4688e6349fb674dd759371ce03fba108cfadfe70bc5a11e,0.00013969267611255238
Destination,02d57312dec8d0e07d7c3b1826d7a1f5133a0afdbeb5a7804978ebf47621ccb6d4,0.00013969267611255238
Destination,03c7d41659d9192c552c52f904e41fb9f6022c964903de51e3b9c35eb41316cc57,0.00013969267611255238
Destination,03fe511c8372f9991663c4209c7d7bc19ac13f08c167986d055643006d8f2f1ae8,0.00013969267611255238
Destination,03d1e805c38257b713340049745ff5a15d9ee5d733517a1d48a956815c9482055c,0.00013969267611255238
Destination,0371ccb71e3838984f6903b40b76581c4fceda54e22cb9c6a7d20681c036de0571,0.00013969267611255238
Destination,03407663d5245bd45bc65a9da81cb7ce6eeeea3c94656b7406f11c5165b9fe7c39,0.00013969267611255238
Destination,030a789fb7dd1e9aa80f8409d4666d59de17a2e7ce9e8adf3ec0314a6ed3e7e430,0.00013969267611255238
Destination,034ea80f8b148c750463546bd999bf7321a0e6dfc60aaf84bd0400a2e8d376c0d5,0.00013969267611255238
Destination,02ea4ae75bf67950b61ff48844c1f283868f108110c3a234d2b9cc885b149adb31,0.00013969267611255238
Destination,037cf8dde7210e5c0de0556b6c7b74d6b449a0836fa0e6ea8b8c9bfe97ce5f2ecc,0.00013969267611255238
Destination,02c066b5c326e52bf58ab4fff601ede7ad07f9497ef050ef1a83fc8667a575de2d,0.00013969267611255238
Destination,02c0d8faca275e161c20c9250afedfc64d223b4f7a0a00074a1d64f0dce9c6fe97,0.00013969267611255238
Destination,02aac548b877279c30f3abbb7301de93096e3b87144fc484dc3409bb0d6bd566b1,0.00013969267611255238
Destination,0337694505123a12a8fadd95523dcc235898ad3b80a06e4a63ca26fed68dd0d17c,0.00013969267611255238
Destination,032b01b7585f781420cd4148841a82831ba37fa952342052cec16750852d4f2dd9,0.00013969267611255238
Destination,0313068e96cffffd324f3487f28e8585b7d9d98d6b0665235c3884a26f1f0f8760,0.00013969267611255238
Destination,03e5517051478857e4ccf6be1a3cd8c61d43fb83594f4d44458f4b0d94ad32504d,0.00013969267611255238
Destination,03d1e5e7e2ea43762f5e1afacfb60a8002ae57189eedcc13fcab44a084f7665d1f,0.00013969267611255238
Destination,03d648c5a899ce1dca6777a670467d2fdcebb510617efbf1d756b2a68fd076a65f,0.00013969267611255238
Destination,02607c9c92b7fa405dd27d8114d5ba1e6c04bf8757bef18b3649bffa2691d7638c,0.00013969267611255238
Destination,03e7d1b2db2f6909365a066a2b40d5ef3a66f1c4d70d8cac3337e09ff2fd2d408f,0.00013969267611255238
Destination,03ccd4cfdf6971a4cd1a5ccfb8625e564dc581557204fcda824cfaf5b84f17e5e9,0.00013969267611255238
Destination,0205d9b3537e4c212c59a52e1a7fe7080b521f6f88b3fb34dd57e5a54a80a8dcdb,0.00013969267611255238
Destination,02ff30e83896d453cfc89ff4dd06d23d793b7246f154c210324adc1d42c849ce74,0.00013969267611255238
Destination,02e9a5bc151bed9314f10d02772413cc3e96168cb4320f992bfa483865133dc28d,0.00013969267611255238
Destination,02103f1826be6287c8430e653de06ef16d94b3106c01937a78f5ae2c89bd40f234,0.00013969267611255238
Destination,02ab94392156ba8f9e65ac228a595646215d887a492ae1077f57c5957f5bca81d5,0.00013969267611255238
Destination,03c1cf3c3ba4a1b28785a5fd47c93952ac6474042b2af696b26a7007a22bd653d7,0.00013969267611255238
Destination,025d28dc4c4f5ce4194c31c3109129cd741fafc1ff2f6ea53f97de2f58877b2295,0.00013969267611255238
Destination,031e47777e35627e1018bc886ee24f81633a54527cfce24df0183a8fee7b3a24ef,0.00013969267611255238
Destination,0276499dd9775f36cf95506c16e14ed6ec4cf230e8e5d341a441e1190d3f9e1e4f,0.00013969267611255238
Destination,02f6155b106a9f92a13738833ec7e25da58fab1fdef3ac085571c3984bb277d547,0.00013969267611255238
Destination,02f863083c2972e0e673bb1650c05387a638cef0ec9a3539cba1a61380cd090f93,0.00013969267611255238
Destination,038dea9341a1be887457b117ef70e8a4a87ca03163e0cda3f1e2254e2a7590d3ac,0.00013969267611255238
Destination,0356ee5b87d2885f080ab704cc72f7d5f12cc287647bbf0b1d56c2025605068b95,0.00013969267611255238
Destination,03823ea7cb6d0ca121a5103b1898b4a954dd843a4e234eb1075669a15f011c57ed,0.00013969267611255238
Destination,039c66f4f373358478622683601a5835aa8a5f53c2da1a25f1d3af0b1dad0c72bf,0.00013969267611255238
Destination,0376bd2f87ea8376ae5b451f85a4210e4df5ce81b949054288def4c7867640923c,0.00013969267611255238
Destination,022eb09a7993a0edde69537b420f4119c0de833e0ee47651753b46bf884db75235,0.00013969267611255238
Destination,031bdbb93de14f5c3b1295fb964e6acce26d1dbfef8b18dfffdd45586551dcf1be,0.00013969267611255238
Destination,0254bb156ecd0eac318844415a91a377bc6947ea4c9fbe5d248e563c29a1662835,0.00013969267611255238
Destination,03c5528c628681aa17ab9e117aa3ee6f06c750dfb17df758ecabcd68f1567ad8c1,0.00013969267611255238
Destination,02b56712f65c281a1eacee0bb034699a716535a1c8ae1c912e232893d4ad27d3a7,0.00013969267611255238
Destination,0223d7aa491e26a307b4203916b8d60ded8cfe832806b432d6cfc278e96374f9aa,0.00013969267611255238
Destination,03e472ddc37b014ce7d5f942b00b28fb1db53d461c4a89173962abd4b331a85179,0.00013969267611255238
Destination,02741f86e0ca163ff710f79c3d319a0765a2189616ed10ac5729b30f11db4d4246,0.00013969267611255238
Destination,02c7e5c1e3e4bec5a9195ee82cf470b83fdec1b52b1801e8e8aba54b576ac5ce6a,0.00013969267611255238
Destination,0225ebcc280a5c1fb2e5d56fd2ada9a1b1277f66cf5ee090684e9e5f6e6313b475,0.00013969267611255238
Destination,023c52a46c4d8b74d24b237682b4c1b982233a8e5c8575f16cda965ebcbaa95c01,0.00013969267611255238
Destination,0309bf5fe006bd2b14d61126723481c6c685bda44efe093800908527dfe9cd8db7,0.00013969267611255238
Destination,03f5dc9f57c6c047938494ced134a485b1be5a134a6361bc5e33c2221bd9313d14,0.00013969267611255238
Destination,02a98e8c590a1b5602049d6b21d8f4c8861970aa310762f42eae1b2be88372e924,0.00013969267611255238
Destination,026606c031210ff5a38e193bfc3148ce8147f18f93637ffcb967d829ab361e4852,0.00013969267611255238
Destination,0362259ea579f84772508de22086fa746f6e2571f8efb4bd5ec0876bcd18b5747c,0.00013969267611255238
Destination,02b11812562c659d304bcb903fd65b20553146f89d433beb079455203be2745445,0.00013969267611255238
Destination,03080b61a2dab8ef6bd9a227377b59b43f22662430236c0c620f405dc8d422e2db,0.00013969267611255238
Destination,02cb0b711dcc2887736227aeeecb81ceadd372d978e7eeb9c85cb076b3420dbd3e,0.00013969267611255238
Destination,03fbe1c1baedbc99b2642ae524d9c2a6f12b771a3ab91e0f56ca6efc6f7f7d53b6,0.00013969267611255238
Destination,021b97b0099963bc56fc0c7e3b257ebe3c66ac7616dab1f3aa72e3208e87ff5d1e,0.00013969267611255238
Destination,038a43948bc67703c9ce8a94aa298867b8533633ae95dc80edf6e34020e820f030,0.00013969267611255238
Destination,02826f50035eca93c7ebfbad4f9621a8eb201f4e28f994db5b6b5af32a65efb6b9,0.00013969267611255238
Destination,02a0f17d3ddb81b3b0c048956baebdf68468c9d7c8b851e5d26354a64a54cff562,0.00013969267611255238
Destination,028142dba8a06b1f2630f08b238b36645b458c0dd2a06fccda05a17115b2921a3f,0.00013969267611255238
Destination,02cea40d9abce36f1f8cda175ba1ba7c3e3a72c10b52647e1e9508dc466c639f58,0.00013969267611255238
Destination,02361f3687a21d4f0e77d2fb024803e7fd431cdf4d746cd7ef89704b38b3b81b18,0.00013969267611255238
Destination,022c85f607ceda998bf78cceaed94d329fe24409a0ff640d124db9483557817e09,0.00013969267611255238
Destination,02e20cd7de8385128138b82b8364693a66766b8fc60c00aaec0dcf0f92a0435490,0.00013969267611255238
Destination,0232f4c09bf0a9a1c19c68d4b22ebe0377bbbfc240e62afaee824d9355cd52eab9,0.00013969267611255238
Destination,03d2e20bc19d995098ba357157a9cfbfbfdff4b78fce5ec713128e988e0115d776,0.00013969267611255238
Destination,037f66e84e38fc2787d578599dfe1fcb7b71f9de4fb1e453c5ab85c05f5ce8c2e3,0.00013969267611255238
Destination,020ca6f9aaebc3c8aab77f3532112649c28a0bfb1539d0c2a42f795fb6e4c363b2,0.00013969267611255238
Destination,02d2f693212fc525ad1a4d7546c2f24b96a8c002b8567c49fee744569a4abc6c99,0.00013969267611255238
Destination,0371d9717fb062bf19d53dc2613ec24d558a3dd8b30815f14f639d4253e686fd88,0.00013969267611255238
Destination,039d3433dd4964fc24410b0dc33fe22bc060b0df4622bb5335134e98e2d7a039ec,0.00013969267611255238
Destination,02ee625bb15e64a4b053c31d111ee608a4300f7661f55d0635a0dd08cab52e9025,0.00013969267611255238
Destination,028377251f4fc47a1ef64b7fd6221209f0ece9b7adfb926ba608c5f3e0e2e9a30a,0.00013969267611255238
Destination,03b2c579d4e971374c5b2fe5ff0890543948296c9153e6b5f5bb0619762cf5b4dc,0.00013969267611255238
Destination,02e31746bc16074e5612d129a41f54a33a041b116d3974d929c5fec7106224049c,0.00013969267611255238
Destination,02f7467f4de732f3b3cffc8d5e007aecdf6e58878edb6e46a8e80164421c1b90aa,0.00013969267611255238
Destination,02287f754427019e74b88c8f3779ce09bcf2c3eefd3e24c1eb7b011b35d9d883af,0.00013969267611255238
Destination,02d801ca3bb9a5a27a9872612fdaa249041f2650cdce935235a0d3a27a95a86d4b,0.00013969267611255238
Destination,0210c09f2140690486dbb99bdacaecbb917aa23214d451e42bee0aafed1956ef14,0.00013969267611255238
Destination,03ae8551b4daeadf292e3aa1cba76d663e2067da3746b107d56d29290fa35a2117,0.00013969267611255238
Destination,035c3fd836faf2eff316311fc70c56995772e9e719b707c41d72fabd2ca4d8a226,0.00013969267611255238
Destination,03331ebd40449bcf4b62c9c37afbb5eafac79ba45cc32e29105ba5b898113a4025,0.00013969267611255238
Destination,0228d33e80417710e2191b274608a93ee425f1f708eefc842c5d845647ba0ef665,0.00013969267611255238
Destination,038a32819be0c97d615ebcc2dbef7ad839990ebc8bce62104ad4dff65f7f45b64c,0.00013969267611255238
Destination,03ead928663ea403b6feffbb1290202adacfcda3b49659c20b241d3316e998c884,0.00013969267611255238
Destination,03930b55a0b824ef3190ec623cffef7e91dfb336ac239d18c62f2987d382d77e5a,0.00013969267611255238
Destination,029b81d1aaf177fa00c1c5796360163bfa98ee4d5d0daa54c6f510d9e237f376e9,0.00013969267611255238
Destination,03d64e760b4af3698e51eb7ed7d97fbbae41f8cd28c0bcb6851c21207922f6697d,0.00013969267611255238
Destination,0393c66308ef1ee0b689ce50c8c2aef6417893fcb319f40365a961ab9961646b87,0.00013969267611255238
Destination,0202e5e2d739b88b9325562a768218c71613b9e8e4bf11ce674a8b4d168f714c87,0.00013969267611255238
Destination,02b765d017f3ac7149f1ca2beaced0415953c556eb4aede1458ebf9918157cbc4a,0.00013969267611255238
Destination,02e9046555a9665145b0dbd7f135744598418df7d61d3660659641886ef1274844,0.00013969267611255238
Destination,03114ac5e19a7b9a13c0f0a3a08ff33bf72163ca25f2973a7e1995eae7550f8907,0.00013969267611255238
Destination,02e1dad4d396696cb207a524bdf595f1a2e6792d7b990f18cef1ebd1b557bb110f,0.00013969267611255238
Destination,022387c7a6b5ebbf53960b56e88fae0ed0aa8cc1fa58158492b135b703c9a2cf97,0.00013969267611255238
Destination,02926a7ec4f47b624239aac1652228971ac812c6ff813efe9b5e772184cf3cdc31,0.00013969267611255238
Destination,03c1001018a66630780915c71aefe3924d945065db01f8c59d9f04dc5ba7e92242,0.00013969267611255238
Destination,02071ce929b58266c895f929226c00da19e14dd4783bef30b29829f0e6e2ff4bf2,0.00013969267611255238
Destination,0255f20d53b9a53c0d22268217894ccb90b11b86f956097b67e878b605a83867e3,0.00013969267611255238
Destination,03979fd8dc3990d83314f2198db6aebab48dfa520c9d36776b3a529fd5f896051a,0.00013969267611255238
Destination,03babb7da9a859ab2fe5e72659c398385638de0c7a79de7435caa79e60b87e8ea2,0.00013969267611255238
Destination,028803c6dd88596c7cf92566a641f7fb62cc848f525ab0bd5d72b6856fc71a44a9,0.00013969267611255238
Destination,031312f56daf1123e0acc7d5f81ec0a579cea0c145b85435caa52a03385f43434a,0.00013969267611255238
Destination,027222caea9c1070952bc8c7a05a6f75f26f3bffc37e80e627cc651d50d50eb268,0.00013969267611255238
Destination,03eb9f088f62bb414b74b11e287624d5f05fd92b582658b47b4ed6048e0dd01404,0.00013969267611255238
Destination,039edc94987c8f3adc28dab455efc00dea876089a120f573bd0b03c40d9d3fb1e1,0.00013969267611255238
Destination,021b5ad807784041b0e6104f4e6ec35eb215659df624573d280ae1bbc20cf816c8,0.00013969267611255238
Destination,028f4a60dd133875e8776d5ac36e87097cf59e6e3a1d74fcd14c900270dda57c06,0.00013969267611255238
Destination,02efe91c6fdd98f3da3dab5db81427eeb1076aba1216a7bc0cfcf5fef93f3133df,0.00013969267611255238
Destination,02253dee7c1a45ab049c4d8832f620df6c0f4b100751d86cd763ae7cc2804ab221,0.00013969267611255238
Destination,0340796fc55aec99d8f142659cd67e19080100a98ea14e8916525789b57e054eb3,0.00013969267611255238
Destination,033fba3ed526c1b7eb60379e5f68f07225df7a4b1ff6a6923dc9e06725169d1d99,0.00013969267611255238
Destination,02fc6bf390208dda96f489491b5c79830c39dfc07c998cc5f469ce3801cd01c5b2,0.00013969267611255238
Destination,03223cf7709a22ade0e34764e7222ffa792fbbba2878a75b84705545f3726021f6,0.00013969267611255238
Destination,026a1afaab383ee1512d07854d1406ee7cc26fb07f70bae07cf5f198dda7ad91f6,0.00013969267611255238
Destination,03917f91287052aa6729c8161edaab8d8dddcb1261068fc2aaf9b119f5136eb988,0.00013969267611255238
Destination,03f92722767497f9ed3b1d49a422d5fd9f9d566ea42f4e084a4f65eede537d7679,0.00013969267611255238
Destination,020d0fdcc9cfca39aebc7b6fd5657cef4bd5287e571afd6317f0b0a8b4430e3c00,0.00013969267611255238
Destination,021d064e3b9a9dfd70f0e7485f4b1e96908d18a006d181a4df43c222a4657454bb,0.00013969267611255238
Destination,02f90a1f535bdc0c3d05330b427e1e04d854f5fa0d8297d5a78a7442811999f07c,0.00013969267611255238
Destination,02ffa359fda252dd4d928d1a8505227fae63079e4e4e9b8f67087ce9bbfb5624b1,0.00013969267611255238
Destination,03390feee209ea18e7dc387be04035508e213e4f4e8c36dc53c337f59ef9273a52,0.00013969267611255238
Destination,0385b4d74c9463e9cda6db5a4e6130e2a0340c49c3026daa763808f2cbd4558965,0.00013969267611255238
Destination,02b1de90cd9aaca5b9b74f473e770bbee62df0645ea12e33ebcad8cd18a5f20093,0.00013969267611255238
Destination,0373ffcc34d5ec309129f975e1ea809daacf38de71eed7126266fbd13634750ba3,0.00013969267611255238
Destination,037c21b765198a0d53fbb678049bee537c7d30133e2c8e2b4eda3f84442dce1dec,0.00013969267611255238
Destination,03d06042e80fa9bbbc30480cba4f998db16d5f22f9d4d58606d7271d81975db777,0.00013969267611255238
Destination,0299582fdb23f3283d30d679573cd5223eda4602a32a55ad66b79068138e7f7cdd,0.00013969267611255238
Destination,02cfd51b25292efeff3a886f39402b869fd5fc4f8f61dfc5c04165be67a774376d,0.00013969267611255238
Destination,0202ffa14ffd142d9aed33076f51a66b754d8b9024466344d0ff27d8cd54802bb2,0.00013969267611255238
Destination,036595db276e0b5035c8d432d774dead27795449d9d5fa447672eaac4178df5d32,0.00013969267611255238
Destination,02931a67262b2c9d4bdb88504effab703d8379716406814316e6d1bb7a84768fa0,0.00013969267611255238
Destination,028b7264dc679f945aae21d2bac9db15e78aa3f6ba2c226eec7b78ff5ddc507e81,0.00013969267611255238
Destination,03bb1b981fef92717738d51215f7cd51c6d0b9354cd6db68aa4a05cd6a0a107925,0.00013969267611255238
Destination,03912363d1942594b58861fe9f9507dfae239a1e43038fb15a20501ac6868112c7,0.00013969267611255238
Destination,03787064772ce3eeb981af66732254e195bfba8cf57a84e8f4b8e6d0e15a071564,0.00013969267611255238
Destination,02eca3581ee816bfa5e1acf3f7b557592ef359f89bd33b23c238217366302498c2,0.00013969267611255238
Destination,035dad5f595766e6f27de220450015c21142543af7dd101bb7c601b424d10dead1,0.00013969267611255238
Destination,029ce281aff306ad0cbf10fc860b299aaa5c0f8946af85f46f023d2b725033cfa5,0.00013969267611255238
Destination,0342a82e858b7ed032b2054639016a6f398cec11b9428db269c61bfae150bc6870,0.00013969267611255238
Destination,02b7e3d0a5aac953d01ab2ed046c4f6dd319a47cc9ce1f4380ccfadbf164c69e23,0.00013969267611255238
Destination,02f649d5dc82672290cabc4ad85022e77c2f861f4a93bc559abb8fb50ac790166e,0.00013969267611255238
Destination,03648d283a4f47671a01612abfa58973450c30bd0a709132798acaa596c45e12bb,0.00013969267611255238
Destination,0365c9be671852ca838b5d561d3b1aff853e6600d3b426588f6d7cc5f80247d2b9,0.00013969267611255238
Destination,020f5e04764a0d5b256e20e6c41c493a8b2b5ed0f755cf6ce52c1dbb1ac3e2f5eb,0.00013969267611255238
Destination,036ae7701c8a296b0d52c34068799de2964b3a2621e3d8f5977dbaa976cc00b4c7,0.00013969267611255238
Destination,026d692db4c19b1cad27db4355057d82aee88b1d3babf87957318be0eda00bb054,0.00013969267611255238
Destination,037641f7ed5a12c1a148cc0cb92758a0266a552a195200a35043dd3c01d103bedf,0.00013969267611255238
Destination,03171a0e9031375c5fa9992f9c556ab254248d9984342922be554c4fe2ab8e7ae0,0.00013969267611255238
Destination,0318e47bb5966402f38b7eaeacf0eec0f5407ab3ea8f897c74502bddc113a4451b,0.00013969267611255238
Destination,03057c42a22641c6202489b2875ab171b6340b890cef2a213cf1e79ac8f77d03f6,0.00013969267611255238
Destination,02977d7cb87a0de73dba86cec35c9916bd5fa9253c1d087fb46eaa986885af2a78,0.00013969267611255238
Destination,03f17895bd544a2e48aecd7365bb5e413c20518cee0945324a2be02dac8ef6e8e4,0.00013969267611255238
Destination,03be84f0443547a5ff97df6ec40e9506df7fddde0fda9fc9c7793a344f19a388ed,0.00013969267611255238
Destination,02ef63b97e509c84ed66d43afe072fe425f4f1423053adb045fa47be7e5e33cf9c,0.00013969267611255238
Destination,035f82b8ff1f8805366cbe4d1ba20ef90c46fe31b17d5a677bc48a5c17e593b922,0.00013969267611255238
Destination,033f5b33099a9a7628645b692fdd45492b359f8a8375d460c3341cb9afb8169bc1,0.00013969267611255238
Destination,027652585a9795d03425f588571a86375a1a83d09c721f1c5736abeb56c3c4a6d0,0.00013969267611255238
Destination,03a59ebd9a20f2b8d6c366473f6e2e36254aca0ed88d5d46e9b0a3a5276fe25ebf,0.00013969267611255238
Destination,03938f10b2bd7b693f1a2205d06081f778a5a540e8b2273b9b7f5e45938cc9cb97,0.00013969267611255238
Destination,0305d68eb4b9f4b394b57e0b3b05bd42ebcb19bd5c9a24492eff9319169824e13e,0.00013969267611255238
Destination,023c0a5ffb6c1cdb69024d454da062394a3f15e4caafd172b74258f6bab601659a,0.00013969267611255238
Destination,025489093ccc58eb9ceb6546009bef1e4e346c707eaa0dee9aff9209eb9e79ff95,0.00013969267611255238
Destination,03a858dea8b0ece46ac5543dd89611fe8e17706bbc472722a585a8078eee9dd3cd,0.00013969267611255238
Destination,02ad042ab8eac8e615bf8408ec3c267f3d55a37f0837d0066a74bc1772c7b692cb,0.00013969267611255238
Destination,034912508815cb90e91dacb1b36e755fa057497520bc9191c770f5b58a06444056,0.00013969267611255238
Destination,03dcf175d20c2fc3e9f58550c15b55cc456ca13c663be71914652a933a7d2169e5,0.00013969267611255238
Destination,027906859e0d9d26a8bf3320c007847dc29f7476325732e3c21eda0a2ec4ed0700,0.00013969267611255238
Destination,03fcc53051a4796b5c0ffde3a3c12acbbc3b0f4a71d69f7fb08648804567d87341,0.00013969267611255238
Destination,03e810678921935e5e16c5f32747ab743111335b6a87d0bcb530ce70c01ada5e9d,0.00013969267611255238
Destination,02d3b1836dc2ec9af7ad29cc741aeefb630e99b57aa1182c2b90499fdcb5f18d92,0.00013969267611255238
Destination,030f9d9381bf02c158af82d221ea3a9d6c015a902036450ae714173e83c5d424fe,0.00013969267611255238
Destination,021ab948d27645d6f51c7d1c8deac9408788036d3ebbe82fae3cf2d74c05fb3287,0.00013969267611255238
Destination,0255b6454150dda61464242778868d95c0bb0ad924162affb23cc268666e16f91e,0.00013969267611255238
Destination,028eecb64901349454ede06fd58004cc6205d751513d6dc96da1cf9bdd622f50b4,0.00013969267611255238
Destination,02106eafc9627ac3afa589def4a05486600f62c5e224cd14c2957fe519c1ef842c,0.00013969267611255238
Destination,0227fa9a86de0924b670df5451ddaef8f1f68f655e1dd737a6749d20cd6f6c8b77,0.00013969267611255238
Destination,02e60f549303ea17f2a811a2bb47d76465b37e02b93b18cf0ba8c57b39f7c74130,0.00013969267611255238
Destination,03925ecce6de3ebcd5dfcc42c0eefc697ca136724225d4c32ee01b133cb87696c7,0.00013969267611255238
Destination,02bf9b5430a21ffb8ef243fe885a82543ac12a5c5060f011cb018450015fa9d8e1,0.00013969267611255238
Destination,02c373f58a0bbbc613f8a60129582369f05402800b7c3febfec6b86aa3a8595fcd,0.00013969267611255238
Destination,021607cfce19a4c5e7e6e738663dfafbbbac262e4ff76c2c9b30dbeefc35c00643,0.00013969267611255238
Destination,02967d7201143639be3ec0445464aad9ff433976ab46f6819e8e6d103dc21045af,0.00013969267611255238
Destination,026393adb3d4f4d7330d3982b1d91319205bf40d2a7e80a757ac667229d2ec0606,0.00013969267611255238
Destination,03d9f69a90c7fd013a585710c4dfcc83f9faf51ea544995f36a7d8c0a91511463b,0.00013969267611255238
Destination,02202eae147f1ae466bc77c27affba6e6d5ba01439071b8a62e55bc134ec0d7373,0.00013969267611255238
Destination,0259fbbef1c371cdb49f964e4614fb12c3edf537e82212e90d26902394ba01e018,0.00013969267611255238
Destination,03fe7b98a34674cc96e131a25ad23b434b8de9d1a8b2e9c21863011cd9dfe01aed,0.00013969267611255238
Destination,03b004c305cf95a0aad70d9f4ccb2c31a9235439d4262fda1b1f4b5f528444417d,0.00013969267611255238
Destination,03780dd9efc144ac5d3d653bca63e3b6b4f91c82be4ecafc416e04ec5344db5872,0.00013969267611255238
Destination,034b4658f3e6c3114c6470942d3d108463b4c1cc76697d45c46dc4336d2f6d4521,0.00013969267611255238
Destination,02eb63e46a9ea4b1ac7d6f9413b8e30c3258f6fe10bd5023190e1518ea93dd4745,0.00013969267611255238
Destination,0343efbcaf52daf9fd980ea9bcd504df1263c50e076787042fd3bd87faaf7cf27a,0.00013969267611255238
Destination,03aab463365767af8aae383a20c3c62f49d76eefd100baaa5690f570dfe0da14de,0.00013969267611255238
Destination,0210f74eff371e381b2be88f60d5846462d06d91145a66203b9d05482fdaba4e8d,0.00013969267611255238
Destination,02968608642dc4dce89cc9142e2c34e4323a98c0772d3dc24fb59581f4e67e8acb,0.00013969267611255238
Destination,0330f1749117274b57951c9ad95c39aa6556bcc9d3ddd2697976ea720fb4969f9f,0.00013969267611255238
Destination,0229ef8a409f8c1ef38e50206791ba05bbd8a7493e03b110504c5d7878253756c0,0.00013969267611255238
Destination,02522af421a0dab5146b64eccff2428c9bd2b275859d68e0367a71e586a77c9c00,0.00013969267611255238
Destination,03602f0224be36145acd9246d7bf41ef9ec887de0ed848b92b4efec41bcc114cff,0.00013969267611255238
Destination,038c736de97aa63b60bb58cca0945e65b36109f68ef47cb53a8002a059932936db,0.00013969267611255238
Destination,033081f5d5f77b53dcefc0b83e2f3926cefdd48b9cfcee281101a6a6ee92e14227,0.00013969267611255238
Destination,037c6b271bc2c7df7e274814ed3044684d899b7c550e2522f2c824049083afbd47,0.00013969267611255238
Destination,032470ad49f32eeffdae38af4689cbc7581e1ffd8b98cc533d1e40c27428ec17d7,0.00013969267611255238
Destination,02b2c0e8a09784f75e6348e00d5ffa55882d24a0d078e47dca1e5d07a218d90ba3,0.00013969267611255238
Destination,03a1aeebfadbfb6aef16e87e0cbce69c7339497bd214daeb0058878906ec10f7e7,0.00013969267611255238
Destination,03460aa140bedc526745cbc844e632314f64ff39efadc98abb77ae10f306d097f6,0.00013969267611255238
Destination,03a3d9e29bdea577fc8708056245986945ee5234d98a56cd67428094483668ebb4,0.00013969267611255238
Destination,02669835868dc8a3bd70acf638b4bfac400f58a880df28fc1da8779b3f7cf9e287,0.00013969267611255238
Destination,033c4f63a79100953785fcd85e1c11cc8ef6e7514b77042d1745646544dc3b0e91,0.00013969267611255238
Destination,039c721135b4221b1076a6f663b2bda9d12f2446b80a3c825df17a86a96824149c,0.00013969267611255238
Destination,03d9399d2e1344e4adc5b405c96afe79564478d3b3c142d0aa88bb99b10d30adab,0.00013969267611255238
Destination,024a94efac7990e56082c51630bb408e275524565c20f4345b0771dc644ac31b9f,0.00013969267611255238
Destination,0293dfcbbdc0b1db2faf435e96ec435eae1f918271c66889d7daec4545f6ca6277,0.00013969267611255238
Destination,0247f333757d8767d90f92c633c5676643f4154f0cd82bf34191a5f0bed9310399,0.00013969267611255238
Destination,02d2ea64d766aec8e2b6205d78d793f79b93727d591818e0c2fcde3c43339a37d6,0.00013969267611255238
Destination,02e8f53da4a885176eae566aa7008d0f231b09dc432a3268cf3cafbf5334c1167d,0.00013969267611255238
Destination,03a5c59c83b3e77ec51a6e65ba86936f9991931c878ea06bba05cd6ade08e9e78b,0.00013969267611255238
Destination,02b3574eb067bb270b76308ca3c7febede0c4de5333cad9683a27b2e572e18e044,0.00013969267611255238
Destination,02fbc02a9b4aca24ad5e077846a7669397f76749a29c5f06d76b43c118eeeb04e7,0.00013969267611255238
Destination,02638b42be63448445e8d522574cf411281bde1544e70b69c9d1cf35700f5f4669,0.00013969267611255238
Destination,03c9e422da6b3c9a29d65f2c91ff73c36c93d645ce91e125a7a20e1758b42cc309,0.00013969267611255238
Destination,0239a9362ebd05bc5b3316d5bffbcb16165a4efcb2302e5c2fa4663f952858e526,0.00013969267611255238
Destination,02d8a1d22732b1e2097ddb074bc15b3d14234ea5a0655df2997a67255df5c74765,0.00013969267611255238
Destination,0254f4e4672d919587ea08c9b0b2ece59603ba6ee13d79665eb99afbb7a4547245,0.00013969267611255238
Destination,02836794e5e74e835c63e56dd56dcc31300ead55dc5437693e8f0d5ddcfc630d5c,0.00013969267611255238
Destination,030b178d86fbd13f395d178a0bc4fe7e367b4d0433f9a47c42a28443fef84fc395,0.00013969267611255238
Destination,023f803c570100380ba088c2b491eb238f54915732405228623953627da7c500c0,0.00013969267611255238
Destination,02d6e3fe44e45fdc3a2c05eca763487c5ce50a3dd4f2834075d0e3641eefcaa73a,0.00013969267611255238
Destination,02f8afda05622f180587be3048dfe1640369a415c083121b4c9419d71a483f02af,0.00013969267611255238
Destination,0333b2b050198cf2dc3175ed05826251d7cc97ecdf267d3f34cf048c2422803bd8,0.00013969267611255238
Destination,030000105571185e167b79408f78271005c2bd3c76d3acc68a5f75ed58915cbd4a,0.00013969267611255238
Destination,0393ce8b27e037e9dbf9576fa4615a42b48ac84917e519197c92d475e8edcfb51e,0.00013969267611255238
Destination,0254c26b8875b667cf6dd39e016016619e18a244c088f4d5a6048b296dfebd79d0,0.00013969267611255238
Destination,03cf486ed3df742e344c7e944019e147ee7a01cdfdfb123bc3042f4c6e9feb3934,0.00013969267611255238
Destination,03d2322cdbc2ceff1c1a463d9a05bb874197299c02896ef46ea3e17a3a459562bf,0.00013969267611255238
Destination,03ca3af61df598f549e4ad99fa29605b44aeb1463ae0e4fb79168087226b27a687,0.00013969267611255238
Destination,03290056db1f9b834a39cfd8727f7c35b15e52dfb1f1c9db83a410dce9a7d2948c,0.00013969267611255238
Destination,0247bb7a1216ae1cf48def6eb2d3f39a1a0e909259e508dd0c05a11e9388061c07,0.00013969267611255238
Destination,03acdb811601aa7fe38347c5c0818c9d7b7942cf5d8cb0c71e22f94cf8c4a63d4d,0.00013969267611255238
Destination,02461b4b7f4d38ad542fdda77e1d1f494cabdd3c99514d8ae6bf1ef61bc3a44f54,0.00013969267611255238
Destination,03dcf81668d31e69799a869116ad2c60726b2e896d220ec8b64682ea4ae43aa286,0.00013969267611255238
Destination,03a3d237cee59e33c30e7a95446aace8e7cb92ea7368a5dfedcb7c4b71a888c5e5,0.00013969267611255238
Destination,02d64d032d72d826b0b3ecbe359f11236995abd2491b5868c0abff42f7a0327a90,0.00013969267611255238
Destination,031bc25323a6dfa2c92f793739558faa7109c60a7b3857c152ae49047232e3e246,0.00013969267611255238
Destination,03c7eb52b2f34a8fbc9a346c43c94d9f9e177620fa7086861453894271f904c74c,0.00013969267611255238
Destination,0318cec4082ae263053f6b738f8238a62d7e426993c31131e5d1d21a5b5c0927fa,0.00013969267611255238
Destination,037cc91c054c31c3519cd4282b8cee8d0123dc04d422dbb9663b9b4ca715e55b9b,0.00013969267611255238
Destination,023966880f40128f00e0885676a8b4d009a3bdc8d1d44a84e3ee0dfdfb1a8fc152,0.00013969267611255238
Destination,03aeb303fa7f58587e8f08dc0e1127c3189207bfaad396cc8774b2a76d2c655b8f,0.00013969267611255238
Destination,03590d628002dbaaf8fd8b20e5a8624cfa051adb1f85167bdc7e47fa994dc44339,0.00013969267611255238
Destination,02bdec497f62a689e1a1094814fc02206ff98d1ce08c564e06269c136d4ecc3e4c,0.00013969267611255238
Destination,02325d9c4703e476e146a6f26d1375a486e1237cef1225e809c505aa75e4c1c45f,0.00013969267611255238
Destination,03000c0eeebc2d5dce3725f4a1c74572529fa3db071f290b6323164f96e2cbefaa,0.00013969267611255238
Destination,03598656c47982eacdc64f0e18074ad7eec085f116055db40063a19f4e23b3d406,0.00013969267611255238
Destination,02efd5a2e8c08f29f9b592d944d398c6744256dee8539f0994f1260bf23c1d3d77,0.00013969267611255238
Destination,02bdf03ac2a999c80dc44972eec997de353448f67e79b14e983acb091957938433,0.00013969267611255238
Destination,0390015fd1a8612df22e648844e310a713bcdddec2f85b3875c5739ffe734281a2,0.00013969267611255238
Destination,03e921beb1b648871d869469f5136d38039b1691b30aeb561c9dee04d30c9cde00,0.00013969267611255238
Destination,02dfc9310263062fa4c1b2ceaae1c87412fbd1f75a4e3f5daecc66823900b07f02,0.00013969267611255238
Destination,020b016e12ea77fd894e9bee0fb852c5153f19b64533b67a13d128c637697ad3cc,0.00013969267611255238
Destination,0387ddb07315aabaebe2e2898ad5ee0b0ffa3c46d3894eee2632d060a3b4065b32,0.00013969267611255238
Destination,028e0f275b529ed75e0b5eea2d448636ad6ce06b815698a3d2faa57ba4d438c45b,0.00013969267611255238
Destination,03a8660bd78eb0ffedecb1314201c50c610b7d39a75bc0965c8fb37e7d66f14842,0.00013969267611255238
Destination,02d899a2cd32591775569c05457cebb27d06210b5aa99a942d850fe38e9a6ebb7c,0.00013969267611255238
Destination,03e8131fd86c0929f689b26bd48f5d227b6f1f2cbfdce96f053341944a07458945,0.00013969267611255238
Destination,033c11734fb3c9f30db392e12b4661f0ffe114737a49871c0cabc73f0fcd4af69a,0.00013969267611255238
Destination,02cabbf55e79f64bcddf18fdb6da82ad351383e61005dff7f3c88e1e10220347f0,0.00013969267611255238
Destination,03fd3e0f2504e149b1907cab853712a213b182b8c972169fa3ad009b623533103f,0.00013969267611255238
Destination,0372bd00e7c43efd583623d8fa688141b91e00d0ad65b29b630bf7188804da50aa,0.00013969267611255238
Destination,03b5effc7e8402297e7bebf2358832a4e4ef8b35b2205d9575bcd80324c20da929,0.00013969267611255238
Destination,0372b9d6087f8aef01f1e2f34ceb09eb2e5e750b3845077e569597b1e960bb7999,0.00013969267611255238
Destination,029aa70f34d19677a159afcb8306da6dddc8363aa2adadd028a2984678122ffe78,0.00013969267611255238
Destination,02e46fce29587e4a8d39da2cf21f032536c1ced45e82e4ba04f127ee7337783b38,0.00013969267611255238
Destination,02d4177d3f5c217cb68f13dd2b22b6f9ef8b2bb7a3342394edf72a2c034b8466f9,0.00013969267611255238
Destination,03aa776656f3d083baf8bc2c88f1555e62847adb52a2498a60d0d6a08d566fc256,0.00013969267611255238
Destination,033e9ce4e8f0e68f7db49ffb6b9eecc10605f3f3fcb3c630545887749ab515b9c7,0.00013969267611255238
Destination,023ef4f837bc76e5c5dc5765141edf54feea809ebd58464785c6fefdf7a19cb91a,0.00015964877270005986
Destination,03e0dcfad4ea28427ee109f7c09f62a1210b4576cdb5f079631f9ab3565b5cab44,0.00015964877270005986
Destination,03db10aa09ff04d3568b0621750794063df401e6853c79a21a83e1a3f3b5bfb0c8,0.00013969267611255238
Destination,02f7ff310d5c6f97261b32197ceb1e2d6e466bc7cfe2f222c6fd2685544a81f8dd,0.00013969267611255238
Destination,02b03a1d133c0338c0185e57f0c35c63cce53d5e3ae18414fc40e5b63ca08a2128,0.00013969267611255238
Destination,0390b5d4492dc2f5318e5233ab2cebf6d48914881a33ef6a9c6bcdbb433ad986d0,0.00013969267611255238
Destination,028ebdf29e50d65f0d54e567095c1d2a1f0e60f5851dd1f28abc40b8f08559da62,0.00013969267611255238
Destination,02911996d1d772e461c6c261f9e7ce1960869c2989a0de7906aa91e155698a7b12,0.00013969267611255238
Destination,02547187bfb3960fbde2ed8acdd58c4b277d15b7bf44ac470a905a18f6696f46c7,0.00013969267611255238
Destination,0385ad517d68a47afc08eba7192b62fd440db74cd6710e6d24c74502fa2db0a37f,0.00013969267611255238
Destination,03da1c27ca77872ac5b3e568af30673e599a47a5e4497f85c7b5da42048807b3ed,0.00013969267611255238
Destination,02fa0e7a8a4b5a6adce412d230698528fef78da778ee59d67098918326e0a29a0b,0.00013969267611255238
Destination,03ab9e95211f638cd961eb1a138dca5ccd8a9c2e6e91af6efb1a4e9954f3984e5f,0.00015964877270005986
Destination,0253c97dfca0720789f68ce6adbec1f0be18b2b9c107d3c0a03bff78bf802777e2,0.00013969267611255238
Destination,029b2749f0b049df842664578a8dab18d8d63203f3675598d0a7e48af21509f0d5,0.00013969267611255238
Destination,0301c3924df01f1a376ab20ce9273ee2c4a1f2354c3400e6357d3d4144981ae728,0.00013969267611255238
Destination,03b9b264fed14f0db13e053e2d48ea61a3db898638dee2e19ec02b6ce3aadc5fc1,0.00013969267611255238
Destination,02c66cca3f86764f117c0de7e4ee7ccf7d2e29a1d15a349f88197bdfa4aacc7f42,0.00013969267611255238
Destination,020de4c7b3fcca7eac8fe5ac0fb9c87400db5a931baec35251fe7c55f0d0f91773,0.00013969267611255238
Destination,0255457f1231750f726caf0ef32cfdfd1066df0012676e28f72cacc9ea96d67646,0.00013969267611255238
Destination,0249454059bf9a9e01c8507064cd5da39d4a547652193aa406e56407a7b1ee67a9,0.00015964877270005986
Destination,03308939665ac715bcc194f760c2e920a9a5059b56e57c0eec63568db47dd85282,0.00013969267611255238
Destination,033fc44ec70c1c5a269a7d7c1cfdaf6f9ec7a92bbe7a8e1473e3663ce7ce8d399b,0.00015964877270005986
Destination,020c1f7928954b0fe4a734ac7227652d42ee0d033fd901d60f98e81c3a06f0dde4,0.00013969267611255238
Destination,02e8d8f3e1a8a426178668a628881c8028e94e9c0c0d0c140f60e829ab1150e0ae,0.00015964877270005986
Destination,0361a4bc6165b70f5c59a646d6b1b33d576cf3bc0320592cd59fe297319255956b,0.00013969267611255238
Destination,03db3238a14b391b35226b772df323298e57c6c63b775f3cb521a28ca41688ff5a,0.00015964877270005986
Destination,031062a1a9c91de5fe6c49c7a4c091ad309f57095c6f444ef02e996050badc6c95,0.00015964877270005986
Destination,0394266d512812dcfaae2efac267ed12cf884a4bc85697db56622da1d7346a7c1e,0.00013969267611255238
Destination,02864c16b6d4516db0ad55427edc90c1e64bbb588c8612ac70b2f4388bf481ea70,0.00013969267611255238
Destination,0354683b71378699b8f03d55f2e6242eb60c270c7991ac978b6079c0dbc87a7383,0.00015964877270005986
Destination,03aab7e9327716ee946b8fbfae039b0db85356549e72c5cca113ea67893d0821e5,0.00013969267611255238
Destination,03e7ecebcd918ca4ac2b9d779664277f0ad0d4bf14ebd2bcaa49ff47e85179c521,0.00013969267611255238
Destination,033f7ffaaf6091821b402b9bb801ec3c07f124139517a7e462ae49cd146a34027d,0.00013969267611255238
Destination,024fe02621f812ff80a80ecf9ffc985b7d1888cb8e59d8eef410d9f308dcafd2d2,0.00015964877270005986
Destination,02478e2fc963f74d0557a4bd821a743b18d51bbb589bfa124edf39aec95a65fc35,0.00013969267611255238
Destination,02521287789f851268a39c9eccc9d6180d2c614315b583c9e6ae0addbd6d79df06,0.00013969267611255238
Destination,03e683ecfdbf6ba8fa7a3dc5aa8ce84739939fd8d4231e414f311ab4d8540a6daf,0.00013969267611255238
Destination,03afb0e04d0f4cd6242148d4edcc4f0469f498441743f600fefefcac156292cbf4,0.00013969267611255238
Destination,02f235d24729fb6d06c7d4e7d3b7268e33a4ca14a1044d7a2b11b1670e2555edac,0.00013969267611255238
Destination,02bdb6c80604f46458394da1e404cf414fe13ba117e7f2718ad7ae5ccc325d0824,0.00013969267611255238
Destination,02b8a8fa4ad69db88358dac5bd71c133b05aaf58f2fb82ef3b16b9b68c6ba1e6bf,0.00013969267611255238
Destination,039cc5f54fcb4ceb6900d13d899a1ea5a142f350cebceaae21043d1d502bb85ef5,0.00013969267611255238
Destination,02b705ad9fff5b30e69dd3810d100372332c1a750db5a50edf7353c77ab486643e,0.00013969267611255238
Destination,020d1617e27ac022395352f2b3774969593d3d6ddff6fb117d820a9dda8da45217,0.00013969267611255238
Destination,0226c3a56e4c8c67ed28ba0ea7a26cb1c044a14dabd3db78849560c7e74904ea5b,0.00013969267611255238
Destination,03006fcf3312dae8d068ea297f58e2bd00ec1ffe214b793eda46966b6294a53ce6,0.00013969267611255238
Destination,039dea43211cbdfe6d020c44127d70e41a355681f2b01eae35832e2b5fc87b5dc1,0.00013969267611255238
Destination,0334ea8bae08c378759535054ddcc7bce8cbd16d6b15e78e0c2325715cb22e3b75,0.00013969267611255238
Destination,02fe6a27ddcb2dd9fa8479fe1d52549b5932079a493b51f1409fa2c5878f1bc07c,0.00013969267611255238
Destination,036d306e01a65128e5130c99a004119f36bc296ee6f002a7c3c478530b8249a548,0.00013969267611255238
Destination,0235b43d6667dcfb27a35992e0fcccb7dd52d59106902f55df349c709bacd6dc4a,0.00013969267611255238
Destination,0224c95521cafeee55d3f0acd3e32c8d2d41b4b8baa34557cb9bb35b66ff91bc54,0.00013969267611255238
Destination,0214ec5397050f7eec8e574d1d6feaa0c992169ed107056e6bd57aed1e94714851,0.00013969267611255238
Destination,02fcb7149222c1fc70376b04d631d9fd86b01f268d65148bd8010cef799bf41397,0.00013969267611255238
Destination,03d6f092d9806c189d8fe2475d8a31260e891a861f57c10d742e08c02412767d5e,0.00013969267611255238
Destination,030ef51039f200c65c5ec4037946b18d7129f63057bb7fe54ad707407a94b37ee0,0.00013969267611255238
Destination,0379999536346de413e17cc42307688b96dfd012d1832c2a698bae23ba6d45bec2,0.00013969267611255238
Destination,02abd50ef667e05d26a1132eaac0521512605444e95bf12c474a114c7407994eb7,0.00013969267611255238
Destination,02063fec62479bdf7d43f046056303e48f5029108111ade42aef41c622a6245d52,0.00013969267611255238
Destination,0290fb6ecd5865f7a973e1d48ffbc2612f80f6a2defbd6a188928bd0492bc2847e,0.00013969267611255238
Destination,028bda4d8c0d34a0d777b8488d68d44ee1f2ed5006d8305a8650841af04ff01c17,0.00013969267611255238
Destination,021f89d852ea916b44e640565fbbdd99d8b4bca96d80b402e32ae5cbf9521d062d,0.00013969267611255238
Destination,025f735f59ac2f691e83f42f3ed7335f8883e651e7e3fafad37fc0f745cf015799,0.00013969267611255238
Destination,024636018bfae0674b64513c8b5c247130f8273c75a93ca6536240a00d7253c132,0.00013969267611255238
Destination,03457d5efde77c43ae640d8f71aa00204ba44bfb4cf2c6cb54dd3c69d340ff1de9,0.00013969267611255238
Destination,022b213281fad5065c66ed53a53198a04b4cb528ce92d76ed0175471b93f1db74f,0.00013969267611255238
Destination,03f6ceaa67db2cc169fb8f74b762211e3ce20459bac52ac7f8c85f351670a6b678,0.00013969267611255238
Destination,02529db69fd2ebd3126fb66fafa234fc3544477a23d509fe93ed229bb0e92e4fb8,0.00013969267611255238
Destination,03c8991cda06ca118ce3ca8ab422493a3527c948d8156918766d2d62b5cdae3058,0.00013969267611255238
Destination,0225e29bcf897f22d9f546ad71185f9519db538d484b2fd2ea2be02e20b5c7224b,0.00013969267611255238
Destination,02d96b23515a63c9a8a5981cc4be539a6eeb60043b2fa1c3fe0940cd0bbfc21d74,0.00013969267611255238
Destination,0280133316d7e1571a7b5842092c955e027e00c6859e404e5ab3e28c42d9aec332,0.00013969267611255238
Destination,039e05e271f537cfa1c060d2364b960b85bd509ac89bae524e4a01948a07b3e8d1,0.00013969267611255238
Destination,020003b9499a97c8dfbbab6b196319db37ba9c37bccb60477f3c867175f417988e,0.00013969267611255238
Destination,038352cfcfbc3f53c9a8f469f8d881bf18d3519364aa98cf8f9a10e0171ad008f4,0.00013969267611255238
Destination,02aace31b8120e29cfc29d991b63fe8614cddd3fbf6148431cc3a68932c363ed29,0.00013969267611255238
Destination,039d1f6015cb97a284ff2b1af4bc96b7beda2d39ac167b93e339928a7301b2c030,0.00013969267611255238
Destination,022c1f1ec7f9f065056c97f32a0f2275db0bc74583630c6592e7dda2d92df8e03a,0.00013969267611255238
Destination,02868e12f320073cad0c2959c42559fbcfd1aa326fcb943492ed7f02c9820aa399,0.00013969267611255238
Destination,020f744caa3a20c3195de8752024f98edf1100b072db7bc5d582d64a860132e7c0,0.00013969267611255238
Destination,02c94a8c40c64c511228c0ca4b393ccd0738d75e9229073ceb6328246de32b9a8b,0.00013969267611255238
Destination,029ccce3929309ca5a198ea23840651c92dacdd43a0b58507be922d273b5d490a1,0.00013969267611255238
Destination,028e65a186905f1b81b1e1013a2253cd33bfeabb574de24cd15f1b16c1fbc9a2dd,0.00013969267611255238
Destination,02502660576c4274b49b27ad48087cfa110960472c3846d99ba2c96c8f6bc52ddf,0.00013969267611255238
Destination,03042f51a348429fb0dc15acad4f638114dd8ff77d7fbc233d5fa3af2511b4dfb7,0.00013969267611255238
Destination,02139c236e0f8e6b0dd11134ac4e363718e254778792ce3031979f457786405a44,0.00013969267611255238
Destination,0314a24c30311e514f436a3732636ce0958e014a4a4018ba92bd2cd665c0de5b6b,0.00013969267611255238
Destination,033e7e466c56c51f53723fb966674db881b5aae8907e22170d630fb1b149f55ee3,0.00013969267611255238
Destination,03413fad64682198e5c740af24388a9d402485ab0b6f7bf05fa04e5a25a6e331b4,0.00013969267611255238
Destination,026067a7fc2b0a6b3414d29fe854a784267c58d826bd5d940c501ce18d585caf7a,0.00013969267611255238
Destination,02159e8c2198559cd4456d13b6365aef9c3b0bf0cfc85b830e3282448660a505b3,0.00013969267611255238
Destination,02180d6f6e349a86d13d8828abecfea0b80c7cc73003e8366ea753973ee835a0bf,0.00013969267611255238
Destination,03cfde391d5363545c1fb021060c6cb744403302b1685b6260668c4c95caeee743,0.00013969267611255238
Destination,022422dad8b0841c5588563e9a07306a1b1b0158fb3c0938257f18e323a430f2ca,0.00013969267611255238
Destination,036e69d69b4769650eca66c0c15dc385016fb7764e8b2343603f3325377a33e572,0.00013969267611255238
Destination,03ab5a4b4f9883321da39bcac78f298c673f5d3f0d90cac8780d7f730fed8c2193,0.00013969267611255238
Destination,0282d3f067cc541bca91e1016125c9361631fe7b6c8bd3a5711a8809489864fa8b,0.00013969267611255238
Destination,0205bb43fd083ef8d8b9b4a4c96d8cb1256e5a5249de711c36c32f79788a01b00c,0.00013969267611255238
Destination,0356380051ce63f48f85400f214e6d285c114114159e246b597085ecae4c5ecc54,0.00013969267611255238
Destination,029e048e15fa4740c1f3c8f99dc355b75cc00f3acf295dc583bee453f8520765b6,0.00013969267611255238
Destination,0266ad2656c7a19a219d37e82b280046660f4d7f3ae0c00b64a1629de4ea567668,0.00013969267611255238
Destination,03b006c37dfb8681e5db9f513386d06c9d18bd514fae5d79a7ed2d5991c7d57330,0.00013969267611255238
Destination,02063ae340ca611922072d71063807b116286022c8638d26833a022e414d572915,0.00013969267611255238
Destination,030112133f62b20f81b76754695a0cbb683552c307a062897123fbf3d6360f394c,0.00013969267611255238
Destination,02b2c7add49ffdb7ff469ed578788e786ca1f1f0ff00b0c2c7fa3d021ef66381da,0.00013969267611255238
Destination,03c226ecc43d26e135f999c743dc0afd0479babfc1821b46c9c85b2eea3f41ac9e,0.00013969267611255238
Destination,036afe432cad4fd5a5671d9d95d3d3671e315825efdc10f734dba1f47a711a276b,0.00013969267611255238
Destination,0370a5392cd7c81ff5128fa656ee6db0c4d11c778fcd6cb98cb6ba3b48394f5705,0.00013969267611255238
Destination,03e5a5eede5a208cc6b1ef8b05f1e3bc525e6251a7b03dfd268ea0c67b2c0ae985,0.00013969267611255238
Destination,03233b3339914a17aa7dfaeb78b677534559c9f997fa5775c3e43747593268aa96,0.00013969267611255238
Destination,029bea9e4fbb6c26ba7df3beebf21a6df7d45798675a98e68b3e50266c87dc5c2a,0.00013969267611255238
Destination,031799c401adff643e20b825f9f84b9f9bcec7c311d7c7cc0218044a26f2a107d9,0.00013969267611255238
Destination,03ab5c1de60b2dbdfdce26acdb0074bd8b3b586082d36fb33ec4e70027d439cbb6,0.00013969267611255238
Destination,026209a739dbf4ab8c73db56773a61247e92fecc53ec5c8f7ae41f6d11fec64a04,0.00013969267611255238
Destination,0249cddd0ee768edad24893679fc753fd1940c6fe01cd3b1aa8b1d18c856d4492b,0.00013969267611255238
Destination,0230b207b3385feddb1ed18d5c7a808015aeb668aaf9bf980bee62465a382112c1,0.00013969267611255238
Destination,0294f3e45ef1a1f70cad57ef1b5c412e318e2dedd561e8f15829b83be8a2f18b37,0.00013969267611255238
Destination,03279fc82bf354280cdae4c84033f856606cbe2d431d7cafa4387329dbd5ae529f,0.00013969267611255238
Destination,0359f88efc91da26b443d2fb611b6240531dc662ff6c789fedebeff45cf04833ae,0.00013969267611255238
Destination,03c2ec9e29e4b34c38c5f799f003d88b14c8ce3916ce046305b44e18783a2734b8,0.00013969267611255238
Destination,02dc9618bf6efef1e95a2686ee8685dff78f1e5b5c17017bf95c3eb831bb2f31d2,0.00013969267611255238
Destination,026be7f5f2f6649cb9eca52009bb855fc036814da1b703310041966a1912763d91,0.00013969267611255238
Destination,03a6680e79e30f050d4f32f1fb9d046cc6efb5ed4cc99eeedba6b2e89cbf838691,0.00013969267611255238
Destination,02b05c41d8aa7f63a0d44ef848d8f31af927f92989bd08525b1e0a3253e4eb1324,0.00013969267611255238
Destination,02e8754aa43e75a0fe755d2f3a7df90e98ae4976d53f8aa4882a1e89e59f6a7332,0.00013969267611255238
Destination,03087905435081ff61840629de73ac2598684b690f4c751894575824ddb1b3e14c,0.00013969267611255238
Destination,024ee5c6c2ccb1ec26a11ca9dc7f891e3ee2b9036a9e23d83cbadcd93160731659,0.00013969267611255238
Destination,037f4a1a54a43e2de05f4da03bc5702f15d887b1222697e48cc4b432385231751b,0.00013969267611255238
Destination,023cc89e1c4ccfa08a0648319f4a32cfc1a4bc41eea9cc4759b7512c0801258a7d,0.00013969267611255238
Destination,037bf380d267ac4a2b495382f84482dbba048b22a62c5d463f94274d013e8c6286,0.00013969267611255238
Destination,02abee897f5ab347fb917b30bf184c4b3ee33bd81d568958193f0cf3b7f7b41b44,0.00013969267611255238
Destination,0342835fbacb33f23d6b89e6f025f73536a2bd4c3836c5d5dbe8422d017285a002,0.00013969267611255238
Destination,027230e7207075b18b089399c4244ca4b45f5e629108ef020f6812aba67037a499,0.00013969267611255238
Destination,0232d18d0ca279db6ffa18cb6f5628ce068e4fe3bea85cef4b75a15e67935c8df5,0.00013969267611255238
Destination,0279dbc9dfcdfca410dee0a67320d4eb07fbff04a1960b6dd1e0cb92ca18e3698b,0.00013969267611255238
Destination,03b2d5c9409d42e0b13abfc23cd3908a6cec05fadf602dc4e98b1a714528289437,0.00013969267611255238
Destination,02c640298966b12829225ea5e9f41c3da88c01f623aa486dda59c3ae04f4f01fea,0.00013969267611255238
Destination,03d8856006d202e34ba6d50c949067d208cb65e0845ec70445cb9bafb3e7fbf2a1,0.00013969267611255238
Destination,027c45fb7767eb99652da0045a8580372241449a1a015c92dbf71ed8ffa434ced8,0.00013969267611255238
Destination,0351664db87087bc70c98e9df6e9d515839896c887a7df2088dc56ceebb27e3aba,0.00013969267611255238
Destination,027fdf3fb07b893a10cbcf9cd077bb69580d7fbee44cebf7e0dbb2f36f478dfe78,0.00013969267611255238
Destination,02a6db18ec075eb080834eeec58054da00356a5552dd853032df942cb97214631e,0.00013969267611255238
Destination,03aa367d17406acfe7f814e5b3207a7dcc56bc688903ad36b7ad39024c342bf4ab,0.00013969267611255238
Destination,03f16442b17123ee86eb9f4a5273d0af82fb2cc3f258e5a8313123e535ddf97e00,0.00013969267611255238
Destination,021bdd1130960703e0a2c08ebfcac464af42b0643431684a355f4710aa50d022fa,0.00013969267611255238
Destination,03502e39bb6ebfacf4457da9ef84cf727fbfa37efc7cd255b088de426aa7ccb004,0.00013969267611255238
Destination,02881003525adb05fef7f73eacc8f31903791ced708a4fc2680de08acae949006a,0.00013969267611255238
Destination,0296f5f265b0026e705def4da129bfeeb7ffc3cd3e5c77976b408c879ced6d5197,0.00013969267611255238
Destination,02c89a19081269d1bedac7b3f13680fc33143f065445fe5fc25fa92739ccbbf264,0.00013969267611255238
Destination,03c94ac295881ab54d102e152b572fc9600fdf40db46699476da3266f45853d83c,0.00013969267611255238
Destination,03cd61aa1bb94d756b018eeea825218a0d82d75493d0ff091325126fcc7d7b29b0,0.00013969267611255238
Destination,0366de97c9736a62efe4ec834515e8a01871152140a88cfc9fed8602b0a9f9e13f,0.00013969267611255238
Destination,02b590065ad48c3312b3df0c2cc1b56e924672b77d931a199c58e9c0e33f3460eb,0.00013969267611255238
Destination,03a760243ee9173d87d32b5bf09ae331c910d1b67bc2842a8da1c5bfb246776d81,0.00013969267611255238
Destination,03937d345368ebd7da30af2818ec6c36c8a9b1d62293f97e82e80a1996276e2774,0.00013969267611255238
Destination,037591d5223c68392aa0e6e26eb73ffae6f44906f331018603ba467d7f8b0b8779,0.00013969267611255238
Destination,035dc8c4f36ef0661b4e0790fedc7a5765210f3d378b122861093652a25f4d706a,0.00013969267611255238
Destination,03e036c7da199f4dd1f2ea0eaedf2ba6142850553671cdc7d502ec382173ba9396,0.00013969267611255238
Destination,02a22a8dbecb63144dacaaec0d9a4f4931479585b2ffec8c87933018c7a08bc300,0.00013969267611255238
Destination,0389819a7125ae55835a4c682edc21c712f2193d0af1f13be9d1d04517d4bcd1bf,0.00013969267611255238
Destination,039bd8fd26d4ae06c627af860b271f0cc896153ea87accedfb5b2ed20bfddd7f3b,0.00013969267611255238
Destination,032b2a81a78a8b32c240400e317ba874454c78e54b9a3299041d970d06e32c049f,0.00013969267611255238
Destination,03037dc08e9ac63b82581f79b662a4d0ceca8a8ca162b1af3551595b8f2d97b70a,0.00013969267611255238
Destination,03c457fafbc8b91b462ef0b8f61d4fd96577a4b58c18b50e59621fd0f41a8ae1a4,0.00013969267611255238
Destination,03104aeb4121f194d2996edaf1ada75ec397d9c746151d4c7023c3aa20dd1eea0c,0.00013969267611255238
Destination,02176b46b4e509f7889fc8754eba525858a0bd5eca600a4fce384afc81cca2f244,0.00013969267611255238
Destination,03cabeaa1223b83d56954e944e83493d20c6b2c9b45e47b62a899ab9d7d31cb56d,0.00013969267611255238
Destination,037d34f87c2e608908ecead8f7b8aa66c7c0ab7131184194588f232a516a3848f5,0.00013969267611255238
Destination,02835e0b9145bdddec9ef25cad408fdb2aa9b4eca84249f027bce2a10777530638,0.00013969267611255238
Destination,03c6d1cce30eaaa8b4ad436735c6816ae886f588ff8362017af940ad5a89118014,0.00013969267611255238
Destination,026e0283d16402b81ce746db852aa8ca84e7735ec95d43f42dc9be3f00dc746b6f,0.00013969267611255238
Destination,0263e61766a8805e013ae539c2eadb10c2e38a4e2ed22ab1c0651568f4ab2380e0,0.00013969267611255238
Destination,035b6c98b5837ab3db778abd07fcc942e9bc3f37f9beff47da516470caf9040e11,0.00013969267611255238
Destination,037c0bb263a4fe95f0ed598b50cf51e5732a6bc1c48d1c81c5e89f2442939dffdd,0.00013969267611255238
Destination,02a83cd20732a744b7a9bb5515f1bb2d13b9875c16b5417177587b4c14f8426e84,0.00013969267611255238
Destination,0345dea313a1073ea4c64589b91a1fb963cb66aef2ee84570d34d2db14533cc286,0.00013969267611255238
Destination,021978670b8c4de8a5d311afdf288a27c8d32a4052aeb0a4b38fab05b9d8640ec3,0.00013969267611255238
Destination,02d51da503cf7f67fb996f9f9b3278477aec998a48171735abc6c40ac4559049f3,0.00013969267611255238
Destination,03a0ec9f2148b8bf5386df07418259b260695307ffc319c1300bb12ad35308636e,0.00013969267611255238
Destination,03b4572ea31a8f58f02dc85d945c611c94432c72f95326c01b34a14e51eea712f4,0.00013969267611255238
Destination,03d912dc1db79a1c6228bfce97652d96b8cf99d99edb92613a999702b20d2d0cf8,0.00013969267611255238
Destination,022e5fb4aacd3d96555c3b0a9481a2d8b64d20603fb94661eda206f970b956078f,0.00013969267611255238
Destination,035aff5114106d285b30457f846ad654a0e83db22cccce98dc4e23125f368febed,0.00013969267611255238
Destination,02445854b90a954a3d6936c7d4a93bb8ecde414e683de1df451af870f9321eed28,0.00013969267611255238
Destination,027c7a12964353805dda90dc6a3aceb195f8873856d73539c9bdfa73ad3bd691ab,0.00013969267611255238
Destination,02c8b4b6ffb57f4d128e926a15a8e001840c9f68aebded811c665c0ea6f6b95908,0.00013969267611255238
Destination,02ee5b1739e0de315776fc4d3b4f2665f7e4974aff7afe04eb67eb0ec9838d9c19,0.00013969267611255238
Destination,03ce6f7b7cbf90dd7ec4db740bffb52b0ef2f0f53ced6d0284358e9b14c604aa08,0.00013969267611255238
Destination,02d126427eb81bad759c59af2a92c6f04f8665010e3f6c6a8ef84febf33800ac4a,0.00013969267611255238
Destination,02fa025108e90ee67836c7b11001addf70428e4e8ec3cb0484ca207eca05a457cb,0.00013969267611255238
Destination,039c7f7eb44868824b6575cd53e52d0374a863f0f9ea96e868e4d24ee00cee6d58,0.00013969267611255238
Destination,036578a930856b958fa6ee136cf27a1620c48a2280a3315257b33bd1b58174a776,0.00013969267611255238
Destination,03c40e5a891fb206b3142d46f7db6a9fb89ec5e61e4bbc1afa9161beec0542338f,0.00013969267611255238
Destination,033eec549d83e98397100a601664e182d1af8332dfdde7a41e4e06ed127081c80c,0.00013969267611255238
Destination,035d4955f57bc32f07cffffbe0370a2d0a5127a15edbae632f983bb5974c96f7c1,0.00013969267611255238
Destination,026d2bfd489c5dd6724c5d136070217acb8fd6ed723ad47dc796e434b1ebf6db11,0.00013969267611255238
Destination,03ab94b44f23b98668cc1d0f01fe6a4a41791660c14a66058c653a7da142b0ef22,0.00013969267611255238
Destination,035ebbd9ff90177077cfaa6a9a237ebbf9d2027a462346033ba88682416d34f4eb,0.00013969267611255238
Destination,0337a42a4384c331258f7fa53697f27dbc1596a689fe77923d31b8e7a6f5960929,0.00013969267611255238
Destination,031d7a6fdcfe5107244604798cccfa8a21faf2027f11e5ddabd9ae35fd3f869796,0.00013969267611255238
Destination,02f3aa970b28ae7ce244fafce8f68d2ed816e2eb44119c714a2131cdf50d3479cb,0.00013969267611255238
Destination,03051ccd964d4d2fd820c2ebc8dca31d6396ecf9798701174092e66530d2ca0687,0.00013969267611255238
Destination,02a54fe7690fb419c965140d6252ea69bdca54a44eb3b5cb895b97cfb2d3666395,0.00013969267611255238
Destination,03cb151cacee2103018e59d5a156ffc7dd6e208d93dd1e846edbbca5bb4e842f3c,0.00013969267611255238
Destination,02791c1f586fefb3b0b59eaf8720bbb5c2d2d055c6401822dd307ee0a0dba28ce3,0.00013969267611255238
Destination,0388f018af1c22892139f907a8e6936a244352059e8064674f65d451f21ffbc24e,0.00013969267611255238
Destination,035404f564396bca34cfb261324a6dbcbd63d81c10fb7d630afcb65734da664019,0.00013969267611255238
Destination,03ded19c55ab1726e2b839e006321c002c61602cced485c75db895ec73fb48543a,0.00013969267611255238
Destination,0234591e856f9c789cc36fac67e54641243e99003640b123b74f62a490f789a4dd,0.00013969267611255238
Destination,028cf3eb05bdbcf2187c214b9b99d9532ed4532f850186ecfa837f508e6b1b161b,0.00013969267611255238
Destination,02dfc0404d3c9774974286655e5ef5859617e8da7ca291db6afc602a6b70db3537,0.00013969267611255238
Destination,03a6d2d8b6ff5d50e39292429308832412b748bf1634ca8bdc72f946809fca1f45,0.00013969267611255238
Destination,0216fcf031519e0924e5e4b64a731b207cccb85b13caebffd0f664a32a39bcd368,0.00013969267611255238
Destination,0258865560a1729096f0dbd4cf031b5bcf057bbc5985c735f7c3a6d9a7db5709de,0.00013969267611255238
Destination,02c3ffc714b9ea194ec3f4fb46fa08bb0da1430584a60fb2177877fc7434af9b14,0.00013969267611255238
Destination,0285d50bc04a6a7eaeb37c4964d5f1322b1136c8cea2f242d3c52302226043cbe4,0.00013969267611255238
Destination,037d284d2d7e6cec7623adbe600450a73b42fb90800989f05a862464b05408df39,0.00013969267611255238
Destination,033c5deb9fa6a19f2fe9c9ff37ed83cbacef8a7c7aae8d1684f81b11da125b614f,0.00013969267611255238
Destination,0246259cf53c9d8a270e303884b3aa334422c54d65b6b73165c24226c530133768,0.00013969267611255238
Destination,03c8de1b5d833d51851a7f4a3c5533846077c3b30c0ff4d9659cabf19bf9b0ca17,0.00013969267611255238
Destination,029221ee9b72b7b1be2cb09610839bef2ea286ba1d7da9fc184731abb789a8fed0,0.00013969267611255238
Destination,027fdad1055d6c8d21679a2792f49365599a24b4b9df2d8b75acaf951c31070468,0.00013969267611255238
Destination,026be995c53aa90ab526bd519134471466b21220c1ae3c1f5c875c6b4bcdf14cbb,0.00013969267611255238
Destination,029799e356f54bceda8ceaaeee3d75a384272307ef3f0829831caa6de2158d1533,0.00013969267611255238
Destination,0235664b101bfe94038da2f68b05be310d5ff4b6b210de2d0c1c560cfe1d4a5d91,0.00013969267611255238
Destination,033875f91e2f5b3529300d160f74012a74b5d416060ad7239d3103216e869718d5,0.00013969267611255238
Destination,03b14c4ee1515af042d79a01eea29ba6312614d616df8d48c807e56fb755cf63d5,0.00013969267611255238
Destination,036bc853cb9bc0a3964456ad3bfbfbbfa64e9867cf701de1e35f6e809449f566e1,0.00013969267611255238
Destination,032150675a9823223556eea340e40b365ccbc9ba1f3eb8d2ea664089e19ad8ce58,0.00013969267611255238
Destination,02f2ef56264092d7ad5e2286af6979be59fdd0f3384b37f407fd41fd0c61f6722f,0.00013969267611255238
Destination,02c8d72638ddf8d20774500d64118acdda6d2ce4854257ae7ed114941dcf58914a,0.00013969267611255238
Destination,031567fd59c91d831ec6855378ff68ce2d8118507d865c57609868289059bbda5a,0.00013969267611255238
Destination,0375fe623727893ba3fac26883767f5072087048ad8c1b4497e291a065e98e626a,0.00013969267611255238
Destination,0367094b41d64de5c1bc7848ab21d8b658bbd5267dd4831485aaa97fde911d4034,0.00013969267611255238
Destination,02607c337dd0ad4f1f293c529bf0248703fe628261e2d629ec3d4afca6d603507d,0.00013969267611255238
Destination,023959abfd8fa129e3bac7c6468ecc947aa94da05c16ff95fe159c249c9b076f0f,0.00013969267611255238
Destination,024bbcd3120ada0763f7203d60c7504a51e53484fd37413ef229f833b02cc3d36d,0.00013969267611255238
Destination,033bdba82ad41e75bb78a3c3d5c632d0cee8ad2c47fcaf65f83084b8d62b9cdef6,0.00013969267611255238
Destination,02a5e151038284a632aa944df938bf13be3936a969d7da15bb3acb86efd6f8f4da,0.00013969267611255238
Destination,021eb3cebc4aee0e563d6ec77131035e817ad69c6c7577e0582e14ca06c502596a,0.00013969267611255238
Destination,03898773c93ebfce82cca04f9aae583b99cd1a9c440302281a38f0491b60848585,0.00013969267611255238
Destination,02e3cef0dcd8b1650ce262e7dca24be4d364698d07de5f9896d4e193a2047fc25a,0.00013969267611255238
Destination,030fd4a722cd139c2d11285cfaf9d513f59be56645af3a0fdd7b7125976b709a03,0.00013969267611255238
Destination,023760d0f42fe8b9befa1ffbfa36b567edf28f574be2cd66219f3632e87db1e920,0.00013969267611255238
Destination,03a6e62c398c18e46fbe57999b942494149596f7c04c4a1edb469707c1077dc9ff,0.00013969267611255238
Destination,02461d2992bb4d4cc28c41f06d3ee737980d9b05434027ca103a58c3c33aa13dd4,0.00013969267611255238
Destination,029cd2514443cb00ca806e54a770f444f25f2d6368c959a172d302de0702e30d38,0.00013969267611255238
Destination,02cff38e0c8329d3da345a1192efed582d9a65e0e5bef8e1e0c287b0c4be67cc0e,0.00013969267611255238
Destination,0374c8265a398a86c8fa952eb838e5dd2ef473a477b0c2fd7263522b508a79a226,0.00013969267611255238
Destination,03bc3f75ab360d63b09af8ea8d8f297715ce41b06acd678f9a6b92886e2f1c12c5,0.00013969267611255238
Destination,03728ab64d00da1b9f16106af398a0fff8c7be00e2e0a3a14370b6217595dcb6b4,0.00013969267611255238
Destination,0377c91a2402d866d24029712d48dd303d529202b8774b935a25b15f9e23a80968,0.00013969267611255238
Destination,022b0f0363cfb33dd4f646a8dbb59560c878377f9c845751852a38f78ecdea13e0,0.00013969267611255238
Destination,0245c968d8cb579f738f6f565b1cc5bcf7eb71636fd87176ba48493f69ab964d32,0.00013969267611255238
Destination,024838dd54569cf607d76572a2fad528d8bb9d923eea2ae24edf046702b7b6b718,0.00013969267611255238
Destination,03708012c1e39b721b0704937a3f620c373855da23935ea912dee626c22abf845b,0.00013969267611255238
Destination,03581b22146814bdb82fe94e8b0a4e2a63e61f62f31bb51e44c3e06d15fefd90c9,0.00013969267611255238
Destination,026cf8782a7735ac62f0eac8f790798cb288e0068dd4c36081a71da85c93f1d864,0.00013969267611255238
Destination,0265c6f926eb2e1156800eef230505a42a6e7bf9e68af4c331731b81b19d62da71,0.00013969267611255238
Destination,02fa817c62a2825f1a0406c3bda2fc2eedf8d0cc24e873031c9ad7c87bc98e4c34,0.00013969267611255238
Destination,02615b617c685994d4197d8505437dc5a7e3fd4c445850c2b7b23490a3edba829b,0.00013969267611255238
Destination,021be5d8205556d8aad034cc69852de54ec10f133a628dbb80ba04b3765fefd5f2,0.00013969267611255238
Destination,02d9d9aca1ab7cdcc73a8760da378a1c791459e2ef662af7ed89e5aa358dcce476,0.00013969267611255238
Destination,03b1c1a3dd064c7b4386b688c1f0950fddb28f61f2c3be8bcaf4ef3c78429ffe4e,0.00013969267611255238
Destination,02f5d832ba1cb6a29bbd65cb96c1e1a29e4a48c18840badc3f5a5c4f90b9f5b1f3,0.00013969267611255238
Destination,020b831768ded7615eef25b34639c14b912496137ff5218ad3277d0efd57a32e09,0.00013969267611255238
Destination,022f26520239b8a2eed4f5871687ea97a9c17aaa29595ace6057a7fee8d3737511,0.00013969267611255238
Destination,036a9f2bda8106c542bd771dce345774c78d9ef59a6e3dc912869f478134b43c1d,0.00013969267611255238
Destination,0329536bb05d9a8f88f3a459cbad0e51785cb825bc8a1ad2bdf47faf3f4ce912ea,0.00013969267611255238
Destination,022c6067d6b87f1714a4f3936e010aefacbf5c66ccd5bcb62f71095032a0dda1e5,0.00013969267611255238
Destination,037f53a3f28905bc10efdb111922e8fe9401119b3f946d1d7f387dc64de649cd82,0.00013969267611255238
Destination,03e14a85a4eab351d47aa52acc76a0411d3d7e9c83e9686f306d89bd932097b2d7,0.00013969267611255238
Destination,026b7b4187a40ae2fff865294bdc2311f810014e73a1a8bb237b7797f42edab98a,0.00013969267611255238
Destination,034b2fb8cecb1031b7f94695278932ea10791e636b03ef0cd87947eff07e0f3892,0.00013969267611255238
Destination,024eac466254511fc135d43ab676155c3b3a2db9c63a4a85ad8a76ad2520652ab0,0.00013969267611255238
Destination,02d6579730da253cd4b01f01a44933adb2319c544d0ce55a7e65dee2ca2bbd1e7b,0.00013969267611255238
Destination,03614a9bab5591adab6d45e85f0e2b9e4d1900cc2449e6a83887b0437e1f45a3b1,0.00013969267611255238
Destination,03984bda8964519d866f70bd5c0b08bf833d31fe2d1de84802a5047ec7ade5af7e,0.00013969267611255238
Destination,032abc48fbe58e4f1762f9ea019295c061bfc548f882ccd768cb3ba8b0a9e77f15,0.00013969267611255238
Destination,02345b36322a4beb0949c6726a36839a8eb30c29b1b61ea66b8d1594ec06f4bd5f,0.00013969267611255238
Destination,02d7e90928e0dc65852d6622768f6c6c1debfd8a03ddca7e5a47d93e51e5112974,0.00013969267611255238
Destination,02ff4c0c9ac0215be3b83f96c8ff4e53abd4c82d98bea7fb75564fb16287b62646,0.00013969267611255238
Destination,03ee4232a62c54bea08dba3b426ad3e1069e90db70f35ac31942c2efa333a6d561,0.00013969267611255238
Destination,02966a90f51a0874f706d243878b58eafdf15a2369eaf6fbd1f3273159f0d0e130,0.00013969267611255238
Destination,02e05a06d1666bcef4afe7695e6e3b2cde640170504eaad6bbd7a30ad5bcb69d68,0.00013969267611255238
Destination,03a3b0460644d4fac81e5f062719c879c89fe6b742245d3bf7e574dba68cca7a2b,0.00013969267611255238
Destination,02ec095bfb29e486b814b61bcad294224597f7b890fd977149bdc1b2718210d088,0.00013969267611255238
Destination,03a14d159502d6d1d8ef9419d916ca2b6a4c8eeb4e9b132fccd66bab86062716b2,0.00013969267611255238
Destination,0243c0a76f150de2dcdee10a11c55cf5564413b3b0518e4772a83958581e7c69a2,0.00013969267611255238
Destination,02223847c2b5165bb38601b89c58e86102c5599c867e84acf78710b4eadb90ea49,0.00013969267611255238
Destination,02d6f4112fdb133ed2c26a5617d6c996526d3eed45dc0711da4dd71e56d4641d8c,0.00013969267611255238
Destination,03770ffda2a7abffb725ec6022e604a57d7c0b1e2fc3e5131a070767b8d41da954,0.00013969267611255238
Destination,0201af659a3986832bb5bf2493c537cee9f7d62a7bff5d0a68176c1d60df931cf7,0.00013969267611255238
Destination,021a23f6698383454e51f0ad66e20410d61ec1771028531eca867569368b6f1032,0.00013969267611255238
Destination,031c695d0c7cb3f7a6d8f66f72737600b11fd8800e5d865abd0a54e0c9ed9e6335,0.00013969267611255238
Destination,02fbca8a81b8bfb17f4811d3c5121252019666bed2c4f3d667611db6742161e9c6,0.00013969267611255238
Destination,02e66e22271739b0c3e9a11391d0797ac18e7265328a96f495ed52720af1c38f10,0.00013969267611255238
Destination,0286639824e8f464c2febdfa9bc18a3e1e5191c3f9682fd46ba1c2b3712161aa2d,0.00013969267611255238
Destination,03a1ceb2f4953087266da5dd83a969a01cd8097ad856507dbac605d3cdad4eb735,0.00013969267611255238
Destination,031ec0d096c3d8bec7f812af70907927100e8b396e61dde50741e2d0b1c2a269aa,0.00013969267611255238
Destination,03e241b35aa9600562e07f6ac26da20ab3e13a7a3ac6ed11df1dcb86fbc7bc7488,0.00013969267611255238
Destination,02aced13b08adcbe1e0897ad3b26e4525e1a9cdb76c86ed4aa42a518045bcb7e9f,0.00013969267611255238
Destination,02cd1b7bc418fac2dc99f0ba350d60fa6c45fde5ab6017ee14df6425df485fb1dd,0.00013969267611255238
Destination,026fc146ded8d9a0914b88a3682da529e604b16f35d24aba9a8c650d21786ebd5b,0.00013969267611255238
Destination,0243353fdb7dbf798424e630cb3d5815fbbfcb6ea57f43c14e1c9e9d08c550f575,0.00013969267611255238
Destination,03c0b0ce7d95883b419cb42af28c1b8f6ebffcf09ad775cf837fd9793be8d78b34,0.00013969267611255238
Destination,0391aeb8d6d54df19b56c3eec85ea5ab8aa04e6d5865af1b34fd26106ca75bf081,0.00013969267611255238
Destination,026e3301f975f514236ee47b433ef9d811429c1ae92087cf33b1c220086b50ca1a,0.00013969267611255238
Destination,02733342a3849be5f84490157050b4779fd25144d334d04ad90f41501e73877efd,0.00013969267611255238
Destination,03054ece547e19a5262dd3d74aa503fef4cd06f0a075e01c015fc2393f45cd113a,0.00013969267611255238
Destination,0206dfc7fa5f56f3ce752c6621b1d03223c11b16cffb05835b67481c12c6d87031,0.00013969267611255238
Destination,03127747aa9fb9b4813b7ebdd6ac47eb047954513ab06fe909689c2c42eaa49a33,0.00013969267611255238
Destination,02ebfa30d95e70454a523416654903ae7c511193550b31a542a1d2744541203644,0.00013969267611255238
Destination,022fe18b687c6ad723bcc7a038b66fc996f5a1ae9112bf1896f5324573a2b1a559,0.00013969267611255238
Destination,034d15df0d19d64e60af9c2f3489fd4e00fcae9d70282b37e9d3e041c1e872dbdc,0.00013969267611255238
Destination,02b7291fcf57fd64cb9610beedf37eac46212762608813ccf8090520701b94ae62,0.00013969267611255238
Destination,023bdd219b85d02da9b3fd679b32a1098c97122767433eb4ba59641514bbcbd694,0.00013969267611255238
Destination,024a381d0ae3bdebd48825c792cab89f8ac41207312048cd44c313f864cd17079d,0.00013969267611255238
Destination,027e9dd63e04e1b0582bd151997510c6c78f666fef4dbed8ca884e4676bed49552,0.00013969267611255238
Destination,03bcf1f73199ed4445a8d6c033dd8cb550bb5205a16982ad2e13359e3318498c02,0.00013969267611255238
Destination,039f84a3bc738d14d0ae48061f6fb2433822d2ef2b6359c8bdfa4f399d0802275f,0.00013969267611255238
Destination,02356ec8f50e35c8692d37c253fb5a7d23527eaf0ce730c70a894cc6cd040c3826,0.00013969267611255238
Destination,0283fddb3d68c05e6e6cc819389731aaff62e9d8c07b0a059ec959508a48b291ce,0.00013969267611255238
Destination,02bfafa3d4bddee3467a6163eb6ee540cf04723267c2955e053a4f33d03b898bbc,0.00013969267611255238
Destination,0202d9f3575d6b788235dc617262ee3bb2d4c3c740adae6e98016bc1396e1a279f,0.00013969267611255238
Destination,03cd275b154962cfd52d98ed170f9f477ea42dadf7cb2673693e443ed3afd4aa7d,0.00013969267611255238
Destination,02ec7c26b4c8e4786b57b361d7c1712292673635157a57949e6eae4aaf5879c45f,0.00013969267611255238
Destination,0200e5a6afd0cca4383b67a7ed18fc0af24b80f475295d683ee58d7fb00e8d9b13,0.00013969267611255238
Destination,02fec1414f44c45a7cdedf51fa67a1ac4828fe48ddb4dc0cb54b1628124582fd6c,0.00013969267611255238
Destination,0313bae3a7d09d7f1a7ff595918567ba39e503789884d003036a88f7fcea3ec66f,0.00013969267611255238
Destination,03d95924d6de5784f0b610d5a597d4a94e247c6da5e8db39a3d051cd9059467719,0.00013969267611255238
Destination,026043fa7d58985b5d145de472ed4c3306fc4e726f29e13dadb9189d0c7845937b,0.00013969267611255238
Destination,03b465d6fcd7305c9fbfac523ec6c4a179756ad03e0400ed220ee303161bedbbf4,0.00013969267611255238
Destination,02c197ffa4c2aa4105dd4c4b7279ba1b9061b22910ebbfa759b0001bed9ee48a16,0.00013969267611255238
Destination,0388dd99cb0ccce388523c9efff92f7870e8d2c178a8693c2e8bd1f7cd1f406ac6,0.00013969267611255238
Destination,03b4fc97e978836a85e5aa67fd52950069f6bfcb34ccce342c67ef28e77011fbec,0.00013969267611255238
Destination,03e0c30f830e4f0e198d830b855935aae4d1a99536f9aedbabcade66e146a4b9b6,0.00013969267611255238
Destination,024e460809304ea205431434e11118a153ed4a6e4e0da8fc2a230d461cfcb571d5,0.00013969267611255238
Destination,03a0eff7571c0df85de299fe9dac581f67dae2eabb087fe15e2ddddeead195e449,0.00013969267611255238
Destination,03a57b59e6a31bef8e83bea2bb9081ca13af55036f04a2bff399b0a266ddc9c097,0.00013969267611255238
Destination,023fc48cdf9f0b814436363d0fb80bd03df7a9c66e3dbcd1d742010db838fe47de,0.00013969267611255238
Destination,03b5a0226affe3e03b115ce48075bfd041bd0e9fc09fa33e767239450df98d7b25,0.00013969267611255238
Destination,03c4be41146b13ccd8cc9466bd7d1af418b974678ab4cca0c5fcf12c906b03d285,0.00013969267611255238
Destination,026e10b080dc2ffba3966daeab5803a2d263788cef0750bff3001bda037e358d98,0.00013969267611255238
Destination,0378d8b9a46189371ece70870b39e8a80f80f952c967289d7234b99b176577a212,0.00013969267611255238
Destination,03874157d7c053cd15e1d71096c33c52d84dcf69511ef68d8cdcc524189aa4c4eb,0.00013969267611255238
Destination,0250ed44b6f4ef9aeed4ec42fa2b82d9093c83c925602831795df8b332136cad07,0.00013969267611255238
Destination,03b372d946b49a5949b315c49278259f86491d09353f648a80effbba780fdc58e2,0.00013969267611255238
Destination,02a652cc93de7b5c8a048f0734444ae3882e1bece264156bf014c1a325dd5182d3,0.00013969267611255238
Destination,0321c95cb9242b489bc89a80effd391b93fe8fec05cd66f7825b72d6880f1feece,0.00013969267611255238
Destination,03e2408a49f07d2f4083a47344138ef89e7617e63919202c92aa8d49b574a560ae,0.00013969267611255238
Destination,03e30da473716d39c09356d5372cf839d8ee3a1cdbd993ee853c23ab9bdfbce6f8,0.00013969267611255238
Destination,0381499873090f47c7f857b90a91a5de4708054b5966904e0623023c9a5ad0e8a1,0.00013969267611255238
Destination,022d913e98e18f4e72531a78875fcb3e34cdc14d62f41156dd403a997b5a28df93,0.00013969267611255238
Destination,03f5021e983c203af56e5f4b42f9987149558422ee4943d82863d6c5b4a53c30be,0.00013969267611255238
Destination,03d67f36c4f81789e2fe425028bacc96b199813eae426c517f589a45f1136c1fe5,0.00013969267611255238
Destination,029d3500d0d5b169d9b27597c009cd0f23bd76b33bc50e484e79c755ad826aafbe,0.00013969267611255238
Destination,03d466079ed3bba72ab461d25b2c97c5aae5efe5e7cb137e48692806be88200195,0.00013969267611255238
Destination,02f5474df66a0f887ad580f9028ec2dfdee779c71911effb45047e8ed952333f75,0.00013969267611255238
Destination,023139fa0b1abae119396d1e854561f0dd77b0560cba66247ff59de294f8ee3ade,0.00013969267611255238
Destination,02971e49ca8256f8b1ae03d65facb710c310bf6d15308f7d5494dae54becaac546,0.00013969267611255238
Destination,027208d43d94fa830417a0e730d12cd11996d5cd62df2e210cdc48464feaafd3bc,0.00013969267611255238
Destination,035c15fe7cf1531e1ce56e436b459bd06066c54a79f0650d7ec4b8ab7370232c18,0.00013969267611255238
Destination,031800c296bc29a25c00986c16b752f9b01f8a08595ce92986df833a1701de58d5,0.00013969267611255238
Destination,03c908f28d8e3a37aa3a976e356cfa12389ce6f5a1f0d8468f07357c24c8b6d224,0.00013969267611255238
Destination,03a84351bb64b77d1bc69ca69fe8fd2a8a14bc4f8e10373e8e3d735e614420ffa1,0.00013969267611255238
Destination,031fe264e70b544b4469027ca557ce97bb3f1d0f3ed9e2f4c6565c2e942dad6a79,0.00013969267611255238
Destination,02506341e3a554758922b246519091cf01557838a4251282c6129fbc53d1bab05d,0.00013969267611255238
Destination,0384d386b7bd01e93765d9f1fe70fbc8fb32c35ff747c3454403099d98849b5a84,0.00013969267611255238
Destination,03fe87c7b8c40ac8ab6f569ce7bbe73a7ce25ee288a5219cc89f949547866b0b66,0.00013969267611255238
Destination,03759d530dd9b1ab9a47f46b751be131abe184fb6ec1c97bb6768ff0e3be081dec,0.00013969267611255238
Destination,0229e0e933386fa773f065ebae1ce25b580b5a2cd4547e2919895a5b7619d6e098,0.00013969267611255238
Destination,02628ea570ef167daa4de5d967f692df447e2375f53b4351ce464fd5a5852643ab,0.00013969267611255238
Destination,02bb73dcef71bdaadec6ef5fae34f1d5263303e7e4c06518909ba36cb35adcb4cf,0.00013969267611255238
Destination,031054617ea79560ebe492873a1cc0f49d8466d10870a0731ab4e4beb4343909cc,0.00013969267611255238
Destination,0382e6dcd8e534cd6a680ebb96e22b85deed55171800afa1b8fcde9125428da414,0.00013969267611255238
Destination,03f1395985d44b683743de49cec697ea762d1e3c9e709063e435cb3868d1d167f1,0.00013969267611255238
Destination,03027e2c3961cdd2105fe6aca1e4b883c8938e59f6321d8a7c867a84c67a11b0fa,0.00013969267611255238
Destination,0352a2bb7d2eb81cbfa03619a14b1571b47916df9cb76af3fbd73a5591fa2d489b,0.00013969267611255238
Destination,0298efb4ee7ec9a4a8d145314799df8441b901588772ca0d20b82179a2993afad8,0.00013969267611255238
Destination,02a8d15c6611e9742d64b9f07b91d8f2811399704c296083bb423ae4dd23bddacf,0.00013969267611255238
Destination,022c4218f9c1ed84e255ab68e55bb0619e5983e23ad83e00043e997d89017297ea,0.00013969267611255238
Destination,020c2c8813173fd64f0a7d93a62c56ba2bf500f8609e4030bb37523ecaa20e7ac7,0.00013969267611255238
Destination,03848c08fa9c9396f6b04b12f9f6a7448268fddea2b6e9ae98d76046c01f5e9489,0.00013969267611255238
Destination,0240c9d159c70e2394c6d179a3f62d6970d87f4a56956e16c35b9833c987d491af,0.00013969267611255238
Destination,0303e0423fd2c40d73978b03069f63d6ca5ae1abf61f5666bbbea886181f21e8e3,0.00013969267611255238
Destination,024717eeddc8849775a21fdfb8fea1d7e1491d652385b1e68900a9b74a796b2212,0.00013969267611255238
Destination,02c65b3982834573d0a1bdeb313489ad95fa3c13e8d3ac5e16871a6dc03aa40d30,0.00013969267611255238
Destination,03118fcb96eb9473558fc8b9f17e5fc01bbd9a7aadba525d0bfd23632386f4a20b,0.00013969267611255238
Destination,03efadaa931100cceddf4c5956572db06a5d6308c8a4fd4dbd13482cb44807d827,0.00013969267611255238
Destination,03f55b4f277b85df749ce23e4f55255a3f21f36dc7205d4a3b57e09c3953d87ad3,0.00013969267611255238
Destination,02f1da3df3636e5c71afbb66f6801b8b8efde3f3446c47e752b6004a093675070a,0.00013969267611255238
Destination,0380cd74093aafadd0d2db4ceed5cd7b0436e9e1c64327b1d789a175f4d331c3e3,0.00013969267611255238
Destination,02db7483edbaab2476114207bfbdd0c6eedb71c6fa94eee88eae53c10c6b3d24f0,0.00013969267611255238
Destination,0280d226e47b5c7898a8620f3dbb4813b4be3ba46231d6f6f302e9c0c6ff88b9db,0.00013969267611255238
Destination,028b025ed7ebec8a890403cf4b3e130e526ca365502dba53c654f956333c717d79,0.00013969267611255238
Destination,034902d22cd6103fc02e04bb158ca02df7bd5ce7ccd4e6eeacff0095ba1a3a7fa5,0.00013969267611255238
Destination,02e53b812850e3f329520a37656a800d9d96a62ffcc3616171443f9e6dd4c2985d,0.00013969267611255238
Destination,039bd6ad6e5da4fd0774023233b818e5c930a2224d70d84366840bd9476232711b,0.00013969267611255238
Destination,02587c51c3196667c9112c688ccd2356d1a3983610cf19118e33947830ce46e1db,0.00013969267611255238
Destination,02df5223bd356f60f2ee51f5043abc88faf0031d4b2128f299dee92ac9b2f3399c,0.00013969267611255238
Destination,03c97fa6c17f9bfdcf75971f3fd00ab6da54f903536cabb4e3fb9d918a1e453e85,0.00013969267611255238
Destination,03321d7878b002c6e6c29143dab1c7440c2f94f5963c9669acb919bc66bcc1a996,0.00013969267611255238
Destination,03b8b817582bc29de74def67713895e0366a8ee81713e3730031290e62d030860e,0.00015964877270005986
Destination,03692ebcc6e0707ec371e1ee2fe375c35be73e7e5ecb77573cd56e484fe59e0e4c,0.00013969267611255238
Destination,0329c723f13525de7e67a8130243c4a214d6693d84c910c01ed9127b7230d709e9,0.00013969267611255238
Destination,02c8d82c8925be7987b4a5fe55425af6928a932094d014b1fcc3aa4a7f30df6c02,0.00013969267611255238
Destination,0328fa633788a0792d0e6f81f3bc7f765363e3b8c0c40806276e0c2b209d866eb9,0.00013969267611255238
Destination,03facfde6cc13310d7c20a8eb69baca8ba9dfbdd1b5a49f647e6914e7cfe0f4ec1,0.00013969267611255238
Destination,0348b112905d19c4707aaaa0fa5fab5a89e1555b4981360b06c0d22b928880c1fb,0.00015964877270005986
Destination,0243054886aa6026a4312583bab952dad7723f840d037884d5a72b729fdb52ecbd,0.00013969267611255238
Destination,0331c0fab939b392146138a0418171c2bbea227a243a9714d94fd1266d1b5e2332,0.00013969267611255238
Destination,02d9c6b45269a39db88b4a1d10094edc078c3e3b4b8bb7b5a228aeb8f621b6d1a1,0.00015964877270005986
Destination,03c5254c74e21a342f4182e5993dafe164527a42340a301dd5736b9a3017701013,0.00013969267611255238
Destination,022ea68ac7588959a6a4829a5ff176c296329d614b90b3f5f4456b5d6130ea50f6,0.00013969267611255238
Destination,02ff0713dfc6191e69033895098837d46823ba25241d6af1e896900f1b20f6cbe5,0.00013969267611255238
Destination,034f8b2c5dbc9051f06e3d9925a258fc0de49c0afb13d5ec065490d66a1084a1d6,0.00013969267611255238
Destination,03a2ea4a43bd4d8a56b41c03ea8f6e14faf2357c94d28871e881f50076e9fac133,0.00013969267611255238
Destination,02553fdf4cdf01219db760afdc9ebe98a044527ee639fe690b8f422c71ab1a235d,0.00013969267611255238
Destination,03c4f53c4289d7563d230c2edfb248790691d232149ed93136476c790991544c8c,0.00013969267611255238
Destination,02b9735190f3e98ee3d96f0cef0bcd02af2ee37141d5c2d969683b354e2293fd8f,0.00013969267611255238
Destination,03ee5caef01115a6ba7c857337f852e3aaa3e26a4b62784297179934dbedbd7122,0.00013969267611255238
Destination,02ce5b45077985a4c6e51f8e6b4d5d4bbc1f212de4c90787b31e0da79321995ee0,0.00013969267611255238
Destination,0236ee5d3e4bcea64309c37462244af4f13394e820303b190d875ab839080992a6,0.00013969267611255238
Destination,02c9ce1231f9d751122659846340159abbce76cf1acf98d7522bef17655eec4937,0.00013969267611255238
Destination,02fe4a482d38a9c68f0750e0f1992381713173ba2c6e75697abf9037a588bb5028,0.00013969267611255238
Destination,03e9cbcd46bd7de2a1559777e7f0c6681522a9b1821b994923da748e06b796cab0,0.00013969267611255238
Destination,0304b7f5ba050ba5354943ae7809041602e091e8ab070f7b48c2436a1c2a4b37d7,0.00013969267611255238
Destination,031355b5ccf84b32a8599c7ddd9af8f656bcbfc3bb1910ee0a7234659365a841a5,0.00013969267611255238
Destination,03f1f9d524dadbc90e682bcb5c330eca642f7af333cb47920bed2be136a3e33f3f,0.00013969267611255238
Destination,0332f9a34057f5edf02d97f0cb484c78a0420048f5031124f4b53cc2006d05c62e,0.00013969267611255238
Destination,02e869c409bd62ca84e9306ad96d9daef3b2b31a1c777b501fc55f2c09969ce1a3,0.00013969267611255238
Destination,02656b7abfeb4065ca1b52310af76750e769718b2b0dfce1ff4f07fe5cef3c3ff8,0.00013969267611255238
Destination,037c4745d5b32e63f1989781c825d5e00798ca9a148455bfd36ab94a1384ec7ae8,0.00013969267611255238
Destination,031f3b9c62afed62f9939ac4abc28dc4bf70b198a8410b3634e5676462f5932fa6,0.00013969267611255238
Destination,03ab9dd5c008c8117f754b7cd59c08b4d53489a03fbd66dd9be8b108bd93599aa0,0.00013969267611255238
Destination,020e85b16f267cd0128c505101047308768fe240059a89c0be6dce3f500957bac7,0.00013969267611255238
Destination,02c83f5d0b495919c4a6ac6f5fc3310ae894b374d3deb611cc3cbfb0c39057d7b6,0.00013969267611255238
Destination,030043d0a2cfb69d80867094eb030f8abde7a5dc36e1a0faece73e614cf779bde8,0.00015964877270005986
Destination,021b6a273d174738eb808237ae3680a0d8b2ba088ad19449e35082b2642f756fdf,0.00015964877270005986
Destination,0379ed1af38632a780546953841bc6aeaf056d0e0fe2b9c49d45d9894937d5079a,0.00015964877270005986
Destination,0222a7a8afa0e7660cd26f2e45c10a49f420167e8bd045aaee22c81fc72d6ed54e,0.00015964877270005986
Destination,03bbbbd1b9f79674d07e77da020573d07fe492b0f0e914a1f276ad51277ac58b22,0.00017960486928756734
Destination,02970112c909a1710b50478f7f30f4bb1dfe0500560614d5a31483db336fcba467,0.00015964877270005986
Destination,0331f80652fb840239df8dc99205792bba2e559a05469915804c08420230e23c7c,0.00013969267611255238
Destination,0352e509553ddd100db18d79128eac9de8650ace3061462f0f178ad0540714bde8,0.00013969267611255238
Destination,03e90fd715dd766a0ed532dc1ba45e5fb913b1dc29d5afd9b700548d98d53b598c,0.00013969267611255238
Destination,0387f20af9f3e8765d5a406019c2f6b67948993ba7577eb4fe7be9907e4147e340,0.00013969267611255238
Destination,02824096f3b4f339286140c72e8785d31c62204d2f203309e6fca3aed16a61a88f,0.00013969267611255238
Destination,02b549eeb8c7a3cd10d0c016b6f1a60b7375a3fb36c869243f959c5e2026355574,0.00013969267611255238
Destination,02f3d142710b9e3cde809be5205e060d9bd500062d813242d2d0d6f8c54c43d7a4,0.00013969267611255238
Destination,02181d2b6d3af11e7c170dd2e7b6becbae46b1d9ac0bb77d0bef18d2dc418c211d,0.00013969267611255238
Destination,039faad98d8013755a78f2d9e681e87cff1b1e6cfee51a253c5ee88d272b41f5cb,0.00013969267611255238
Destination,020a8aa81e4fa53408f573ef3d285e3f70cc3dd8419f9df4670a39376a085a479c,0.00013969267611255238
Destination,0306ac478a3d4a63f5226d6173ce600c9b4a6cac0da1449451c2b29bbe6e99f492,0.00013969267611255238
Destination,03b0c41d53b025baa297b92fb32f5c2dc3bee9628f87fe8b78ef7fd5b0d777a36e,0.00013969267611255238
Destination,03c9b47af55d8c13dc4c764e5d0e6a02b7498160f7533f015bf0c107dec00c008b,0.00013969267611255238
Destination,0256dd164bc2b4b1088a55c67be0be3b28505314c276ba261a29a262754650d7fb,0.00013969267611255238
Destination,033478b3b66aa88ebd241044a7cd3d4a7a71a561cbfa297553d462fc1e3d7facb4,0.00013969267611255238
Destination,02f1dd194c270b5ffeb9f3418ab5bd37e20e85107d97d0285ccdfebf5ee62c397b,0.00013969267611255238
Destination,02da6a0b9370521845876ad21d192066fdac39aa3941ee69972b72d9239e2c3399,0.00013969267611255238
Destination,0326df7bef4326fd022a82604a9423ae9f339e408da19c27f678732bec628137f7,0.00013969267611255238
Destination,0361a82fc09b6761aadf9dc1b3f47df9930ede75b5d0e21e55ec69ba0a5e73e8fd,0.00013969267611255238
Destination,024cbb3e9e824905ea01517a2944d0217935ac809a8e50bd85a26701b0ace59dc8,0.0002594292556375973
Destination,0263349260cdea844361e40cb495b9588abf59b82a145bc690633e1ef188299c1c,0.00013969267611255238
Destination,039c2f38f598eb3a9390f892bd716d4986be44c79fdae501b2c1d98171df1f64f1,0.00013969267611255238
Destination,0381c065672f833c0afadc7e7697b5053ba73461ec8310f2e9248e1c9e9c6d58a6,0.00013969267611255238
Destination,03967febf51640f0d1adfdce74da67e25b024ad6096e8ed51e6e16cc630f31f0a1,0.00013969267611255238
Destination,03d85df94810002c2c9b69d9e450c7d106f9156ed9239e70dbb2adb97dacab3e1d,0.00013969267611255238
Destination,03b99d5aed3eb17ec8e68e9111756aaba989c00d747f05b59fb4905f7b2ec34068,0.00013969267611255238
Destination,02f2ce41b19d53394c32502734375cd3ab6a950bcc2aec102f9c992eb20206e670,0.00013969267611255238
Destination,02ce014625788a61411398f83c945375663972716029ef9d8916719141dc109a1c,0.00013969267611255238
Destination,0287f133e28fd369df3295c00b07486b15031282d5db5632d68ff988987506e263,0.00013969267611255238
Destination,021a51ca1f15a5d31f78afe4e920cb01cdbfe36aec60aac4ad45374ce05b49c5da,0.00013969267611255238
Destination,02f838cef5684ff7ebed2b2ec7dacfc074b3c715ca7268768bd4b8b27b6e50d5f4,0.00013969267611255238
Destination,03946282e32b8fb6fb8e66a0a4198a60e81841867a5ce1a85674c0de3a5f19646b,0.00013969267611255238
Destination,02e1221434a21b8ce5818e92c6ec76301824dc87ed94b4628242e4b1f4a6ff445f,0.00013969267611255238
Destination,024570df1d3cbf8a08537515b980d09937f5c9088fcd9af3e7522aa639f20d9167,0.00013969267611255238
Destination,0378cc9dd4a27b0defb91c094c6c534cce1a560be4523fa8da8ed7caaa7cd16482,0.00013969267611255238
Destination,024729f3d5f7794f4df09bfdb7ca23a4fbe6c38997cdd213c694a2cca1c27cbb17,0.00013969267611255238
Destination,032fb99b520a0528f48ccb4e4f5be909a6348dbdb939dead0f751b90098018d262,0.00013969267611255238
Destination,02170ffa14bc0486252ad0213e698570cb5492955f6f6cd5ab97145a94e11ae696,0.00013969267611255238
Destination,035fed4182fbd0725264f8a0018cabb6b25514dd231291162ac8dd63afb278e9e8,0.00013969267611255238
Destination,0336a0b0aebd6aef87eb2cc81deaa58aa13261786e56e11ad2656036d8635144ec,0.00013969267611255238
Destination,03d465309d7f3734fea6b4fdbe362bdeb7d49770dff846191154d6c203a1049d7c,0.00013969267611255238
Destination,03dfa8c26eebfaf187a6fe304280dcbab90821227f9e20c223728de6495c06abbc,0.00013969267611255238
Destination,03e173c22f3d8263b8828e9b8796faaf05b766989dd88f5c07621660b78a9bce2c,0.00013969267611255238
Destination,024c346dad06e67fab399d18b9ec416064660ba2b3cfe8b3e36d3743d4b85456b1,0.00013969267611255238
Destination,03ec5fffc431569d10236093f1e7c99fc7240d48944d92ba967e1192b2913db299,0.00013969267611255238
Destination,03ee79b92010783bcc620dc40e155157157f43ad4fb187f533b19c6b752e48628c,0.00013969267611255238
Destination,0306174c20b88038590e56e6fae2118f3b91078052f9a583722ef4a7c251188a4f,0.00013969267611255238
Destination,025fb5d72e0e1483f3a286834b4004f9a7de34c4f9453e92687d1f3c9cfb5c2b0b,0.00013969267611255238
Destination,024316a7ced31d9010582156f1c93281d41ab992c709d8281d75f847277cb0cc48,0.00013969267611255238
Destination,02718471fbd7519d8c08e61244a85cc29ae78c7643cb54d9df2fd090826a640a83,0.00013969267611255238
Destination,02beb608b225320db6b5a1204ec91c18234e88efee7cb38342d66d9d0e2aebcc91,0.00013969267611255238
Destination,0334024afcf34dfa3c88e3210290b9039e3f815188a53361dc300eb3d870253889,0.00013969267611255238
Destination,032bd218120d807298a9590429e4d92039a204b0954fa2230e5c6d3186dbbc18cd,0.00013969267611255238
Destination,0340cebc736a14b2b1598e896635f0858fd5dbb62c27d91fdf5cf16de9bafeb32a,0.00013969267611255238
Destination,036c6349e5f709bacafe095ebde5f00b8e75860ca8790ce0c902228650dcc451d5,0.00013969267611255238
Destination,03aed3b0e1065d96557613c4dd72090ea295cd18c29ba5e84b8aedff9c2b4bdb58,0.00013969267611255238
Destination,03cb48cfa183949cbfec71e5e45121313cdc56a4066543d8b69bb62d02ca691637,0.00013969267611255238
Destination,038f3f26ac4fd622d6bc96c94db2324d4183723c1019c08daab2cb63bf11ca3066,0.00013969267611255238
Destination,0397ddbf47c6e0e8b821b1c8874b615aaae4020f158ed734a8e37a1c96bd043f61,0.00013969267611255238
Destination,02081c8cc34afbabb323a680f3ce99eb2fd06492ea0ec5db1897c467d90a596ad8,0.00013969267611255238
Destination,02f2f070d940c730edfe386a5e0deddef3903cdf9cf2c0dfe274fcd8c24da6d1ab,0.00013969267611255238
Destination,03669407132bf3b5e3bc48083bff893451c3881dedbf88c88780000e8e9f89c155,0.00013969267611255238
Destination,0209f1958505977cc59e21717e11e15990d1b9dcf5af8163bbc74768264af07c58,0.00013969267611255238
Destination,02425af7b5f27f324bd3312bc19b58ef9dd40a6a7cac581b70e0cb2f3e31ae77a6,0.00013969267611255238
Destination,02d47f64f8fd535febb521923c401fb5bd82b6b74a3382457cd6316af353c7d6aa,0.00013969267611255238
Destination,0248ad57bf3b0b256dd722992b44080533e10090a160c7d54421098a994c3fc9e9,0.00013969267611255238
Destination,02935477addfaa40661e10fdd67cb08bf5f64ff7a8bc71b058fc8e5e505e09bbf1,0.00013969267611255238
Destination,027d8b1b611d086fcf66fd16e61fbc513806ed5f95d0c7d849800b3d4e6d16776f,0.00013969267611255238
Destination,02a9b9dbe6ac6db2b35e7580d05f3548736f9e854c427091708d92dedf23aa0522,0.00013969267611255238
Destination,03c229a48ff994c14bf8842b742e51fee4eac5b3a54474992e18dd1567491e171c,0.00013969267611255238
Destination,036d81bb87af589f949dec53af1b3121c84048d0913eb56945cbbb62c5cb4fcb6f,0.00013969267611255238
Destination,03c3caf68c4ffb84b61cfa1da4192d0941e34ce4a3c9a2fd0245880edd82044e07,0.00013969267611255238
Destination,026c2683f3a85822cbb262baaed39d3985cbe3b8e9838135edef7cab7776a1df0e,0.00013969267611255238
Destination,023ecc869f3bb8ae7efcbdd066be411bb76c7718d277017f883c18bf73ec923039,0.00013969267611255238
Destination,0355a43ef6fc181bbc5146fa8e5926b91cd7adbb3ce192e69eb0b64b2ff42dcb53,0.00013969267611255238
Destination,02a8e1e0ab6257bc1ec63f3c70977ce4ad6d1c2910cec04aa7cd406469010d3127,0.00013969267611255238
Destination,028a9a1c7c71c49924fc14c242563c479619657715076c74d997143adb7a7aff8f,0.00013969267611255238
Destination,0389d4bfe60658ecc4859fc42b81e12e0eb5fcc142b938cba2760b4e921c12ed13,0.00013969267611255238
Destination,030f7d4140a58ed51d5a20f3168c668abd5cb334b2513e9deb80f898075a160e82,0.00013969267611255238
Destination,02395c3fd43b9de70ce401b0a4ddde81e9c165f352fd6bce0a8038e8570b7edda8,0.00013969267611255238
Destination,039275e7865f742431f2ee9136fa8bb6c9d2bd6affc5cdbe3ceb543a597750035d,0.00013969267611255238
Destination,034595754d4ca1d845b10d1a137fa2dac7c214fd0a12669081007f3691b96e4f84,0.00013969267611255238
Destination,029382406505e4c3e26393cca56c2ad4f2787830713b878cb7e0706314f8136ff8,0.00017960486928756734
Destination,03cf590b086e6fcfaa7f600bc01cb34d5dc04f5844ea0efca0f0a675c4c7207eb4,0.00013969267611255238
Destination,024e1e73eb3c3f3c3881989bccf73a88599fc2b71d505759d031d1091d5b3fb815,0.00013969267611255238
Destination,020c4680d58c61afcb73c3b7fa66405dadf5e8cfcf1e6c3bdf7457209dfb930ee7,0.00013969267611255238
Destination,023488aff80c40f7de470a78e7223fe21bb1ac27cc382b861dcf387e7affe6198c,0.00013969267611255238
Destination,02382d03cf29a50cd78b66bfcd554c29abaf771c938a65eb228f04ba8be7eff051,0.00013969267611255238
Destination,03ac7777d4ec12aef66c2774ab2645fe9284451c6ce1aaa8fb20ef71f4896958c6,0.00013969267611255238
Destination,03f353956ffa0662973249647774690844ed9efd345b68b45ff08ecd5389772848,0.00013969267611255238
Destination,02239d2cd10c6ca3a5bdc76ea4e492f94faa62a45266bc81684a1271cec145d200,0.00013969267611255238
Destination,0305867c45466beed224d10e3dfe72d141267be3e78a7561fb73044c75d6cf04d1,0.00013969267611255238
Destination,0267a13582274ad9b725df10795a45873f829da5b97df571b530ba7d05d265999d,0.00013969267611255238
Destination,02bc3068585fa0bc47bdc7dc3eef38d4ab16db377c69be3e46a838bd53be14eb79,0.00013969267611255238
Destination,036fed1032d6c65ae0bd77a486b328d05033e5912b3491fee538e1426f5840078b,0.00013969267611255238
Destination,0252509109f8dd6bb1c253e9629a6d33c98c2d057db48ba7182ba595d356fe833e,0.00013969267611255238
Destination,0328bb126cf73088289a4472b846317ad10a04c2e94e5437886a7367d0571b76c4,0.00017960486928756734
Destination,031438e033fe88b635c02d6acb98cfd2c86f50215e4e45af659245cd7086e23f6a,0.00017960486928756734
Destination,026d291cb5d1da2b08afcda54987fa07d547cc87b76f1727a9a6421617a16c5134,0.00017960486928756734
Destination,025c2288ae7512af25f769eb358a740e69dc500c20d3ed9ccd4afd0583947bcebe,0.00013969267611255238
Destination,021c147c87bbd5f570d48c043c0d90694f47f2fdbcef1153acc7aa83e8390706cf,0.00017960486928756734
Destination,03f9161b74afa4125cad569dc53c6b345ffeeca555f30d360183ea00d2d0ef901e,0.00027938535222510476
Destination,02fbc88ad53418d0542831ab87f897861e5c3eb79123eb1128d6a20ec9047d7143,0.00021951706246258233
Destination,02d7d817bcf0638d508ba4a4678528df555c6ea6ed99c9dcffedead06c7187f204,0.00017960486928756734
Destination,035eae934a20ac4f063e0118d02f13e190af5330153a8f118e3b3073316899ce04,0.00013969267611255238
Destination,02c6bf0a0edb5b8637ef2d116ff6d446ac886b6b4186f30932df1471863598e5cb,0.00013969267611255238
Destination,0384d37ce01a3950be609156dcbd3ebcad6a8107b11d796890521fde06508dfc4d,0.00013969267611255238
Destination,026459644cc397590afdb7f856252c936e3bc56ba1bcc7278ba617385df0871eb9,0.00021951706246258233
Destination,035081d5ac904e0eafd8d87da0cffb4e5b615a18708aaa4336c0a8a094f403bac5,0.00013969267611255238
Destination,03113d4fc8687c804ac8c15c9966dc813edc13a4e8d7f0832056ab0b081a88b98b,0.00013969267611255238
Destination,021d3b7fe8402581ebc7ca314b240e6ab75d8215c1b2810b4ae28118ab0a58c65a,0.00013969267611255238
Destination,032a299d750aa2c7a1f5809122320011ceecfb9803cfffc69590b7f21cb2dad58b,0.00013969267611255238
Destination,030443f43f219d3d9b0ce3e85f8b5e4082c80ec82ba2e6f4b37a4cd2fbaa29e96d,0.00017960486928756734
Destination,03f1cef603724f0832a6cf14f8ecdc1f915d852a99575b916262067c5f677d5ec9,0.00017960486928756734
Destination,031403102f95ee8d0ea2ccb309ce9deb04781ea8d5a336d1f5a3a9d280e2f512f2,0.00013969267611255238
Destination,02112992a28008ee58ef5fc55c34598a654fd3b5761f08f4e8a1b301f50d6bac2a,0.00013969267611255238
Destination,025ddb925eac4f5d85474b474bc265289fd8892dd14687633a10dceed8a6b67ba7,0.00013969267611255238
Destination,02972e2342498fa91691dc5efd0deeb3dc7877b2f3d68ba9a698cf276b1d5de6ca,0.00013969267611255238
Destination,0301412ec265f59906f1c08e5742374913d906300e7609637c9476e952a886c4fb,0.00013969267611255238
Destination,03fb52f79917c1b4868cec6b5a3904a458f91f20a0d7fec0379720c6f1a28d7130,0.00013969267611255238
Destination,02bd87b47c03654eeda9d8ba96ae2f1a73543ce703721326801d2945e5ef173475,0.00013969267611255238
Destination,031a01e29587952eda0ed5d10c4e79bf0fc88d61aeae89e8a7ea7c036badb8c793,0.00013969267611255238
Destination,03dd3c4c09a4a3f33b2cb48a49981a93a78f5f9ce01312849c4b57f66eb8484daf,0.00013969267611255238
Destination,0241c1e8699a17cf1ab3a23a22baa9e80920c663738a323d295b2e018fb62b2bc6,0.00013969267611255238
Destination,03f631ec22af1d24f1706a1ada56ba8ee989c03b256e7abc31ea302100719cd953,0.00013969267611255238
Destination,03f3ea2c43c8dc133aa3e76a578efab3906d87b91794574852163d1603e3c05cc7,0.00013969267611255238
Destination,02b424210e505a4e37c2c44a34f5a2fadb0f285afa554531aa1c8461a8e42ef6cc,0.00017960486928756734
Destination,02e7ac300471ac96db1ecc52f3f4e2bf26a3cd3cfb1e8ba68f2b6fadc4ab37440e,0.00017960486928756734
Destination,0387e3780a4325eb38421fb83000a6f6c0ffa4a69ea0c81db3f00e8e5015c9e8a1,0.00013969267611255238
Destination,02aa1951e4ed245c24814d883a9466b0ae07e02c0cde3cbfecf39c6e978a69f2f0,0.00017960486928756734
Destination,039a8f88dca257f4f67a2c65bfcc6ab1d398488334d3b3a78d514c8e3f6638a903,0.00015964877270005986
Destination,02b813dcf53442e2ba8ac0b7911dc31ab0b62fda5e55b30388efb6c39a8ee54d3c,0.00013969267611255238
Destination,0371190acfb2e92bd1faa6ce4d12ff248798515a92ac903ac14d31b5172d9b2917,0.00013969267611255238
Destination,03cd44680050e504d0a74ad416960a84aab22d59b8c5921575ffef4575997ae7cd,0.00015964877270005986
Destination,03745b275bed1ab74c6c2f3dc6d1f870c5927397997c99dfaba283f73ccfab0d33,0.00017960486928756734
Destination,02ed03536fa441555a896ef236ee8f2083f80473834b1f02dfd4acde6b64b3711c,0.00015964877270005986
Destination,0229acec83957b9b4ce9303fdd9bf33e6e5cf7b1d30c08f90a0691dc334b84cf34,0.00017960486928756734
Destination,036e5f6c4697e39c1aa75d65b1a6c9041f2724ec04d08c52ad210f4440a692a080,0.00013969267611255238
Destination,02006b7be7ea4b7cdf181c5c7b338e80904f13173220eb07e991a268e518a35b4a,0.00013969267611255238
Destination,031d05d7c34bd2d9817cf74f4ab49ee1a7efd3be9fadec8d0c1bf4b1cecc76c282,0.00017960486928756734
Destination,02ee4469f2b686d5d02422917ac199602ce4c366a7bfaac1099e3ade377677064d,0.00013969267611255238
Destination,024f5f1ddd1cf78afb23dcd2895d665f1f287ddc2ad1445a01a60e8cc5356b61b3,0.00013969267611255238
Destination,033abe908878ac00c1e916face972331b3a6e3ba4e587c95efec3c76e3ee339c82,0.00013969267611255238
Destination,0336df94c9f861f6e36f48427e100a68c2aac2f3cc4c632c816e3d2e12b865c183,0.00013969267611255238
Destination,0355b8b8a890d32405b860a40eb5ca7d49d2d969eaf0d5ebc58cdd31f6b7d14ca2,0.00013969267611255238
Destination,0234f282a337f4aef2bd985c38d02f5fcc24d1c3adfae01b62df18a09297cf15a5,0.00015964877270005986
Destination,02829de2d8762ac70f6a243c7e210e1a41d7bc9fe909d09f120b7f0b0252c83858,0.00013969267611255238
Destination,03e6ac3db37d6efeaa2be3d9faa5fcb9bf41d3feb03014148475b36e9688d12c24,0.00015964877270005986
Destination,025e6fdb6af937a959e70f83648542c63ba7dc478cecf21d27c0d531156ee135e2,0.00013969267611255238
Destination,02398e68818bd5db532a480c9b6bec9e743d33f72d8d639619565b0b1430d2056d,0.00013969267611255238
Destination,02a32eaa2c27217651065a8cb7454616dd29b9f6eb9d2c0686403174b20d39aca5,0.00013969267611255238
Destination,03d230e83b40d70a05cc6bb325143739d12d527432622d0e5376e7f9e8aa44c72a,0.00013969267611255238
Destination,03bd3466efd4a7306b539e2314e69efc6b1eaee29734fcedd78cf81b1dde9fedf8,0.00013969267611255238
Destination,035bfee56cc75cbfa0f16d4466094bac0a796065d0aec6b5d44031091578053c05,0.00013969267611255238
Destination,02844b6ce10197a478834444fa13ef594a4ff44636ddc89a8511f42202f861e2e7,0.00015964877270005986
Destination,03a8a96a65ee19b7add42800d777c3eaf4b1ea133e63f2c78c9f254cd4faf0aca9,0.00013969267611255238
Destination,02d4079fbbed8f92d4eb57712dae93c9df909a8fe876e771b8349380c2c08da37f,0.00013969267611255238
Destination,02ef61a252f9504a42fc264a28476f44cea0711a44b2da0bd729ad52aaee9d86b7,0.00013969267611255238
Destination,035ec1f8ea7d376385dfa7c92bd9a0c43e1c88a4058179c3a80ac68abc27dd2389,0.00013969267611255238
Destination,03352c89e73541dad209b43fd077d0ddbe449a5a386fb1546b8ad57c405395fd23,0.00015964877270005986
Destination,02596aec85385dee365614b27562140a5c9869b5c3fe51c9e60cde045ab953deff,0.00013969267611255238
Destination,029efce538a7f6ba7873b1bd00e0028ca39a658b96af326d349fa45bfa34226073,0.00013969267611255238
Destination,02049355ddbff2082890b26cc71edff6600174f9b6971dfdf560324d3577131d5c,0.00013969267611255238
Destination,033a31b7720de80d4d5ea02b0037501722d1fbda74afb2606b7b571ce51a252603,0.00013969267611255238
Destination,02657f2396318748bcb8939a928333d8eface7ac3a28d25b74fab71c415ec3da53,0.00013969267611255238
Destination,02bf6b396a501096d3695aa74a234a4f267e595db29838445d6a98a8a744a6853d,0.00013969267611255238
Destination,0317dbe0879b3c79c6c7c1843096a89c80762665b4d4548984f36402f007896b08,0.00015964877270005986
Destination,0312c53f40de91c5a1a64126a0f205116d4ce397ebefdb58e7593ac48e47070dfd,0.00013969267611255238
Destination,0267db6fbe76e1fbae50e27529a330837e9e1f4b9e4c7bbfefd7d6a1b3ffe2b245,0.00013969267611255238
Destination,02c3a0a5862951686f8b9061d3e6916b6575b7bd1a1a8171a5a96b9d7fe693a55f,0.00013969267611255238
Destination,03095de5cd2e615ab6f445d7b956044b77bdd8d37a6e1a8ac67e76e4f0637a19ba,0.00013969267611255238
Destination,02dabaec135cf325f3276a8314ed1e8f56e9e7875b6b80da88ad61fbeb12c4539b,0.00013969267611255238
Destination,0361c8d69e7a4c8546b09a3e079980c8140ae73a2b3714748092f3214a6d53a5a9,0.00013969267611255238
Destination,027af81dae5a0a1e896ebd11d23f0ee6cd0f12379d60c1e663260c557d010bd6d0,0.00013969267611255238
Destination,02ff4cb1757123eb323ec24b581cff3d548f210f16ec39608aa7ebf9dfd67252c5,0.00013969267611255238
Destination,02c48f0271701548c8ce0058418f497c3ab50156dd03725db8321a5c1be2e97b21,0.00013969267611255238
Destination,03e6716879c3bca5c8ed3f24d0da085442c2bf8beaf569347370ea853b8b0435db,0.00013969267611255238
Destination,0365304eb729c2ecc41a586b43b7d181d5419a67f95b78f725bbae5ec5363c1f1a,0.00013969267611255238
Destination,0242210f9087002992fdfda1e2940940603dee8d0ab72764649c0a3711fa332d29,0.00013969267611255238
Destination,03d696a995e4e654819d317c3a1f7b18752dc1dfb5de72688255989292ecc34df5,0.00013969267611255238
Destination,03af34ca08b4959cb6977b98e2b1ca19ea388d77249f0e8ccca876cca2a9f9c857,0.00013969267611255238
Destination,024508e432956be7bb07a5bd726f20ef18c9e7bfaff9abe7f5802d1a4910a86d35,0.00015964877270005986
Destination,03402f3861b4d76f7c3ee0a1bc700adb35892fa96d0a5f0abc38e36c04c75423fa,0.00013969267611255238
Destination,025194ee11df41cb6b4478aa76a94ccccca02742256342a454072a5d0bd1977460,0.00013969267611255238
Destination,039376f846cb4e137f3474baa7fbe74ec627745c7d5c54935b99fbb1b60a62c9b3,0.00013969267611255238
Destination,022851f02f75be8ce087a150a28805874f88bd785b84ca3f3be9e7036499d110d6,0.00013969267611255238
Destination,034fd0be2b82f609f30593d2c5b7f27eb33c5e84f660446e4bf1501c838ce052d4,0.00013969267611255238
Destination,02a3d830cbd960b17ac55208ab9642a77d6bc3c24007e72d39994829b2d5471053,0.00013969267611255238
Destination,035d5333c4feaab84071b20e1be0a46a072341a855acc69c928dd03e0b81449c02,0.00013969267611255238
Destination,0323e18348bb2afc29660da8ba06fb1e91fc37a5752301180b8f3afca7f5c49f01,0.00013969267611255238
Destination,02e40b82365cd2a3908a481b712ba09858a5dee4cac997351db6cbaa175129907b,0.00013969267611255238
Destination,029bb2e03a7c35dabace0857266d9a56d7f059e9d67e6239e6cb9141c3e2c048b4,0.00013969267611255238
Destination,036377ed2d947b6cd8e99e8cabe79c9699527979b8056459158d75d15b66a6766a,0.00013969267611255238
Destination,03ae9ee8fd5eeadf8266517f9131f72452ae5e970e1e6e66568c6ccf3be878628e,0.00013969267611255238
Destination,026386510b766f74c2ef64261ad048989b398677ae162dff5eaeae91f9cf176087,0.00013969267611255238
Destination,02c4fec754506ea170712588600bf23f11fa123aa6b0eaf1e3617c1e6a6cd02848,0.00013969267611255238
Destination,0256c4eb4c563ab602a46431092635fdcaaeeab21727ed92241412ddd4a5c2814e,0.00013969267611255238
Destination,03b999d58a4d5b7f969d32ceec1a5fe119a0428918c8c88a827f2284c04b51f5a3,0.00013969267611255238
Destination,0261fe8aeb3ee5d5c5fd51aa47f6c5a7a7cf5689dd877b8df25b3d05ec8f0a439f,0.00013969267611255238
Destination,02d558f5f7bd417fdb6f420ac4aeae6bdd918b0e1973f7ff4978d698a9910fbcd5,0.00013969267611255238
Destination,02df5cfc10ba188254077be209728f9e436ce0a290f1cbe52062a4602af39219d5,0.00013969267611255238
Destination,03740048dd17ed165decca16bf89aa9ae1b5a61ff498f6b8d874f7c41cc00cb8e9,0.00013969267611255238
Destination,026ff336104b904e4db3aa2f1dbc469abb9721de264038f22eac69cf7337336031,0.00013969267611255238
Destination,0358904498ccedeb79540808be26ae92725b6f4736750d92cab605f078a58934ce,0.00017960486928756734
Destination,0304b2ba507036bc2d128f287a3f13c97d12d4e7ab076d889efd5120257efb0cf7,0.00017960486928756734
Destination,02d744fb31bc5c76b3a812ea8172684ca88c180cd6c62ba96c790a82370a5c80b3,0.00017960486928756734
Destination,03390eb3b17197148fe7f916cec1b5eba6802cf3aa008f8c1326b3062d1d112f77,0.00017960486928756734
Destination,028dcc199be86786818c8c32bffe9db8855c5fca98951eec99d1fa335d841605c2,0.00013969267611255238
Destination,03db669c2f2a3d596c4b2110e6334a147e80019d37bb8c94707aa7751b8e9756d2,0.00017960486928756734
Destination,03d40a4ade94703907f83e0b74fc07633db6d0842fad6aae6c4acef3bfb09d5fa4,0.00013969267611255238
Destination,020976875f2a90838859bcdb280b6dacdcc0a9854764b5ff02b138ac9ca91a5e8c,0.00013969267611255238
Destination,02ef8eee471a04b6f5bc9eb69a2ea9625e71f3b93a5ee7dc6350474730cd1f29c9,0.00013969267611255238
Destination,03f3ba88c3e9e68b10f8c1e877252a157291ddc24aa378e9cb6f8b3bd0fed2e706,0.00013969267611255238
Destination,02a5487cab84e33cacf424633e7520cfb3fce51aeaab41942ab01e72fb49d166f6,0.00013969267611255238
Destination,03867da6ba2e32bd6e6e32de8cc010711eeabd73235d6e49544a9229b02b3d35a2,0.00013969267611255238
Destination,038ae17eed1d1e30bcdef2f8f986c343b87d90cf57b5b36039dfb1049815baf4c6,0.00013969267611255238
Destination,025b33d04d645a36dc332373df7f7bcfc6306b100bef3ca9500fbaad45c60f68c6,0.00013969267611255238
Destination,02e27bc869fccd7ce5052124734ef63104af4f58ce363aca3540605fb950d15339,0.00013969267611255238
Destination,023f98766412494a4c301da6aeac8d0b314b240d75b300ec9df827d1713cf3be45,0.00013969267611255238
Destination,02c2b02c3db713bf076a4e79808db3020df7125439e49631fae5b847821ecd42b7,0.00013969267611255238
Destination,021eed4e271e2031a4d58ee2136c55c7079700a6e15664c04fd1a92fb060401795,0.00013969267611255238
Destination,03397f996a69f58ba4fd3d20e21daa36ff3be3c3624c03c96f127059c4ec73d15a,0.00013969267611255238
Destination,038fe44b4159e224ecbd92a8c63c24948a807d39c08e2d4aaacb77d27d38fd92ba,0.00013969267611255238
Destination,03617110be362e43a7445941970637d710eb46486d8a59dea76f7b611d524ec364,0.00013969267611255238
Destination,03456c38eb93de16adf2555d5b3cf7030ce2537bac453db8b04020bb74ef845470,0.00013969267611255238
Destination,02f2fccc11d34d7fce415a97ff9fd46867e5af780c9c71774627fb311815d45a81,0.00013969267611255238
Destination,02d6284ccb2ce82f79e938a82da23b9f2d2fb659c5147e8d58d146158c8cf48aa5,0.00013969267611255238
Destination,02ea4a9c36867208eb35bd5c0d7ef44eaeb443c9845685ac95de42ae4e076dfe78,0.00013969267611255238
Destination,02d917664d96df86cef45a95b6b54a1cc7fa27953a5a0aa47325f75481fbd509a3,0.00017960486928756734
Destination,029a7f8732644bf67a3ffad8327d9b84c90c3deae44d100d79750b41cba0f0be43,0.00013969267611255238
Destination,0285c2321395529b79bedc4f3d35d7b14f8d4d271ce564742a865e62534eedda76,0.00013969267611255238
Destination,031b778e75285f5a3c5f3cb2e8b5d35c968ed1b2260dc96d666c8b1173a8b447d9,0.00013969267611255238
Destination,029c21e40cd3c42a382391ede7bc4e2e4624e7b5fcd55a6c8089b859fdffc63447,0.00013969267611255238
Destination,02bd54c221f8aa6d311be2b80ddd81d840fc253adc8e913f0f357058e740b0f6c1,0.00013969267611255238
Destination,03736d75f8c982e66e4c660f9b3dbb7c6b899a39e39a2a162355ced03c8d9fdd77,0.00013969267611255238
Destination,020c2f8e5e5d60fade226970125f2b19e070bce856b78dcabeab3a7a7e2ce2938f,0.00013969267611255238
Destination,03bcff6c1a1e97de1ef4ac2e2310aacfb4ad8427b4df6d66bf240c89571712c708,0.00013969267611255238
Destination,0333b58f86a0c31da7ee61a4bc2232faccf8c4fe4167fe0dd9ce019fe03e82faac,0.00013969267611255238
Destination,032ca361b1f086d5b459531042d1db9b05694bbc7afe2e36d6eeafdbdabf67615f,0.00013969267611255238
Destination,02cf007fe65109016491999b64f85d7d7db5a09b902f0a83f03a82ce3789c78233,0.00013969267611255238
Destination,02a1daf26fadb6f3030873c84cecbb97572febe96eea767ccbb9f29f362f830ea9,0.00017960486928756734
Destination,020600299b8f383a61781d19f917f355fc712e1e0e58dd4d3e3e1dd4b5ebb38f7a,0.00013969267611255238
Destination,03ecfbdea460a0708e52a116eb63344407cc38bc7b3a54b97a45fa634beb1af7e2,0.00017960486928756734
Destination,0270c1a5f94b5aab8af91b32cc4ae15de1f1b4451bbf4a391e4f9024747c1d26cc,0.00017960486928756734
Destination,0311df532f5103d0a78eda76d9d5e5dfd5eee008fffbe024da3725ac64dc4c1632,0.00017960486928756734
Destination,0212de622e95745038c220d1b250da18422e953ed4e587430014ce1f8686c02dd5,0.00015964877270005986
Destination,0271b003ba2a89fdcd4512585ebd53af8a8dc80c7252ca32c553c94b655d11cc89,0.00015964877270005986
Destination,02b724011c8db7d8299b236ea3627959ab61730fe28533ffcdc59f1a6bfc41c0f4,0.00013969267611255238
Destination,028b5bc17b23ab71f0726ff86b0fa44289d3ec0eedf352799da28471bb82aa07c9,0.00013969267611255238
Destination,03cb7bce7bf86e4826405590d61df7673e98f6f876186536045efaf17a8adfe464,0.00015964877270005986
Destination,028467c574276b668a69144103fa54956dc645808f06daf1601c64de2112679dfa,0.00015964877270005986
Destination,02fadab030dfabaf72cec43038b49cc3ecc71b723018a6537faf1de77e4be222bf,0.00015964877270005986
Destination,0312d5340bffdccce97f4ccf9e06c2220fd58202129b6220dc597eaacd2389e69d,0.00013969267611255238
Destination,02ebf4d8a27eff9439d55d5456f0c068c00240c5fe5f200aa09a0dba4a8aebea6b,0.00015964877270005986
Destination,02e0742d2acb105f0d68a285419b3334c89cac6a1c97c98b7845c3428b6d74b9cf,0.00013969267611255238
Destination,0281b10ab1e1e29bf9dd7db620ae4096981d6d6a28131c693491dc3dbb3ca6bd63,0.00015964877270005986
Destination,02a092e6dd299fd9df7dcd0744856d78d00f7f6ef12a07cebfa3d5cfda2320bda4,0.00013969267611255238
Destination,0247051a29c9e7c1160540389a8ff68c2eb6bc5570b68fd3df2e3661118cf8aafd,0.00013969267611255238
Destination,03312c2cfa357eb407e0aca55da76cb64bed8284b6420380e6de6840f5da489b08,0.00013969267611255238
Destination,023ebc455298c0e19689a675617b5892f0d648d118f91fe34a01f2aaac93e64334,0.00013969267611255238
Destination,030739194f42b2cbb6019104a1b302408bd26691a1f5d8ef656466b4b18b113643,0.00015964877270005986
Destination,027f208099c775d7e16f2f6a8d81a3ae2a21c0e29530b39e07780f5be369060ee6,0.00015964877270005986
Destination,037892dfd9a2bba82099c9fe42d3ee46e96864ce362293b7a2710469d3775ee5ef,0.00013969267611255238
Destination,02e42f6ad60245f17394674d31a5f2676088898e04b97defbf9580b45d4790f72d,0.00017960486928756734
Destination,0324d8f66feaf3e003a12366502f509834ee355485d63d7d50514bad82f3389013,0.00013969267611255238
Destination,034389078da79098ffa96712a659fe58086a9f22e0b3dfd543d931e270037516e3,0.00013969267611255238
Destination,03a9250b464d6062ca9c982851e0873f9155ec7303a0c4b6933abe58b4c3d9900b,0.00013969267611255238
Destination,0259156aceaa943d8831fcc5252e3fbc80022256c56d39d430a27d7b59aa56c6b7,0.00013969267611255238
Destination,03a0251303c04f1ca4353eeb1467cc7c233e728a6ed7462d844c043aa73ff86149,0.00013969267611255238
Destination,03df6c0f08f51e0c72d532c27064dd8f3c814f120ba9655b0b8ae140ec6c4e59c2,0.00013969267611255238
Destination,02294ffbd3619e9dcd7e0577d1203ff06828625f421647950888a19cf30b5a635f,0.00013969267611255238
Destination,0379a683108ef0d273c6dcdf380f567cc98e474fecac12260e0934ff6f28973d0c,0.00013969267611255238
Destination,022f3c0ceeab498504aadb5fe2eb19581ceec0feb70bff24c39973a12a569e01f6,0.00013969267611255238
Destination,02d6b78e7c18aab00a62d00e63de41eba9d8be500b0465054acb7c6e8145b68182,0.00013969267611255238
Destination,02a2aabb49cb1795b7a193e488ebe456c158a5a2ef0d4a0ddef89a351eeff732a9,0.00017960486928756734
Destination,02a0b301103c815aab2229cc16412bbd55ba284846c8fe324525164dcdb67e21ef,0.00017960486928756734
Destination,02cffec5f9ebe81d0dbdac4e458b0bd91e4128ddb5af5286ae74eff3d598bea017,0.00013969267611255238
Destination,0261fcdfc51affedb2439c7745206b768c68f7f27962bccc5811bcc611125dfdae,0.00013969267611255238
Destination,03373feb951918e6c5397ca4edade2b959988bec00646b59ea1f1a733e2cf6fb95,0.00013969267611255238
Destination,0353f353fad0bb38c0772d87a1d8fcf67aa606dcb9e5b4690c1abcaa64449d4b8c,0.00013969267611255238
Destination,02c69a810cd958fb624e9a97bc7b37221caecafed54d23923edcddbb83e769ab6d,0.00013969267611255238
Destination,03310493a255fee32d97616d5845644fc286c48f85875e2c216a33f5dc910d7850,0.00013969267611255238
Destination,021a5165a51e0216a16f3f33aa8fa368eeea69c5f27f4f647b3fd70d289929741a,0.00013969267611255238
Destination,020331a1a81bd8ad2c2ffcd6730bee311c6f457ceca8e8cfcfef0117cebfac348a,0.00013969267611255238
Destination,027e9923151c58a7dfed9c2cd521587dbd0f0928f548b7853dde7475c21ad3a786,0.00013969267611255238
Destination,02cbd832b96a17693d79036595094884259c6f3dd70de0e150de41ae5586811f27,0.00013969267611255238
Destination,02e4f9fbf93b1e82505064c9fe4a51bcadafe0d54645ca5d88ebf97f83d71246ae,0.00013969267611255238
Destination,0226b317ebf63a888838c2900b0e77e45b3ad35c59bdbbd6a8eaba0c0362303cee,0.00013969267611255238
Destination,02960a2204f5facb99df8e994ee95da54f87da0273df4c12fa3e9b408d95950170,0.00013969267611255238
Destination,021b4c978a4ea428adc8f9d5546736ed915d85ce763e82f6ef92385905a12ef22e,0.00013969267611255238
Destination,02bc2b3df76a976366aa3db2f3394d6360dd7a2a180ddb7a1ca1ce0fb39beb1b56,0.00013969267611255238
Destination,0243c10b3e59f846d3084a438f1959b97df003c3fabfbee411cf6459b70b06c961,0.00013969267611255238
Destination,024e561e292ad1859ece9bdf943a52df1ea98f73fd6976692a15f6bc81f18a458d,0.00013969267611255238
Destination,026fdb35e6c264ad8cbcb8b234bd8ef9245578d62e6aa84d29aebf7b14563f645f,0.00013969267611255238
Destination,035c5140cc8efafa4fb97b0759de6b24249d716f565eb34dff6eb3ae14b4c5f961,0.00017960486928756734
Destination,03d321e1fb0200921b2fe3e63ef2a1aba278f43eda9672e8cb41b8498799c70111,0.00017960486928756734
Destination,03012a23c769decc4fb40a92d5300692b576cb8dc887072580638b97911742554c,0.00015964877270005986
Destination,0392e78c508987c97de70b2474493e9b0dbbd0dcad69dec2648d686701da1df44a,0.00017960486928756734
Destination,031c527494f295220d26a1814c18e7db3f4f03203ce1a53a0b74b52ed570a3972a,0.00013969267611255238
Destination,03d892d8f304d107b4b277657746d49b1b696f9f283555d85d74b66135444c9be8,0.00017960486928756734
Destination,033bcae00cc8cef3655fd7ba0bbeda83621f6c46b0ee44c44ee31bd3df71de5dc9,0.00017960486928756734
Destination,0372d7ec4f62999fe23b25e0e6c76a57ac9b0ac3bd6c05d7eabd87149aa88985be,0.00013969267611255238
Destination,02cbafc329051e1a7becba2ac82622154cee6bb230f2609527fc2e2ec28578f570,0.00015964877270005986
Destination,039735b480735280f99ae96487f9a9eec5f6b93dff2818775e18823fa7ac2c3d45,0.00013969267611255238
Destination,02ed9102fe81a117b19f0c1fe0586536a04c962838677dcdb762aeb9804d9f33c7,0.00013969267611255238
Destination,0219a49719b6ff422f2d11870c7c2a88e4879d2a2ff99f43ace6eba8bf53670a06,0.00013969267611255238
Destination,03ce648061614b971a3a990e62cb5f782ac94e9576f2311256b2985bc05b5033e0,0.00013969267611255238
Destination,034363e06553da98ceac17bd4fb1cdef9f69d6ba32510c051559e017724e2310b7,0.00013969267611255238
Destination,02c8d9068ecfd41c9114a4a5a25036f39071e2c75e6db75f13521e6db393facbd0,0.00013969267611255238
Destination,038e9eeb318e4d6c5009e511f300305e3a848bac649b516fd5ec2c80358c408e4f,0.00013969267611255238
Destination,02fabe20f02040dc6f2e2927633f77b5f7a83d7dc665372aff970e2269f6771f45,0.00013969267611255238
Destination,02e08047120ff4f64555866133089c45df7e8102a541d129b77f201a32799e723c,0.00013969267611255238
Destination,03be268c02557f7bd1489b8a9256397fd9e1c0fcdd907b9e3b404f8b792477daf5,0.00013969267611255238
Destination,03cf316ebcf73d9fff7bda859cf2e4f038a34ace48b325ad1efd4a644b7327c844,0.00013969267611255238
Destination,03b78bf228507f289b47bf45082e1e0412a6eca98181e6c95d9821e62831b6a3b3,0.00013969267611255238
Destination,028095441ee9f136af323f403d48afbcda62d2515f89f270bdeb8d625b82de888a,0.00013969267611255238
Destination,029c9e543cee3cc57d4516fd5f38d1b3071ec03a037cae050fa916703d1f546529,0.00013969267611255238
Destination,033837ffd75e0945ae1e1f95fde18bd153c20584c748870582a8bc3b9addaeec0c,0.00013969267611255238
Destination,021494dc21ca304f4553e08effa6567f4e93d38ffa61f49b07c2cb262c314f2616,0.00013969267611255238
Destination,03aafb64bdfb314cbd62038a037260bce8655f461a2c187454a9845585fb17360e,0.00013969267611255238
Destination,0348a10fad996778d6894a0df8828d7cccd67a208603e3f499969ebdb3b405a8e2,0.00013969267611255238
Destination,023fb615be259755aa52c2677059355233a7f65c2dced7244bd070df6f81afa65b,0.00013969267611255238
Destination,022ad773050dc4afbda2488788c63acd3da5b7680e3911c57f489cec27ecb109d6,0.00013969267611255238
Destination,028e5a8e86540f703e1f58880d35d1e318a54c27d84ec1edbcde04a78ed4469a1e,0.00017960486928756734
Destination,03c488af616e8d661246d69fa03897a90cb04d11091d30d07d2c620a00c6b5ffe9,0.00017960486928756734
Destination,02478048fe0559e5434c7875308a2f4a5825e8d1859f86503bfcff77bfe93c1944,0.00015964877270005986
Destination,020f27295ad01c16f8d77360c9187e3101b026513f5baf3357c2ba0b0afc5069ee,0.00017960486928756734
Destination,02f22e950ad176c0b87d577bf2b8cd1e6d54a6265208533e1476d31e5127a739b5,0.00017960486928756734
Destination,025760c4ebd68d7d0f21722fff5f15e75996c02ba834ba884166bff0c8b35bcb43,0.00017960486928756734
Destination,03bd9d0475188ef42f4a0beb8cba4031a9bf44ae274b82f2652a330bab2f69c9d2,0.00017960486928756734
Destination,03736ce9c68565d81b539d48568717c2f0189aa9fdc58ddce2f0ac616092ff6877,0.00017960486928756734
Destination,02600a8bd6f6fdeca963b41d75b3f7a258912c4fdd09159aa25db5488d942e6419,0.00017960486928756734
Destination,0282c46d63439bfc720089a060df2645010a8216943a1dafa9639b6babfd5f245b,0.00017960486928756734
Destination,02d76bd24afd87d3591b0f349ee2f3cef4e090f3fb0e7254988cbc060a75aed029,0.00017960486928756734
Destination,03713775dbbc5d908f9a113be4b77b74fa64e3302a107ea40963ae81743d25fcd6,0.00017960486928756734
Destination,03badf671ac3fa8f2a67c273e2a1df09ebcd24651afb7def0dd933d63c805e1ba1,0.00017960486928756734
Destination,0217868f504d0e2dca129a2d5e5385cdd3526c871286db96c4bf68f3c2a4d0d98b,0.00017960486928756734
Destination,03187dab1dd4bfa9b27eccf3ec853e4333921314d7f2adc52a79f1ec89120124f8,0.00017960486928756734
Destination,02977c3ba64fcf19dea952f11586badf2f76b3e5d0eac30279ddae4fecec87f88f,0.00017960486928756734
Destination,031b5d456d95b76d2598fae0a7f270455bd8b374da4aa8764c32bc25cc6421b794,0.00017960486928756734
Destination,036822d99a205ff8fd3f20124bf858c458fdd8165c2b6809a1591b9926735d4af4,0.00017960486928756734
Destination,0397a851e1fef7d0b2c5e97fa6f2d178918f604c69597aaa354a7553cc2112972d,0.00017960486928756734
Destination,02692c2b2e98e48f56f096448fe95b5c1fe3795319d0c420fdac2dfff56bb0b121,0.00017960486928756734
Destination,0285529e4face265ac56f75071ae0f46b0563d5fba971cb5eb7df5ceaf0fa8897f,0.00017960486928756734
Destination,03dad9a13492773ac0775efe5b1474e70fe190fc9a2d64be2d0269f6c1b1c9a118,0.00017960486928756734
Destination,032ba582685d9270434389d098a48cd50ebbdb548d791a9aaf7e869b7f8dcfe9bf,0.00017960486928756734
Destination,0268e02bdc0efba7c60a8d97ace8b2093f42c7c75f7c0fdb87f864ed9897b507d6,0.00017960486928756734
Destination,020b44a70fb811b5320eb940da76afd44e62758909bcee40f425e734d8b17b2cc6,0.00017960486928756734
Destination,027c1755e7c8e82dfff623b2e7c5fd7f1b5e17d1fe8bf7719bc2858df00a284bee,0.00015964877270005986
Destination,026666e63fe9afe932f73a7372faa198a1419fc2818ecaf7afa52ed9082d966e73,0.00017960486928756734
Destination,034d415e5793ee5885dbc4e6da1463faa74ea60d9f1db897c0b5072daa364ad43e,0.00017960486928756734
Destination,020d3d5995a973c878e3f6e5f59da54078304c537f981d7dcef73367ecbea0e90e,0.00013969267611255238
Destination,0292ee280619b700bbbdfe4e6e92bdb894f77eb50d91d88c1803338c28df448f9f,0.00013969267611255238
Destination,03192dde3cb01ac7ce5823eead61a440500f9062ccc2ed282d0c2a47bed04655b3,0.00013969267611255238
Destination,03ad439440c760857eda81bd43f92e44ad42f4861f6331fc5ed9d73f4cf57a895e,0.00013969267611255238
Destination,026cd1a69fee4c9eab263c0b66e27ffbd1385f52ef9d3ce357c885c52d458270c7,0.00013969267611255238
Destination,0367492d91a9e452dc5dca730c8c9bb081c45f412a844d50e5a9992c0a7ccc431a,0.00013969267611255238
Destination,0351876efe01167a1f81f988ef470311eca17661dd1994bad01861d4a54565bc5c,0.00013969267611255238
Destination,029bf3edd752470fb554330e8d40f7f10d73e9f9838898117cdc7b4f04eced9d11,0.00013969267611255238
Destination,02ac21d26ac8fde282596ca2c29668b88eca953e5d6de555dffc414299a70d1b12,0.00013969267611255238
Destination,039310a436dfb9efc04ebbf8c5fbe8a647899c1eb3d6e072319d08175e1ed9fe4d,0.00013969267611255238
Destination,022ba9961950607ad5c99f3ae53fc05ce755f059b99bb295f255f43a2789e0d467,0.00013969267611255238
Destination,02bd2ed32599f0a52ce507ee18366623e51c639f7f5729e9b9029799cd6d8bb8cd,0.00013969267611255238
Destination,03ddc2ca04c535acfa0c07c09270343ff295bad138b829c5ede10b8c84b9f099e1,0.00013969267611255238
Destination,03044f0a75b2305dbf1a8137bd0c08b6a7e95ed8d219cd0ee54c9a784f34992795,0.00013969267611255238
Destination,02cb19434eb6c954dae458a499c0cc0b8b43423a894387a4972b98834487d76b89,0.00015964877270005986
Destination,024b9919d78269f11e07e6ee58ec3a545347eb49ef56455314f8d8b06e05d1f6b9,0.00013969267611255238
Destination,03def7bf7ff97aa6e0905b7f6958701434f0290629ea25de6f7f6d9cda935147af,0.00013969267611255238
Destination,037f31a65735a13a796ecb7aa4cf856ec3834bef14a990bf012f7f18423e39f477,0.00015964877270005986
Destination,0251a2d26621fbf23ea40aaeaa49ccce891c3ac728ce8084d13335bebae2a4b912,0.00015964877270005986
Destination,022bcd7248336b3853aac0c2a952cef25ec8ec53a79a5bd39a984b5be41c29f8b3,0.00013969267611255238
Destination,039a41344ea8949727bc7aa5fbeef0ef08726c0c9c1c064b07b0e18a3fc9bb5c53,0.00013969267611255238
Destination,02b8224bcc1b2972aebeae479dd5cee88c90aaa2fa5acc1ca11b67724d84bfaa0e,0.00013969267611255238
Destination,02d91a5dbb9202e724c3501338adb511c761e7851e004cba1bb413368aa54d394f,0.00013969267611255238
Destination,02aecff209ee8e066e73df7b7881141007a72ab4055856b2f27b92a884bbf16aa8,0.00013969267611255238
Destination,03e2ecf0b8dfe81a3d2b52785e7695bc331a2d341e89a3234c769150903291bbf9,0.00013969267611255238
Destination,02534a6ed151d216d014d37ade6508169daa83dc1c0c07d57ff3c1a4d7d6627f65,0.00013969267611255238
Destination,02c068a9913785fb6215d24d5e978a448c455cbc7fb02cdbf817798cb7c1500f14,0.00013969267611255238
Destination,0293db9c19a49309a0bfcaa1011eb49b91881c367e7fb1f6cdae963107eb577424,0.00013969267611255238
Destination,03b82a1e38ce212d91714a2a8af260660a73c207fe60ddbe852dcc9b39fd9283f2,0.00013969267611255238
Destination,035b09226500946987aac38d1efea8b35cd9db5f1c39d46376d0e1fa8ab669f5c2,0.00013969267611255238
Destination,03a26381cb9676ee1f953cda0220cfdeeab91230c670633ac69ffc1b229337306b,0.00013969267611255238
Destination,02d79c968a2283ae756da4c2e5dc0b68f8f7e391379516f1c59306610aced1adbe,0.00013969267611255238
Destination,03bce1b91fce34ed76c35d599688b620cd0043b04416a9bb6cb7871bfbf4560591,0.00013969267611255238
Destination,036657f9cb57826d33d1ef85b3e983c365259143575fe367b0c803cbd068b5b255,0.00013969267611255238
Destination,020ec1b1be32061d3c5264be7e6d63a59a28b89e06eb7adc619590adabb080469d,0.00013969267611255238
Destination,035313b33462721596c01a824d61096196f5c1e759e6d8a52eb35804910d2fbf08,0.00013969267611255238
Destination,03c4909cb262a7c7a4d88ad216086783985153b6bd837e99768b260b4a4d315c38,0.00013969267611255238
Destination,02afa5aae44e4937a2e651e059359fb4793bda70c351b31e0474be86ebd1bd3226,0.00013969267611255238
Destination,02e26f050f82c63e8895938ce782bb123de9580a3e1100531f6ec1cdfc7c25fe2f,0.00013969267611255238
Destination,0290b50fa40dc7a1bcd3735fd1b888f5c25a7916ae73b13991f8c1dc2327d957d3,0.00013969267611255238
Destination,03861620293c59d53acc8871e22a609f481a20f04edf678c46469ca64d4de36274,0.00013969267611255238
Destination,02e7b39c5523f00357ff4ccc34fbd39ea9fc3525dd46f930fefe31756e8a97605e,0.00013969267611255238
Destination,03b6ea63a56823b0442b5a9f9f3145c95ad80d6a7d14258bef0735eb7618a5a4fc,0.00013969267611255238
Destination,02067a5b7c24bd95dd41c85fd07c604b87924185d973f29c33937e7ef822b10fb3,0.00013969267611255238
Destination,0280bc79f3dd6e46cae85aec6d393cbf52e99610d00954804c4b9c76b37159d318,0.00013969267611255238
Destination,0227432463b968609e9b122ddb1b7a8589a5ec9c89f439607fbdff467c7dbdfb45,0.00013969267611255238
Destination,02525351b8c2172358638858f8968475dcd6c40344f4171d9537e6caa8bb41319c,0.00013969267611255238
Destination,024cf3a444352ab13e7a7e87f58765a19fcc649b45474187e678e6e91a372c4736,0.00013969267611255238
Destination,028b480cc4091f96c4446f2ed0312923155d86167b6527d1b01b04b22b77c98941,0.00013969267611255238
Destination,0267dd831e2a46dbe370da944e37e8feafc5740372cc3f1af439e6aef28c9e1d16,0.00013969267611255238
Destination,03b132b2575f3009df5b576dd65fe8ddee9072661c6ac152794c071a5d6504a37b,0.00013969267611255238
Destination,0383cf3f5d173564045ce4c253214bea5859129c3aed48a89d5af64894c7ce5141,0.00013969267611255238
Destination,02651fa5f3f6676c6f13d88b3ffd3101421cd3bd1773d4af92242c46f0f902ef39,0.00013969267611255238
Destination,0252cc8aa0612490b18495fb56754f6d7a77ed15bd48e717db56dde3d299bbbece,0.00013969267611255238
Destination,037b6d276f7a3c5835b43d0e1d7c2204d4344feed775d865643c15f1ce19f5e952,0.00013969267611255238
Destination,0326386e472a453848096ee452f894a8095a13b1576989a239cc663ecc9b328740,0.00013969267611255238
Destination,02143f7233496e7d71afabb3cc02d6ab112c3c1df6f0ab1c8d6b07ef74599925eb,0.00013969267611255238
Destination,02997098dbc04bcbaee1999fb8f47b06c1623d3c3fdbc5e0c04227ef4cb5991173,0.00013969267611255238
Destination,02aff8c90b8fb829dc062c91c5f4e55a1ce3e207037bb2a9877afffa2e91363ad7,0.00013969267611255238
Destination,023c9a852c9d8c95893fe3806ab448d3da15bdef5b5a80ea789fbae32bf31dc73c,0.00013969267611255238
Destination,029679fed1c5bbecc0ea92c8e62b172e218fe37321d16cdd38bad8dd7b0095d0ac,0.00013969267611255238
Destination,0319f83c53996cedc6230195aec002376cc619124fd892aa520eda4d53204d9176,0.00013969267611255238
Destination,02b83fedcf102569f33c8c906eed642d6d5387cac955922237991747c1e14a8dc7,0.00013969267611255238
Destination,0390a3fd1c5daedbfdbf0e4fe54343f7da6de93cd7a47d20087492451e8b7cd86c,0.00013969267611255238
Destination,02bdbb20c834e669df344ee772acf1a91292befde2ca52bb8b18976a2690430608,0.00013969267611255238
Destination,022454c037ca4d199a9e680305b0239c1c7b278fccf8fb80ea9c5a4c60b0342d09,0.00013969267611255238
Destination,03b35e325d179c0cb55fcb505d4d3089f5f918b6529b61d3de8b3b4f8014791aa8,0.00013969267611255238
Destination,02d58859b8fc0e389b7d55a023520bec81aa95c3c91f90a79dcaf7a85a766f27ad,0.00013969267611255238
Destination,0353164d908601a4d4a0e4c601b3511a4184e7694f34876a544229e45616e1e152,0.00013969267611255238
Destination,020463cc0708ab01819946530f5fd88e5975904387c5a3483181e1bd821086e3ff,0.00013969267611255238
Destination,033b786516b766552bca5742aaa35cc4d11675bcf91fcfea7e0c22928643d14137,0.00013969267611255238
Destination,036a7471e5d18836d3284cdbc0fb723dbbbf0fcbb7cc00f9f2cb9315f18a56733e,0.00013969267611255238
Destination,02b910c9bc07fcb5b6214bb10b55070800addd2c2dc9816d9a22352447b873590e,0.00013969267611255238
Destination,03eefcc2c803a4aad64d92a5633d8c6f75d6b72827d099d9cb31a82a0615dcc767,0.00013969267611255238
Destination,032e8faa455d3e45e24aa04e36634e23e8a382be6bfbd9184b23b2d8e7438d0821,0.00013969267611255238
Destination,024ebcf6154742352cbe1e95b3b1d2840bf8e75edff04ceab4381f3500c149a22c,0.00013969267611255238
Destination,03f30922d228ae730080921044e09e867b6e99055e8173ba77cbbcd47e1836c4ce,0.00013969267611255238
Destination,03655280379bd390d35d15ee89d2f59f96eb4824c49595da2411f4338c107c0e5a,0.00013969267611255238
Destination,02b1d72f7d8a15a3d23f8ca30924cf43e4def8908db2bd72ecece7d2e6362c5f5b,0.00013969267611255238
Destination,03d640bbfcdca70b622d8b51a4a18289747732a744adbed72d7f48d07bfd2b5047,0.00013969267611255238
Destination,0255daa2997d3f6cc54a088a51b2f71bf43a4de42ab4a49fc2b73252bfae92e563,0.00013969267611255238
Destination,028edb80cb2a4cfa10dc72fc0942ae42575e484480bf53c6373fc4d46240bfec62,0.00013969267611255238
Destination,0385e9dc4601811a4aa769e6a50401580be2087c7162f8c478f82296c8ee6ea8c4,0.00013969267611255238
Destination,02c640d89a909c2aca263f382b03c8a891f4db89e1c217092f4643dcae77e61a8d,0.00013969267611255238
Destination,0331c1eb40738250955e4b4a649bec5b98e5020fe963e0e8529f384229d8d8a942,0.00013969267611255238
Destination,035037f67e95f197fdc3473097d5e2948500079dd02f26aa8e89b7534bee4b5ec5,0.00013969267611255238
Destination,029deaf9d2fba868fe0a124050f0a13e021519a12f41bea34f391fe7533fb3166d,0.00013969267611255238
Destination,03ecf8f8cc25005ab0e7ba3f28969bad6791e09551bf5df6421f35f92551d7d038,0.00013969267611255238
Destination,0393bf2a16f1d4ed218815ce66c3f542aefa0e2a6dc9200a926ff13c1a2a0b9eeb,0.00013969267611255238
Destination,02d4531a2f2e6e5a9033d37d548cff4834a3898e74c3abe1985b493c42ebbd707d,0.00013969267611255238
Destination,03fef0d5d70eb951e55aec0b6c76c685def8ae1d536e7bef5ff17947fc2beba543,0.00013969267611255238
Destination,0300cd18af20a92f7b9522c640be5bf56ebecb20478f4b2991a908f02d33b588df,0.00013969267611255238
Destination,0315c255c08f21cd43817f6a16805699fb011262c51243fc1123459ef02f175f89,0.00013969267611255238
Destination,035156c8df56832cfa012c5fee037c954521169074f3165d68403e8ee2f9036f35,0.00013969267611255238
Destination,02da7bd301ad17f97f8a07395874ac99a41030cc69c4273debd8c1468941bcd101,0.00013969267611255238
Destination,03b7cd8caa00587646081d8a5d9c506f01c32857b5e58e6ca583191f5c684268ff,0.00013969267611255238
Destination,03606d67d00ce06ad053de1f755e6f6c8185ae66a1b1e06ec7b72e2ef702690d5f,0.00013969267611255238
Destination,0226d61ac53502c7edeacbbae2c5d50010213dd2dabc1a9d8cdda07d9e21fba4b3,0.00013969267611255238
Destination,02ba025519f606814be50cb8376df124725a41ec671b8a901f40357b0b1a2b7ffe,0.00013969267611255238
Destination,03ffbe95fe8b14161790c6f2a22b488ede6644621bee28b68d2bab9e1fff4fcc39,0.00013969267611255238
Destination,02cc9dc37d9c1796ec70505e3c03b84b864ca835f92e91d377873171b6c0e18fbe,0.00013969267611255238
Destination,032a4ef74adc51cc95b2cf89404e00baa9d3f0dfd99e5955ac5bc4062a465d6e9d,0.00013969267611255238
Destination,032fa0f1a5875d817487207ce64cc4770cf791ff1287e6cb963be3db275091f82e,0.00013969267611255238
Destination,03f6d7e19069227a4cfe3780aad414954d499459c8bec5e01ee37f2219e41c86d6,0.00013969267611255238
Destination,03585e865742093e40b6a6d25b607f52a0b8a0dc9615f718e078dbe03b5704bd45,0.00013969267611255238
Destination,0381de1709efbda38f9afd2d47399caa19a2630c0c795acd24755efa442685fc7d,0.00013969267611255238
Destination,02e11df9a48e7b15fcf8f3e4249617d508be2dc211c08a06cdd47b10ff053996f2,0.00013969267611255238
Destination,02e347e9d66b508c77f25d3271e0bcd1eb2c7f5db5c1b3e8b968885007e9b05168,0.00013969267611255238
Destination,03035d2b1372b89278cccf51ce42024c3b92632eb99db2d2f36411198505cea4a6,0.00013969267611255238
Destination,023c27029183fe3e4caedaa9a9ee4d9eca5ff44117b998222b36d1cd1db43db5d0,0.00013969267611255238
Destination,0255ff94583166afd90a0fc0a3042b73724feeeb4141d5218b00e96d036ebfa2f1,0.00013969267611255238
Destination,036557ea56b3b86f08be31bcd2557cae8021b0e3a9413f0c0e52625c6696972e57,0.00013969267611255238
Destination,0396b08f99518aaad12611a28ef45c8f44ccbef7c49082262d6a4e9809be4ce61b,0.00013969267611255238
Destination,02689549a6727a1e6f8d9f2e4bf9d13bd7c3c6cd94ad605233850e040b8959a12d,0.00013969267611255238
Destination,028ca942be25308d5077811a2c2a3e18dcc25267d39ebff9081e3deb8124a45317,0.00013969267611255238
Destination,02668fd8a986f2e7ddbecc26133aa2abb22eb5282970b25a799b9cc540e52bea1c,0.00013969267611255238
Destination,0332d57355d673e217238ce3e4be8491aa6b2a13f95494133ee243e57df1653ace,0.00013969267611255238
Destination,02d8878b363b6925ddce7c698d6b5ea7536b5af8a8d823a29aaccee17f260a987d,0.00013969267611255238
Destination,025ee97f817a7811e76b7f3389fba76c548cd29dbab5ac31c6eda1858ca85c8dd0,0.00013969267611255238
Destination,037cc5f9f1da20ac0d60e83989729a204a33cc2d8e80438969fadf35c1c5f1233b,0.00013969267611255238
Destination,02062a64c5d381c77f8ef679133e6207b995d33914c97c072f854eda8ef4e6ea78,0.00013969267611255238
Destination,021ff53e5fa02a31978765ac0ecc9d0f9698f4499894acf16096fb7af89e661203,0.00013969267611255238
Destination,03a800d2a70d1ccbe1e214e84dfcea802d5fa70adc6c3c84c946804fcda57139dc,0.00013969267611255238
Destination,03c01a7e406e5e2125329a56b2077d7f6d8fe3ddecf737d470f9e9bbd06fad665a,0.00013969267611255238
Destination,02046a6c834ce50f93f72f1cbf95fa60393d6a204ffe085deeebcc5f785504a31b,0.00013969267611255238
Destination,02b3b5b6d83ecf98bd04a1e2ca6933056f890abfa8fb83723c821ac1b6d0e8306d,0.00013969267611255238
Destination,0206dc51d32bf88b7b3a5823718e1a2c95f14d13800ab4a66decf8658a560321b1,0.00013969267611255238
Destination,02847cb165063ecba5927c564c966206be2893bf9046ffb4ece8de6bcbc0d982dd,0.00013969267611255238
Destination,0394693794f93d1e9b1034ab6d217af57a0de3d8ab18e3489d07c6819b2a780944,0.00013969267611255238
Destination,02c603d30ea3711144d4ee44bc928c411248b6bdf3f3c32af2ddfd2fd06692ff3c,0.00013969267611255238
Destination,0228e0118a39a971bbc7095ee6c0eda9f674df9565965297eb628ab2b5008c2b15,0.00013969267611255238
Destination,0312fc4cdf881e2e100c88397c4e640d3baf95902ef8aed8100bebad66196a30b3,0.00013969267611255238
Destination,03163687a6e5f19dfbd3987ec481fa9e8fbccb9306f568c3223fc45bcdc9ff02d8,0.00013969267611255238
Destination,02e9569263672ad7a7e2acf5fe390917f69ad94a3d8018ea7ffb37881576a4cc0e,0.00013969267611255238
Destination,0362fecabf5b8aa72608bb8bd911c8dcc5df47b4743305e18429c66e775c259b98,0.00013969267611255238
Destination,029c5fd64570f2d40dfc2f683865c81e93269dc032416142de5e2e2461359ae34d,0.00013969267611255238
Destination,026a0a7f005c46ae12cf8de3f9bae9c728d418c27bca8c665d10499b37fb83c572,0.00013969267611255238
Destination,03f0ee0ac3746c329cd074018a4be3e472eb3d17ef2a4eb59d515518ab5c5025a0,0.00013969267611255238
Destination,0288874b9510d93e476005ba1bb33765ac87155a4acfd232b821a6c7ee55159521,0.00013969267611255238
Destination,036da0201ba1f16a2089d1e17a8fe236114adef33bfff59073771723c60b08b4ac,0.00013969267611255238
Destination,02de5965c0de62f0a3a6464b7c1848510661d43df96caba5e868ed7520cc3fa437,0.00013969267611255238
Destination,03d9caa73541ab947f2944bddd0a83c42a660c97752f8951e5417c4a5f5d13c13a,0.00013969267611255238
Destination,022c271e1318a3b70eff75c6acf715769135c607b7f067929846459e35487c7bef,0.00013969267611255238
Destination,02af8df0b7b6b8348a19e7185643fa2934e9a71ff8563a64a2c4a50957131badb6,0.00013969267611255238
Destination,03eaf4f94ad680855a7818c2f156ae4a86482dea2f396320c336989ce5f49da880,0.00013969267611255238
Destination,0213f90b9d980f2ac11197ae6232e3ff9417a7f25e5b7aaee88c54b2d632076c3a,0.00013969267611255238
Destination,02cdbfd26ed048703467d473d15a558a1e40f2e27f717ce9b631e69b9b928d2f7d,0.00013969267611255238
Destination,03952caf802b56660c2e5edb8e4d600a79894b2e30b39b05d6f001847bcb5c4c58,0.00013969267611255238
Destination,03e4c0b6c21ed24d00cd3facddbbd89e265b166f11e33d6e2634d48bbde9548a5c,0.00013969267611255238
Destination,028742b6b8eb7f28890cb232b2d490f007baf9ced2af1519f61413ba0bdae32889,0.00013969267611255238
Destination,03ede9f3021cedc7fb416f2e8bcd61634b32729ff4979aae305e022d2b5941fce9,0.00013969267611255238
Destination,03a1df1dc121049b65af3004ddbc69d0a2afbe202958a85758101e0fee9ab355e3,0.00013969267611255238
Destination,02d7bb1978df46d8f13c94e1b336e3085bf7a45d43eca8994a26377cf48a17a31e,0.00013969267611255238
Destination,037f120d70f3cbec15980d0170c0524236e89ca7e7b632ccf2d39f50260896e617,0.00013969267611255238
Destination,03851ce7b1a82b99a9fa1bd397a63c6342bb0de6d651860af663f9dd4c34b1343b,0.00013969267611255238
Destination,03b95562ef544f54b34aa8285c566dc0b27d216c2054798b26e1603ccbb6c8afce,0.00013969267611255238
Destination,0257df90766ea0d82b72cb621f40bb96c2e6aef5e597b585307efc105ebe502709,0.00013969267611255238
Destination,03f6ac15e12f2b365d08976d30b7b3298bc0bed4f29417d5cbcb32c91ccc37b075,0.00013969267611255238
Destination,02f6fa3a67cb1ae7aa5ac5c86e765e6e2324570b3d6a367dc8c72bac45a5c1743f,0.00013969267611255238
Destination,021eb7edeb69263b874b2903b28f4ee1f24dc18e6cbc74e4869b78978faff14676,0.00013969267611255238
Destination,034e3a3287e54f8fa82b1234ca5b45fe739dd0c35b67d43938bab0e59945c4ed23,0.00013969267611255238
Destination,03f91a1a0613ba795d889c679aecbc75acd1fb00dc7b16a775b571682537b452b0,0.00013969267611255238
Destination,033ddbb427e5b2cec65b329a369876ba1294e61297e14ba85f2d30715729b25959,0.00013969267611255238
Destination,02b75a411d60a1e848e3a80a4ac23d76d771b14d261a4b5acce335a69ab5b8fdc4,0.00013969267611255238
Destination,0326e2067d2a24b738a419f8dcfdc5956d7a399e3566f0ad52923343bff57d7759,0.00013969267611255238
Destination,022e25d4ebe02f42ed66863e00aece6c8672272935bf8008cf141cbfe06edaf427,0.00013969267611255238
Destination,039daf6a6698cc60572dcb172088e3866dff2cabc0b47dc0aaa4b40cb48316b5a4,0.00013969267611255238
Destination,02a904ed842ac89c909896a668e0175c17022e333e33abe4718e836202fe9a2b9e,0.00013969267611255238
Destination,03395689d8e2afd48d223d5ea66d243c9ed89e7d8c30534ba43eec4ee960cbb583,0.00013969267611255238
Destination,02a225ef7077353b74179d8a74f1632d3ed45bbafbeb1ccb5470d02a6de79016de,0.00013969267611255238
Destination,025030f3d939123a0fe6c9b81d7be1cd9589b55526ea678f9b1cf8e1ddc4b364c0,0.00013969267611255238
Destination,03d997969a13d207372aa22f28749ffbcba53e68f1a3fe26cf20cf548afef38136,0.00013969267611255238
Destination,031df95d932096fef74932f2cbc517d8575df07efa6c2372de7b866097eaa5a149,0.00013969267611255238
Destination,036f248df55290d23ada487d38c89087ddd6d89aee0357f5adbea2b22e61314b4f,0.00013969267611255238
Destination,02349aa765b37ce40197e0009206373044e58ebabf5792e51d1b8da9fce1a7b230,0.00013969267611255238
Destination,03cbce9d9920bdde78937dc3cac3e3bfb5fdc885f98dc47c586d3953c30492fb34,0.00013969267611255238
Destination,03b5d69c1e21c9f784fee29a5ec5aeb687fb9cfeecd4e1d15292ec08504e554ef1,0.00013969267611255238
Destination,02dba7ffa3b8e6414cdd47b89ad97c4f5ac1e0d5da29326eafdd779d91fe3ba716,0.00013969267611255238
Destination,02c10ada6c6bed574f216d4decb799743921da2ed13dc51c410bc9559c1f90acb9,0.00013969267611255238
Destination,031a7781eb722f1200213906a13ed0286a4faafc3dfd7a97f8e3c05cec7b310ad1,0.00013969267611255238
Destination,02ad921d465e6ecfe493e90864275ffcf1b70c6050c76e6c33701b0c3686d687b9,0.00013969267611255238
Destination,0200072fd301cb4a680f26d87c28b705ccd6a1d5b00f1b5efd7fe5f998f1bbb1f1,0.00013969267611255238
Destination,028f65c949de5001994c4390ac0d81bc5c5d5beab5a4f32df36265a662922a7e45,0.00013969267611255238
Destination,031a52fbcb6d408d36aceb21b2d3ec3d2d331e993102596c6e00dbc42cda43ee4f,0.00013969267611255238
Destination,037898af4aa8419e2b3f9221626e3ac977b3ce0b91b10886e621ddb290019a1334,0.00013969267611255238
Destination,03e1db6388dc6a3c6adb4c6b78831267b80e26c3bb129c9e0d516c6a799bc29021,0.00013969267611255238
Destination,02a5dbc008844d58b839365959d36f841e2498519e9cc5e8082b3ae2db0c1669ac,0.00013969267611255238
Destination,039f0ad37eef3e1813ebe825d2d91908914a2c3ec1b2047fda6a9fedce3a6f63dc,0.00013969267611255238
Destination,02de20d6201d7eab9b3c23aab22b1ef981e54cffbcd1430ad30f7d900914052275,0.00013969267611255238
Destination,023f8f3f80149858f49b14a41605e2273a86d758402fd31b1ba8ad0448e1eadc74,0.00013969267611255238
Destination,03005b000a0ed2b172e7608b062bfe2be18df54769a246941b2cebb5ff2658bb83,0.00013969267611255238
Destination,032b38087244e6478c76818edb15b91760b531444398607d001d444ff11f72fe8a,0.00013969267611255238
Destination,03235ff4eaa14aa7281be59de6b5c82b1f6b8f09118ad8afbc3a4c4e3c1a2cec81,0.00013969267611255238
Destination,031ba5411913fc59409dd229cc8947aacf8572f1594e0c75d089e968ae7059ebed,0.00013969267611255238
Destination,037db9daad1eda4f89970cc9d4cfa1869662b614880b73229909b8a4d6a2f59b6d,0.00013969267611255238
Destination,026888c7593968f1f151c40d730d0282cc5e6e6a1588448aa4e5eef67053449817,0.00013969267611255238
Destination,02cf4017276487a73b5a2bab253eabfe37fdfcd7c75acd4fc90d492e85dc3eee55,0.00013969267611255238
Destination,0222c672f55d009fbc56fbae6769a37e95d8a3c962101f902ecbc0b9162d985a16,0.00013969267611255238
Destination,0247a46dcf041a8d5499274702015a1d117bd5d3ec503d7c3297db3afb8e702133,0.00013969267611255238
Destination,02a192cd5278dc00c88c71d71e113360c3962e1f25bdfc6cfce5f71753d97d1818,0.00013969267611255238
Destination,025df956754d7915a44cc3b1924a1762759a9593957f8da821fe5e8c6b40343560,0.00013969267611255238
Destination,034f9a418cadb7ea350f70878fb42331a8f0e247967e2cd833842e4dc0524f6a57,0.00013969267611255238
Destination,02ff12b70f1095ce240e109d108c39571d9a282b0e331d46e89a752db69a22ed13,0.00013969267611255238
Destination,02d922ed08d534506e58458ab88024575d16f38777b168464bbd202a7c6374979f,0.00013969267611255238
Destination,03d141e35ea7943999c8580e023e5f7bbfe20b21c6e49c979dd36daa56185d5df8,0.00013969267611255238
Destination,02b3a3a7bac515ce3f39113c0876a6bfb566584a808bb64b3d305aef19e4056455,0.00013969267611255238
Destination,034481df15f3dbfee9a9e6761aec7916f20de4fabc3a1b98d6b99217e50dc41ed5,0.00013969267611255238
Destination,0256bf97644dd1d839aadd76e2351c1b6bb8173bb9f5ea4affb07075f880e52302,0.00013969267611255238
Destination,02a2b818848c448c3cbd35f2d951971ea69ce3945b02779be991e0d3ea14b56171,0.00013969267611255238
Destination,03f0a9ee16196e1b1a9079ffde104169cfd4a75ef8a2c5d5453bf7ef35e3458162,0.00013969267611255238
Destination,027d18d6c4c9fb8e4c1fef6c95326dec22c44e819584028931860a9d58f235212e,0.00013969267611255238
Destination,033c4685bba957878e7791a5062d6f0dd8978435521386bfcc9b6959b9d6e31db0,0.00013969267611255238
Destination,03dbe90ae7401b61a3ebb1ef07ec972fe2d0f715f8e3be731003690985bfa5b413,0.00013969267611255238
Destination,035d61eb24f59334d7318061cafd57a481d11d2fc597a873270514f7cdcfb1a12c,0.00013969267611255238
Destination,03cd41d0064852d565d533af4274a83c0d1962aaf966c8adf87ed6e0ebeecb38c3,0.00013969267611255238
Destination,0222cd9cf400cbe9bcd1472281e436d071b672d8a33bdd964e6a3504c4db2983e6,0.00013969267611255238
Destination,03f2fec2692d45869446ae83fd3c22c8cb036d2c3f466a728daa05f4bd8e4e9ff4,0.00013969267611255238
Destination,02f480d6f059e8b980d79370c351c1f638a1021abb0e11bdcbd1352a0c71134b6c,0.00013969267611255238
Destination,025c644f64160761662483c24aedba90f47f81f74292c7678640cf688a4223caeb,0.00013969267611255238
Destination,03d6e01e9cfa3e4f8d4720bd65d57612625b35b50f20d32b951ae5b95e608113ad,0.00013969267611255238
Destination,0306b3f8dff628c9f681e6bd3bbd1b96c1a10805a47cad0f94510764b23ca67348,0.00013969267611255238
Destination,032f7dcbeb5a37105352186bc5f255fffeeddbfcde8e5c02bf88a06de9a415eaa4,0.00013969267611255238
Destination,03977a81804ebf58db4aab2b32e747471d96da9ae65c31e6805250e9ef68a7a72e,0.00013969267611255238
Destination,032d35946ccc4b303dd57836ad10ec1f95a0bac91c0c07f2f20d8445da939ff04e,0.00013969267611255238
Destination,02f34c4d491da2bc4cd070d35ee39aa6cd8ae91ebd24f2033708194a4e6d3bd801,0.00013969267611255238
Destination,039e34380a003e5bfc97824853d0f0cc5a8e67a8a5a5c2035089676ad5eaf71c36,0.00013969267611255238
Destination,0256c22c0a7f2d65e83ae6afffe2765e158b8ae18dc47f34b2a6f72331a2845755,0.00013969267611255238
Destination,028f7ef05453b59bb74d449c637554393f78de10dd058361e5cbcbbd5fc13ada1f,0.00013969267611255238
Destination,034ab300d9fe87b50d46e8eda166ef75a3f377cf4c8531f0c595924575f3485997,0.00013969267611255238
Destination,03fe723fb435e7b8f67f0c02d93cf079ec00ce6667624948f9e29e6f1bbf459c87,0.00013969267611255238
Destination,02ee101be22a097eb658131b58a76b6850e3f1b87c9d4492f3c34d1b05089b8515,0.00013969267611255238
Destination,02f61f23c6f2abd2543d2bae3212cc0c1746983f72a39c1eedbccda89c9ff557da,0.00013969267611255238
Destination,02229f94d51028fb87a1fcb5c77b520836c0443b4d3d9fe311591acc481712f671,0.00013969267611255238
Destination,021cbf34b0b169ed7058bc8586477a2cab005f2b980b71ca0c637adf2ff97464a6,0.00013969267611255238
Destination,02c0e925be6539cf3d9ec0fb6673bcb572a7d087f9db1b954dfdb04502e9cf1ece,0.00013969267611255238
Destination,02d5da8ed7c0d11f8ce6004167887814f0af6988a124131a7d0a2a956825607178,0.00013969267611255238
Destination,03e5fefa29743c6b44189f945527f6be2c23852f94450ab0a3a0bcca15633a4cd8,0.00013969267611255238
Destination,02880570366d9e1ebc5f8eb01d277594e1943a1c80116af96331a4be305cb11799,0.00013969267611255238
Destination,02b2f4e8975649fe4aacdec4a45d4fa08fca5e6f43345b602cca038e6d4d14fe5a,0.00013969267611255238
Destination,027c5166b40423795c0fc41fc18c944dd95e070582f514450215ed1dc1d98c0afd,0.00013969267611255238
Destination,03cbb81178f97645fabf3c310197eda2ab44c00d41dcce55c82949bf482d4419ac,0.00013969267611255238
Destination,035e6216ba5e121b1c9e8285d1553034893df2cf32d3e216717d1b93a5069e02c3,0.00013969267611255238
Destination,03e0c11eaafb1e78f5c0e0c16bee7649828f8359e4ac275f865b1f89222e5b7f89,0.00013969267611255238
Destination,035a6766383a9b5bf3684b14bc1e766938e4a4712fb75c91ebcb0cd91d90c42f59,0.00013969267611255238
Destination,02853b872b7f8d4e27e4a1643d6a585e509cf4ec2198b07cf6cada58dbd85fb98d,0.00013969267611255238
Destination,02100f980765358415bde78d569e1c2a32ec6b8a5c93668489a45025615bdefd67,0.00013969267611255238
Destination,0378e741889e9def95f488ad21d195d3357b28403527e5d3b4987e92e680b1ba53,0.00013969267611255238
Destination,036fea2a1cfce13ad06022cb8ae593d76c9e9eb1c6dbbefe26ef3b365146b379cc,0.00013969267611255238
Destination,0358c8870b263e43c53131d2d5ed49e45bc3e1fca7255c13bf69a275ccf05c6ede,0.00013969267611255238
Destination,031e41426d7ac75496d090a92f778d89edcff3bedc36db913b0975cbf112ff5283,0.00013969267611255238
Destination,02edbab1f30224e4ccc4d70eae7dc5c06e742c1e0d79a375125ef9200592932ba7,0.00013969267611255238
Destination,023a2c128214988ff63d73bcdc5893bedf873cca655bf2e0aab775bee04efbf59a,0.00013969267611255238
Destination,03e68d054e3260b051bc5ab802760e14c7bbc0eedfa56b824e0f5d16b5addc29f5,0.00013969267611255238
Destination,03156db69ed28e34ed1fe00d87753cf52e1a1a8ad149331cbd68145426f349430e,0.00013969267611255238
Destination,03a9747dd16fe61d8d6805e84f215f6a9d78f6c73c4cf87a25091bae86d8246d27,0.00013969267611255238
Destination,032399cae304ceee435d458344950d75c2d29f33e2ac7a7998a50eeab5eee5e631,0.00013969267611255238
Destination,025f1534958544a90777ffff70eef59601bd7c990e7440aa2941cb6f12c6ae418c,0.00013969267611255238
Destination,032a5594015483860136fcb4b8be1e5a7c0c414d8d432d9cdda985b3426480f90e,0.00013969267611255238
Destination,034d34153d11f6e13189ef7425843c03983c35eb5a6a0aea5de584cc335122c316,0.00013969267611255238
Destination,025222e79bf200873e16260af2b67e409f8740082aa25c5da145e42fe444921c9f,0.00013969267611255238
Destination,039389a69782c16fae4d52100a618db3a3711bfc9b9bf65476a1b2c502443b67af,0.00013969267611255238
Destination,02d61bd7d56c6256bea8666124f141132eadffdc25dd90684dc6d90b2fb2a62116,0.00013969267611255238
Destination,03a97fa5c075037b62c37224ccad972e8d0b8c1ce7e273117aba4bf9ed83bb26dc,0.00013969267611255238
Destination,03009791220fc72580bb0b9833b68fd487014be25238c782cae92146c875d26da6,0.00013969267611255238
Destination,02b4d2557c18418b3c03a2e8d1e09a0bf9cd079705aee9575891024878fdba1267,0.00013969267611255238
Destination,03bc9ef0514760dc116a938ff7abf4a9ec71fca13168fb972bc64345d4b06ae83f,0.00013969267611255238
Destination,02c9226772df3fe5023b2f842fc646d606bda9ce6a06b7b2d958e02b16a970c22d,0.00013969267611255238
Destination,02b72c8f9e24bcad72dabe380c8f7317e934e52556d05714e74e398cece16eee89,0.00013969267611255238
Destination,02790248f74e750d495ab5a0fb4a5019776d19c9e56b0ad000a0df2ca93acd0480,0.00013969267611255238
Destination,02981f5414c5031301b84c9e55e30c2dccf7d206b2a6694ed5934929ab702d710c,0.00013969267611255238
Destination,038398286d47300a40381620e2f738c43a572fb770f42fba34e42f8fa9712e61ca,0.00013969267611255238
Destination,0291a5a80ec61d83b8212b49027cddb8fcf883bcf64a1fd86b827fbc03a410777f,0.00013969267611255238
Destination,02a606dad5dec0cebca903f02c0bd304f1aa5d3728812185ebd92633fc1a299af6,0.00013969267611255238
Destination,02ef8e70ec71d50b876cc4cd82cb24f9c766a75e308c27c1d52e674c8c6276ad4f,0.00013969267611255238
Destination,036f83009f0a455f15787d212f7ea82fef0a78380139dd86efd674bb6fa68fce98,0.00013969267611255238
Destination,029c20772e97f6ce82d2dd15f589182d4fd1d15c582819fe017da7d8215f534dc1,0.00013969267611255238
Destination,02d32da3c03476767c4c5cd4c7c8d5fb15bc35d55ae9930cbbaf51c97b86084f74,0.00013969267611255238
Destination,0365b3c06aa862ea0c67a656eec426d4132738788cc629c6873724e0ac4065bab0,0.00013969267611255238
Destination,027d5369f807773ed75dc87dd12c585210b72827263f4a1009f052e67c12ac92f5,0.00013969267611255238
Destination,03107af3936ee262a077ebf9e5ca3b0a7df199c783360f92e92d6e2c13807fffa3,0.00013969267611255238
Destination,03bcfc26ecc326d3ab012ac7821f6fcec6cb75337ef505675c522e28d69061317a,0.00013969267611255238
Destination,0252d82174ea9fdd38c8a4653f6d6352d8ffd4879b3e8490e4736d171193265ef9,0.00013969267611255238
Destination,03bfc06285536c8f3f4ce8e68f720551438ff9a9f5334f274e8381d36e538505c5,0.00013969267611255238
Destination,0279f06eba0e1080f6a693201f090d0635a0e5dd2ef57d0207210e3d338133092e,0.00013969267611255238
Destination,032394afb98fa3aa9b47401943bcc6d93a5c1b57c22175579068396520e2be2cb5,0.00013969267611255238
Destination,038a9e56512ec98da2b5789761f7af8f280baf98a09282360cd6ff1381b5e889bf,0.00013969267611255238
Destination,03dfbea6becd61f4ab37198fe0d77730cb651941cc76f6d56cfe56b74118361359,0.00013969267611255238
Destination,02a3f384ca60b6cbc3182d344a1dc3b6c2c7211ab686f16e985643b6e6245825d0,0.00013969267611255238
Destination,022ce76cb9f11dc8c1e96ec90b06f7703b9c99e36fca0ef731ba8f90dea3aa1ee6,0.00013969267611255238
Destination,0292b262206c9f979443b5e270511c55cc5740fa0a03c38164ce6e0340c5927168,0.00013969267611255238
Destination,027981a52b0fda74a0d24b9c2b49acb1cf9cf279abd5fe80751d4dfe069babbace,0.00013969267611255238
Destination,026db21580c5f2943bd5c1a88bfabb871a29a44716edca7511325d1ea3f38c4734,0.00013969267611255238
Destination,036902961705888f6f8897ffa99d1fe66dd539e2be8bac59dedb9b8ca717031428,0.00013969267611255238
Destination,022d6f7950717d20184eac6607552227b04fb6686e15dd17e404e4ddb9964d712d,0.00013969267611255238
Destination,0217ffe7c7cb1236c2cef92fd2d05fc0c741b873127898ad173dde7c2578d9dc83,0.00013969267611255238
Destination,03676f530adb4df9f7f4981a8fb216571f2ce36c34cbefe77815c33d5aec4f2638,0.00013969267611255238
Destination,023ef61f179d401434cdb44cd392d06e1bbeeb4eba66097d87aaf5e1232b7a5506,0.00013969267611255238
Destination,02a619f265cde5eb77f3cb4e3158a8340a7ce4184a39c42e3a32893f53e2e3f82b,0.00013969267611255238
Destination,03f80ac42485f24b4b41c58127572d4cfd70f7069dbb2765bfb36e51a0ec8b9c78,0.00013969267611255238
Destination,034d3a52b36614092f2708f7ad5ceac0cc624e696f463c8b9cba8de4827de2c8dd,0.00013969267611255238
Destination,0360d6fdbd6ae2f28ed3b33f0c0a58b521999d19a46f24ab6d3edd4b4dd5d14d90,0.00013969267611255238
Destination,02ec5bccbebb61375956a9075060555f951363d80f860da99eb1dde4d64c4de630,0.00013969267611255238
Destination,02f83ee71678b12136c6605489d779a9c4aca75faf421de872aa701ebd89e5269d,0.00013969267611255238
Destination,024124e9461c62ddc60e49d4c3b47c524f40c2089a082c8f7b69bc09775ef9a20e,0.00013969267611255238
Destination,0282d22a092407a974048e51531ea51a0ee8471a01c711fabd01db1e14d5f2142f,0.00013969267611255238
Destination,023673f28b99df4387001eab0a8fc060f8cbac78b2f99b6131464de6fd7e2e24f5,0.00013969267611255238
Destination,027c093f1cca968f33e177380303cf140d96519a1ed602d507b485afdc930f9e6c,0.00013969267611255238
Destination,03aa66e2a8ff6da4e9f431bbd89585ef564835a0d977b40955a92a68235e4f09e1,0.00013969267611255238
Destination,02833c91c9e825c9383a8a342e2a205cc9a5b04473fa9d5374b5e0db835b1ebdca,0.00013969267611255238
Destination,031b2456d16fee868c5ff164b36243bce2ed23be88d28b38e5f2aa96107f0a4bfa,0.00013969267611255238
Destination,02fde375872fdfe4ab5aaa55ce7afa51674cf1b37593a59436b86a3d50dee010ec,0.00013969267611255238
Destination,0292f947fa33a527ecd6242e34af2c48327220d327817f0dd39318986619956bf0,0.00013969267611255238
Destination,03c5b754955027273fc7aaa4b66a3f22b2a940bd837dc08b5dc3eaefe61c233c81,0.00013969267611255238
Destination,03c96bdfcb9d4c107385c96f1b60a3910f4f28e679fb119d8ee5e243217f717bd3,0.00013969267611255238
Destination,031f6622ab3b5fffa80bd7a3e15492facf4f0249524229460a0e73dc188c6fbe90,0.00013969267611255238
Destination,034b64a81aa8acb1b2807a508694ec91f50e08106228d0f6cdf2944373db80b0aa,0.00013969267611255238
Destination,035f3eface5666a1a4bcb5950d768eccd35ff122c64dfa71ee50db749ac088d2c9,0.00013969267611255238
Destination,03aa074bb91145a10d946fdb981bb89354d35bf1d3ab7fd6817c139308825b5eb5,0.00013969267611255238
Destination,025baac97924edf94780892e0889360a4f66fec6112ebeb7b324dbedc992b734ee,0.00013969267611255238
Destination,024abb55f6b2c8c99e052cddc2ac3560596a7386ec44e33269108f1b7ead7da6ee,0.00013969267611255238
Destination,03540c5a5159390c5644e16a80e5a8036f99759a06c6eb4ecbd0a84c11dc64f7de,0.00013969267611255238
Destination,03ecb39d80deaf6a934bac97ba514ef9709560e765c6408fef3ae8f9bc2c9f5854,0.00013969267611255238
Destination,0280d9cc3952492ec8638549af954f441f911f187c39535bf4dd9f4afde66c5b82,0.00013969267611255238
Destination,03f724b4bc6cb04f45068c0fc542c35e7d82dbe750383e2eda229c8304699f48f2,0.00013969267611255238
Destination,02c911ba09b21441200e0424279720ec13290b36cd51f4ab1a80cbb40b3baf0fe1,0.00013969267611255238
Destination,02af388c3847b3dcbefc2f61363a8d9c60aec55267f08a5ab887b3cd8e0f10ac15,0.00013969267611255238
Destination,03c48fea0dc6f5b8433d86f56d888095e56a74f1ad0b34da56f6ed2911e9be9ddf,0.00013969267611255238
Destination,03bc4e0e66b3125c93d73a0003d50aef902356e5be97658a312a90974081178750,0.00013969267611255238
Destination,02a18d70eff6b85d8f23f37449e8a0d525dad6eaf8433b4b52747e722a0705ee56,0.00013969267611255238
Destination,0359acb921e19b2a5aa350a909581f8750ccf94994547c3a4e4a54a4facbb58f21,0.00013969267611255238
Destination,0223c154b52d907a9d763c6f0c356f5d665d6b5046992355bbcfa58cfa2146700e,0.00013969267611255238
Destination,025caec338b667c6ac29fefc94104058c1aaa8396188e14d8de8dc3e0c9ab93ab6,0.00013969267611255238
Destination,03486fcd9121d8015dae2e949b80d036c27e0b829082f12bfe4b6526b08bef0e56,0.00013969267611255238
Destination,03ec621c123109c169d8c1366a6d58832d0b06ec7504ad4cbe05829f56d6aab1f0,0.00013969267611255238
Destination,028524789b5688c47371d74130f8284c7c6bf53928c95d441d36018934f3b3afe1,0.00013969267611255238
Destination,03bbb811dddad6ec707714674cdf09b185782bc764fd70a1e9926de9baba1c76c5,0.00013969267611255238
Destination,03f96dcd4861705f6c33a79c7569ba1b3d33f8177ee07bc96c606759bfc9940f80,0.00013969267611255238
Destination,03b251cb7b354d330df8a1a6694e835f4fb47355dae53c0b11d0902ba6644275df,0.00013969267611255238
Destination,022a30b60c4d4975509917fedf77f99c1f97292455a3423e3c4a1bc035aefe2900,0.00013969267611255238
Destination,03f72d1183db73532084d7e9290a78e36a796b334677b2f68bc4312de4f89d9c80,0.00013969267611255238
Destination,039243cc1d359b3b93d5c7ff70c933cf14ec2b940c7c0842cfa5616f817a571b24,0.00013969267611255238
Destination,028b249fced4bd83c4919002a906aa476b4d80d375c9e8e7cfe4bcac0a7308990d,0.00013969267611255238
Destination,0239e4dc85543cd84b712850072dc5e1bf0190c44b64dbe822581013f849a794a4,0.00013969267611255238
Destination,03f9458f463af0291e3fce6d9ee52f9a5bf871f57a476f7ae2628897fc1ae61d74,0.00013969267611255238
Destination,020cb9b93492969c03d4dd24441e56b6a2c40361fc2033cdef43779dad72b43592,0.00013969267611255238
Destination,0289b70b52a04e951446674bedb571336295a2890ca0079639ebc067076277d571,0.00013969267611255238
Destination,03317bd8710e64b280c80fbbbb9a85c814a27c5a94c055dc6bb7799345223bb121,0.00013969267611255238
Destination,02329ee8b584579d365304d523c0c1b4687f09f1400712c11fdf5c4f63c451e2b7,0.00013969267611255238
Destination,02ac8905ddd63d49def255555d50cf3151d999a600e049e4159f6f46b9cda31610,0.00013969267611255238
Destination,027b77441f32d88262be976d8009791bcdb1741d2d9f37dc91c6bc13ab7de812af,0.00013969267611255238
Destination,0274f089ac9a100701b3c8c5004e34f9f0c0440850a938088d7b6207c9ca5ff4ce,0.00013969267611255238
Destination,03a0c26d1c675fe46ded3c1a02ec340355d39bffa41378d9a481d3b79bdc680429,0.00013969267611255238
Destination,03293c794eb32bccb9c252120a05a176fcb9c0554594bb2a91bf9a99d3eb509d6c,0.00013969267611255238
Destination,03f33832e08e20e4e33a5b221a814712d553a56003694bd531bafb8ae325064a83,0.00013969267611255238
Destination,02a56509b908c61f6f1d06b8c5f2376d14456899ce6d74f316d05f3950a17c201c,0.00013969267611255238
Destination,03480b08357b1934f849273dbf75ff7739d2f00e263d263f00815b286084fbfe32,0.00013969267611255238
Destination,02c2c2f3449ccd92ab11d9304ac14af989c2615942c34689c461697ef577077d6d,0.00013969267611255238
Destination,03dba07b8d79e91a26b42040b9bb76febe95efe83cc1cd81b5a7541914692ff05e,0.00013969267611255238
Destination,02e9ef2db53636ab4e610be8894c158c052e0aadd060345fc325b917be58b9fec2,0.00013969267611255238
Destination,0313451313f64a1868bf7591eca616c3ba0c27fdee6ce7a393462926f386f22fa4,0.00013969267611255238
Destination,0214b1f6b48998b9eb19d8a756af39a027202cecfe608450109465bbccf3bb74ed,0.00013969267611255238
Destination,03c216be63c727726e6bbd4c1d338879b322bfa8a8f57760c13571a502bd1d5bf5,0.00013969267611255238
Destination,02d5f9ae591665abb35ab0d99ec52368163e20b4ad3b3e2489a4602885ca492196,0.00013969267611255238
Destination,02690c77012988a02a5dc3a9be2e43b1e71ced3be34b6c12222d6776a3858f9cc2,0.00013969267611255238
Destination,035cab6a65eaadafcf9434bd6c4b613f476fad47d4144e1e62b450d9dfa966304e,0.00013969267611255238
Destination,03483f16dbeb1f89123717e67a31c8c691aa339cc411850eeb6df79742cabce78d,0.00013969267611255238
Destination,028bdd8a109836f30d84f6d1b37502b93a8164ec6f967f24f36440e97867c3b292,0.00013969267611255238
Destination,02133466886e60299f64f1605bc97de041e1d8c2e84faf43fa06a817e605605e31,0.00013969267611255238
Destination,0267b5000c1f4e94f4acdb0638ac5d6963afdfb28ceeae3f1e9dd16371d5929e25,0.00013969267611255238
Destination,0386d9662040e9af6294d8a1c64cf98c7c6ef043e5e31af8a9362a3d300b52f500,0.00013969267611255238
Destination,0209025640c32cb6dd8dd1644884fd83a13a1a145110351b4adcdec208a90bf20b,0.00013969267611255238
Destination,02957f46fa1ffd7d63a7037e86303e5c726324acfbb8e3e41814b4eabb88ff12df,0.00013969267611255238
Destination,0202c4ae7018c8072987010a772bfe0898ae1cf4697ca30bec92558fe196f65bba,0.00013969267611255238
Destination,037e138923422cedd2d6f8ebbfff476a84fbbf7ea972f8a164b5887e8044deea4a,0.00013969267611255238
Destination,034db5521043e56f85dd4a0cf0e2424adbdc7bfa2107a58c5b75a80bbf86a46e54,0.00013969267611255238
Destination,024e20431ff4baf5a7702c11efe1324b9631b4c2352217ff7c0a92885d18fd0a05,0.00013969267611255238
Destination,039da2a14818e57bf38e9ba7b05e4f61db1c0f7029daaa7dd6c951ea42233f9954,0.00013969267611255238
Destination,02a27e30aec1e835576e66ea809acdc97f39a9181afca8d1309105b14f42e14804,0.00013969267611255238
Destination,03a6ea2d9ead2120b12bd66292bb4a302c756983dc45dcb2b364b461c66fd53bcb,0.00013969267611255238
Destination,03b4b865ce6d978064ce98f239254e71a8f76c3924c7d79f59f22dc93ae801de35,0.00013969267611255238
Destination,025d8cca3a924202b76d9a81a7ee2830c0d5a35eac93a36d869ae9a7dde8e13aa3,0.00013969267611255238
Destination,025d121130ade122d8d5d6f12d826cf6c435ce5feb011dbd399d090f6d103d2b16,0.00013969267611255238
Destination,03bfe6723c06fb2b7546df1e8ca1a17ae5c504615da32c945425ccbe8d3ca6260d,0.00013969267611255238
Destination,024932a9d1956003233bbf7d8f2a838eb1097c403ef59b74d1175ece05aa5d38f0,0.00013969267611255238
Destination,02909f5257f53cff3a04d070b23d89536e73d5cebbddf610100c7bce25c88f1542,0.00013969267611255238
Destination,02414b4c1239e0ce4234a4688633891c834694f638b9066f9bdcbfd9d88a8c1b82,0.00013969267611255238
Destination,02e296ec5b6f9783d7b61ab4a182a0783389855e7dae60796fef6a5e1922c1abfe,0.00013969267611255238
Destination,0236735c6685f13fac6cc0aac6b63fc525e3b5948975eade24257f5cf1f4ee52a2,0.00013969267611255238
Destination,03425ed466730ad379a9fe05cc020f5127b3f0d4fb875ef8df3e79ca28cb8ee547,0.00013969267611255238
Destination,0360db9639181117bcf49f68b53dba4a08d21dd1f06283ce130bdbbb99fe69ab6f,0.00013969267611255238
Destination,02fa5aa9f53b3c035e86f04ce0fefb5b93f7a554c015195cfe1dcdefa06e73187d,0.00013969267611255238
Destination,02eaa325a9126380c0e5c5c78be31de5cc7c1654be1ea0c469b2de7bf6531a1d04,0.00013969267611255238
Destination,0269f2f23576d16bf054a0d32c21a318926e79d879c187846529974df56de197ae,0.00013969267611255238
Destination,03bcc87d81f5ea55035617b040e1b2bc36ebf549fb6e4b544027b2a4604195f0ad,0.00013969267611255238
Destination,022744d4382c28988fea6f49cc337424029d8bbecc7236a8bcea97ce4f23332b2a,0.00013969267611255238
Destination,028ceb1b91e627a504eb50e5e51458cc148a08cbadf13311f1a23ce861d9a21da6,0.00013969267611255238
Destination,025143035e06fd7ac5f29e18ac58ed1d569fc4b7a97f58caf00bb523fa8842299f,0.00013969267611255238
Destination,0264a62a4307d701c04a46994ce5f5323b1ca28c80c66b73c631dbcb0990d6e835,0.00013969267611255238
Destination,02fc22cb2dd9c71b39ad246ae206259376e0127cce2192d4061abd0172b53f391b,0.00013969267611255238
Destination,03eb6028196aec563d55a632417426b53f072d7206e1a35c7ccdd68a8d9050db21,0.00013969267611255238
Destination,031b46083925b9896c511f8285ce699464d22465df271bc8ff9fd9e0498cc461e2,0.00013969267611255238
Destination,0372aa928f48eb664eded0773829c1dcd7fccfbda81e1b99410ae91d6708fd39ee,0.00013969267611255238
Destination,038cbf55b5f0ad63865ec0528259cd84c47e84770a840d44cd8570145ceaa868d3,0.00013969267611255238
Destination,02836ebfa017c014186a57069bed7dc4ea2df775ccd45434363ac14500fe9dccd8,0.00013969267611255238
Destination,035fcbf3d34c71ffe7404c5660242f9289991021cc3d52098d0038f839552365a3,0.00013969267611255238
Destination,03e0a9226f731af0d863ab49f6c170013321eb1919599215640766a17687e51da7,0.00013969267611255238
Destination,0341e942c3d3f35b7c89175588778003a74af63d02794c90314941c7311b14559b,0.00013969267611255238
Destination,02c521e5e73e40bad13fb589635755f674d6a159fd9f7b248d286e38c3a46f8683,0.00013969267611255238
Destination,026a1cb0f9a275321be144381adff498d316d373677abf778f7ab3f51c713cd2a8,0.00013969267611255238
Destination,02355333d54ad85084ee16eec095e86b37f61ed0b713e86a388d644e1ec839cc41,0.00013969267611255238
Destination,02bcb5b2b9cb67000f69763699adc64176bfd22b32c755a1350e34fe4f7f916878,0.00013969267611255238
Destination,035314d4d093d3d00568583c4e6b37f7970d0d3f05ee71d4594c7ff665c22d8cd8,0.00013969267611255238
Destination,03064ffbefa05836410f932b9a1e6a81589ea5b29f40b26c350a097e5ffdab6398,0.00013969267611255238
Destination,02fb1ccfc12cb83ff3407359f4d8ff5fafc15b245ce92378d6d0faf5eb453253f4,0.00013969267611255238
Destination,035b04e00521a8d50894e813c72576d2a03a09cd940be074b7f2e35e0a01d7d12d,0.00013969267611255238
Destination,03d8ef4620be554d89902bc9fde9498b67790f416833b84d76298e248e4fccef56,0.00013969267611255238
Destination,03e25b2318aa5f30c66f2a3ff30d8ab77aa687cb543076400155c6be994bd83164,0.00013969267611255238
Destination,03a098ad67a6408b3ee193d51c9b3e6a0eaaa90573fec2486d19f9152924807272,0.00013969267611255238
Destination,0376d0ede3c52730c1838a07a46a4e583158eb2ccf5cf79f918ce10c3e6fe3e71d,0.00013969267611255238
Destination,036170c5f4fa822a4bb1b23535eaaace9376884d3717903370d5cad5ea3c8e3959,0.00013969267611255238
Destination,02d06be7fd0073e8edd3575f42f85cea552d7b38ff68dd1cddce56a25b74b06cbe,0.00013969267611255238
Destination,02fcd27f1837ff7b17ba9603a238407d2ce5f30e0606e7d01f94525c5d3e1395a8,0.00013969267611255238
Destination,03b83a81de6351ab0a0f60107a0800affa54d16fd56811e40bb7ff6e09b8533873,0.00013969267611255238
Destination,02b391a4a36c474cf756e801bb7a59ed21a882dcee4d22293d12db438367d3ded6,0.00013969267611255238
Destination,02da14d047b0e118987493f18f0494e7eba1c83782eb4d8f7609082b332cfebd25,0.00013969267611255238
Destination,03fd9ddfd71933ed8bf158486a2d9f3e6a28f995e7403bd227460a75214f21bcd3,0.00013969267611255238
Destination,0205708059099ff3c3326f518c75e191e69eb063062ad63d47630edec9e7705629,0.00013969267611255238
Destination,02c869b06b213d1e25d92a4977d85e9ad355c0eb7c4187c01774a1e2853a2ac0ba,0.00013969267611255238
Destination,0319a11c9882657fbdb9c7a46c7b34ed3c3a872965f15ac6f91446e2de895bd012,0.00013969267611255238
Destination,030d87951668d5b79635db04e93e9baece1adb3cecf76acb90a091141fcddd53bc,0.00013969267611255238
Destination,02c243fb0cd456bd15086eb00f68ea04b44fed8b64a139734ce68e85f1a49e90e1,0.00013969267611255238
Destination,02fce0ac69c27f3d0de65926edea0a3c8cfc82dd48ee3da82d3d194ef6159146bf,0.00013969267611255238
Destination,02582458bd71d63f490c080bb2d125b170c69609a065bff9221fce4066bc666524,0.00013969267611255238
Destination,0308fcbebc6b41084c7df179f4064a5a4997f25fc78bc68446c248badbd30ceae7,0.00013969267611255238
Destination,02a8911ee0c36aa222b2b1c11127f327bac28c2424eef80dc77a5d350b40e6e1aa,0.00013969267611255238
Destination,02e90724ea849bb0df61b44c3f4e6418dae8565592674de7aec3bb939a21eff6fd,0.00013969267611255238
Destination,039e5feae7f08fd3ecbbebbc26fb38112268a42323e6a01ebf38ce73d29ff9ba1f,0.00013969267611255238
Destination,020caafdab16dce440a4802b2fdc42bfa0592e482322e70d67d73e3e958a7d6b4c,0.00013969267611255238
Destination,03dc8ab6c86cb55120019f24f4d1ef87793d24c2b0f968cdf0c51e29f567b4a32b,0.00013969267611255238
Destination,038e49873ba9fc3c0906211e931ecc1f733f9c00b2038b3427bc8e894e32d3ca14,0.00013969267611255238
Destination,0300695f19efae1bdd36cf91d00f5cc3951b11d80382631fa2d1d3414eec83c040,0.00013969267611255238
Destination,036b18ff0fbfea66c5e2643c3732da18fd6824aeaf1d270ce36342229bd035d5a1,0.00013969267611255238
Destination,030ef18b788bdfaf899071bb975f258306f83eae0a83d9e52aee93ae894296a42c,0.00013969267611255238
Destination,027a75a178187d1472f9a4e3dfcfbdd1ba1eadeadf7be9a109e0ba7fd7de4d36de,0.00013969267611255238
Destination,02cefb22eee2b8627b63f0f6acd8c15939e7a790eef0dbfd606f3d6d33b37d0587,0.00013969267611255238
Destination,0290707d00429f83ad4a9ad717cf5e171a2e96153f6815fbb0c9af7df170b88a0b,0.00013969267611255238
Destination,03727ea911f483664bd50d082ded7253005ad0bac91e47796d09ee7f284a740fe1,0.00013969267611255238
Destination,03fd7eb7ff56dc659e2d8e7c68ccf391e6b12ce37d3543bcd5a243f69550151891,0.00013969267611255238
Destination,03b99e214431ee4a873e109ff2a9f6188b99863919f565bcb1b962aba77a4430fd,0.00013969267611255238
Destination,02505b6ea32f9c3f941f9938f120a67b702eb60fe7fddde0a16c9a0bdc31d72b17,0.00013969267611255238
Destination,034ca4d91049787ffb53cfd2410b68ca66c2ea5142489f0034099a42f79cef06b0,0.00013969267611255238
Destination,02a1b21b8d57b82dca6a5a270c5a282818220bfe86cf164b16c06f5c187bdcafea,0.00013969267611255238
Destination,0202b5d54467d075893d46b6205067bbab2bcbc632513cd15661ad803d2dcb4ce3,0.00013969267611255238
Destination,0382d710b210d390bcb6acd748262d8792d2a459efe38618cb610adad317418ceb,0.00013969267611255238
Destination,020ba31412bf883e492ad8a58bfb09818fafa2cbf9512ffbbedaa2de7387fb0ef5,0.00013969267611255238
Destination,02a9da0c2cd1aecca28ed3367cfe3ec1c545bf95214d9ca4deaf75446be2c5af8f,0.00013969267611255238
Destination,0269c7eb46d61a94f2e631fba65caa2db55374b61a016a3652c1d87265fceed5d1,0.00013969267611255238
Destination,0212a37c242e693e8d2ecdcfe748aa98b3aa2f59a9f2c4e73215e2cd37ba1f068b,0.00013969267611255238
Destination,02208e802b3c514bfe67b3e2190b1340e9172b7556db31d118ffbe68afdf89f103,0.00013969267611255238
Destination,030824b044a38e403484b7db4065ab0029e48ce3e377dce2f120f3cc26f7bbdb27,0.00013969267611255238
Destination,039104f8194c6f181eb54086f04321a3a4534f918d1196fa9684ee4a6bf1358a4d,0.00013969267611255238
Destination,03c1d1e87bca173dcd7064bb6701056a1d2b3b04ed5d6962675fc4b5892bb70164,0.00013969267611255238
Destination,03d9231f97a1dccd822ffc58226e9c7f2bec9dac00df4c0ff6c73b3d3f6c6ef6ea,0.00013969267611255238
Destination,03a55c7537333045fc8fea43cef6174f5c5e2539f481f0952c2a322280362e9d03,0.00013969267611255238
Destination,0250fa0b1d8907019d1418015d02b1caaa1875ffce9f302a91ebb7e8a9d2387d48,0.00013969267611255238
Destination,03fb6aeea74945da9b729221a99e4dd1d725e2547167de12b6f1848b34bc5f1301,0.00013969267611255238
Destination,0363c1c1547bd076a2d2e3e781ee182405949566cf779fce318cbf3403fa1e52d2,0.00013969267611255238
Destination,03dc240900548ade2ffff338c3dadf78b2b5199d832a61fb542be2826d14126239,0.00013969267611255238
Destination,033d7e7054f29818f9eddc9b7960dea7aee7d58b23f36f10fb7103247c82e920cd,0.00013969267611255238
Destination,03290ef2e6841fc1c30ddd8c3afe5ae208ec9ae1f6206225b0636d77b3d7532e20,0.00013969267611255238
Destination,037ff12b6a4e4bcb4b944b6d20af08cdff61b3461c1dff0d00a88697414d891bc7,0.00013969267611255238
Destination,022a323f040f977acbe83e5d1fff01526544aae3599137896822740b8e77acc0a7,0.00013969267611255238
Destination,03fd1da48a1e6320cd110e6b0190a83c902c2b47a23f1018b77cb3c1d24c0be6bd,0.00013969267611255238
Destination,02e49210fe06ceb2f40f30167dd565d8c366e7bf97e63a541cb219288ecf4bcdcc,0.00013969267611255238
Destination,03b64315b0102bd8e49121ff36ed1418bfaeb2a83d9d239bfe948fa7e442f63aab,0.00013969267611255238
Destination,03d6f885d25f597de1ff41da9d0fbcd50be4fa0286083f32f2ee74bef09c0ed846,0.00013969267611255238
Destination,02f49ea881d143aa97a8ab464d1fcbe8da54d2b226c87cfab40a674e656a5149bd,0.00013969267611255238
Destination,0240b2b1f91d742327ebd34ea1129985ec98f9c08f7ab9a884a77ff3472897242e,0.00013969267611255238
Destination,03ff598de9beb34242dd6aacbfa7a713395c074f50f512c603c0ceafb6af046efb,0.00013969267611255238
Destination,028f267cf3c6af0e299d0a0fb981d31ace95a83edd2126f9fc0ce875b9bd833667,0.00013969267611255238
Destination,024c9d8813dad53fe9324e81f0a0a63f0124762484df179116897b8cab5f62058b,0.00013969267611255238
Destination,03ad9dcdc77ab75dfc7e20d51e067a6713ed5216689ddc47c01ed12dd950913575,0.00013969267611255238
Destination,028508ec44e4c7d1401acbe6cfb33a2ed0e38103785e1f7564f80d29ca85a4c2af,0.00013969267611255238
Destination,02d7b4c6b3e35b4f77fe685958e52d19a187b8063239bd585bdcce2c5708000db6,0.00013969267611255238
Destination,02d2cb75cb5ed3d21244eaebe2d22ce0fb4d7e49c2bf3cce76619ecde37881c27c,0.00013969267611255238
Destination,0325e2b89adb0f64c00374a5265d038ebb6e9bd37b4e439f4e2d36c8659453463c,0.00013969267611255238
Destination,03c2922b8a206f480a21c392c74862498816dc5f27c48ebdf739744ec332984f38,0.00013969267611255238
Destination,02bd3f46f05535512669e2b2b4b6774f0310b34c657854744d5c008d1232407aab,0.00013969267611255238
Destination,0302453e77e1f8f0eeb415fd9b5a0cead22f546cd45a5ca565236df44a043e3d29,0.00013969267611255238
Destination,030c017368abcc15dedaab759348789a31699326af78e741d8bd921a4f7272f764,0.00013969267611255238
Destination,03f615d1064610b51244e59900ef858c632b6621562f2779fedddf6b558e070cda,0.00013969267611255238
Destination,02caadfe95436f9fad8059a94993284d5324363da79d2c42a01434d8326eccd813,0.00013969267611255238
Destination,02fd0f07e56961683a106e5932f090d75a204f97476b191095b029d7c106ecf6c4,0.00013969267611255238
Destination,038d064ee998daf51fdeb2480d86f0c5013f0687b18a8f807ed88d9520ce44f757,0.00013969267611255238
Destination,029390e8b19c4d133bcd2af46dd64459e46f868eaeebe99953c1647b6e492d6821,0.00013969267611255238
Destination,02c75ea34304029851769b13e9ccfddf03166562cc045023d7565aefdd26d74a6c,0.00013969267611255238
Destination,02ba001a2f916ebeacf4546d35cbc9f3c7db4516e37b975e73d119b39258797603,0.00013969267611255238
Destination,02c94349316d24ab825252767b7bce64e9ae9f985696d3cf622cdb1bde87a13c30,0.00013969267611255238
Destination,021f9e0eb1f9ee6fce867298cc4ee3e389881cefb352579b57c2affdcc4724c3de,0.00013969267611255238
Destination,03391210b7fd47678df727ed7c39ea2f3c8dd43d6fb747582b1c13d4c1376f4714,0.00013969267611255238
Destination,021cb32426ed1a6be9533801e7c56a70ffc1c360a3a31819c3ae0a72e141d78000,0.00013969267611255238
Destination,02bcf5a79decf6f700808a5f6d00edc4d597199e1f1cc09149ae42ebf334e4da50,0.00013969267611255238
Destination,03f6f111d729f04e22537d258e92cbffb345e36a0a98f1c77c6fa80b21ecd21967,0.00013969267611255238
Destination,02b12d03d897d2d8fe8fa83b3234e92b79cde4beab24406a232ebdf82515906776,0.00013969267611255238
Destination,038a76001327217efd35d5f286779871818191030cf3c41ff48c215f4a6c942e5c,0.00013969267611255238
Destination,02e76d5b06f457449d2da923fc2107ff6d6a144d436045027dd1974dc27bc1fb99,0.00013969267611255238
Destination,038d4ad4f41080f81352ed3fc8f5a5a021731dae82a443b8cdc07651d5ac7cbb40,0.00013969267611255238
Destination,02f852a968c58d5b642a6ca4aef4ed4fb89cdf7a7ca1c09170c3a94ec82265d13a,0.00013969267611255238
Destination,021f17a534c22cb722100154f10f4492cc50404c79fdba3aa6332bcfeadd7d3f7a,0.00013969267611255238
Destination,032156fb75dffb5bd19edd99b459de31eeba48bf174d0fd5c22a24962266809d13,0.00013969267611255238
Destination,03b79bae7e3ed3598569dd7c1fc0d30433dd01a3dca6cb387f7810e7ff9c36c6ce,0.00013969267611255238
Destination,03008c4e366a91a4d3d5ec49e0894802a7694a517928b0a40683ac4d1760f9267b,0.00013969267611255238
Destination,024ffae29fe81aac2dbe8aaa702488fa2b378d3d1f4bb16589a335e1e84ca51263,0.00013969267611255238
Destination,03b5f4b432ce0356d16f41ad4b5ec3127329188659914c9810696812687773afe5,0.00013969267611255238
Destination,028ddcb5d66258cf9744fca63a28eea73bf3a80e234479f4201e94713c222c1862,0.00013969267611255238
Destination,022b74592de1ef344ede43249274c4b0b1d9b676d3be7bf0d55dec431a1b937cec,0.00013969267611255238
Destination,0318cd91fe43b9f015707e3f5575154664a6aab931b102a910e7b6212a8e9a6dc3,0.00013969267611255238
Destination,03789e3087822b0e5d94c6e5f452131a174d4da580c6a355d9434be6e8f7469438,0.00013969267611255238
Destination,03dcb5541ae4330d784c5d3e6cba8f5950a422fc09138e7eefdfda5432e1c9c188,0.00013969267611255238
Destination,036e3ec07bcb2c5dd7b0dd81e372295582a68940adcc74e3a06baa263c454148d4,0.00013969267611255238
Destination,03e809c96531695bd653141c17879d7fbfcdfebe7e053e3bfd330d2fd1836e1877,0.00013969267611255238
Destination,03da5abbf13038748c84a2540c792644d499e8288051f7211e9566418d32a3a66c,0.00013969267611255238
Destination,02e36aa6b0c9afef437e34608519934fea82f77930185bbcc93c0a219e221cd482,0.00013969267611255238
Destination,03650f570702b80a3e1a3e4402676c05848636ccd51e9d1cea9ebcdc3aac25bfba,0.00013969267611255238
Destination,02da144507ef75070d4960c0141785e82b8267fcfdb9a29bfd490b787ddd084d0b,0.00013969267611255238
Destination,034206c0fd02e06addc0414126bbb2f7c53f5ac961dbeb10aac53b1bbd75e1f525,0.00013969267611255238
Destination,022feebe2b580b7f421cacb430fb09c5492955054ee4a54182495927c8eb0d5d22,0.00013969267611255238
Destination,0379ead124a35685d2f1509f7e4f55070ca36649deae61b2981d1940c768f21c0a,0.00013969267611255238
Destination,02868e91de49f8c7025ee0d1936d50ea71870d283736ef5a71015179f6d1fad928,0.00013969267611255238
Destination,038236471e138a6ce54a1b02f2f41964ec94e333adaf0cb08f9fc4eda4ad9868d8,0.00013969267611255238
Destination,0366401bf255adc2c865009cec4c0627c48d8e648733538aef654615d1e8ac3944,0.00013969267611255238
Destination,02cbccc8e466c9af1c5fac902eb90f22ce438e2de0ecafc555a890df8bb170e84a,0.00013969267611255238
Destination,03e0dc946d303fe83e8be9629d3a020abf3509e9c750a02dcaaa48ac68c43e0e13,0.00013969267611255238
Destination,023fb48c091629d033c85116df1808c858e6570f500d86c6a553e44ba803152a6f,0.00013969267611255238
Destination,029859bb9d3cde023d43b306f688f02bf821f91790a9fa65f7ff5eb9278074eec9,0.00013969267611255238
Destination,02baa1cfcd73423f8674d5f5ca1778b3cb5abbf60e4649df6a961273ae963b9150,0.00013969267611255238
Destination,039768012ebcf5ea3d161008e514f3c277d7ca802e1b40359ab014b097f14e7422,0.00013969267611255238
Destination,025759efb4d7c2eaf8cb14be2844b841756b9bb967bf533e4751b352fec0b019c4,0.00013969267611255238
Destination,03c82c83da9e495a5f72fcfe1671f3ed84452234b82ef6f2403f24d08d59aa8295,0.00013969267611255238
Destination,03fc96e4e90cbc3f3b57548b0693b77c34ac696a125fe1158aaa9cf3752498fe63,0.00013969267611255238
Destination,0382ea39d05e6453c2ea4399a9fca1d453a7f4476c6513794407cb1db1a2b7a4ee,0.00013969267611255238
Destination,032c52b2aef1a1a42cb32bdeed43c445b7e026bbbe91a5d74b0d75c5de3ef11ce1,0.00013969267611255238
Destination,035ce319eb90da9ce8ef04316b22933e0b86551b4c3ad5d7a4d84e4b69b481b4ee,0.00013969267611255238
Destination,028bcbcde14ea547466cd73107899892df8be3bddb8b3fe18f8ac1ecc4b6a1d97a,0.00013969267611255238
Destination,029dc3d32483da7df37bcbbb3fd750ab58890cfde327cd6d731a5ef6c2e6021752,0.00013969267611255238
Destination,02a792ef32163beb3265b6d86be31123779d92b92657edc092aeda1b74ceaee5c9,0.00013969267611255238
Destination,02f407106a9874283d0b0432fa70a036b81c5b67ed6c571021a785ec3c89c857ea,0.00013969267611255238
Destination,02f10bc82b9165fcf16802ef5fd2413e5ee270b180d3bc8ddf9f50780ba2b9ef0a,0.00013969267611255238
Destination,020733281e6d5c7facfec05aa7b35034f00c480b5849544047fe4fecfb44cca663,0.00013969267611255238
Destination,0235d6de3420dccc45a927ae04b5a35611a83fa0485563eb35b2bb7cf1f2812a40,0.00013969267611255238
Destination,03e429a4cebb6f19b5f41c6c3733268dacc2c27d0c1fd8e1bf1c9531c1e99d0109,0.00013969267611255238
Destination,027b3281848f5d30eceb51162b8f2a6c9027201edd8322ee4122e5db670a7c130b,0.00013969267611255238
Destination,025609e972570fac7c2ec125bd9f695a5b19b549e2b5cc06d89763d8dc5f1258c6,0.00013969267611255238
Destination,021e2ae7e6853a3cd0bc4d952ae76854fba421c1560c2ef5e3a060a83bf33360cb,0.00013969267611255238
Destination,033c941c0655e5a882b35a95587f5097e02be94766916a6ce30aa5476b9fe27de2,0.00013969267611255238
Destination,03b2fdf3674e934a13a72f495d471dbe15962edd4d37b9ef3bdf2cd6c09ef9f719,0.00013969267611255238
Destination,0397a43c10b124feeb483b59875568dcc17ae2cf3f529fba4d9b3680aa6db2cd3c,0.00013969267611255238
Destination,03a57a8de10f7b266138a7ec08bf9d1241608ca2e0ea29a1db91026aa92631c9ef,0.00013969267611255238
Destination,02f019ca7983572f41abc2acf640b1adebc54d230fe44032ec11a54b63dbc3c0f5,0.00013969267611255238
Destination,03e68fb90ef5ba9eb319290af2935bc9192b11075243d74c4a6799b637a1ea317e,0.00013969267611255238
Destination,033d631908f96640e8a8d376e62a4cfdc736172249b57a3f92f67f62250c9691dd,0.00013969267611255238
Destination,0386322180eee7186e535b1ab68723f23c10f276a170bef6164c2fabf9fa82df60,0.00013969267611255238
Destination,0231569f3f8c22c5d9785d5d6b425b3b7ae07d4a49e4a9e7e6b305e28a104ce60a,0.00013969267611255238
Destination,032dea98f90cf8b17819a676f1b7c6e736895f5b2d39dc8936ea68d724bcc95f2d,0.00013969267611255238
Destination,0350f4cc415b84676267a051661f43148e638662d15f280d70474274b9c3cb0d27,0.00013969267611255238
Destination,02318623128e26140962b55979de5354d32854a725728ba9760148766333ac2f5b,0.00013969267611255238
Destination,029ab7a4df62ce776c89d51b3c0f4ff9aadbbaeaac93b43bac175f74d1b0c347f5,0.00013969267611255238
Destination,0391b71b1e30cce2f0e25dbe4ce848c19e159d1677a8368d1eb3e50a34d14f74f4,0.00013969267611255238
Destination,02318d29bd20644932aec0136c18dc56c74bcbe792ebf6c97cc9f3c0a21ca87228,0.00013969267611255238
Destination,0366cbd739d2d55fecaa1010b69c26a47307e57e598a143d88f4d3ccbed0cd942d,0.00013969267611255238
Destination,039d9379e6f45e9361b3b0198aa2f81debb0fea4bd289846ae11fee22213f33649,0.00013969267611255238
Destination,02a09dd5342c4e6ae262509625a4a0c3487a00638539f7dbace6c6cec42095c7d7,0.00013969267611255238
Destination,0348a2d7bf8225013cd7f95f85fc33768b9fb534e55bb793e268bea333e0ade634,0.00013969267611255238
Destination,028737303e12cb84643d1f0181812b559a56ef5d78b4c43d1cc0c1c1f17dc88722,0.00013969267611255238
Destination,031371bfd9e935c86bf5fe814d8e6cbc8efe50a46d711f75837a32e35b66494153,0.00013969267611255238
Destination,02262bbc21c171bc91a1d6bbf89571c95873849b9a60d3ea9671b777d852d39ecd,0.00013969267611255238
Destination,03b0c9257250a53234cd63db3254cc1b44d33d1516b2dd068cb706d5e1acb20676,0.00013969267611255238
Destination,037bc3e2e69f2fd1ffc55f9071881d53356082baab6852af3b2c5258ede3f5af65,0.00013969267611255238
Destination,0221d38abb8a6688ca7ebbffed2c7c68350facf3ed657dd131f9a5efa5a54c84ac,0.00013969267611255238
Destination,023345274dd80a01c0e80ec48928188783f9bc5281be8f5057c050492f10711a5b,0.00013969267611255238
Destination,036c5174989312dc346b678a01c02cde0db80b9a7ce7c8a437644633b1a3d0f9d5,0.00013969267611255238
Destination,03bcdd903ad4f42f1255cbca7bb0bf6d720e8cc3e24b0e16398b7689416c656956,0.00013969267611255238
Destination,026205555deb792f2f8315ccbb19868fea4eaa06d320427b577dce9c5441677d7b,0.00013969267611255238
Destination,02f84f263e1306b2136e35f7c9718089420055111265cf9897da6c025b9760b8f6,0.00013969267611255238
Destination,0283c6656098b9c2d69f46c12068090ac8895d58c0218e0a40097d74cc9f7b539a,0.00013969267611255238
Destination,02fdb5aafc8403aeff0a7696ec4150ba30ee131e995e0e179dd16af330d012ab75,0.00013969267611255238
Destination,02f5242b98d6670424cf7e0d647d8b71502cdeb2d547771be1eaef380dc51a0260,0.00013969267611255238
Destination,0368a6ba0859074d665af172333818c4b94d202909c8745008eccfd4d6aef464f8,0.00013969267611255238
Destination,0317b4cc03d3b71c7c6384201c88394eb00f63da92338d664f028be6f5cbc08f4d,0.00013969267611255238
Destination,0363662a4ae8b8b7a73d9f4e459a9b25d4786f4ecc7315b5401934f3a2ef609750,0.00013969267611255238
Destination,02ed2ba8e0138de3155fd33ba025c9840f0a409b221321140b838ba49fc3275b3b,0.00013969267611255238
Destination,03c72e758e09239c854ecb5fb94cf9356998439fcb4848dad85602bda6f4560a94,0.00013969267611255238
Destination,0381c5cca2d47f6600e244d81246ffd2f12d3ad0ddeb066d9bc11eed038b7ca296,0.00013969267611255238
Destination,02c2f56c1926a61d0e01692bf80b8b9839711e802167a1fdcc864692c5f3d0b6e9,0.00013969267611255238
Destination,03835e82bd23fa34ac0ca28e7f644f181022184b691b6f499d5f8ce5e53ea743e8,0.00013969267611255238
Destination,033f2e9c020ee143ba1d27a4226b4a8980052b7e4c77f721b1e0c2595e30575b88,0.00013969267611255238
Destination,0313e16b5d0a37a949679b047c47705b9941cb8495be9ac82a14e20eb069199659,0.00013969267611255238
Destination,03fe8461ebc025880b58021c540e0b7782bb2bcdc99da9822f5c6d2184a59b8f69,0.00013969267611255238
Destination,03c02f670ef3bd02b4e92d7583ffc3d42caf63d8ff5a7fe4d2e3aa04df8772f10e,0.00013969267611255238
Destination,02f7518dd1e2e9ed5b9bb91348bd62006e96511412ee0e23467dd43b0f8d38c4f3,0.00013969267611255238
Destination,03086d625372c6be383f29c484bd0baac2895ec5fa3a5da8b2dece9ffb4c06242d,0.00013969267611255238
Destination,02a4aae2e021b0785f2f2a7c9dc9089361995085298598992bf69f11302a5dbd2c,0.00013969267611255238
Destination,03bbd68a24510d26f0b3fd07452e4142754eda0ced1fa0a2936d28fc4c2665feb5,0.00013969267611255238
Destination,02234c3148e84ba117d69762deb3edb76c793b80d8358fe0a4c97833a58ed2dfd3,0.00013969267611255238
Destination,03310e62007ec27cccaaf2337461691d3293d8758761278577c238b61ed84a916f,0.00013969267611255238
Destination,0237f18cff17be37bb0acaa1f9e8fd2e8df68746b822804a002babb42067392156,0.00013969267611255238
Destination,023b91f29eeea2b700944f2da3adc0213d1804d082567215060093ee0b3ecc49a2,0.00013969267611255238
Destination,025f1458d1ca75cb46b289b033a9c520f88d66aa54c2034c95070be76d2def3021,0.00013969267611255238
Destination,026cfb76c987d1ab3d7a7fab4e740fef370aec64bddc5036c39fa2e63629d93adf,0.00013969267611255238
Destination,03cc8003786ec763aec9087171ac399c670c95f48b1b67b1682eb9826b640b4a1a,0.00013969267611255238
Destination,03dbaf6e9c5d4090a17371401f723d78028002e55863aee8e6a8c85275c71d8e04,0.00013969267611255238
Destination,020cd843f3128386ac5551647496d57aeb0b5259611d7ebb9314cae77115653548,0.00013969267611255238
Destination,02c341f9a0140c936bd7be263a4b193f398f4f6c4c3c39aeff8c945455ca35484e,0.00013969267611255238
Destination,02a6adac0244ae92fea654b8738d491d30d9d173bf4fb219ae449e059fe272b594,0.00013969267611255238
Destination,02cbb2934eb8f3baae0fe1e633a5f34b2a2a1a59c32d522774efc7a7130a756f43,0.00013969267611255238
Destination,03de68d2d4ced8dd71f0e245b96dc0079823941becad017e82313cf44016c1a71e,0.00013969267611255238
Destination,02df6d3454bc4c0cdd9b6e5f04451f53c48d22300d3066cf4a8fb49effd025c0af,0.00013969267611255238
Destination,02c216694a4a128c62df47fef9ed3f290cc2dd7a91e303a6ddeb588f2c27b034e8,0.00013969267611255238
Destination,02b9100bc54acc40d996f91b6cc2c83b6bab65e98e808561cae902d8586d33006e,0.00013969267611255238
Destination,02e1475734b30dc4c79b4bd1fdfac3c680b8d24a6c4d28b9f9789a79e58f7ba42e,0.00013969267611255238
Destination,03ca8ddead66e32a44a7fd8686c6276298573249f64fa4afa922b2097bc1d7ba6f,0.00013969267611255238
Destination,03baaee63fb13c060889985659620aecc69ff0d4590e89bf95195e9904378bdeb8,0.00013969267611255238
Destination,0223db490af65bdf6c9f088ad73c3c21c2aeb337e663be9b4192365f101d289e8c,0.00013969267611255238
Destination,032d1c3868b54e524b50c7e906b10ebec5cca39eff580d9836786580cafbea234a,0.00013969267611255238
Destination,0387d57be12709c8745bc35ac3dfc22611a944a12bcc1fe49a55d7c9bafea335f9,0.00013969267611255238
Destination,0229409ba371f55f796d4fc513d53ca01c17b4339e2d68f671ca297531a1c358aa,0.00013969267611255238
Destination,032312e5e15e89211df36e473d76af60672e3efebfe42a9b2113acbb456050b502,0.00013969267611255238
Destination,03ec5195d03375516e09bee2a0ff372dfa636f998699adfd98d67649589d07af83,0.00013969267611255238
Destination,029f8ee278f3098084c9695c1cd29fa7d6f8d27d0dd30f3b066cef16015a0812ea,0.00013969267611255238
Destination,031627ae24e2374c95a39d21c3153a4af7c711495ac77573d284cf73f207e9f3cd,0.00013969267611255238
Destination,030058aeb4a7f6c8a3d2973369ea8c19a98b18a61874bb21fdaa9c56be5fc59a95,0.00013969267611255238
Destination,03e94ba3ccd44212bfd3ec3c5feffac8e3cebfd1d7238d31896cef8d5cbce0c8f5,0.00013969267611255238
Destination,02b6b8823495b2af39ed58fc368b5f5fa293e3a85dd7769b5701a2e1da203f4770,0.00013969267611255238
Destination,02eeb8f17d00121579d019cf6b292e7bf8d7759a69115dd90c597fa6e48292b5ed,0.00013969267611255238
Destination,036781b1501dbeada76e0cc9d6165aa1f3f31e75b912c1e36d93fdd3b6e02d13e2,0.00013969267611255238
Destination,02dc4628552c3223e9861f7609c905c2d83b2b5d7e1a6f9ce704bf381711d47963,0.00013969267611255238
Destination,032788a0c8639f99f605f55203378a3aefa060e650912885a02f3fc42e29b3a660,0.00013969267611255238
Destination,033aa6af6dd132f1bd4cd905b46d226c357651e17dc5a7124b19c2eb81a78a762e,0.00013969267611255238
Destination,03fe3d7ce22ac88d2f0c303af9770cb0a2254125a6d29b0a6a3e449a459f1287fb,0.00013969267611255238
Destination,0364ad9d53f12f89937e59af0641ba9d724ea05de159e91f3ef825bc8acb3f7d30,0.00013969267611255238
Destination,02031c18e92e9104fe1ef468cc011908ab7f7a5b69022751382acc538ba9a09635,0.00013969267611255238
Destination,02aef8c78954524ca578e908553e1622a2fe5417c535308898785203634d2b4ffe,0.00013969267611255238
Destination,02958c403ec55d2281280afd4a4e564e63a04bf4c84b9cbb8d589f0b1683bc91c6,0.00013969267611255238
Destination,02eb478d5d5dc394abb9d2ca566a8a97836d09d27ddddd9868d4e8ca7ca9cba0aa,0.00013969267611255238
Destination,03ea162a746088f03eae97433908b4dcea67f392c5cd21eebb0fdf0d77de40e716,0.00013969267611255238
Destination,0218b0e51d7bcc5ab19bc0aef6476c5ee9a3bd1327924dee3ba73965fe3ae96a09,0.00013969267611255238
Destination,03d96a45b8d24b52e2b85140ef374ffe87486a93d7617eb4afd03769a29ec3b45e,0.00013969267611255238
Destination,025b55f9b1c0c2cb627e82189d9ba5a4f1492eb0a0651a63acfae031baa124f605,0.00013969267611255238
Destination,0313f27569a5ad177ffcaf56a3af9d70d5ab7173618f12b38d2d34539965bba490,0.00013969267611255238
Destination,022e56a21034ce320b3cdac26308e1809755f2f7cc8d00d3b644913544fbcab5f9,0.00013969267611255238
Destination,03efbb71263cfc10873a1826bdad0139cc46007a9ae33f0125913b8421ee840fb6,0.00013969267611255238
Destination,027dac96b420ada7d3bca897c221a5c7634deff4cc305173816f4b709cfdd63660,0.00013969267611255238
Destination,02baa370066c4adc7cb27f88ba7a1291c27f516a9747a617ecffcb6f6ddd249079,0.00013969267611255238
Destination,03ae2ae8d3e183d620bb9324272e6d011b6514498567f0dcf38cb4470a5c7724e6,0.00013969267611255238
Destination,03127e3883601de72c45274d9138c05ec4b511efa383da027732b3bd4d1fc725e3,0.00013969267611255238
Destination,031b5f54e58e617c33391f14e5c95872a04ec3d83254ce8ea9e37f42c6a52ca092,0.00013969267611255238
Destination,021ddce4d3c0ae3cdd894395cf3d076226e8fcdbdff4e6ebba95e60133e8d0e496,0.00013969267611255238
Destination,034735085990149e4a721fd8d192e1431f89975e55b3652e806dd4fb87883b601e,0.00013969267611255238
Destination,0253fcc26ebe93d130c29a9bf39e161fe733f7a219425b14b3f81ed00bcafb05c3,0.00013969267611255238
Destination,02727235a502ea10e6027e06b5f6399e7b751e00a445d7e37961100f5d6509512b,0.00013969267611255238
Destination,032d3764c0a0cc7a8967267aeeaaa9963c88af73402541fd0e64dc5de0542316e7,0.00013969267611255238
Destination,02c5e562009cc7985457e505cf7a5477c8f68f180a68e01d61323e901af7bb4865,0.00013969267611255238
Destination,02cda677eade330032665f2da11db5308e21fb7909eb8c30bdcd16b16cddaa56b4,0.00013969267611255238
Destination,03a7d4826cac38fbd063843265f74aa769afef9b434f3967c6752e55006531535f,0.00013969267611255238
Destination,0373541bf5247ac92ff242b4be494d2d9c94f86a9d80e6fd90b755957c4bb32342,0.00013969267611255238
Destination,03e9b9503a88f6f5bda05da4e97fafea2f5394043dcd90f6501875ec8218f9607b,0.00013969267611255238
Destination,03f67a2f97ff2d60a9b7c1e5f23d4e6f65833244d5fb5a48ef4867264907fcebe4,0.00013969267611255238
Destination,03dbf6faad6625f2ec394fd3e4d8fa0f3f754d33383a8ba92c671c4ea81c8ab13c,0.00013969267611255238
Destination,0281a2f33584cc0800eb6c1fe98059c5036c290c4cb83fbefa7bffad6760457675,0.00013969267611255238
Destination,03d454c802457fdc330e7b4982158ef1e6cbf0427d340f154491a55784ef616133,0.00013969267611255238
Destination,02ee9cf02958c5a40b7fca60f44694cefd25203da9a9d49f692d110b6a8e54f2c7,0.00013969267611255238
Destination,0220e79a66414f7ff28a371ebd31792659a2a97f376e74b657590c5947ebc0e60e,0.00013969267611255238
Destination,032138583b77f262a70a6c0d888c219ef014a245325c0e39b3244bef6d474721f0,0.00013969267611255238
Destination,02b5bac5e0907b6eb9cdf52f36bea37e56c10904498675c8cbeee845e1b5e4c95f,0.00013969267611255238
Destination,0307c1e745f9dbd85790e35c3dbb61f460b33cee7c3be84fc558c609afbcb64961,0.00013969267611255238
Destination,025e3eeabd8a1da1fc4033820edb26d6cfd2c824d3ca3c7c92df43e87468083a13,0.00013969267611255238
Destination,0234fa692f7ca39422d15008c4fe638245cb5357843a13a6945dec9d88ed8913f3,0.00013969267611255238
Destination,03b9ee8e4b4e74a3481213d4e8834ae8d5b8afe6c01ba3f311fe383afbbb1e1544,0.00013969267611255238
Destination,02b46c6bfb71d9ef4b4609cd25f91bc53261630e7a3ce28a5ecb9a9c3512355e83,0.00013969267611255238
Destination,0282aca8542e9ba1cc9cbb73621abfed1c2b23a0ae10536864a07c2c42fb751469,0.00013969267611255238
Destination,02444459ea1d00d95279eb0d8201bff23f73a3e898b1d01b34741f16be4d2f81a9,0.00013969267611255238
Destination,03b471999703a912c5cf8a1a3430a84a6a64670a96c8ce579b36cf932590e6cd22,0.00013969267611255238
Destination,03356ce0acaa68979ced3046cfa8358b29993519ded2697c97692f85c0e54c4586,0.00013969267611255238
Destination,037ae5d9b88f6e99c252313dc93522f0ad20f5e1708b59656d1b288033a3e9e98e,0.00013969267611255238
Destination,03db005d21783a6d1bec38b77fcb3e781109c6f49ccec61e2f67197510a52803f7,0.00013969267611255238
Destination,025582297026c4ec58a76aa04bec08d5ba547d762ac5d5049ae5121529d63eb939,0.00013969267611255238
Destination,02216462273ebf6fa220adff2a903f16dd78585e99b522b71c980491ae7a6c54c4,0.00013969267611255238
Destination,0313bd8a483610af84b473f4df9774ff99771c009eb759022e212dc75c0bf31c05,0.00013969267611255238
Destination,02a2f26392e4f9d2cd1d1e2edc371ccc7ce9e404c8c06fa7d96c7f1cb8d5487795,0.00013969267611255238
Destination,0203aaa91fc3ff1d15741c0738423b80228f89cd4f221a5d31b23f2855efd53c22,0.00013969267611255238
Destination,02ba2272bf6e640e7ec752e57dabd8ec61c49b543bd3a766e0e77796f44429b27a,0.00013969267611255238
Destination,0324d46dfcd912b49f3a0852f76b22ca9587cedb6c0a7f3e7e6586729781ac19b6,0.00013969267611255238
Destination,023761cf5af87785d452cfdc43cc758b47cc98993b5155ae25dfb199e0689fdd34,0.00013969267611255238
Destination,03cd7cb252ffb3dab815ea84519a1f535b682f3f3e2e8ec5d47d2257ea72509b09,0.00013969267611255238
Destination,02e6017126c1fed99c29d560454767638a83ab7be4856408274a78c087e62cb6ef,0.00013969267611255238
Destination,02cf28464f89859064c57f1b71bdb62dc21052460bb4581c008224aa877752ba7b,0.00013969267611255238
Destination,03bcc0b7e468ea0268206f4e75381932c9f891723aa126569d6531cc2bb83fea2b,0.00013969267611255238
Destination,02d6ae7721627959b25087a00a8645c4be8f1e570c42a24b0f2395499c560e30c8,0.00013969267611255238
Destination,020a2258c518d60d4a88386238140e726a510cd7b76ac2c4b03cb4fb627bfaec65,0.00013969267611255238
Destination,02dff41e67ad1204d66c8a79ceb1909707b425eccd4b926dd47e3864385b9af9a3,0.00013969267611255238
Destination,03377e3288af77e08952e2529ad3e9dd305cef9e10c25452c634037ac27678d882,0.00013969267611255238
Destination,02c6c9d46d1c8b46d3a647b4e86ce6c563ee02b5f8a4c7a047db06220fd9ae94d2,0.00013969267611255238
Destination,038867e48734239e47c6fbfc2e873984a8fa4a772402bc28ef4d33697e657dbdcb,0.00013969267611255238
Destination,02e198248e3fc87522902c9cb98a42e110416566a998368944b976135bc24e79f9,0.00013969267611255238
Destination,0206b633dd458a3db3ce7519fc7ba3d6a83010fabc1a940381d5495f75c520b1cb,0.00013969267611255238
Destination,023a7377f9f6273aa8b460809e164ccb5e8920df10657d3ed3485104c2bc9d1aef,0.00013969267611255238
Destination,036a1a7d4e07f35ecd32a3af6740161c8560623570c93316c116f40d826a233664,0.00013969267611255238
Destination,03ef11a178368d66150067ca2a8977c07e7ffc5ab542adddb81b7bb0aef5619938,0.00013969267611255238
Destination,02d8a21e0240bc406f6c3b04c047b22bb4c13670b284939a4d14dc95c53c47dbeb,0.00013969267611255238
Destination,03f8c5efbf9f49921dfea4b069c8fe5872d3f4a8a6e2513a4fe573005f24ab465c,0.00013969267611255238
Destination,035fb4ec10872928c4a5febdf5dd705e63342c88c29d909b1cd4b0aaf581bb7754,0.00013969267611255238
Destination,03ef9a8b0238bfb0220944645b5bb0c0a599031a3667d0b8312065762ba53f3374,0.00013969267611255238
Destination,02c62abe39838f5c4c4d95f748ee10f83b3ec3b76a40876ee64c2f3cebf9d4810e,0.00013969267611255238
Destination,03ca6d16f1a4ab084a843a207758f75a14be474fb2541959601b688670a6dff4d4,0.00013969267611255238
Destination,03534c8e9a5ae623a6190b78a7e292d92b7359fcbcc38452e1d6eee4bb08bb3870,0.00013969267611255238
Destination,0366dfaeb9b9619e1e8933726404a37aa3c4ed884020fbc6e1f166b125e927fcbe,0.00013969267611255238
Destination,021d6195315e550686288f6df088b6cd03b33c4491f8fe6c2291f8bc6406d52fc3,0.00013969267611255238
Destination,03e8a2f4cd46cdcd651e408888e7c84329cb10976b67afa72d05fbcde2fbebd9ac,0.00013969267611255238
Destination,02e165c6462df2e2364edf1a65e2b9324093bdcbb91246a0e45ed3ad2aa239a09c,0.00013969267611255238
Destination,025e8eae31df0430304f5123b8966da74c4a580d0c841dbf38d9a2d66101106e1b,0.00013969267611255238
Destination,032c71c7ca90b58994ac0b39188fb5b2d793fcd5ed367d521748188fc9afb99442,0.00013969267611255238
Destination,03d32f095486f664e76896288312242e566dd5c4b16fa5f32e16a460e53c74892f,0.00013969267611255238
Destination,02cba74196265b18ba6405f5238177cc92783b1f7336eabf2207224cba375de024,0.00013969267611255238
Destination,027a36c4e2542f232ef8713118422b92ea1ebb8c41ebf82812e66e048742999374,0.00013969267611255238
Destination,02eb53d55459b4032a995f729693f6575030a44ac3313ad509b6c3ae0d5c8c1a68,0.00013969267611255238
Destination,03236882c1c8efc33059120198738eb5ebf93915f8ab296bb75ae2625af7668780,0.00013969267611255238
Destination,024e1f276cfe0e276dddb9237697df00e40102d427580366bc4ad65ca3fe7e3814,0.00013969267611255238
Destination,038cf9941bba6517ba6d2442152715f5abf220e83e1ec30d28c9b5bbaedbe15ed1,0.00013969267611255238
Destination,02cd06ad324566aeffe0146b70783e2e49435be6712dffa09bb9ca045d64e8a9f8,0.00013969267611255238
Destination,02e264502cf68714e0750a912110d851ac64e1289bec85a922c71ee0464793d743,0.00013969267611255238
Destination,02db1bca3813fb63b24785fcef429c5d73a089704556bee1bd774bae27f1b35c80,0.00013969267611255238
Destination,03a3a7e95b3187b92ff928f17abc1893105803fcc327fe7c9ba7030f4c26a6bed3,0.00013969267611255238
Destination,03ffa26dd3b1fac29880e1588a912e5bc4b3a520345b1ab67fc4acd432a40fb23c,0.00013969267611255238
Destination,029b224c09daee3075db6dcea133d8bc20513cbff2706628dc6d6d11537868a678,0.00013969267611255238
Destination,038298685f183645f9da0c36315406efe32bc3f888ae45ff269302ef3bf5a8d197,0.00013969267611255238
Destination,02d06b8cd93ab67494b7260ea3ee8ac42390803f666c874c51e7cc53305ac7e7fb,0.00013969267611255238
Destination,02a143302e67f9b281f8876a05f6034df153a524c44ed9d4afbde4c33fc1bae684,0.00013969267611255238
Destination,03f5649fdd77528a08a4eeba8f6135cac807136769cdc2ac32ac6277df5ab38991,0.00013969267611255238
Destination,02a93ee3cfef0e347a09795d4499bb6bbffe9f9fdc0710171907460e665b6a4d0c,0.00013969267611255238
Destination,03dcfc498130f208ab93f3a95236250ab6a7066ae55632207ed69b59f61bdb2943,0.00013969267611255238
Destination,025c7203c226dfb70301976af1093076dcb29ffbdb269a81e69151d7d7029d502f,0.00013969267611255238
Destination,0382966c6d82cda6c2b7d5c70e6e6f9ae72b818bafe68936e9e4944a9e335f336e,0.00013969267611255238
Destination,02255687990655dcc96acc96c3b3434186488c8a6748aa1f5aa9cb18a1ac9de7a5,0.00013969267611255238
Destination,02cf7712c7dfe3576c9b96b5a9b01be67d5a453176949879cecfdcee8b7eb816e5,0.00013969267611255238
Destination,0307eabdbec7831e14e9335987722083a5b787493075fe71027d85bdf1fe9accc1,0.00013969267611255238
Destination,03e43fd1d8c1870c2bc518eafadd78394a0ec67c2ef8e2c5218ec4454be5e79739,0.00013969267611255238
Destination,031749f1825116ecb96c0c96c375782170d35817b8e47fb27c51989ddfc7a48442,0.00013969267611255238
Destination,038141f9cf7508a1d2fa1206d9f7ec3c64e6a9269bdf9bff9aa53bccdc2d75cc96,0.00013969267611255238
Destination,02612b51b61a90e19ec4c6b0f3409e58175efe66cbf665df7805cafc84aee3a551,0.00013969267611255238
Destination,02101a6cabcda2c796ccc84648ba5f7a2d344d345f5191b08164be6c9919c3150b,0.00013969267611255238
Destination,026e2431d529afc6ab7144e58ebd492b25a86972aeb5159fb1157f6285c1a42320,0.00013969267611255238
Destination,02d731b338fa15c27bb321d1f0491ee3c5cd48e0f86374e1dbd1d00b3635443455,0.00013969267611255238
Destination,03a961ab70c0011eff3b91b6a3afb81967597c1f27325a51dbfee72a692f1bb237,0.00013969267611255238
Destination,03848588a34ffe3e7bd4a3c111e4dc9db498ea926abc5500dfaaa29bebdbddde67,0.00013969267611255238
Destination,0341f23c3623f5ca4505a65d2229010beb540f3024e8c537b122d4677074a76511,0.00013969267611255238
Destination,03752b493ed5fdde9f42a6adcfb64b4c2132d4782d0fd366f2510df390cdc383c9,0.00013969267611255238
Destination,02a1d2856be336a58af08989aea0d8c41e072ccc392c46f8ce0e6e069f002035f3,0.00013969267611255238
Destination,02536caab47609a17b505a2af4e8c6ab55f9aea9078d230b5c5a2644a8fe26b53f,0.00013969267611255238
Destination,02b4d654e8a04b97af88497013ba5588309e3e835c0071cc87166e5c8319c7c5db,0.00013969267611255238
Destination,027069c28875b1be1394b6607a52723eb5c31d73238ef7693746895facaf2f6eaf,0.00013969267611255238
Destination,035613b5841dfdd7f41dacecacb2a4ecc60bc7bb4f88b3a345f6605fb46cfcdab0,0.00013969267611255238
Destination,03faa22d5c2ca552578d5aa26693ecbe649ef32c964327a6bc53fb46b9e55f6e1c,0.00013969267611255238
Destination,02bfd1b9cb827be690691a7141d80748b983bc0ecb691e71260bd4b00da712a2ee,0.00013969267611255238
Destination,03f4bb3dc55adf5b2a30fa5a47f2c2a5fcf3447f426d3d705a8a8fc391c357296c,0.00013969267611255238
Destination,030eff4eb654eb903a295d41cc142df95ec5000cb46b173bece13bdd55c2e81f85,0.00013969267611255238
Destination,0384d67fd4ebb08b23e7a2a06f0c6022ae0ef72846b49b434417922dcd5ff6c19b,0.00013969267611255238
Destination,02a8bc32695b6408394d4a831438d991357142f4ab44636ffe6877a58b259eab35,0.00013969267611255238
Destination,027a67457cd71ce54b50f71b62b1ce312d1290efac6a3d89a9f5110046349b1d95,0.00013969267611255238
Destination,029f6118a30a2479e2661cc65418a203c00be8bd49a12ba1746d85cc981a0c8b9d,0.00013969267611255238
Destination,03111d3b62576b78e628d1519814a40ed1ce0ad0356fcc3aa8935eb2d3b2581836,0.00013969267611255238
Destination,03217f3189f789acb5b149dfbc8e8a62a8e5ad345060a3aea16512aa235b84cc4b,0.00013969267611255238
Destination,0377c1b95f169934e3e8d1d376deb963550a20797f2777f90ee90e7a3c6ddcde30,0.00013969267611255238
Destination,02a2cf7334d298dd11ff4e299c40c519013ac2148afd8d4ae4eeb96460c81b8b11,0.00013969267611255238
Destination,03308a80c168bf6e91184496e90466f16bd9eb5235228c925b22186c1b9aadd6cc,0.00013969267611255238
Destination,03c0adb9a1628dd289ddb16edbd830b16a39136dd58e5dbcbac4b1d674f7a3d11b,0.00013969267611255238
Destination,0394614d13aa395f9499eb4dac9d82796353e10809cd610807d49752aac5d10cc1,0.00013969267611255238
Destination,02eea9662e7ff9f892cb2736abb90aac479b27e7d4e5b78885f30dc27e229e3f77,0.00013969267611255238
Destination,035ece5bb069d1fff9ba9fa3be5faf7b498188b9da08dc3b5aa99c31c9c77597ba,0.00013969267611255238
Destination,0233ecf5d439aab3c515ffe99ea8a7a810f715c37c89d00205562e9e5a6d38b42f,0.00013969267611255238
Destination,023951fcc2409069d9ed12638ecba95e7b1be4fd67c10c908e078c6d7bc02253c5,0.00013969267611255238
Destination,02df3c43e812296e26bd7ac4fb27d96be8b8aaed661960c210220fe78a2a170b6e,0.00013969267611255238
Destination,021c955b5184e606a831e32f05a3231f219d1ba409ee9bc969d71d73e582e5a631,0.00013969267611255238
Destination,0325c7b315c239107eedf7a445ad180740ffdcb8f00d7c64159a0ec204cdff0238,0.00013969267611255238
Destination,021c97a90a411ff2b10dc2a8e32de2f29d2fa49d41bfbb52bd416e460db0747d0d,0.00013969267611255238
Destination,0361ffe20aa3ec0b4724f71be68a66b010674634093032be3b1e88a0d79b3a0246,0.00013969267611255238
Destination,02a371038863605300d0b3fc9de0cf5ccb57728b7f8906535709a831b16e311187,0.00013969267611255238
Destination,024794bf6fdc1c238c910f574ae023c8c6620f90a549acb1a4338808d5ffcd5573,0.00013969267611255238
Destination,02e440f78d01b317eaeae52e5af6fc501381b8867069c5a9ebaae293bd5ce3fa2a,0.00013969267611255238
Destination,02e5fcc49e72e64ce5f48bbe3e4e4ed3a00086b6ecd0ffa15d58ff22adeca781f2,0.00013969267611255238
Destination,03fc8d2172a07f015b9822bb203082fce0588f5540a0da8e77b596ce5f800074bb,0.00013969267611255238
Destination,02ec55fdc9e8e72ce4bed4731e99a2b1c99a499d522648d4b5368545a461a4515e,0.00013969267611255238
Destination,03ff4992f2a981340d3d9a859f310dc56793c07676923fead17cc6421fd56c5507,0.00013969267611255238
Destination,03df420127f61c40ddc9fa4f75f4df42dbec020ac791066e98b649893043a6ee4d,0.00013969267611255238
Destination,032070588c31da61fac91e282bf17eb90488785a5e1e6fc89276e729e13bf15e09,0.00013969267611255238
Destination,032f444c0ee5d23d92b2774a3c5395241462e988779344579732c7b86013d1854d,0.00013969267611255238
Destination,0280c2d53dbe212d3b9710cb47d1f416d9ade730a9db7e8c0a20df3e6d589c92cd,0.00013969267611255238
Destination,022a2156e922ecf190106ca918c71d6ce6318852d9bdd101f83bd770033d88f291,0.00013969267611255238
Destination,02c44df006a7e23e419ad94668559ad09daab230091e1810109aeac08a44ee59f8,0.00013969267611255238
Destination,0230a2a7088d716b905be96dab1318f36be58e8da5e89959bb8616308ffbaa8404,0.00013969267611255238
Destination,03bb2e555f67b67774e5ede61caae7f8eee490ccf13f6323de55efceb6b4ef14b0,0.00013969267611255238
Destination,02025fda526d502061238b4b7359ea538d8f0ecd1248c8b5587d4e6ac9bac9aae3,0.00013969267611255238
Destination,03440f4dd43f5e30ffa0fd37eb99e2c27241d71e4fc5b3ea1e9c04a289a51c7ae0,0.00013969267611255238
Destination,0287270ad721e9814105921748e950681472cde7eb2eba23951c7629e29799c7b5,0.00013969267611255238
Destination,032f43233d89015fcfcb71984442d586cb149d33d272b3870a5140809b70c333dd,0.00013969267611255238
Destination,03e7d756e01e8c94b7858ee106b8f5802c6fe6978d49199fed578799318744032a,0.00013969267611255238
Destination,03f4a78292682704ebbdbdf5490fc23830e619b12bf0d9c9f234332a9b3ead720b,0.00013969267611255238
Destination,03a5886df676f3b3216a4520156157b8d653e262b520281d8d325c24fd8b456b9c,0.00013969267611255238
Destination,02a36d7c74c0f7bbbc617b6c285d44bc107282b531c319dce89f711aa342f5a22f,0.00013969267611255238
Destination,034189bbd3ba24c52edb762e13f9efbe54c1a66a8339d2a3f89788ff523553954e,0.00013969267611255238
Destination,03420dc9c504f6dbad0c8c6c3c1fc97becd2e1999db02b90581ba695066b8beb3e,0.00013969267611255238
Destination,0383384a2a75341f5ec28322ae94ee322c243181fd7b6f6df7913d3aca1165e7ab,0.00013969267611255238
Destination,0203953114c37a47fff2a2f78a4d4fd86a2caf43e1dbc49a84398e08b5d5b396e4,0.00013969267611255238
Destination,028ea7f722869fd5272d5157ad9049510109603fe12705407745854ce86e134779,0.00013969267611255238
Destination,0335dd6441032ab9879d4085edf5399eb041fe74974d5e5e6504db200ca0511fad,0.00013969267611255238
Destination,024c9cb50ef078e5cbb82af9c841cbc46a2ddfb201a99ed4e652ad4ec6eabe2184,0.00013969267611255238
Destination,03c96913e1c77ef22053cb36b21e8102a9e9e3c89621c421d58d68275596c4cd16,0.00013969267611255238
Destination,034b4bdfdeae0d01459bdcd5b5a88322ab7d351a4dcd6d107a610bf59940a979e4,0.00013969267611255238
Destination,03a6a3b799fea3336f39730370ddb788a81ae7161b5fc73a4cade701aa4dc08f65,0.00013969267611255238
Destination,0247ca1eb1edc77ce750fb87cea23c7b954b542f5e97ecacfe72d0bf4c1fb4a7b6,0.00013969267611255238
Destination,034a8946cb3fd6d3c6e4ab3335e9820747286a4efee6dbd1e11653849e18aa6e57,0.00013969267611255238
Destination,0291160f2339150eb56569708f05379a81ccb2834e729f05b16bf4c93b86694694,0.00013969267611255238
Destination,03ca41cb0069b52890ecb876774c08ce9b597df7c001f734759adcc72d4405c71e,0.00013969267611255238
Destination,02db0e54f6692c1dfaf2298a7900d4cb315835572f07f34c157090c5c9c91e3f2a,0.00013969267611255238
Destination,02d61a1f92a361f3096c0cb80bdebc6cdc6b3f28d4f165ffa1d6a4d27a3ee45836,0.00013969267611255238
Destination,035798cd01cb4a16cb4903b466acc962571ad684aac24ec41f49b0c4593120759e,0.00013969267611255238
Destination,0389d3b7df88796a449b5bdb57ff295e0feec35b6ef5017a15cfa825f403a1a359,0.00013969267611255238
Destination,03c5cf91ae02de911821c560bd65c46fe30c498081c5fb89fccfd39c6f129cd092,0.00013969267611255238
Destination,03e9ad89bb63605fe7d9c0a0824c674cd8ec63a7fa7f7a3e032ce8bca1c640e06f,0.00013969267611255238
Destination,03107cee6563e2765c91571b8b71d8389921aff6ffcbdf5c46a382f510a75ed28b,0.00013969267611255238
Destination,023960dda6dee6491824b952f495d9a19309b64e150586dbd69dd35079ca59bf2b,0.00013969267611255238
Destination,02b8b55bbbd5935694b9f9c0f49cbcfc68cd28c01d431db5cef614ec4c55d5782c,0.00013969267611255238
Destination,021e3e26824c38c36cf2c96e48f5f3b3366567f907322aef604726177616ffddb9,0.00013969267611255238
Destination,02be4b16abbb9d27c91ea9caea9b54b9934a442336d0d23b260c6ae1a610bd121d,0.00013969267611255238
Destination,0302f6122318b58d15fe00763e4ed8164337480ddf6ec156e7e4d6dda06d05efc8,0.00013969267611255238
Destination,024d24ee07c9cc196c765e592c6dcc4d1229d37551ce6bc6c3fedf948c79f65608,0.00013969267611255238
Destination,02bcb38a8c33bc3a7577347341f51e108a37920179c40a84997c2f7a0e7ed96eda,0.00013969267611255238
Destination,02df3516074a761c01d4ee3f14920dd6577eab3b0da187e24992ac42c5724f1478,0.00013969267611255238
Destination,0367e6bb4ce5f5ee58b723bc933b7fd3bc1c4b3ec7e8026521c0b03b6653ebe13b,0.00013969267611255238
Destination,028d9bd0cb880f413a906b79be449b422874326499cffb9f3b4304aa1ea1988fa1,0.00013969267611255238
Destination,02c9585a8b5131ffc3609d9051db18ad6d09f571c51235853931d35cd9ad1bb01b,0.00013969267611255238
Destination,03e5d53903af500e41332d7eb48e755c8311120b0e48d41f9100672b7aab974541,0.00013969267611255238
Destination,02443de4e699ae2ff78498999f21b824203ce33d2f19e137f313acbcf2576d3d5f,0.00013969267611255238
Destination,03b0bb7c6ba7fd4309851011c0c60b061ebe70a6b8d4a6852697fc799ef92146ca,0.00013969267611255238
Destination,02308ba8384204a969133b5214b0d7567e474cd18dad193242a90cf7be282283fe,0.00013969267611255238
Destination,02e42e1ff6ba74474cdbc1433fb9e23f061d57f4065b66e5cd6626ebfdaa2fbb2a,0.00013969267611255238
Destination,023cf0c93638b942b501f3af14b761b83cd560a65098125124fc336ce4ed962dd0,0.00013969267611255238
Destination,02442daab8294f13b8fefda442e312804bd488fc6c025a59ec5de2a89e13628157,0.00013969267611255238
Destination,034b8a7505992a8e670426af1e38730dd17581433ebde3a23179a2191b15027519,0.00013969267611255238
Destination,02e20595e79f818031149ce1f6bd634d24e5dee2864f4ca1969e308595b2de73c8,0.00013969267611255238
Destination,03c207941f8ca7544ef4a2a329b73fa0d1b92bd55df4b34011519101a1b19765fd,0.00013969267611255238
Destination,0263a66b44b11ac3a138626c1aed9c3eaa79e26108a38c1da00864448d44cae8f4,0.00013969267611255238
Destination,03af0aec5069083dfe72a94cf388a6a1a3bcb2ddb53437cd34f55752ba93df03bd,0.00013969267611255238
Destination,03c0d3ae9a17168f1241168ce955795fb7e35bc1138ae37b43492190e0720e27a5,0.00013969267611255238
Destination,03b40a28bbdba09a27ce64478d2a3d8dd59bded1b1f2aa315e860d381542c2fbc7,0.00013969267611255238
Destination,033850b235db0e896348b9c469cb38fb9a6ead0b6a87f793fc8148879687accd5b,0.00013969267611255238
Destination,039ac5c4e9c55b01f89a37d07620e8aba9cf56763b355e5733254c17802e709b11,0.00013969267611255238
Destination,02841286ba5314ac9a4a29eb8d558b30fec348f22e22351ff8896288dede68e6a7,0.00013969267611255238
Destination,02c87bce43398e73f65df561b4e776306fc1e74657d67131d76866ba617a0e63c2,0.00013969267611255238
Destination,029ff1269468694a5e592f9236a47c8510979c26b71d8d75fbeef5e9e47bfe97a4,0.00013969267611255238
Destination,03db689207d4cc4ea44c13a55e3c0a3b9bfc0017d87b3257b56cbbcc83b6a9282c,0.00013969267611255238
Destination,02343046c9760882bb1b93def76ee95899bffa166b92167d0dc015a414ed2f1821,0.00013969267611255238
Destination,03c902cfb941b0f6f002f6f9f6b199146ee5d00de980774baa5877776c0f055492,0.00013969267611255238
Destination,0210ef7d43c105753673563feb1e20fe344b844ab65aa710cb2288a257ec024c99,0.00013969267611255238
Destination,037aaa31869232f752e013b20c46cf8142e2cf50053bd4b96eb92620f62143b81c,0.00013969267611255238
Destination,02c8d459ca90b8b659740878eebe339e31763b7535200908632c12e49318c0d543,0.00013969267611255238
Destination,03262d1322fdbba8d553c946de2e1d74c8fcbd7a73a4ab3b9d59a4893bccfb6c62,0.00013969267611255238
Destination,033e673d247cebf28451fb07e28092afbdab9a07e6f4180eda96068aeb3601f9d8,0.00013969267611255238
Destination,03867d29631510e7a84ab06c520660d0a4c53facba726b29612d22e8b9aada3119,0.00013969267611255238
Destination,0285a9bdd8f6e510bdd48a5d680574abdfe2a3ca3124367d33cb13c1ed9872023b,0.00013969267611255238
Destination,0331304d38f74e5bf8f9b0540e3dccea99113b100f2526844daef4414e20d56626,0.00013969267611255238
Destination,03d9d49902a1218148feabb510a1053fa4b0379d37c3fe00ab3c08d9cd3cc3369d,0.00013969267611255238
Destination,027fc09b66d1a61982f9841376bd09e9b3d062fcca7186c620cc93330d52be6ecb,0.00013969267611255238
Destination,039ac7c1536c2441cf42c9964d2614984cbc99f7ffb474e9affb451af8210a9c6f,0.00013969267611255238
Destination,03f311f6bb92443e93ee75af7b8cabe0b8bd49f7eaa2757086124c1a75cbe2bfcd,0.00013969267611255238
Destination,029028931d9f01ed7f36129398c337411ae28d08b4a12f3e2d6aa3ff8f695dc753,0.00013969267611255238
Destination,0399d8b8817ef2623e1bce5ba14727a804b2643dc79c5f352408c67bf18e7ab38a,0.00013969267611255238
Destination,0342087fdb6352992c46ee97c2cb805d87429124f6111a474a9e50e756aa5b79d5,0.00013969267611255238
Destination,02df3610eb90e2adbd91d8f27217b591b099d9b89cf2366df1aa3045f24f180bd3,0.00013969267611255238
Destination,0206ea71e1d599b322ee30b06ffee8b97bb4dac48637a02e5a71de8e378d4cc8db,0.00013969267611255238
Destination,02c3b4594c5efc503f916446fc5e2153ddd15d20eb0251aec436e4bd0519fc60ce,0.00013969267611255238
Destination,02d6160cef5d5bbc7d4c1ce5304b9db595f8f6a867d80a114f90460756d52e6f75,0.00013969267611255238
Destination,03fa24c9d2cf03aac9bde69d01fa8f1ae6ed9e68e1a00479c1fd456c6e6bb410e0,0.00013969267611255238
Destination,03b6bf295e50185869fff2c255f09c6a78ca8b1e913f2a2ba389c8c54b119a3685,0.00013969267611255238
Destination,034a64c58e7402b1b38094f013e895e502ce6e789fdbade64292db459387c59fdc,0.00013969267611255238
Destination,0387adcaa599a42f01c745ec4b130cf8ab8109d8b7ce5c7fbf722d8eb5bdccd92e,0.00013969267611255238
Destination,020cd538f1af3f8bcfabcb27d0eb891f0ce7ac3a7704cba5a8f02525a9a0646c4b,0.00013969267611255238
Destination,0302536817c335e45bcd0b10b78fd06bc246609405d98eb64672410dce04f49e5f,0.00013969267611255238
Destination,028cc8ed61927c980836ee0aed5d0aceae9c1c388a589e7f1a62041f2d98e7e230,0.00013969267611255238
Destination,03477b0f9679de60b3a803b47294e37b4c14a383564afded973114134623d2ec82,0.00013969267611255238
Destination,02c16149d3ce6ccd670e2b719c9093f3cf61e3c775cd2f9fa879c97924c4b9d3a6,0.00013969267611255238
Destination,030eff2feb31c376cacae193b1cfab45631376179bfa09e314cad1379d28d529ea,0.00013969267611255238
Destination,03dd51b8f575484950cf2c6b6bf4bc94641639da779370563e63b4885e6cbd2743,0.00013969267611255238
Destination,028a28d0d155381980c13ecff57e711ead9b56211caf60c21934f858b99d12c248,0.00013969267611255238
Destination,02212f04c9de6b46d48578192d360050694f512486fe52d94ef3facea0d0d830c6,0.00013969267611255238
Destination,035648bbbda7c3552780c6fb96c60857233c6242231c9c064d486528fec938a20f,0.00013969267611255238
Destination,02f8c06a25af80955e5b1514dc492a762a4c36e6547182fc3f8b59b5083508cc7e,0.00013969267611255238
Destination,028ce681af8e6610a71122a261827f5c2c6deeb1bdcf94dccd5f49a6af1361a6df,0.00013969267611255238
Destination,02ca8d072374c685cb7e8fb24c1f1b2e7de6c43b8ffe89acb23377c5ff09f1d0dc,0.00013969267611255238
Destination,033e48dcba57811821d8f952b2aa56753742e2cdfeb390eefc9efe83cb3299a357,0.00013969267611255238
Destination,02e3a0ad3b1e7ff56adc15d78f0d202cb881095c5323b183c1d7598dbeb726d11c,0.00013969267611255238
Destination,038fb77fd39a5d0782027a420571482d9dbef1a24f129bbafc487ac084a2251e5f,0.00013969267611255238
Destination,02a049e1de9f188d45d03717d93ec5fff4df2b89c99699ad37b36f1e365d9bdddf,0.00013969267611255238
Destination,03421a7f5cd783dd1132d96a64b2fe3f340b80ae42a098969aaf184b183aafb10d,0.00013969267611255238
Destination,03c09fe83882c2ce2604c9f371597929ffce739e7e61637a4886bb58c36dcfd5d8,0.00013969267611255238
Destination,03e1767a00671c2f6782359307e4b22ad57e866832c3d22d0ab40deb3ca681376a,0.00013969267611255238
Destination,03d7a94bf7cde693299596c5559177693fd75b08193cf80769b4fda619b1b17c9c,0.00013969267611255238
Destination,0201bfc5d9c14d50ebaf4dfd83d70df314ed2a9f0119f28619f3f000a1079ef580,0.00013969267611255238
Destination,031553e9308e9cffd3dfbd4069fa9d561ec4c0ae6bc658c696f1137d62ff77a619,0.00013969267611255238
Destination,0298944d81f6cf529ada80235532981adb414d7d38d0c6307ae0e9698e0031ce84,0.00013969267611255238
Destination,0259ad05a14ed2ad2de7315f800b786d6e0765b25dcc2c737ecb5c7f6b5541972b,0.00013969267611255238
Destination,039ecb633664d6fa8a58ee0ab5f11f38b0f0a0a34897e4c6fef4de691485c41407,0.00013969267611255238
Destination,031ac142ce2343f4652ea0f1286b95e780da72628f8f8b7fa9975c9bcd421967eb,0.00013969267611255238
Destination,0333dc36a598871504a2ad04b5704f1448f030e8498eff1dec8c6a805bfe4ed8a0,0.00013969267611255238
Destination,03c1f2781c735c0538745657447f546f50d401ae44cbd9d0fbbe6538337be14ba3,0.00013969267611255238
Destination,0261afad14eed44241dd7d3fc8cf6e100e80268eb45f6ea01949115ce52008fe6b,0.00013969267611255238
Destination,03811ae2bddbd1c3690cb4acb57d6a24d49aad9d185aecfd2cc30e8e599c40b041,0.00013969267611255238
Destination,025346e84f1343ce9c54dc875424badef63f5b4d63d9e935f2d9b0ac212239bccc,0.00013969267611255238
Destination,026d4a5a0cfa2cf1f6bbf59ea53701e7f8e0a4dfaedefc56760f1d2e86b5d5d615,0.00013969267611255238
Destination,02fae15f87272479d4b5610b2a4610086e8d16c952b704ef17a0bdfbc940f2b0be,0.00013969267611255238
Destination,03ba33cac37c689222eec0c4b14b497950d111fde447d3af5cecd414b6d8df0cdb,0.00013969267611255238
Destination,030c8d0fbe208ca06e522f14888ec9e1153faca76d8234a383709849ad277ec359,0.00013969267611255238
Destination,033046b3094b66c838c715d2d6bdabbb1d9cbaac86fc88248bd6e6badfa05f16f2,0.00013969267611255238
Destination,03dd431709404589ca0e32fb8030125d35e5910b349ea57b675c9119a0d4bc6360,0.00013969267611255238
Destination,02a9720a0b85a74f1e47c5464afce44660eab72faaa7f5342ad559d23fbf1c75e3,0.00013969267611255238
Destination,022e203f548f079f34e488518e597571b8d83a66e0d96ce4e2f4cdec389e28deac,0.00013969267611255238
Destination,03f711d6945252f6254ca12d75fd090e16e829104d26e1df65b15773a580c59a5d,0.00013969267611255238
Destination,03c11e1323668ba0e63afe77dafc2f42b030650e14413a7ae438abd4baf1b6c733,0.00013969267611255238
Destination,02a6bc45ebd9f990446e46770efc16eb408e7d717001887f84b96d246a5d794071,0.00013969267611255238
Destination,02a98c86ef366ce226aad6e7706959456e1701058915c3cbf527b37da143bb1441,0.00013969267611255238
Destination,025e5019685002fe76b46cbde6d84500e674ac33863fea3ab490ea72e1ad8974be,0.00013969267611255238
Destination,03946b7407816b880f5ca7da9afe5f5ed4f3374d85416c74fe0f96b785cb71c87d,0.00013969267611255238
Destination,027653e3bb2c8f4537dc222bd56b8b8e4812a0761de6c0b3afba5ad8a8a1a734c9,0.00013969267611255238
Destination,031ea699f2f5e657473fd14302d00ea8018c67fa83403810544f5bd227b1cd2c41,0.00013969267611255238
Destination,029cfab8d2e0924479fde4c1515b1bcc4162b716c8629a8f624958d8de099af7e2,0.00013969267611255238
Destination,02708a3f6146d89fc77cb8af4ebd877241cf44a18108981a67a6ba438de1f2d322,0.00013969267611255238
Destination,021b0896ae139e9edb4e5e25fd20c045ddfa129cae85a156d68f598a78cdf7e50b,0.00013969267611255238
Destination,037074e315ade887ac91d7156a6ba9962ccf120c124ba9a9051b0bc7a8e36b76d7,0.00013969267611255238
Destination,027e05064da4abbe0b6655819867aeca327e2865a22594383ab3a204a3475a843f,0.00013969267611255238
Destination,02f039960cfb8e4ea619d3091ae83030cfac6ffb35321de039e2af359b34ea0faf,0.00013969267611255238
Destination,02311d654cf5ed89957750578373fa000fafec034dc30e68a53d9667a2bd72b80f,0.00013969267611255238
Destination,03281b35eab4577aada6196fc6fbc5658ae7975658a07b4d89fcdcf2d7d81974b1,0.00013969267611255238
Destination,03c918ba3e2fd8207bf4c54a546e5b7e60bd4148a805905e7f701b1095318def0c,0.00013969267611255238
Destination,02bd3e47e838853958f953ec5760528408c4ef9055c1974ada8a68eefdf4b634b1,0.00013969267611255238
Destination,03f1824df1ca6d7255c9fb8c56f8cf72efddc3b54f0e7119411d41cbdeb7c5c001,0.00013969267611255238
Destination,038395ca31798780f3f927c19c25d81fcc0e38b9eec708789bc05e1b0f50349e39,0.00013969267611255238
Destination,023a3fa4ea8b89a12cbe452809c28c20fca453dfec094d863e3403a7f71b689832,0.00013969267611255238
Destination,036fe187a7073304eb08635fc7be5eca5a14b73c31bc5ab11a41af5d9ece4c92be,0.00013969267611255238
Destination,02373ab35d61b4b2fb23d324442f975678d25926047f11bc76c16ca73dee5b1542,0.00013969267611255238
Destination,02c28e81fc7e50af9cf2774f1a76b80d183ac8aab81d0b25d879eb73de9f7bb45d,0.00013969267611255238
Destination,03c086092903edca6c35f04d8b0574c22d21b654f3efc87f26e5b990248fb3b3c9,0.00013969267611255238
Destination,02356bca6f6bf2da33eb01e4b754a9fc575552e87cfd765893b79f83983fead301,0.00013969267611255238
Destination,02ffc7438a5b07d6c8e3a55d9f61e79f7160d9195f7e5ec1fa1d2e75aeeef6b78d,0.00013969267611255238
Destination,03804f9bfd2cb31d96b71ea9348826193129478b63c3de3e928154b6c85ac6766d,0.00013969267611255238
Destination,03fbe1b52f572277bc0d3b0058d7858065e004ea3d4d5fff93da55c1fe9f4bb663,0.00013969267611255238
Destination,03bcbb5ef19549e241205728f79de46a44fd9a8c0c4fa7fb841cd8417c7b55b3dc,0.00013969267611255238
Destination,03081546bafdcf2ee7dfc7c77d85862ff7c5bfcf28fd23a904a7e0aa6bffe1f9da,0.00013969267611255238
Destination,03b5ca2ceef3572eb4b8acfbc7755dab0dce24ed790e6945339cfcbe631e838600,0.00013969267611255238
Destination,021c673f0f6bf02e51189f77d6b5cf61344a01a575796da96d328486ae854a68bf,0.00013969267611255238
Destination,023779eb4a72c7ff1f1502fa7587d07a9cdc1526227b283dc48bc27cb7e7c39a65,0.00013969267611255238
Destination,03e10f118c4ca821a46dae42eec3d3e04f8d86defc2ec23be71b2e864302eab3da,0.00013969267611255238
Destination,02bd8bb9503b9dfaee9b32d3546548d7dc18682d53bdb9fb1b1a7074bec114202e,0.00013969267611255238
Destination,03b3967fadc640ae10d9de14af8729e26937cbcd740249daef354e5923800bbedd,0.00013969267611255238
Destination,02281dfeb76cf67a252e50e5765f2c6ecddf2aa726f99be8eae8d1316ba2990f79,0.00013969267611255238
Destination,03154ec13688e1b6003205304ba6327f25bee1c218bcb31cb177f84a3994fd4c47,0.00013969267611255238
Destination,02ccdfc63e16c64f415fa9ba8d8c8dfabb532b73455c031f2c63ce14eb06f08627,0.00013969267611255238
Destination,03db068d42a67b4ee1e85e564307f02dcd0e467cc0f81091b59ce98f6998cd319b,0.00013969267611255238
Destination,03a4099179058d64158eddf7a5639984ca9ec9fc41981f204b934de7f86da791b0,0.00013969267611255238
Destination,0250ed9fc5770b46bd20454db19d2c33c1d6c430067e324f2f8a6d7934f170c4c3,0.00013969267611255238
Destination,020ce77c2cd2c671dea61a443f9e7eff3bf1d84f6b37ae9f8ef66ad425140e4027,0.00013969267611255238
Destination,0249403f62becf33ad491ef88be42e5beb26892ea57312c7b31ddcd2c9a2f83dad,0.00013969267611255238
Destination,020b57f11627f1a22a3d7f5436a5d8aa03ece406daf45ce66c37f8914263edc726,0.00013969267611255238
Destination,0390ebd99b03654f4bde3f4bc77c8e49e5f720432cb5be9bce3698d97d4fc36bb9,0.00013969267611255238
Destination,0203cc3f99c736d6b21f269bc23ffa40bf7e195fd3f7e13bade84b44408a009b60,0.00013969267611255238
Destination,02d09963d2de16bd6e1d71b124cb7d8d894351a31099576ec1cb2821e69c6b02be,0.00013969267611255238
Destination,035ac3873a189d6ba1d45d3637c624bbc47cc07a66abc4d4a5b736d2b13f77f059,0.00013969267611255238
Destination,03f5a67d5458e8b6f0e711d1f4f3011445010f6c4cb262d66919ea4af205ac5da0,0.00013969267611255238
Destination,022e6daa0464a77800ef0ad117497d687e21bab35b15672a7f9de7d8541b042f17,0.00013969267611255238
Destination,037fd79605d69ea46cf933c2c4d21c793f735f476271337a54436f0a2dd8a8a31c,0.00013969267611255238
Destination,03da5e26d76534bc012ec44326edcfaaeb61df147fd8708936df647ad1727e9826,0.00013969267611255238
Destination,02a446876eafbbdaa96e768af73ecc77988f245c298727ae60313d7e3e420bde4e,0.00013969267611255238
Destination,0224818c362a6e6886ed1d233047dd45dd78c329e1eb20af5de9b8cf6d279c2de6,0.00013969267611255238
Destination,029e4efe809b4f0acad6f3304c0e43a3f40fe661745fc41d9ae91d4e187857bc94,0.00013969267611255238
Destination,0388c24704ac6bbc21ab67f2739c4ffd7a02292002d2712b4a445604c2aa31188d,0.00013969267611255238
Destination,03ed688f4f8ac9f9e78baf18bc3843c5b4c6c06bde86bdc97601d30d34fa295005,0.00013969267611255238
Destination,028f028a49936df3194d68d8f7adf53c342d53e61a8e1eace39642c450aa06d5b1,0.00013969267611255238
Destination,03a98eabe0dfc5b99ad7a54d2fbf4ab94f0e938c1b92c6843ebed935a4a97cf875,0.00013969267611255238
Destination,02d0cf4b46bca89eb81d1fc30131ca4d473f690ed1d3127da6485f844656aa3878,0.00013969267611255238
Destination,02d56c59586a00eb66bf23e3836074410bc7471c2c51ac633fe1be6e67db267d3e,0.00013969267611255238
Destination,03d6ef1777afa759828d1a16f9ce214f3a923853f28fdc42719b81b7f2c316a7d1,0.00013969267611255238
Destination,0223f301135c33cacd5e6cb194bea080573c0a7ff84b23786a88c6d9a178de912d,0.00013969267611255238
Destination,024a50674e751119b17273c8ce1bb61a2def16825cec9b6355da533027821bb8ff,0.00013969267611255238
Destination,0384536ad41bea179483ee0c07ecb6c7480ca04dfd7f9d66fd7642be0a06a07bda,0.00013969267611255238
Destination,02f79d2fe0ebc0346a404153cceb76f4797c362e522a379dc80a8daf2e248b104e,0.00013969267611255238
Destination,03f73c529f4f6e8dd974946f44c318b84e8018a74bbb28599bf9c819f1e87759d9,0.00013969267611255238
Destination,0341a7227fab90a8ec55fdccc5c3d2dbb407b0924f7ccbad2b594f5891ac4a1c9f,0.00013969267611255238
Destination,03b4fba66037e24856f8a6cd724206143574cbe1b17d521158632d031f0ea16ad6,0.00013969267611255238
Destination,039523f1a102d30a8b6c458d9a749158c16780c715d4dd23ebfc5776e0af58e3b8,0.00013969267611255238
Destination,03d9aff3e3a326a7e2505775385a2fe41ca32b19ad9b84eb3bd02e6cd4241861ac,0.00013969267611255238
Destination,020c27b1e99dce7b952757be0b0d7c42ab825270c4f8f7571a349624da408b2dc8,0.00013969267611255238
Destination,029506aafd62226f6af7572dc3f177c9a25bf5b011fd1c60d43803e09e408109c3,0.00013969267611255238
Destination,032b9c6c9fc336220bbd223b9da22f4d044a559fd6a6f8527223934f9db2c1cceb,0.00013969267611255238
Destination,03bccc93a97d62b84aa6261e32f1a28053e57ce2bf10f297d0670c7a272671cf89,0.00013969267611255238
Destination,02b1278809d2853516d30b9af8d7bb3b1845d1beeed18ee22a9ccaddfe7f30a794,0.00013969267611255238
Destination,0315b81fc327ea28521316f903dea7826d563891e8bf7ebed3a24e269d978376b2,0.00013969267611255238
Destination,03c7bfdc9eea4e469f1fa75adde830b7901db0068f2ed4cfbc7b72ab1d447c3f8c,0.00013969267611255238
Destination,03dfc9ccc57869f47b3869ab3273547c4a3a4d8bc78b2ebaa0d4aa917515ef6442,0.00013969267611255238
Destination,02c7e1d98a1e2b61a14e3c1c0d9a36fc8eb257325f2277e8bcbe10b21337f2a45e,0.00013969267611255238
Destination,029909235d003b0d15f16d4de2adb937639e78ff1d11a59a18f23ca1c26cba53a8,0.00013969267611255238
Destination,029b01c1d1cf2198430d7e96525e86983fa3f0003b48639ba628d5c16000ee85ed,0.00013969267611255238
Destination,03b8c3e3a6f131e51021209206565e0befc38bd7b7294d936499a42ed44b78592d,0.00013969267611255238
Destination,036db98e10d72088663fa3b13e2176735353c17cda450b87f3f330afba696e9009,0.00013969267611255238
Destination,03ad1453c46080ca0ae9fc94d24f34edba236a1035cc66fb945a4a257efc306cba,0.00013969267611255238
Destination,031752e64d5feda218e73cd51d9ea19945814165a34709432557bef0748cb100ad,0.00013969267611255238
Destination,02f7be5828512704fd7ee912505f78f25230e7c76fec5013ea1433516e74be1913,0.00013969267611255238
Destination,030061fa00396a984efedc8661fc9a3ab134cffee05b23a1ad44124d4bceba8be9,0.00013969267611255238
Destination,03b513503d0248b51d4a6803aa0401a234f219ffbfa69b8c8db79d49519f0d34fb,0.00013969267611255238
Destination,03e7d760c7cf4e143c1b7acc439383701ff6782819c2b2fbdf3bc8d36705473a60,0.00013969267611255238
Destination,0200000000a3eff613189ca6c4070c89206ad658e286751eca1f29262948247a5f,0.00013969267611255238
Destination,028cdc8ae3daef07b08c861796eb2c25b217afc2193e23ae15af543094cd6b685f,0.00013969267611255238
Destination,03d67293bea1d531353a5026d752783628ef15f285fb00207b4eb72185674e9ec5,0.00013969267611255238
Destination,02e987a19351830c043fcc0d9e0dc5467482d0d24b9f7d33350ff8e1049b41bb18,0.00013969267611255238
Destination,02cd4a296dde142779cef218611e81a6dc107dd822fae6f207ffb89632915f4df6,0.00013969267611255238
Destination,02ff07c8e1a3befedcb2950492a336887f510f13be66234135c2fe407b2ef14e1b,0.00013969267611255238
Destination,02ffc75f4f257178eb33dd524e30bdb92aa9db7bba9ceb0aff635ce8f34733c129,0.00013969267611255238
Destination,0319117eb1ed3b90b7be6ca2e309afc61dff987154d8aa50a421fec0be51aa2b15,0.00013969267611255238
Destination,03ae63c1e752f957d61f4829c8da0f742a2745888e15935c0995c462cb8622706f,0.00013969267611255238
Destination,0242b0417371de88346254686965108d9e8a7811b1d350ba9af7e5e365033c2ede,0.00013969267611255238
Destination,02e2865df3951fe01ca7432821fdf749eb18273b06c91451a317a43bc588a19a2f,0.00013969267611255238
Destination,03c35541a361e334955a5dddedfd4a8b7c48cff330d43a91653f6e464c0e5f53d4,0.00013969267611255238
Destination,02d4463e9bff6d9f3250b8f8b3a4358532778da86525e2355c3be973423c61a361,0.00013969267611255238
Destination,02093ae8e949d4719c93f15c5ec35a81952aa94a679eab882f14bc8665ade5ee06,0.00013969267611255238
Destination,024779eb6d8e5d0b7c42a674c9e0d51f29aa2eca4f3ba79f31ad9e904d83ba39a7,0.00013969267611255238
Destination,0313c71d24971e2faffa080753f1998e9462ef3ca8da409aa4b1e8e2d8f293b55b,0.00013969267611255238
Destination,03cfcc48492ab8c0d6bf43fff8a92baa1fece625e8754369c21459c30563d21431,0.00013969267611255238
Destination,02ebb6cca1f3fa793a624feeb20f1de5d5c80ebeca0f5ba1dc674ada8359b8c67e,0.00013969267611255238
Destination,02a46c2a31bde213582f75af0560a850f0e42bf353cee6328edc706e66d8a5f530,0.00013969267611255238
Destination,0398d542de70df236cfffd56cf2c7cfbbfdc3ba0ac851ca05e97054b1952ea7185,0.00013969267611255238
Destination,02bd0e041524380fdacdd69ac9deb94036c8b7c4da81e423218fb38dd1c4fa7670,0.00013969267611255238
Destination,03d937372ceaea5f57462a845c3bdd2b0254ecb07b8b9f9a30a605043bee178c4a,0.00013969267611255238
Destination,028e52a9204ca65def1be9ba56e36c7291e1bf2eaffc93d7850294bc2630eed7ec,0.00013969267611255238
Destination,03c3a201d80404eebf323384c0406d67290d7540e89e24ce4ceaf2f3c2ada2c209,0.00013969267611255238
Destination,02e52f7d48d8acb9097e29d09a195a4ff7710408d2d26588b834a51975bd525a75,0.00013969267611255238
Destination,025119aeb5f002c95101bd4e8543cf971dd27de4c5c1098b61d35a1a9d64d82d12,0.00013969267611255238
Destination,02d3798420b0ee22ee230f9a8056abae8a19c78d6c65061d7e3634bd0f06ce1994,0.00013969267611255238
Destination,037c0d428e37236c56f181975ce12ae05fec9d6acbf780a56ec457e1806b1f5910,0.00013969267611255238
Destination,0262fe62f16fd70795fbbceabd767f3d504b99c1d76ec8169478428d8ee6d00440,0.00013969267611255238
Destination,02625d744a708911f2d731687dc85eedadd20a559552696efc056b4f6679bf66e7,0.00013969267611255238
Destination,033d388dbf5a81a0c793fc8f78390586451345e44c18f5e0993c26b5e7e4909313,0.00013969267611255238
Destination,0250f506570bff58305e2b68ba5a46d24ab299ca82dc2ba7dbf208243515a4680a,0.00013969267611255238
Destination,027aacfeeaa24fa5580324ae3803577f47a8dd8f43344dfc306991fae6e399bdab,0.00013969267611255238
Destination,030ec18131e77085b4c6cab39addef54ff9cf040415509ba24850a9ef19c68d5f6,0.00013969267611255238
Destination,03fdf18dfb3aa1f7097e23570a9415364236d7b4100cd3b64a4e8090a00595fae6,0.00013969267611255238
Destination,021d46b2afb74cc2d79788fcc7e440ba6dccb5a0d0c7b71280aa3934bf7718234f,0.00013969267611255238
Destination,036a74dbbca4d5ee296fb34541ade008937d566f669605b80b92a7eacbc2f21d6b,0.00013969267611255238
Destination,0396808485657696f5ff3f21e5eb24070dc971937f77b9251dabd431cf12a9f5de,0.00013969267611255238
Destination,034e5f69f362b02851d48848ea788c4fbcb29d3810250a865eef75016f827c6f10,0.00013969267611255238
Destination,025c7ef2796aa864f05ab20c974817872fba451969badbb9d6ff46d0aafeaa8b21,0.00013969267611255238
Destination,02462f4b472f08519231aeda567422ec8d9654609ee76892d4418c29352a79178d,0.00013969267611255238
Destination,03031ca488497f11e36a1a81409f7d4fdffcff7e0226e3bd35c2f1774bcf060333,0.00013969267611255238
Destination,0304ce547809e86aa0afd31b9b1c762142ca598b5fea05834a996a107434e2c693,0.00013969267611255238
Destination,03c91650dafc58f35cb862c3e5b67d281b42b2b0f2c36251c017c9aae0821c841b,0.00013969267611255238
Destination,0351fabd839e93962826ab8eff7f86795b66b7295a2330773938d409a725aa8176,0.00013969267611255238
Destination,03bc072a0a571b7635ffafcdec53da5c809d06f2f0418adfe41b40ff257e796107,0.00013969267611255238
Destination,02e071f2e5b45ba3950e0f3bccc2b8d587da7fbb1d7b07d91044ef5827036afcf4,0.00013969267611255238
Destination,0291badfadbd833b39870e30ac408e321bc5f32a459e4cf631ca2e5d522e2392f5,0.00013969267611255238
Destination,0389fc62e846f7cecb65b6ae404968fa21a84c58dc7273b7869e73cd307127d7bd,0.00013969267611255238
Destination,03f59810547a03f87f4c4e4bf6f858c6ef483fd8a083c802ec65d7ca1ed7bf3907,0.00013969267611255238
Destination,028b4931db028d45bc6d3094ba1688052db7d2c0ff770704faaa57392f0ba7b235,0.00013969267611255238
Destination,02585d1455b4d65c2e1c82a807e5fa501543223b3364da5dbe5155a3752b8b71e4,0.00013969267611255238
Destination,031a763ef63f34a3c10cc3672c4b553160edef347732f7c7deecded101e4fc0053,0.00013969267611255238
Destination,02900cf2e5766c70067e86d673fc5aa93fbeeec14a48f904210123677f5c739d8b,0.00013969267611255238
Destination,0388ef03377c2d5e79e9b39f96efb4514ffa5cc23fdb7e4c6d8c156fe09a65c879,0.00013969267611255238
Destination,02f7b2d2066450faea68d9760ad313297cf4c05cf7cf43c306925668717ba9ff46,0.00013969267611255238
Destination,033f09f5ae51c101debed97a7a7317fc5e91a2041bf9ee17079856c2d4005872e1,0.00013969267611255238
Destination,020f555b633c267a7c79beb44577aad3394d82d8febf18bfdd82d837a5f5591e88,0.00013969267611255238
Destination,02fbbfb6fd70d4555f8d186fa68913e52d9f866f700eb0d09cf3fd4d2245903416,0.00013969267611255238
Destination,031e624912c9df995aae6e548b3a49d22a133cb2e063185b7ca3e2bca138b6c25e,0.00013969267611255238
Destination,034502f5f7b88f56fd0fc51ec0989e2cba3ae30f6fcf2198d3cef04560dbb24e2f,0.00013969267611255238
Destination,02ea9f3533a42182eeff78eb67508cb0763bb16f125faccd8aef34b9065e1aae38,0.00013969267611255238
Destination,035151873fe89a454b5860703477eddc52ed10dcd3dc7422bd41710455cb8693f1,0.00013969267611255238
Destination,030dffcc12f177fafbb7e5da76ef30cf34f616eeb7ea073aef90f58fece1d13069,0.00013969267611255238
Destination,0232f6dcaf2aff68fec5162dbf14661d212f7546b999f3f7722cb166fcdeb09179,0.00013969267611255238
Destination,036c2b62810edcfe761679c772eddc3925c1fccc813431c1dff2795abc50f4e170,0.00013969267611255238
Destination,03e53b79c94af160006cae7b098b012277ecd0df87162c6c4f131c29c7bf127845,0.00013969267611255238
Destination,03d2a46e18fe4a62404f2e15c9af1de8d8593515303c2c8125ffd84e74d0f96ce6,0.00013969267611255238
Destination,02eb0d3f1aba6e900441a0f73adfeeeb503259bb12aa0d7ea32008a11ea9fb3e66,0.00013969267611255238
Destination,03765513ab9c9966b6b0a1e54e64152ad999ed86cec2da786ee20c535a1d03dfdd,0.00013969267611255238
Destination,03df7f9429e1f5268067faf077d24ece92f918290214f4a4df854902a3c4617e37,0.00013969267611255238
Destination,02cbc036f85c74f26edf19f5a8513a96d162282ab68aa62cee47439a553519ddd5,0.00013969267611255238
Destination,03b4db8ab2dc634ba13ef9a5535924d5179fadb7841fad372f13b1a8f2df362b92,0.00013969267611255238
Destination,031276d9f9639f99aed70f5c9ed5a5d8e325f41cb416857db713b382be15bd362c,0.00013969267611255238
Destination,02e38bf8fd2009efbe39332ea633736d7b037b04081823c40b8f3bb2d95e528782,0.00013969267611255238
Destination,03c352103defd6e328ca913e35acb9485f005192630b2653fdd240bcdb70d8b1e0,0.00013969267611255238
Destination,03285911797a89b07aebff9b13ebf0b3755073d055f1d14e5b6537ec3398ae4ff3,0.00013969267611255238
Destination,031ef08ca5f362ec288f519a09423301c55152fb21a1cbae8c159dd9dbf04dfad6,0.00013969267611255238
Destination,035b28b65f232dff16c6acaf98260dac82d15eec73f067c35e7af699bde1277199,0.00013969267611255238
Destination,0380b65bce82534065af0847bd52c8ece247774d875c6955c2972ec43a5e91a92c,0.00013969267611255238
Destination,032306da32c9631c824674e031172e70324b68779f981083511250dccffc1ad2e8,0.00013969267611255238
Destination,03e72c85934c32ee881ba27e669993dd3f1d783de52ea396adb9d648471f5d17d6,0.00013969267611255238
Destination,037d1aad2b64bff8d0bda9ee6c9b5de9f5e84961e1ebb6e6868403e1c3ce146b92,0.00013969267611255238
Destination,0297f5b7755e43189a052c4c8008006438b86c0e9f42083dad56a2a8e1c91e5aaa,0.00013969267611255238
Destination,021750af59f78e55d1619ad1b8575d795791b12c213f91e625971f8c6fd368c69b,0.00013969267611255238
Destination,0312c5a16a7e81aeb18332295f78d9cd8f6c4264e9e524bcda3a43ce8a7a53bcd9,0.00013969267611255238
Destination,026433e9a9ed0d87f6b61ff94a9c5b8233cdd4c6bef6d99479b2618861076cf4f4,0.00013969267611255238
Destination,03fecf0d0ca62b0a10f38a5e5529ce74a2188cf1dfe2464c20a2c216529de22389,0.00013969267611255238
Destination,02bc6b7c38d9eadba9e7540f12faa10b7e3d7b40cd6046eaf9945317057dd18ec5,0.00013969267611255238
Destination,03d5e14480d49d3bfe65cb87d03a863712c606aa8e6720567743ee0a1cdef5fef2,0.00013969267611255238
Destination,03c74ba5552fa7cd801405a20ac3f4e6b853d85342b44fa474cb05073647c0938c,0.00013969267611255238
Destination,025dcd49598a17b9c8344c47da766e919e5034e286749fdbb3336c499386a60795,0.00013969267611255238
Destination,024cc6e286cff0998270fc57e54e82495225e487dcbeaf7e6fb8c738e012b5f209,0.00013969267611255238
Destination,02bd95531d66a13f7a40305479f64d4a469e843d6e3d2674af9525d65a0425a993,0.00013969267611255238
Destination,03c200fda553a66336e44c6ecba76b4a8fc659d4bb19605cda5431935a35bada60,0.00013969267611255238
Destination,0313c12d113471a820c86ec0d1d3dbb7fa5fbd72f1be4a7372bc636fe7f10c3b52,0.00013969267611255238
Destination,0289e063e558e87cd22f0bc84d6b71adc03dfa8be74ae415ace9e1048412a20923,0.00013969267611255238
Destination,038dc10b88596daed7dffb23316b605a0a872448da3cadd623997513b6e4e29df3,0.00013969267611255238
Destination,02b374e040545f1da1a6061959de2676837c458866681ad9e38bf87943239dd841,0.00013969267611255238
Destination,02dae01512c3bb0050ce342d676b7d40431f003ab7489314239f2f3e60b5924997,0.00013969267611255238
Destination,020e487f2713366b5314772c66ffdec30ec3ff013d604a5c17cd7f5ef2b46a592b,0.00013969267611255238
Destination,03f38c29324df9f7e1ee76b055e2199a7f4175d141d44eeeabc5fed40f9929b0b8,0.00013969267611255238
Destination,026949fba22fd3bd720ed9315d3cd509ecb22cf153a1808747c30b446bf65c9579,0.00013969267611255238
Destination,036cffc30e246aacb3148dbcde916edc9748c9c60363a192ea69208525ed60f204,0.00013969267611255238
Destination,03316784cfff9e3dec99e1a2670cfb70982f015b5bc294efada656c85644496263,0.00013969267611255238
Destination,0344e505b6c02d91ee98856015fbc82854968802be56264628c5f19b3a058e474e,0.00013969267611255238
Destination,03a7d1b00d90bad3ae2d7bc4599326a60d287e509b6106a9728a763d0640d624fb,0.00013969267611255238
Destination,0229d3fb1e15f4d82f57526f1a7a8e5f95075cd73284c267d81f97f82d57b9570c,0.00013969267611255238
Destination,02b20c3217e78356d98a1891b045bfb5ce9972cc0a635aed4340da0b474beb084f,0.00013969267611255238
Destination,03d41f8428f53f96b4d560b5b7cc44688a9644165a709a1d959e956b7880ab1f69,0.00013969267611255238
Destination,03bb52d35aca72943169bb912ddbdd8ef22c58766a3d6835df898982ab9503e15f,0.00013969267611255238
Destination,02c0a6e4f7e6d01edc5aa14f5445cd8c87c478ad1c72fcb8b594d4989cc2a1fa9e,0.00013969267611255238
Destination,0374179c7e71c0b221b1eda61de0b63c60f45ee978279c15175668aaa34e149977,0.00013969267611255238
Destination,03a6eb1774c41a1fd77590c8aa6c2e8c5c0a764277499645b61cc1220f4f9c900c,0.00013969267611255238
Destination,02bd5385fa21d5e6228151511ba7751c05efe60b14edaac900f8ad0b690f670637,0.00013969267611255238
Destination,0391c286244e97a22e90f50d4dded97365a01add3a8ea26ff361ad7aa9e2a0947c,0.00013969267611255238
Destination,03f839fb782ad0f1e03d95c9bca8a780c5fc626ec8d88203f9393bd853ff7171f6,0.00013969267611255238
Destination,02a2398ef1fadc5a16f94780399c784a2214c828401d4d220e13f196d5f813d8d5,0.00013969267611255238
Destination,027d68f88e5f8125660f314df1039bd75adf40aae250d059255c4c2b26c86a727e,0.00013969267611255238
Destination,039788018dc887f88a97e24730fb03b8d31ee7a7889af36ef0bd866b6ca3bce362,0.00013969267611255238
Destination,02baefa3f0346dec11b6fab292ec8ed9aa41886647c4c47710a719fa1af6ae1e6a,0.00013969267611255238
Destination,027ced29e48b19f7777d2c8f10beea33deb9131a6f104595ffc96c25a07ea66ace,0.00013969267611255238
Destination,03bd9ead4aeeaf45836bf2a907f47a7ff827f223c7c71dedc5c5d963de2a83ffa8,0.00013969267611255238
Destination,03314251c282845d791f5fda1ca767c2bfaf742897855420e88a77b5783b5f0612,0.00013969267611255238
Destination,0249ed1e5e83195c3c77c42e942ed2246f6f140ce569be8d6c13bfc481ee35341d,0.00013969267611255238
Destination,02afe83ec91597a3ec39cd0aaa63aaa86af1fae821435b88c2d6edb7c46d53114d,0.00013969267611255238
Destination,02850b902901730275f4520a3305479911ffbc0105fb49cb2a67dd5d45e305f3f5,0.00013969267611255238
Destination,03ec0f6f9ba5d21c254299dd83760beb6bff3fa0826bc2fd6cd6c8f0783308f812,0.00013969267611255238
Destination,03a87ca8bf5515b77197a3ccdb2641d28ede4cd192868904df9661960476023d6d,0.00013969267611255238
Destination,027a0552a57660b8bc05ce52e6c39310679b74a04b1a6609003a8ccda9ec82a463,0.00013969267611255238
Destination,0290c9722262f78df35002923e202d67b53a51153d69970956862d984da1bc6351,0.00013969267611255238
Destination,022df3659d511f156e3ee91ef608a095ce3399234d374c7105356a36a904469372,0.00013969267611255238
Destination,02069f270b69c81e9a3df61072ce6213583c7aa4824ae4ed22d4f169194a5cd8ed,0.00013969267611255238
Destination,028b310e4423acd6af4d3e1b0e14dc397ed771800069730f038c07ce66cf9870fc,0.00013969267611255238
Destination,0291d42f080123aae36e8fea06b4af45e845429f1176674764ce2120e26182628e,0.00013969267611255238
Destination,02896feeb3e4146691f8110a0c39cb785064ce40a4e32048add293987efbf365e7,0.00013969267611255238
Destination,02b1603b45c2db8bdaf24961a78b1b149ce6aff992fb1be3eceabdb27b92971555,0.00013969267611255238
Destination,03bfdad08992c54e1c0da8256986dcf1fa276aa0fbd8d446ff8f39d0f290af8291,0.00013969267611255238
Destination,03d93f27052c55ca636442f5b3432598978016738cd1cb4bd18705f1eb4552896f,0.00013969267611255238
Destination,036b7ad803b5ba34a3eb39ef501ce1aeb700084c4cf11ba64ca57654eddcb4ecda,0.00013969267611255238
Destination,02a4b71c4ef7785533c26b581285fc8145ae44d71e22392356ba7d0e6fa1977622,0.00013969267611255238
Destination,03e086e590f2255a7423cea5dc2b8fbcaffa3d8044c26dbea84728ea4b4648e41a,0.00013969267611255238
Destination,02ea79f92b2f6f6a3d6270bafb5cd91c8052e816d96670d58b8cdc64588fb0a830,0.00013969267611255238
Destination,03a524eb4f2e9f07b4cbb904f265ed21af7e46cebd8dc92eb9682dfd0d54f6349f,0.00013969267611255238
Destination,03e04bf5a232eac08420a46cb3261a2ac7b87bf6ff77fc52df49519ff62e9d3cdf,0.00013969267611255238
Destination,020bb0492f582891f8dbe6be8f6a9bbdc1391fe0356007e9d2b1d8b91b1e42eccc,0.00013969267611255238
Destination,0313456569c9c5ab248fd90be05a5e5a35889300aefe211bf4621da32ddd434635,0.00013969267611255238
Destination,03ee618266fbe6b781eb996838a0bb68998faad6f39a0b887f1ff8664589df9bf2,0.00013969267611255238
Destination,03a9f144aa9f00dd5b84ed9c8dbfb7f404a1b5b1cee8e2c89fbcde06324f181032,0.00013969267611255238
Destination,034ac84523c9d05d3e9607bd5eaf1a49b4a844d8b604101085ae426ffae39cf8ef,0.00013969267611255238
Destination,03cd25c64dd2f6fbe5e9585913c4bd4d226973611324713f7e935f898e42db05e8,0.00013969267611255238
Destination,026e67b4ac53236968cc3edd1cff310469555250e661c45b34d86099794d9d4421,0.00013969267611255238
Destination,033c8fe4aa30e6fff6241c54db813e5dab61fe15ae9ed3b60c1d055ad452b6669e,0.00013969267611255238
Destination,02ec3ac56e8f18ecffc23d402366312503b595fa9837fe65e588dcce5de113b5c5,0.00013969267611255238
Destination,02bcdd00e45722d029459e8d6330b80d047b68ac52116204aed2bde65857c9bdc3,0.00013969267611255238
Destination,021a2cf62ba6911f2e0b54044b8914e69d3704675c6a1480162dd06f721f6a439b,0.00013969267611255238
Destination,03f704ba0203627f8953320887e92e4ab3e19def2833c7cddbcaeabe882c9279d3,0.00013969267611255238
Destination,02308f3749f21f763906f6b37da95d4fef5ef496ce2aca005352643a766700e041,0.00013969267611255238
Destination,03f94b8e82c3c9be8f8d1e3bcb595e2855b72f23b92967c26f7d65be9a75184c12,0.00013969267611255238
Destination,03e125d8faacfceff63d9878b27302ae9e20a3153c1e73185d9efbd934bfcac2f3,0.00013969267611255238
Destination,02c7be51f83c7785073189a4610a510bbf50d97a9f5b6250c94d68779270f763ec,0.00013969267611255238
Destination,03f9bf1cd6c76303f58efef697fc54e87731fc533503dae65d45e0951d93550c17,0.00013969267611255238
Destination,03d3cb49d204329eadb56d2ba0cb4129c3720140ca2e4bf302b84bd7e612f4503c,0.00013969267611255238
Destination,0296b2db342fcf87ea94d981757fdf4d3e545bd5cef4919f58b5d38dfdd73bf5c9,0.00013969267611255238
Destination,0255703871293ff4c2c4e25fd5c8781edc34c7283a7bd33035d9081e091f7d8d1d,0.00013969267611255238
Destination,02d5b831d18995ab85f454016cbfb9082352dcb9f64da548fa5cb8c8aadcdaa9ff,0.00013969267611255238
Destination,03ce0185be33d2b3a4c992367f2be00065e31b8981d2c9056c293677d107a0e19c,0.00013969267611255238
Destination,022c6a25c6090a64b2710ef7f15740c4a000c480ef16a3b5845864af448cb322ba,0.00013969267611255238
Destination,03b42cde049acf59ac18876d552e8230e780aee50345855b91ba386bc7c55da208,0.00013969267611255238
Destination,03d043921e53a7b12a72e298aee8607b3cf7d282075972ec37d94a713c62335476,0.00013969267611255238
Destination,02679d067ec30e5bb4ad13e277d655e2f3779dda5979b615c8fdf1be0b096ae257,0.00013969267611255238
Destination,03c2088ccac9fb9293ed39269f0bc1469a2e3b45def6b7ad5b3072385139690cff,0.00013969267611255238
Destination,02f3a1520836a6dc1c2d6652225f28cec15e36fc8bc03578467921305b895c64e6,0.00013969267611255238
Destination,0288d409fd8ef4ab9d6f0c1dc7bf1048f3f7fb040886d3019126db4a5ac35b1160,0.00013969267611255238
Destination,02414204a9b48c3a056915f63b01c359ef62296b1de3477575a9afa79f35fa54b5,0.00013969267611255238
Destination,03b29d7cef566d29b106fe0f7b85820d0c64f753f30f85a5eba3f4816a538d7705,0.00013969267611255238
Destination,0375579eb2db126f8773df5aaf3f550cfab997b04458f05cfbd7ac8a014bb211bd,0.00013969267611255238
Destination,022396286ddf16421364daf7ca4dadf9ccf502aa588d922fbd672a23e5b2f66c26,0.00013969267611255238
Destination,022a9591acc2dc86a1e79b403e49ef60166d00251969c4f7c08a851e3958da1790,0.00013969267611255238
Destination,030a58b8653d32b99200a2334cfe913e51dc7d155aa0116c176657a4f1722677a3,0.00013969267611255238
Destination,027d798697c239cc5458ead35905df8bf84bec02e59c9a4cc94ea05292227fe69d,0.00013969267611255238
Destination,0346078e95939cd4213e5806b82682d1a2c4619430e060eb8d09015dcc98457751,0.00013969267611255238
Destination,024ebe0dd9a540d0ef5cde52c8d85a61900847a704fd10c7f7c2409f51b9cd2607,0.00013969267611255238
Destination,0242291513be7e3ca0040d5b34553d9a499bd5f2cc2b5e6fd769a3a7aa9655028e,0.00013969267611255238
Destination,02e37a8ceac8d70601f21925caceaa21a1a981baa89808727e69096458a862e8d3,0.00013969267611255238
Destination,02d08f72a912a893dd00b615f7888be76e4a8871a057ad4a1e7d52c1696d412e6d,0.00013969267611255238
Destination,03eec563148abbdd4fd04191e3b1ed7f026dfab6d4606a36b259f866545f01a0ec,0.00013969267611255238
Destination,03cd7c7c0a09ecf5c20c5a369cffc260773d33c173a58fea11c9ef5cf591078480,0.00013969267611255238
Destination,03096d4271aac41f26bf38ecc0be3bffc40701b23f0a843cb8357971d325c3493e,0.00013969267611255238
Destination,020d06a56bcc6428b48b02c8e514b73c4bddceba844570abda2bcc46bc474425ab,0.00013969267611255238
Destination,039ac95a95b56190ec09888ede3618a4b2b8bc91e0423ecc55eadeec5c86218a67,0.00013969267611255238
Destination,03fc8b5c254d4764d145b98a7a823791ed1f37c9d965d8068468f9711c44a76cf5,0.00013969267611255238
Destination,03db20a75ba913fb8fe79b28a09da9ad8e93792e21d077bb40c51ca122004d5006,0.00013969267611255238
Destination,0391e71120ebce30b42df48f8cecaea13c670166b010d0d00388280db77a5d71e4,0.00013969267611255238
Destination,02cc72ed58cfd21e8824438b2e949d7362e13768145915ef76ffd674509398ba36,0.00013969267611255238
Destination,02293df2dbc750493977c6b21ce9f9ee74d6ef492c1493e0ddd6bf37fcf790ccef,0.00013969267611255238
Destination,02984ad5b05452834f3452deee14207c99fc84c743a89d7dbff19f29876d1b2b1e,0.00013969267611255238
Destination,03ac167b1c488f19fb964aa400da874b1a6e0067e4c256b52172a5fadc52be5007,0.00013969267611255238
Destination,03699d0da418aeb19cf6f9bfd0fb6f4188872993011be4821d8a414aef6a10acf7,0.00013969267611255238
Destination,024feebf8f38d2fb62c8a047d9943d2f28aba9a6597c5ee9db443718b22bb46919,0.00013969267611255238
Destination,03579f22eceb386f69b8121dc8a8a6057593735008d2a7aa2a60a1f7f6e0dbd6a3,0.00013969267611255238
Destination,03a293083e241535baa8c6feba07f06d9e3f9b86a69775636eec33ca75f0fc3f28,0.00013969267611255238
Destination,02adceb768d21ddd425b048665d80aae2e6cd2d7e937a9a31e0fcbfefb3e62bd6b,0.00013969267611255238
Destination,020111074bd304e17a1cc74e1f4b76d64b1764895ae3a26ad3ab2c4fd0f63cdc35,0.00013969267611255238
Destination,03f30f9a537ce8691b3674dbdf180001fafa15123f82d1075a3ded51ddb622120b,0.00013969267611255238
Destination,03956220a23ac1eb5a0bf9c42880f3652465956fc20cf5bb0ca151229df2d58992,0.00013969267611255238
Destination,0334346507fbd9c36742122414e3fb9b5b4db4e432e137633bb225b1926327b51c,0.00013969267611255238
Destination,03b84beea374b189c9960ba888c966bc9aedf0da0bc0c058bc0f5bdefd6f881156,0.00013969267611255238
Destination,03ffb24c4740fd13bc69680c4adebba8c332ad63a9a8ee44a541831eeb73d8e72b,0.00013969267611255238
Destination,0374e89ab7d02496e4e938fc717e84bda627a4ccabd927724d59cbdd97d25e84b1,0.00013969267611255238
Destination,03ad6a299cbb19453feba46d1397e5404fa2b6b2484c7df58ec61db13fd42e3e8e,0.00013969267611255238
Destination,03d76526900a5fbdc1e6f5fb9fb9f26c17291e3023b9a9847cdceeaa02281236b9,0.00013969267611255238
Destination,03e9e4517b6e82fff24ad2c669af21b01adb96b21139d9eaacc2e86a17c61ee872,0.00013969267611255238
Destination,039a13c8c639fde6234de6d95862cdbb7c41b1acd4f7f21f6d88d2a694260d6e6b,0.00013969267611255238
Destination,025194638ab6dfec97e3b977080eb14f068ada3d26412589c14f982b917f9dd897,0.00013969267611255238
Destination,02a2cd39429354378d4ee7d239a4396a10844938e16bdc5a3d27b24c49de922b4c,0.00013969267611255238
Destination,0323f50b49ef9e58d8644504e9496bb52e8e87cd1130b86cb29e83ef2dfcf2236c,0.00013969267611255238
Destination,03862e0238920a3805f2c1f35fd681d10bdbcacba71eb6d6342dcb0f0ffeee3211,0.00013969267611255238
Destination,0237411e424eb96de22e559cd222f1e969132d1191bb0393856512909f9f9db1fa,0.00013969267611255238
Destination,02947ea84b359c2e902c10e173aa209a36c2f92a6143c73170eb72b2077c592187,0.00013969267611255238
Destination,03c6b86ec1c1bf313144dfd2d64f58cfb7a93e9f8ac3bd50910620ba02b460b570,0.00013969267611255238
Destination,033aef518f370382db1b7d304abbfe953a2563d0a388ab0ad8172777f1f5d80db0,0.00013969267611255238
Destination,02aaafc96eae45ce209b6a587b8fcc42e27cdea46b2c1cf8c8a6d4a4e1f146aa26,0.00013969267611255238
Destination,031a732d64d07ff432c5b8bbd3f99afd79cb50a71be6e908bf0a66654f0a702eda,0.00013969267611255238
Destination,0319f8a144ec6a040c1a90939ed6da98156c22c0a976fa1d4e774c133fd395fb31,0.00013969267611255238
Destination,02be5b5e09655ddce2a322eb38e98289237a1b88c279d872947f159d2d90b2ad36,0.00013969267611255238
Destination,03d05ce800bcaf66183062a32a46176c8a9def025b3820240d5a55e533649e98f3,0.00013969267611255238
Destination,037f46b621325f6bff6cf2afcfbbc9cd8e196e7206f94b753ed8bd95c8fffb5356,0.00013969267611255238
Destination,02fc5687044b12a01992c93af87d2dd8782c7c7846ca0641ca3aaaa75be62f68bd,0.00013969267611255238
Destination,024c034b96cb972cc804a7ccb71e0a5328824b9a54aa2699cbf920d0856d00381e,0.00013969267611255238
Destination,0342dd8568081ae1bdd852c0d9440dd22e4bbc432391975e6a1e1f2688e3ca6fc1,0.00013969267611255238
Destination,0256978982f85682c4182e887a3d865237048fe66b37bf464d155edc2f4b02d38c,0.00013969267611255238
Destination,0324889e3022bd1c084c44422c797e7f391d7b5ec07b3221d15690748a861f63fc,0.00013969267611255238
Destination,03e013a5e980467f23c2622017666dcc3cd23d06166f61a6adbb6b186b77887c3e,0.00013969267611255238
Destination,02ac858fbc9f39b6abe1cc18b306c2305e2c92f1d61f6f93d9482f007ac9870a7b,0.00013969267611255238
Destination,03c1ab51fc25c9cc4c4a0091024415b143a72ad753a87f3b8017862654c0a84fc4,0.00013969267611255238
Destination,036d91bc482a213818f45035041f26b51550bd01bcb5fe4c066c075726de365676,0.00013969267611255238
Destination,02391c7ff48f2b18f8daac330c0eeaa3a8de7546fc1465daca0ea2762280037432,0.00013969267611255238
Destination,02f6d570c8f4cce182a759fbfb6249d856cf0ad6567ef9c1f1c82c30b18eddbb6d,0.00013969267611255238
Destination,033bc6bfec1d65312cb330db5754ad33a14292e348b0113d624a9928775c30a555,0.00013969267611255238
Destination,03ce6a52087823987396b341168544aecb972e008a0d582b474a08cc52f2ad9d73,0.00013969267611255238
Destination,03a3d41a4166d7be533840b5387061fee8b4391943136b8b5ea3d3f2530071af47,0.00013969267611255238
Destination,024f867cb41de698403fca8126d75910a8b582ba0ec39b61c64eb012306e5acc23,0.00013969267611255238
Destination,0253b575c7c8aa6cc340917e35174070b509c1b8cd553e1ce3f04f33a07a8abbdb,0.00013969267611255238
Destination,03324f88d4fad9c6282d2d3a5c480510d9b9e08e76dececd8b0ed4401fc0cf0a4d,0.00013969267611255238
Destination,03903d93f1188f881d46982510e716427253ee32718ab937d0a6081783d29ba78d,0.00013969267611255238
Destination,03a333a8d24be890d5941535462f79616b6401298f6eee1eb4842fc107c7f19d25,0.00013969267611255238
Destination,03a9cecaad78e5fc8a3a77bd124a5cab6dc046e425cf75b9d1645ef9261e31a273,0.00013969267611255238
Destination,0383ff9baff26e7d32e41514da518bedecdfdf96efa5145e3af7c355996c85faae,0.00013969267611255238
Destination,03d814d6f1e133c293e3aebeb178a5053aa3bd3681780e40d5907ced874e957ea8,0.00013969267611255238
Destination,028f8de8616847688676c8db4041a52d354e0605d389a40d9d123c70b6d2913d2c,0.00013969267611255238
Destination,03e54ed284e15a453f13e424df805fdf53a9b6e6d2b522684d0111bc21d49a9656,0.00013969267611255238
Destination,03c12bde440a3bda6e1e90f8d2cb184c505def3fc5ace1e472a6724f2350b24bc2,0.00013969267611255238
Destination,02c1b955f21402688f90dbcc0d6c2ee31875cc3923d1ee661b20d9aad35cfc2aa9,0.00013969267611255238
Destination,03fdc5e23f5ca9c0c73f29ed5fdf816d024060e1b1a0d1892cc0fd93c93a474f4a,0.00013969267611255238
Destination,033035870d69d43fae1c8019d1f31358768e0b67fed2f68ce7f2cdcf603c891488,0.00013969267611255238
Destination,02e8ff7cf72482fec25e7d07f2d1c0f880ec4d0e372da0f9db7c42c0025b919602,0.00013969267611255238
Destination,0271eb5b371c6f564e515f1913ba924209b53a7e4d457a81fa3f8de5ec2a37380b,0.00013969267611255238
Destination,03873e440565d0bfb40814de13e9ee6f698a655a8fc26566369a442d2b3ba2536a,0.00013969267611255238
Destination,02246f1ced017509e85fcae75e98c6e6aa5d43450315909d73be4a0970e00f197e,0.00013969267611255238
Destination,0364e2a10d5c28a3022f019bcb2cc01757acf997c90b06d9e0cac7313b563cbc62,0.00013969267611255238
Destination,0255314a63fe17493c774cf6a1d442f7d0765872887071b5367442e95aef1b7ba1,0.00013969267611255238
Destination,0376fa7cd59043285a57e86401590b1a4030ca1b69b5d25aa1636f24d43a0f7608,0.00013969267611255238
Destination,02219ac72a218a62108ec584f0dd74555e16646257123c02747a0f349916015d16,0.00013969267611255238
Destination,03d98bffe14aaf187f7d462992b175c5538dcfbf0c6d10f3e60311bdd8f77a3e3e,0.00013969267611255238
Destination,02d4b66b52870a9d786084336faae9b7fcc436487d8a3767e56b0b3f3a57d00cd3,0.00013969267611255238
Destination,0304b5d7f02400b2c34f5f1ff10e68a1125e5bce4d3a513c7a8d0bba912451773a,0.00013969267611255238
Destination,02acf2e639127deb4db13edf1755a635b689a5ed9dfb1275cba30172405920ba87,0.00013969267611255238
Destination,03fad36a48bb8d06979df1eeeacd6dce93b873430db15c6b1762b8ce5e7f748ab2,0.00013969267611255238
Destination,02c9477078f21e6f17816257132678d2d27f4c7074c8b0114d8be5ce9cee14bc26,0.00013969267611255238
Destination,021970bc5cbfbeb7daa034b180fc77844f908be671231a689176621b5d3efeb5b0,0.00013969267611255238
Destination,037a712f920ca12e9764d9b1120385ab5f052bf9e7cfbbf73e89bb32b75ebf2943,0.00013969267611255238
Destination,0289bcc234ca13160eff14214912e4dc7bfc1529cb4ea2c7c71c9ae4848cbc3342,0.00013969267611255238
Destination,03a561c3c156c03974726ebd9c6d763c5aec40744e7e9d53b062aa5db3be42f538,0.00013969267611255238
Destination,025c281b6692ade8fa524a2fce00aefe522cfb3a4eb63f63d3e44e7cff954bec2c,0.00013969267611255238
Destination,03d07fbb3b2ed7e6811050dbe8dd519be5289354e1cb6fe3bf003dfbb9d2b70455,0.00013969267611255238
Destination,02d1567647ddff8b96f72f0b5cdf6a91d6fea09c6103d24992878c37e3ad59294d,0.00013969267611255238
Destination,03356b37dface56c07e41acbba7ff5407b81f2ca2b6db6f3d5b76f635fc32c5ea5,0.00013969267611255238
Destination,02127ca447d32089312d1662841a2572aba5a29301bf4e88a30ffc291037bcde39,0.00013969267611255238
Destination,03fa3be3b4528c1d588e60060d7f10e37c38f5aa02f867632a5c7b816cf5afa775,0.00013969267611255238
Destination,03b4f01dd3aa400ec19e63fb52aabc86d48cb54c147525f1a04e6e9d128fdb1910,0.00013969267611255238
Destination,0241dc8c83c0b51f67d19ebb7a5c0d5cbfec594cbfef0ba8d600f34e79bb91ddff,0.00013969267611255238
Destination,0320cb6b071d07c28ca5bb19cd8cc638c42f602e798a310a6411a023f1ccefebb8,0.00013969267611255238
Destination,03d1a8f7e6e3e4cc5bb56b896a8a9f1335eebe4baedc717fcc5ee11bec01c17de8,0.00013969267611255238
Destination,03da97ca927ea3bfde331d5bb3ea150073425a00be49930b1dc9271cf1a15f160a,0.00013969267611255238
Destination,0271069cbb9ec21ca0d8fd2bd7df7ebffe1fd4915c62c8e4b8c0fe33218296714f,0.00013969267611255238
Destination,02778f4a4eb3a2344b9fd8ee72e7ec5f03f803e5f5273e2e1a2af508910cf2b12b,0.00013969267611255238
Destination,021766246e0580d9486b764dca127182213ad6fbfda09cf87c3ec7d572f9c9dc59,0.00013969267611255238
Destination,03cf8a3c7e7e1edce4d0f7331f57e2903336f0b31a42f3828224f2cade81307eef,0.00013969267611255238
Destination,0365b09beee64efe6419376ac1de979be20d8ea0a696f71e0a5a3f4c8df4a1f372,0.00013969267611255238
Destination,02c75dab09b335fd852494f91bc85085e83164d1c5f5f492bc17b8c7817ba57680,0.00013969267611255238
Destination,033ec6048144744f0475c03aa9941a643fc59ad154418ce20a66ca7e5278faefd1,0.00013969267611255238
Destination,0224399e9ee880eeb855af068af2e1172f71c7f00d49cba223b6d7fde04b16ce6e,0.00013969267611255238
Destination,02a9edda359d2b2f0814cdbe80a10ef815931d68bcbc4bd5498e109187b34ce310,0.00013969267611255238
Destination,031a7491b87687d28b43ff55898e313c1f258f615ad8ccec42bc4dccdbd3e936aa,0.00013969267611255238
Destination,02a41c1881922377ca14876c04709406d304922abe7583911c8424b3da2470abe6,0.00013969267611255238
Destination,02ceff97c32a2172a36cfe2be5602634ca6a0ead4c5fcba9094157c02855c16575,0.00013969267611255238
Destination,027a22fb53c0d9c9925dcffb603993fca9331c855202214890f43164f567e49373,0.00013969267611255238
Destination,02b568dfb3cb52a0bde61b706f333a4eb4b77b0d38f0a9a591a338a05ae5130296,0.00013969267611255238
Destination,0303d154c7d43dafb9252f310202804df3fb1e5907b8b5e127f209a1ffdc627acc,0.00013969267611255238
Destination,02220d035b22cdc64ed228286f4dc77622f3023c73107c87b1cc4b06dc4041d7cd,0.00013969267611255238
Destination,03c319ac0fbb1748866836517dd58e8515ef5cfc81a444cb3d3b208cef8238c6d8,0.00013969267611255238
Destination,0286a857844b11bc306d3dc32d82d5390b466d611b6455f18dd96e6fc18b2e765e,0.00013969267611255238
Destination,03025f24134ac4e8e2c62580b512a9d13017da58c7609ada7c5b89ac38d4df9789,0.00013969267611255238
Destination,0317b9bc4b1c197eb9f74f9f45cf14d983fdb2c90efffd5db8b78dfda8a5bccdb8,0.00013969267611255238
Destination,026b742cea92cea6535f8688e5597bb874d8ddb6dab3500119a25cb25228d2a75e,0.00015964877270005986
Destination,024e6b1acd70476a96817daf55c3495a6ec26ec908283e45e306732281475b1ef0,0.00013969267611255238
Destination,03a27a5e28a75d99dbd0b7d1fde8e2ad3bbc4bd434ee3c47ddc7080ef76d7e65e0,0.00015964877270005986
Destination,03b827e4b3887142051b2ace064bbf22e838f3fbbf9cfe9d63144216266849482a,0.00015964877270005986
Destination,02903278ba878766449cc33b94f295d1f1cf0ce930e573447015c1534714ef3f2e,0.00017960486928756734
Destination,03b846c7045353fc8db68c9153dad2319f9abd2500163063a2a59f4dbb05cce65d,0.00017960486928756734
Destination,035394fff7176cadd8a25beb8b4303a33a69136fd52d1bcfffd510bcc685c8899e,0.00013969267611255238
Destination,036fb07937b7282bedcbb017d05b75a435eb4b0fb7b2615f0d47e4ab0183182104,0.00015964877270005986
Destination,028b3dc9fce972b0a171e7d91ef8ccd9cb7731438ec163c1bd072f047045d60043,0.00013969267611255238
Destination,0297a77f4d1ccc55d7a10a9b137119b1103d9a9d38a5a97ffa1d0152c818fcdd0a,0.00015964877270005986
Destination,027c55857564478a25da3d0e9ec05f6b9559267a57050c459cb3b93278cf4d8316,0.00013969267611255238
Destination,027b13965e30efc9ef7d1a9c462f55db48a1731714a0b83bf66b7f8e5f290f9231,0.00013969267611255238
Destination,03ae108e85dbc9061af452e87d6fb6ec539e179af9c97e1588117b694123a0dd26,0.00013969267611255238
Destination,034b9f281399090e0a15093da1f2c4697ff2740555cdb4134553508587218b9f0b,0.00013969267611255238
Destination,035e943500c30775e078b3c530eba4b6cc9122fed9f15cfa94e56b48dc6bcd2acd,0.00013969267611255238
Destination,024a577b9cbb0471fe6e01174d5c441fadebb40b713968da9346e7ff05d2edad4c,0.00013969267611255238
Destination,02778037289b1bd58c631e290905999a6fbc9bcc88e976417999c9e553efe1ee9b,0.00013969267611255238
Destination,02ca149f649b25ac3a19d80b059b12ad2e162d5ecd6ffc2b8e394e6441b3a5161e,0.00013969267611255238
Destination,0340187e95ea6682c39a30fbf596a0dfcf3e3558cc2ca906665859e054baf6be18,0.00013969267611255238
Destination,029a566794ad73cc857330d995e2e43961142ec758372e3062ba179efa5416fab3,0.00013969267611255238
Destination,02ee36713a22686cd46e3a32b79c6f4b2b6b5c7ebcf841d5756f2558ab7c1e950d,0.00013969267611255238
Destination,037ee29a3e36d46df53155d4a6dae29090bb35e852b48c86fc46fabccd34c4fd7d,0.00013969267611255238
Destination,0307ef8e1747449151ae8717650c11227dec6b888920bba6b1a9487e9646d10c61,0.00013969267611255238
Destination,03ce61cb90aa08f4b19b28d8393fa39d107fefa3ff8d303808449ed0853487d150,0.00013969267611255238
Destination,037680644b7d4b999609bb4db3d121b62680fd2af7c8de2a739a1ce83eed9f779c,0.00013969267611255238
Destination,02b0c443663ae248a90fba5499ba9169b473490c6fbeffb9af01c17dbf34fc7552,0.00013969267611255238
Destination,03ea14e331727ad3267f2591a6e9b7294eacd68b4e8cf2e27f5f5b33ad3f048c72,0.00013969267611255238
Destination,02abb73c0b01d919ec1aa01f2b9b1cd08c7f17ba72219f7a93606c2421ef17cd04,0.00013969267611255238
Destination,0251f123e056a6be1f1cef15895a99e5bfb4ebd230dc45ee19560889ec57bc42fa,0.00013969267611255238
Destination,039e11ca3db394c55df63780e321dfada6bee93705dd7d7ea9d5b9fd5690b45d92,0.00013969267611255238
Destination,03f40415ca4354aa2b06cd475d7eae4614ca705615cf8d98c0591396151ba1531e,0.00013969267611255238
Destination,02b39e2f5a9dfbf07a3ad18255b0b13442d814ebc437e9f5f6d74340bc2d0bd0f3,0.00013969267611255238
Destination,036cef9e0badb2abd3d452e8a51d6fdcc3ebf6ce7fce3dea1a9331aef3737ebd6b,0.00013969267611255238
Destination,035af1f82a1cb60415159a288444476c889a04d972ade2a5ce6a2b9a5d42ad9c03,0.00013969267611255238
Destination,02d3fba1db8b1f53df5b504de5e8700c02f9b7e3f4a2e34df43a5437cc2a05bbd4,0.00013969267611255238
Destination,03f549621f35737aa78428cbd271ae04c4a06d68681dedfef06aa6334f2384ce5a,0.00013969267611255238
Destination,02d51e166340e69718876b2cecbc031b479cf57154d8b239bcf2d7213e66b28333,0.00013969267611255238
Destination,020b2c30b5c205686924b296f14685f500b225e4bd9b95d9fac8bf6fb8b05d65e9,0.00013969267611255238
Destination,028dcb644197ce997574bd24360df94d3f5cd7926caae51eded371e2926979ed19,0.00013969267611255238
Destination,03391dde5e1bd58e026f1c34b8b5a27c2cf2ca9e77129d48743728b97563f3d88b,0.00013969267611255238
Destination,03fed56f0c5b2f4ff48ea5fd7d32201b9d1df6adf941ac2caa2b230884d68429a5,0.00013969267611255238
Destination,02d9e6fb907ea1867240ad97c804a8a96cb48f4158c0e2f02ebd4ca43a654b0efb,0.00013969267611255238
Destination,03ffbc206a416bbf89a7092ac28e7a9e2cd99231f9b4db71f125e38cef8eb4bcda,0.00013969267611255238
Destination,03124617c4dd53d1931ea1613591bf4355e52fda78874589d0a49aff4f253476f0,0.00013969267611255238
Destination,038b06d38c70ff14be64f26a6f058f7acb4afbb9a19d02f0a34d0097dd00c901c7,0.00013969267611255238
Destination,03187687660605760788858c9da931f61b47eadaf391ce5e174bdb37f8e9e32a6f,0.00013969267611255238
Destination,02c85a51e7a854bc5d973bef9f051dd53bbc8ef0af520e598d5c7fead81fcc5959,0.00013969267611255238
Destination,023a19f1c59d49d5cea3aa7f977de11babc552602cf27e0486b2e6c24f7f8df468,0.00013969267611255238
Destination,02b793cb09a07d86a3d506d47f333a1df8baa988174038ab7ba1093231a390b0cd,0.00013969267611255238
Destination,03459785059f9382fe3458f06dfe0d32176fe6951ca7c5b414393ffdb359fc626b,0.00013969267611255238
Destination,02999fdc0e05c7662804f5b80de5b9284a8fdb887b01a3b768e910de4802a77de5,0.00013969267611255238
Destination,029c0fcec2639bbe3292aa65e7156b1480966566ec0f0c267111e7065877512d66,0.00013969267611255238
Destination,031ae72afd29604e6b4f51da107e7fa21ed96e1e7bd0af146c4b39877876f54541,0.00013969267611255238
Destination,032a39f66598090a1e8ab1cfc5efbdc1f163c0fa97889ac2431ca8a8b2e8e2c1fb,0.00013969267611255238
Destination,02092a1bb15792d5f183942200fce28ff1bb865ba5e79d9cdc3c5f8cb0d88b46ca,0.00013969267611255238
Destination,0202e97f8a3479fe0858ddfa51dd10951d2ad1272b20115aba004aca9813c59e64,0.00013969267611255238
Destination,02ee6860f1f7c72eff309e9ab9423722afc400900aefcb32c5357403ed6f0fe499,0.00013969267611255238
Destination,02293224b003321e1c030b60a64311b1af14f6e17d6d74f762d3875e4450beaba0,0.00013969267611255238
Destination,033802f5c0612db48756b21bd65f5fc8d7a7ae1e8307ec33d95691d9c983995721,0.00013969267611255238
Destination,03e0f57cd0a63fc6a9185d8bc08c58f085062b9abfd0dfbf4fe1abb03945a9be58,0.00013969267611255238
Destination,02ffc78795d4be89eab5e39176cfc66f436bd30e264642af530c5f6e72490fa654,0.00013969267611255238
Destination,0202ef7315318e7e6706a6eee025f0b150cc7288e273d4b6c494031a7ee94fd143,0.00013969267611255238
Destination,036d8b3498c8fddb3b15f4eca6841bdd2f9db6e8208685134ccb7bbf05f06d7c06,0.00013969267611255238
Destination,03ea077fb0f3275ac931342e62d7a207bb77ae8e03fb1a18cd971fa979d8e84f6b,0.00013969267611255238
Destination,03ebb325a29e0a1e5b8f403597eca54ef7a45e6b0a37cc9e638cc4b6d811fc96b3,0.00013969267611255238
Destination,0343b2dcb9e8eb17a3ca674491ce391d804e4485478a7b5d9d1fea150fb6c060e7,0.00013969267611255238
Destination,02edf45814cab185eed774a3fda50df9f3500104e14463cc7c4e737eef2a450a07,0.00013969267611255238
Destination,036af7ab4e7a929065414e52de5ca4c4d88b1dddaf8e1be261b1530e69d0f3693e,0.00013969267611255238
Destination,03ce208d7a0a884aed1b6c5234f695a526c972a9f2b16da206eddbccb3b9dc8aa8,0.00013969267611255238
Destination,02bba24c34e9f0f4c3efc8f0d935b9be4d6cea5c1478df05f8d9af8ac51518f840,0.00013969267611255238
Destination,027ccde460cd4981979aad9b95d2e389a0387d227d081a618ad4cad0700a1db5da,0.00013969267611255238
Destination,03d1324d6b64068a73562fc1a59b7c4afde1e0d97fcdfe802e2fee5818358d3a03,0.00013969267611255238
Destination,0321bc22e313f2f83cda38165a0b787ae365821c34c9c6d54515b993c33bf85fd9,0.00013969267611255238
Destination,03705da1723196139fb5c811412c78b8172f360c5329c5c72129b7279a394ed255,0.00013969267611255238
Destination,0365dc280825324f35d0efde56c7259cb69e95ec28ddd6ec1f915323dd89de9b57,0.00013969267611255238
Destination,022e9a32023ba0975a08076006a91ffab8872f5efe35319c094949d17b267dd14a,0.00013969267611255238
Destination,029df59938f789b26b78167d43de1f7ac2851575330b58e26b8fbb1cde5d1e45b6,0.00013969267611255238
Destination,03de555f4b2d10cd5e654c2c62ed33478da3127fa88c94f3d12775e9ccc1f6e761,0.00013969267611255238
Destination,02a10b442aa494adee4e3cd432da03744fe8f30b49384f9977a8944180bb65c978,0.00013969267611255238
Destination,03ec0fd0d26af05b929d4a5aed84af5d00ad1c9d51f246b4b377b885629116f933,0.00013969267611255238
Destination,0358736293ef66ba42609bfbbe8604d66130a8c6cadd4a03807d77ced5a0407c84,0.00013969267611255238
Destination,02628216298ff6fd6d68832fac7a235a9cbf16d6b8b2aa6fea9d16286fd8fb8972,0.00013969267611255238
Destination,02ff3e8e1abb82781615357d8ade7d36560a1980c2eb050f7a500e9c059661c21d,0.00013969267611255238
Destination,02fd03dbfdcbdc181d51602be070af41c9db3bd8e3274d64e5a03c916c0143ceb1,0.00013969267611255238
Destination,02d75a7d40a58d13aaa1e8eadfe435a1e317f14f124696fb6223f62191650d7a66,0.00013969267611255238
Destination,02d29c8aefffcbcd4336ca3a04ddee7a4ebbe2e291af748e161401433f75d34cc4,0.00013969267611255238
Destination,03bfe5128bb16ec6e9fe21eb33fbacf70deb80b15dd7ca275a0728bc5ae7ecd3ba,0.00013969267611255238
Destination,02458c322518069b0a8c7490853289ed2c6a8aa838b78f1367808e99b8c9705c9e,0.00013969267611255238
Destination,027e4e2d917d1962ca81a074ba81c23ac56b2722098a4517ef63d495f9a9544c2e,0.00013969267611255238
Destination,036ddd507a46a16a708ff865d423dcb00eb3e415c0d2811eaeb576aca4edda8f05,0.00013969267611255238
Destination,03ae74fc4fe5e6b81ddb839261b8c8c76175d613b813a779dddf83429213c24f6f,0.00013969267611255238
Destination,02dd5649b3b872024e6c9cac775fdea95f08c05a5fa9575e96e214b6a90baed438,0.00013969267611255238
Destination,036e2cb3e0577abe3d7735cad6f811e3db9595a9630a6a41e0d425f9c7f9111f94,0.00013969267611255238
Destination,02985982651d61ef8ad4d6b86cd8dbe77be8cef4d43a57e83fec8f598082772b3d,0.00013969267611255238
Destination,0289c856c1d94ad399fec3b75d754bb30a226136b3170c1c0977f8e468aad9c305,0.00013969267611255238
Destination,023339c74bf5642876338229f62305a2b0e85ab052c75b224f04c3f4e261ab94dd,0.00013969267611255238
Destination,02b525dd5506493dff1535dd6b7b7add946c9a4911c033537db09e32e03eec744e,0.00013969267611255238
Destination,03803ae278caeae45e2b92503e205cf50d81278f97eb13df0d4dcef23653a336e0,0.00013969267611255238
Destination,0357ea880fa153a5359487915b69da4419fd81d3f33469bbdd029544f576f10bd6,0.00013969267611255238
Destination,0298bec2b7f29646098a6eb48538e3ef345b64f1a9cb5a7074d97f30e19bee8a79,0.00013969267611255238
Destination,03191b955d600a8013afb007323315152202caaeb1f378df4d7661e9715e51e896,0.00013969267611255238
Destination,03626ee469931a07622adbb8657043e05d656f7c91565bb9ecd92271c71d6ca1d3,0.00013969267611255238
Destination,036a5be0574d4d086ad2261cb99fe6e032bc3dcaf84732e1bbd954d3204824516a,0.00013969267611255238
Destination,03a672bae580a33ce3c9dc0b436eee0a372f6986b2c35b3e8744c5cf4762d53ac2,0.00013969267611255238
Destination,02bf1a3bacca4960fe7d1775556bdbc8187ff9db4d0d404b07a5b8be4445f9cf64,0.00013969267611255238
Destination,02ae18cc27d0de88253b6238b810a71a3c15a0b5a92192c5e9728d5fe8c3327930,0.00013969267611255238
Destination,02deb807c67c8a021566ef9edb88cc9b95e7ffa979fd4efaf7a2a1a6cbba154b4e,0.00013969267611255238
Destination,032d22bc475832821593caaffe92d1c54cda7eb089be28eb4d1f764940699c54e4,0.00013969267611255238
Destination,0351a61a61f9426f57bd20abcc57edbd6712ebbd53337b540b96fb6b1482089b88,0.00013969267611255238
Destination,02de68e1e716630befdd760170a51377eb4dec47fe5bc44b1aa56b9d672d78f254,0.00013969267611255238
Destination,030fef27af4d96bdbcd43ebcfa5e555ce4b2611abcce2eb18c2649b4b9ad983294,0.00013969267611255238
Destination,032d280e27c253bd1ed629986c7818fba502078862329a1cd8d9e060e15c292bdb,0.00013969267611255238
Destination,02e7325acff0bd65e0425a30827abdb2b73cd08d5436bd4ed0fc9e08fae0c25835,0.00013969267611255238
Destination,02a8ee7d6b92809802d55d94e44fe48e0911ce166ca6e6c468a2afc62aa105fab7,0.00013969267611255238
Destination,02d769fd092d5ef0596e14e5696e2e9ee366def80973a3c196e5010fcae7f90466,0.00013969267611255238
Destination,03cafe999594d717853283daa3bf0dcf7193ff19b2a3cefd801e01b63fafe27d11,0.00013969267611255238
Destination,02ccc38f963ad547bd6e9b2476f00f86443bd22889a590df6f64a0eefbf10f1f7f,0.00013969267611255238
Destination,031f248d25e0ef7f7f768df6b7ba90d7a39d5ee6c36dd09aab0808c9eff9a36d39,0.00013969267611255238
Destination,0362d6fed9caaa884c6141e030fbe44ab028397e66356662389d4ba10d9f98675b,0.00013969267611255238
Destination,03832a0e6d0f8e07a1d1b80804c4bc6f20a47009e36905ac90875994ff8b740423,0.00013969267611255238
Destination,028215ef9db21081760efd9d83f7533ea8093460b5bd2ea9183a712905aa111368,0.00013969267611255238
Destination,024c1781fc0f5de98ba537f0fffc967ad031a476858ee3e583b316ffb18216cd85,0.00013969267611255238
Destination,031df9367377758ef6a167f218023c5a1dcf3994d3e96327d32f0f008548fe4236,0.00013969267611255238
Destination,030d9cbd22f0189373d71db9b3635680360f92cd4d155fd71f6521148d7a580214,0.00013969267611255238
Destination,0230610b5dc0c7a1f88461b8372216b4ab489e68e70ec6d859a8c385501d7d2d00,0.00013969267611255238
Destination,032c2cb64ef0b6d5f4fac7b474712517b461fdf30ca85c32ed8d9a35c752042fc9,0.00013969267611255238
Destination,03bef49e6e3bfcd8a6b5762406b45fb93f86a97289bf4c866adca386b3ad985b7f,0.00013969267611255238
Destination,026a234736dcff012b18d6ad4f4ba044cd13b5e75fe9e38c6af4de8032e837f7ca,0.00013969267611255238
Destination,02c8d69329412d06c0b73f528fcf6ff23994aae1f6c38f184134804956657054a9,0.00013969267611255238
Destination,03f48a5554ed4fbfd591dfc6a4fd1a1b5f89db5ac4bccbc0bfa071b70008117880,0.00013969267611255238
Destination,03fca46cc2cbdebb85c4687e33995c577474c45d66c811610ad256312dcc0e1a28,0.00013969267611255238
Destination,02ae0f583a14847b449508fa5b4c0979de810e4b708db63b2d29e178c54ce894a6,0.00013969267611255238
Destination,036b3353f25266c31dde205ee31d7766de5615df6e13ccedeb6a119e365a292d2b,0.00013969267611255238
Destination,03b27caf887549b9fff3d1df887b3d9fb9c58b225221dba98f2b6749acf419ef92,0.00013969267611255238
Destination,03af77cc895bd9c397d8a33f6346ca1b3711111a0c1ff8903801c6a8434771b4ed,0.00013969267611255238
Destination,0243d44b1baaa36a6e6fd342b6429472e2b6136d24dfe08eb3f132b977ebcd7fb6,0.00013969267611255238
Destination,02d6dba84f80ac8e3c8525965f072ba044fcf3b41da00ca417308a9e2c92069499,0.00013969267611255238
Destination,0213331154d3314ebb58b985ea9a32d65c5667381ab4a3d7736327bcae5a98ee13,0.00013969267611255238
Destination,03077abcb3f4626cf52037f774438acede7fe546fd2c3e2da26ccca520c3996046,0.00013969267611255238
Destination,02e7c46735a6a2fcb438bb41cac06414de04d13dadfef261d57c91dc40e2e11119,0.00013969267611255238
Destination,02f96a7178eb8ab15b1046c3bc12b8068d30d058bbe6ae3c1864ef6e2075b42634,0.00013969267611255238
Destination,039c8dc0edafb41215711b281be6802e1b044f342328d6fd3e6a55e9cfd95c7bdd,0.00013969267611255238
Destination,02b32f30ed40f13f639c6505b9f4d539c6ab5a929d93997f38d31490ae298718da,0.00013969267611255238
Destination,02d2c60ea3d056c7923d49acb0d39c6309fc9f2ccee79ac79cb2283500b94d58a5,0.00013969267611255238
Destination,02c7fb53cc062b38f3bdb0350d2492624237dc86751018df90817818218f543f5d,0.00013969267611255238
Destination,020e42f399df4dde6c1ba2289538812032c7d2f7b55d3b8caba46c3756efb34d9d,0.00013969267611255238
Destination,03354dac293ca70ce5867d9e4d1457713ac2da77abbd0ae3ef0f33c731a178503e,0.00013969267611255238
Destination,0301149e165db6c71869a147e75be738c45b0b9702acf7920ab87b6104beb02322,0.00013969267611255238
Destination,026ecf8fb50c1f482607f48fd570406efba3c5a5c78507de6692d18519ef085969,0.00013969267611255238
Destination,0384c95847c1073a2301bfaaa12202ca61b7065b8735bf8223909cd313f384239a,0.00013969267611255238
Destination,03a062c3783ca227991c202880f8804ac425196eef0bfa0a1978970bae215ed80a,0.00013969267611255238
Destination,03c1a8ccc5c83b37059a3efbb72e633c0897172f2550475b93bdc14b5ca243a0d1,0.00013969267611255238
Destination,038aaadd1d3c4349a093464a253893dcad33cc07afe94c5986fa0342af63a82b82,0.00013969267611255238
Destination,02872ef1de8447368d58f2b14211c3eb751662a266465a8cfe8cc54ef5823c8752,0.00013969267611255238
Destination,037625e30d04d39773c5456a7fb6d97d53d1d2fa5f74c70c654d75d7009e5b7f3f,0.00013969267611255238
Destination,028c8c9b0b588d00afabe905799aee0225a9315cdb63d7646b7ff7cf02fe4bf643,0.00013969267611255238
Destination,03dd204927a5fd79e492f4c947c7660bb29cbd8f1ab9412659a35822c769faaf19,0.00013969267611255238
Destination,025227a3ce655427812a8fcd81525d9e94029bab8a374f4c00000c04b06ac403a2,0.00013969267611255238
Destination,024700001dd2f801c6489983b528ae4895e0815b34b60729affd68c4e681ab9f4d,0.00013969267611255238
Destination,02bc231171f4b2844a47e7f33529f5c66b6c38a4382dbd5ed8a3495b4cba82fbc7,0.00013969267611255238
Destination,0271bc9ade98f6369f8ac440ffb54937e1116c7d30476108a5d55a93897dbdd73d,0.00013969267611255238
Destination,02a5d937fd2328e1a48fd56769ab6ea810fa9c67bfac233f0ac864494b5442d483,0.00013969267611255238
Destination,03e725cfd805aa830fe19939888e202c5b7e795106c06af88645d71b91eb90f2f5,0.00013969267611255238
Destination,027f59188b84d3dd35cf80299ff4b6114a3ae9c3420cd0dc82503dff00e0afd67f,0.00013969267611255238
Destination,02abb5e57ff442770d9dc1d1ab66f45b015ac7aa033e4407051d060a471b71b08b,0.00013969267611255238
Destination,026286c3cd678fca4f2532c1529a183444002bc1031711f258479c4a920e547fc4,0.00013969267611255238
Destination,034a502a31aede7f9bd0487a8b2ce6a4a76e0dfa4fc909093c3c51121d2f77b8f9,0.00013969267611255238
Destination,03a230e62cfbf9745d9f6b0e2c079493d27029c3175988a17809c0aea35be524db,0.00013969267611255238
Destination,037f151c2ee2d165d3a03be4465ba0b0f66b6f4423eb33b558e8bb84c5ba7d212a,0.00013969267611255238
Destination,036a7fe5fba56db26315fc348ed0003fe3652ff90c0d6925bec205720ef1c4e1d8,0.00013969267611255238
Destination,030b5680af650490c4f78554f167e6bcd81538d48ebb6f5ea66a854ec523656d41,0.00013969267611255238
Destination,02b4c9bcd9140037c2425d03ed7f8e76c323e571ef101fbfaa363b0f6790e78d44,0.00013969267611255238
Destination,030157825caff74922699bfbda9dee3d2b30b2fcbede5e7774ffe9c84cc0fb19a3,0.00013969267611255238
Destination,024ff0d07634390efb131904b10a64cf2e3300574b51902d493a360fb522f486fc,0.00013969267611255238
Destination,02931272beceed03250c4ae8c1b3f7d3235b7b1c0e79f304345e4cb8e449de5e0f,0.00013969267611255238
Destination,02a8adff3920ccd876ad6f5a1eac7eb47844f03aff6bf37a06eac9fa6caf4cf973,0.00013969267611255238
Destination,024986bfb5f3811fdc150a75e1481dcde0c104420cf8ad0855091d6892bbbd2796,0.00013969267611255238
Destination,03111134808e9440e1d4d689f7616600d4d75351abc2aa6ab705cb3e8caf273271,0.00013969267611255238
Destination,02f98080a5426a5f5ea94d0286fd291700872b932a8d80080bcdf5ee394fb8b298,0.00013969267611255238
Destination,03a6a7b9ce90e5cf19ea031b25fac20b4a038be6cf44d7095ca5081427421b3e49,0.00013969267611255238
Destination,03df7bae6720ca7b0a2a9e8a4214e8d480c8816c57022a9c435d2bc057266852e1,0.00013969267611255238
Destination,02e4bc9af91b875014f4b23a392376cbf27366aff530bc1867199cfb492ea106a5,0.00013969267611255238
Destination,0354d625756eeac1d1d7a4390e1a6206ecbcacacf5b74d199d0b728ce9e510125f,0.00013969267611255238
Destination,03a5e0a77611b19915379e0ea04a45010c47086cd05238b913948a4bef13c5a76f,0.00013969267611255238
Destination,0385d1dd709be3c34e2323a1ce8592806770c0c581bb1f61ea36ee2a6049e108f8,0.00013969267611255238
Destination,03d4809d1a129228b9afb54dd5b3bcc29b8e59d5c8fc1f3104315baf19c8e0c76b,0.00013969267611255238
Destination,0387e2ab63f1f11d1e93b780197205ee979624128fa2ef39a0c87f4055adae6754,0.00013969267611255238
Destination,03c445275ee7d79ee5778ca2ac81b7c4d84aed7ee04629e8d8f35434b3c21e2da8,0.00013969267611255238
Destination,020de401c4c456ef6ffec0f3fe728551f9fff2f44b2074221c82965b1d220e5522,0.00013969267611255238
Destination,0329bb1f8d84236af2fb5423c1854d1d732c838176c0a7e052869f41c2dfd1c627,0.00013969267611255238
Destination,029104f6ececc08df799be577709e59f8ce8ca5ec0d997bd94ad74f1eacbd1558f,0.00013969267611255238
Destination,0257da3b479b3ec1d56d23fb030ccdb0e52c094a42d42401c136650aebc13d715a,0.00013969267611255238
Destination,03935414028149235c2594dc5e2957b695285b441a3e93f62493738513b30a9766,0.00013969267611255238
Destination,030f039da40b45d93e116cfce632ee994aaee16e12d7e489b0add08a7c30f66608,0.00013969267611255238
Destination,0240248a7bba5cb1e3189ab95f0bc888e86e23b37ef75c9742021860208b3d7d97,0.00013969267611255238
Destination,0268a46079aea3e3fa32263e929a43ad4bddc0eede1a1b990a30aecdc244a75223,0.00013969267611255238
Destination,03a7667cf5832af24a43c4ee9b5b82d732db120af57b357c44ae0d41473e6f2d05,0.00013969267611255238
Destination,02d2e1b94cc1a38c715e50ee952f41487051b8652c93e63d12c6c4652e99932b5e,0.00013969267611255238
Destination,03d337fbdceefe898eb4a79ab50c21286ed9fe2c7c3fd4a8653ea22ea1e5848a2f,0.00013969267611255238
Destination,02c48691083ca828c86dcd562e8463ad2da8a31d3389ffb66704280ff0cb25ecf2,0.00013969267611255238
Destination,030a834fb6851f0db97f424a46df3ad19d4c2a73e99739add84bec408fbb43afa7,0.00013969267611255238
Destination,0210e4093bb57fcaf805e73103676df8e29f9a03c2a233803fe1d58fa4fb1700a0,0.00013969267611255238
Destination,0346b22e49e9dc8bff23f312e7e2ee2dd26dbd555740ca175431e7b716b548a1c5,0.00013969267611255238
Destination,037c3ddd8352e63b654fcf8813a989c87fbc0a98e32404ff75908b96d260a3d04d,0.00013969267611255238
Destination,03c48cbf5e0fd226327089c2ed42962b06eecf7fe756ffe2770f52d21817eac3fc,0.00013969267611255238
Destination,032703b35b8c5231bb6a7212371aa9ff4c56741e24434a8862f7680b50a4e4d2e9,0.00013969267611255238
Destination,027cb1a88189ac81b24474d942c4e0fb6545be33204fecdaba018174e79cb1b23b,0.00013969267611255238
Destination,034232f9d7d4fbc7a0b7b35f70cef9695daed85c2ef95c2e3ae6de0a9aab00cbe6,0.00013969267611255238
Destination,036a7d163ee090c4e51566d1fe02b366bf8e4dd3a5363932939adadbde860a7519,0.00013969267611255238
Destination,03ff91d135bbc82a56815218723d39d8f02f05bdda774d71aa6dc329329ce90734,0.00013969267611255238
Destination,03669345f634ad7b2e3f1c0cea5eb291e0b8295713629a314037f7f09f6b983604,0.00013969267611255238
Destination,0341ad401515ef0c62316dad5e54532d7db46084d912ce4d08e67be2c49af5ef3a,0.00013969267611255238
Destination,029b9267d1d6a189429fb71f53ab735eac6e7a19d12c9ec2503c0a08840910dfe2,0.00013969267611255238
Destination,02bc0521a959da5f979333350f143d8ab1a0e941c7d5380d64dd46ac7fbed13aa7,0.00013969267611255238
Destination,033a3ce3718dcf6e4f4985d34d4b86b65fc2e50076356660a4899f65c988d091d4,0.00013969267611255238
Destination,0281b8e537e70b535426da81b9fd3bd2034667ede4b1a3dee099b56b1d67284843,0.00013969267611255238
Destination,030b5d1a2f2502eb14f7dfccd6de8d227cc533fe14214c80ecb5dd9bd6ef9dc8e9,0.00013969267611255238
Destination,02825a6bd596025eb351e46258531ee8593bad1f110dd5f566fe208884a3cdb7ee,0.00013969267611255238
Destination,02fec15b3df56e0b92f037d7c316df30216c8420683fc67e124aea588aea1bb705,0.00013969267611255238
Destination,02e515a88a3620281a7fb904b2734d6b160ad2c4c3de6eb3131c3a6ff17d8081bb,0.00013969267611255238
Destination,038405fbc50e001c58c803e04fa3057ad87f664bc44ed4b14abf12e259fc32ad61,0.00013969267611255238
Destination,0347335597159fce666914f13628ebd62a60223f3520dcbec5a7d77cddd3110f17,0.00013969267611255238
Destination,026d1de80e59f3fe2b27aa3dc8012f4437165bf99971bd9b7d8afedb066f92d695,0.00013969267611255238
Destination,02e3a75e58f98ca387b3ee31a24e37c4a85603dc0a388b1490fcad65ae36c76af4,0.00013969267611255238
Destination,0373413108d1f6438eb0f9a648d82b5804658a94591cf083c198e1504f17e09bd4,0.00013969267611255238
Destination,03bdcb98cf120435429d863a2edcbf454800a33c48449a41e3e6aabad695043505,0.00013969267611255238
Destination,037be970b0667bad00af9e5d535c7ded7fdfd320c86494c22ceaede3dbce3c2eef,0.00013969267611255238
Destination,02bab057ff5c0fac57d994ae7ec1218b87c1f786b424c3d1032bfa69f98da9554c,0.00013969267611255238
Destination,03594c75a867944a6d8ece3f721690fd6569d4d3fe814d00a16b82aa942a18cf27,0.00013969267611255238
Destination,02a9ce90945f8889b22fedb2ddc862bb6e7640eb43c12078563667b902a162827f,0.00013969267611255238
Destination,034c065b63aafec3f44515741e0924b190034bd40f61e7b0e5e1f01ba87a8d4984,0.00013969267611255238
Destination,02a36970b6ad3482d689eeb2a945dab351eca5e3ebb78c9b5824988283105f89c1,0.00013969267611255238
Destination,023570478500144cd6450a27b05c9ac5c9fef647baba0c5f0df4a6f2e66432cf08,0.00013969267611255238
Destination,025eb39a1e183b0e4671d57fa8d9520c419e5226041f3b34f30724a972da5cd7a3,0.00013969267611255238
Destination,03937dbc8719c7b6cfc3255aa7c0ab25d4797ec8b7d98ec2b8598a7dbed520bdb5,0.00013969267611255238
Destination,022b9864253ad504260bd93126f34e656a575549a5fa969959a2a0084f073fb7e8,0.00013969267611255238
Destination,02bc9226ce3a0eb45eca00a488fe6726a56e861cdc1a916b95e3b7311ec994abef,0.00013969267611255238
Destination,02c376e54ff08c4ab3c94e9a5cebdef2c367d29a428b9f9bd3427b7708451532fc,0.00013969267611255238
Destination,023190477a6e69917d9787eb574e4a853896845876e3101b3764dbcb09e9e53f0c,0.00013969267611255238
Destination,03e550308bea0e1af1e6f787b53c88d4c64c43211c78cff842d29ef99b83bc187c,0.00013969267611255238
Destination,02948b9c10eb9f6ed9587926202e52420b4787ab54e61d1034770539c5ac4a0bb2,0.00013969267611255238
Destination,02138548af30cf00b6264f80e65436882173b4fdd0da72ce5cdcdde84695e62f2a,0.00013969267611255238
Destination,0272c56f8a85f4ab5091045fa52ff6971e00c072cea338ef0f4a42b84264d80bd7,0.00013969267611255238
Destination,0278e0277942f10fdc2ea623ae63ef56b66ac1f89e20719f69f3e2c6460fb7bfd0,0.00013969267611255238
Destination,023fe628ca0f67014b0da1c9b252cf8eecfdc6fad033c90dbdd8a160bf97a0d365,0.00013969267611255238
Destination,0368fb98760a63119a7e90abe7b87d4437a72a24439fbaeb89ce3a64377c05a541,0.00013969267611255238
Destination,0294e9ad2727d623fb22870e32f167d4d014e2f7adccb0926802f0bd4d17959093,0.00013969267611255238
Destination,0308bd7d969a520ee2753b3e1eb38b1e3615cfdc372485caf521f8db293d5f32c1,0.00013969267611255238
Destination,0353c0823a03655ad51b22af9996f416e0bee4025bdbb9cd90ea3587cd4846b03b,0.00013969267611255238
Destination,03cb995f953ea349c84fedf951dbcdedb5f31de9ff0e402a820b492be9be46ca82,0.00013969267611255238
Destination,0381099cfaa9a0f4010f3f7fd36ef53ee47a64033a7463127cc11c101dcd5fd4d6,0.00013969267611255238
Destination,0253960422fef56baa52c95744a7f8d159c7b9e01e8ceb5d93c9409eadb57286c2,0.00013969267611255238
Destination,03490631b84821d500dc9eb7cb1c1e35ef5fd47a9f75a23dca8a510ac0dd3463f7,0.00013969267611255238
Destination,03e1ebdd47559f695cb79c73c97c6b29ccbd17d939e419038ff28ae9d4d6bef1e9,0.00013969267611255238
Destination,038310c4fcdfb663ac67686b640ca04c756f919143e1f77bce840d70b347ca250d,0.00013969267611255238
Destination,03213c5175050fc1dfe0b4560c0cd5c6dd6bf4b25c2f11df0285384d0402e0d397,0.00013969267611255238
Destination,0255c2486601d90c305021fa738c9494f5658cf11691d3f3883130f9db51fb5e86,0.00013969267611255238
Destination,031136296596066af4ad7b368bc441ac925a9e82ba3cdc0f2ba38fecc7399d3ab6,0.00013969267611255238
Destination,02c830d3de44dc14dc0abe4bf9d4a76dca14f79066d0cb9ee02939adcb43688594,0.00013969267611255238
Destination,025783a541e08399f1c35437c145ca0a1b059801fdb2de59eb650ec2b5426220ac,0.00013969267611255238
Destination,022d02cb93edec9e72548dc636bcc0a710f82d5d230cf45dd0005a2d4564177192,0.00013969267611255238
Destination,02ee4254004847fa44755d0113aa2cc44e56cc55f305d6f970636a74815173e592,0.00013969267611255238
Destination,02fb51afb21c6a80c45b0f097c579a02e02478c7c294a9e6b5baebf45d47376bdd,0.00013969267611255238
Destination,02bd47ba332d992252baa32edfe6a50565bc27dd40b3aa4d83509d977ad95e4ff2,0.00013969267611255238
Destination,020317c4c42bd470ca817c4287108205447e8f59a4f4a9c5fe460226335de516a1,0.00013969267611255238
Destination,03634dacdcd96100c793f7c91604c0c31a2d965bc24680ded9a7a797e3a90aa8d3,0.00013969267611255238
Destination,03e54c8ea5895e7510bf57ad7a2a59e5829067117fab9354130cca1ce6e43772ff,0.00013969267611255238
Destination,03c25c44b4cf5c19b3b45d61da5bd62e9ddfb6d923bb49c82872f50dbc3261d7dc,0.00013969267611255238
Destination,032e904f214377494c95817a050ea4eae8a6fed4758a08d5d0d113452060fe948f,0.00013969267611255238
Destination,020a128145c54dec1c1d72e9bf0ec26759d1e16b9a7bba1453e1fc2b4cec6a6fbd,0.00013969267611255238
Destination,03fe72ffbde93f3b262f6a713a1a0ac93575d52553cf9216a341a573a5d9949b19,0.00013969267611255238
Destination,020080a6a379cbf6f2d6a0231b274f311899b1f6568d73d7ff4032536b394df3b0,0.00013969267611255238
Destination,02154bf0eb878140c4ae14bd7cc6ce8964a56eb4ac2753774839db1948c30f10d0,0.00013969267611255238
Destination,0357d9de9caab281d82742cdea478e4310f49e70b7d2ee8a3d6f3ebbddc127f0ee,0.00013969267611255238
Destination,02c92490a595e6191f85ccea5de61601ccf3e056a74c3bd712e6aa960709ccc69e,0.00013969267611255238
Destination,035ad2c954e264004986da2d9499e1732e5175e1dcef2453c921c6cdcc3536e9d8,0.00013969267611255238
Destination,02d649a761d41005105dd764497713733f21d9bf0fd1a53fdfbc64b466e370109a,0.00013969267611255238
Destination,03e96269bedd6e457a313daea3b9d6b0e7a5905384d1c00e9a9ae88d06825abf73,0.00013969267611255238
Destination,02c7bb6f29f09d92d40d62d64443b688891259dea324406b4678df6235794f24bf,0.00013969267611255238
Destination,03d01ae1548e4fc8168fdf85aebc8f36a7e361e26d44d1be35d087e3a5461814fb,0.00013969267611255238
Destination,03bddc1e44a9730a9e95097ebc4254c3b1eab3a65ec34db8afe7b4fc8ab20dbc84,0.00013969267611255238
Destination,025b4fcc56beb735219eb55f2aebc9758b5f260d72c58790dae12128c5cf51a377,0.00013969267611255238
Destination,02fe3bf758f87d9b0cee6bdafa52d04650daea8c48f7178358b130b62e132c6f5f,0.00013969267611255238
Destination,03e75549c875fafc9dd3f5432fdccb9f74c9fdf60cbf70af82b59a8fe31cb91b60,0.00013969267611255238
Destination,0382ad2c0501044f3ebe2cd5ebc0d834ab79a778d635455124ef0559604be99c6e,0.00013969267611255238
Destination,03f20b295a728be64537bd7df1bf9092ed4bbf09b2c10f68c482d6fcb4f2232b28,0.00013969267611255238
Destination,02362420340656f39e08cd11087305acf0999448430df7e82641da07f006245dd7,0.00013969267611255238
Destination,021f402cb88409466eba2fca9d15c30b42a037d707520c9a57c26ca9801e920cdb,0.00013969267611255238
Destination,0350c0bd2b8c0d48d5d0e5590c4160a13fd24fcdc2bb991c52f6fce699a08315a3,0.00013969267611255238
Destination,03ef72858f28986c93eb524479ccdb54badcfd9925172d9df073033e346222b1f4,0.00013969267611255238
Destination,031fab3f6a8ae8588668fbe4bf4cae14c3aaa4134330b1798b81e60aaf9662ff20,0.00013969267611255238
Destination,02e05d78cbc836479896aa32e1462e45f397d924393b47abfe3e0d2fc1413a733b,0.00013969267611255238
Destination,030aab5c621745f2625d2a67a0ad523764f0bdd07b8d73f714507666425a18d857,0.00013969267611255238
Destination,03cd43a2c3d2e3f05c9bc7f41334b7b231fd270dc8c5f8f637f4593a867e19962c,0.00013969267611255238
Destination,03ba924eebd07c54ca8e4eab36bf84fce4b5d4ab20db02b900957833db6f581e62,0.00013969267611255238
Destination,02124b7f45adec0ad187bd39f1289b269783521975422613de0db2a8aa35de0aa8,0.00013969267611255238
Destination,03520be7c42889da6c1fa568a86597fad52f6fcb43402c7a25871494cbeafe9421,0.00013969267611255238
Destination,03a95de1a86fec848b1dcaeab03c51024abf6f78e3a0242039edccc8c541d44698,0.00013969267611255238
Destination,03a5d266485c0423bd6fd186777f09509708443501497211b06b00aebb7c8f14a1,0.00013969267611255238
Destination,03f7be97a1757677b586af487c7dac8781e25e873c0ab6cc5c4019f1ecbaf56da8,0.00013969267611255238
Destination,03ef662f0906a5e844a9dbd0420777e8b7dbde357e0888266cc53480e86d9850cb,0.00013969267611255238
Destination,032fc2f0e2b941c4aa2bf78051169baec5127c001d8cbae55c1701e96c6c6a13d5,0.00013969267611255238
Destination,0297662df43ca0bd696810a321509ada7502a0765d86c7e268833b3e32b01b72b4,0.00013969267611255238
Destination,021a208f06ead6a9bc041d3671baaa2786829d2d0f75ca2c1d13e535890568854d,0.00013969267611255238
Destination,02f6bbf85dcd8a657d13b344915ce16f49cd202ae2c2a46d0316d054cca7b6309a,0.00013969267611255238
Destination,03f80e3a187128667b2300a90ee7034f412749d02c649b3b2278005d71691a0f72,0.00013969267611255238
Destination,022a3d575fd624ce2d298bd3d5253754cfb77b5da4bdf6409ffea8a5c4314adcbf,0.00013969267611255238
Destination,03a9ad6b1e544f6fb56a4d2bd406ebcd80dcc3461eba3e4ad47b8087a4da92988c,0.00013969267611255238
Destination,03e0a296a5d28722cc7736abf18369ef3339d1526144626d987eeba05da79dc6fb,0.00013969267611255238
Destination,02ddfd255fd51d4dabe5db2aaea0e19f6525e26fa927887c4a6ae066359f21830f,0.00013969267611255238
Destination,0357ece6a8c1e12091a0937bbd2bb3b7d54c3372019186fb1e7dfe2bbc9dacf063,0.00013969267611255238
Destination,036d58938a10fbe3ee6ff547246ff5a016b2ee378b43782b95bd184c163247aa9d,0.00013969267611255238
Destination,02e819d753f3ae38d7e5988a04c7985052318037b2e48cb38bad0139d3ae84d143,0.00013969267611255238
Destination,03296d963e7b2927abd25a0b6fbaa0e09a55070886d2f17372dd1ca1f10eadf7d0,0.00013969267611255238
Destination,033d961e09b1719d3915c543f30bd5bf7e8b6b7edeb4ff831ededf099fb5f56f42,0.00013969267611255238
Destination,02469b7393b4ed3ac58f4c950874f4ebfcd6663bfda0e3a4bbf138c6558b749ccf,0.00013969267611255238
Destination,020ee91bac38da99042066aae23ced6fb71a40c6f4b7adac8bedddef4451bba4cf,0.00013969267611255238
Destination,03ad539ffa4871b91883c52b16a6e2ea41fd3215bede37af20de9e5bc484133c77,0.00013969267611255238
Destination,03727079c754ce7dbd3fdc075c3f91a11ce635a2be07698b8d5ef0b624e4dccd9c,0.00013969267611255238
Destination,02db41dbccc70cb27b71c8d98b8357e0bf7a07343d96cf3ac2729d2f4cf465b061,0.00013969267611255238
Destination,022be1cfb822c4e8a6bf33a1ac9fcbf9b1d1159aa8905d42bd19f95c6716522446,0.00013969267611255238
Destination,0220ff92d757d05a243a9f94697a19238043d4a384b8ff59144ce67dad158e83f0,0.00013969267611255238
Destination,03b3702083da5fb6754f5011a3308ac4a28f52b767b19fa6ee9862c58ca3ca06e1,0.00013969267611255238
Destination,029391fdd81ff6f63d2cb94b913d6b3a48b975f22baec10c24bae144a60aa5be8f,0.00013969267611255238
Destination,03966efe7f8bee6b97fa050170fd42a2853a65d98e7b7b685903b13f6f288457db,0.00013969267611255238
Destination,0267aef32ba2a313fa749d74d62bfccca75c2e0221a4bbfbf1798bcd1f230187e9,0.00013969267611255238
Destination,036963b40d41c0201401c7ce3b44c8c68308bd37d684cb24a33afab5a3a541485e,0.00013969267611255238
Destination,03f4c02d17b462083226e21c6b24f89dbacbd2cc50b593b2c82b7c0f87970cc06e,0.00013969267611255238
Destination,03d0370b0ae5ac620707c0c176c215933d5f68f48aeadd6cdd42ceb28772b5b868,0.00013969267611255238
Destination,03b729d5d22e4933d814a3f13b439a8b1dbf1684029265e3064b6591523208b903,0.00013969267611255238
Destination,03ead98a1682da4c3c6c7a3015ad9ce0bcabb39737439412d80c7c575c70424c37,0.00013969267611255238
Destination,02272d3ce316b3c3e8e1bfb3df59cca15c11602383f18f9e395c28974e98317fb7,0.00013969267611255238
Destination,02db5c26bc084467a5e8b7a621a096c70998d6eb844f6e50c36148125b27839449,0.00013969267611255238
Destination,022d5a1465449f41d1348ff60d0d054c4ab1f6bb2c5fa73b4a21286f054293fe90,0.00013969267611255238
Destination,038f64829991b5b85acff3d882e1a8a6b01f2bf36bb563dc43aac25c846c4734b7,0.00013969267611255238
Destination,03869d7a74d7eead10fded9ff6532bd7c25feffb013d23dce53ec7ab2c6be22269,0.00013969267611255238
Destination,0253f4e28482d57ab5f144fc547d2a8a2a5e15e293744ffba9091236a634ddc9fa,0.00013969267611255238
Destination,037f62c3f292f99c8ec1321764ce76b18592eaea06e1bfdf66eda15de965716f90,0.00013969267611255238
Destination,03846aa88ae8710d0bcd881382f6164955b92600d2d25a3f9f70e897bfcc22c424,0.00013969267611255238
Destination,02172e2e50cfc846c4230901728f170631a65aa6a9129853cf0e7b1d647d68b03c,0.00013969267611255238
Destination,034519d1e151e9f3d5d9f5ec56f9141697038686b0b47b557a8b1efac1fafcb476,0.00013969267611255238
Destination,02726d8227073ee65417a206cdd826a6af961542ebddfbdc5fde46b51b9dfd4152,0.00013969267611255238
Destination,029ab3ea901ff9ede599f1ef5a5665f8cfb07f34bdd35eae4bb20608da8b3cf1e5,0.00013969267611255238
Destination,02b8ba880f8bc74730d9df7eae5fb61b8c073bf81aa75223ce2a668102c11b6683,0.00013969267611255238
Destination,03de292d4e85ba32ac504ed0921e5c96cdcb11d87ac3c02ef4e5e4acd25c2d6ac6,0.00013969267611255238
Destination,02d768c90048dcba78b4343e9e140be0fe9f2c65657ce6196a56b91be4bfebdb53,0.00013969267611255238
Destination,02264fe3f59462a34316b73c53b83834e52712b6baed81fa1984ab1f62ede054a4,0.00013969267611255238
Destination,02790de6edb8f6ca8ec70b8ba57644d7722fc59e8caf9972e182d289571f5f11c2,0.00013969267611255238
Destination,0228b9e146a85193191b0f7b01198058d47aafb226042d6c4a393173fc1cdd39c1,0.00013969267611255238
Destination,03fccc0fe0bf2710e2b28d251647d0749ac783a6848a2bf7a087d84ca9b0d5c4c2,0.00013969267611255238
Destination,0217443c1a11c01b0bb4f5398c4ef00dae8d5aabd4efb4cfa6464b189f604ccdfd,0.00013969267611255238
Destination,0353b5887ecb62d4d9d39a6f4139d813294eeb35332c70a1eb7ead08942d883a05,0.00013969267611255238
Destination,0219665f869cf7d915aff3293dcc9a99d7ab86ccd9ebb1cebd028fc67040a5ef73,0.00013969267611255238
Destination,03358f5dbf0ec2528905073c654c4f51909b5f8e41e68f6848086477c8b4b85865,0.00013969267611255238
Destination,030d51d06028d551972656b10689d98118195f69c4e82d5d5ffc573ed3c467dde3,0.00013969267611255238
Destination,02d0e66c20765c5ffbe3842c4b2e4a1c9ead011c4982d0f06cfbfddcb69e7cb349,0.00013969267611255238
Destination,0289411927ecaf49467c44093990b6f446a5d9b396fb6663b070c3f97e1b9359a6,0.00013969267611255238
Destination,0363d5195290eca26eeca25a93f85fcecdb332fe831f397ec6655f7150425d4089,0.00013969267611255238
Destination,039cd42c10b569257512d397ae5c7c3989f8559b286d656b61e0898c4673457842,0.00013969267611255238
Destination,0250a1356c2563a14abef1c8b0685a914c2aa67f58b69491ec98db3e69e43c5cf5,0.00013969267611255238
Destination,02252ecc312c0041d63d65400bec47449f0e204fe53611e63e09ba25336f03cdb3,0.00013969267611255238
Destination,03ac97bb80eb58cda780a3013014a038116b1f73a8b864e23ce12d880e5795021f,0.00013969267611255238
Destination,03e713777ba6478811a8281e13d59c59d07030063868653242e1a5f0eb8cf66df0,0.00013969267611255238
Destination,02dc260646be9dacf4c102df04c8e8c84ce203f3b7f614ec7af2ffd678771795e6,0.00013969267611255238
Destination,035b1ea1fd9e2bd57f6e605edf16cbbaa0924884a3ae42304d20f9ba429070a28c,0.00013969267611255238
Destination,03b043b85a931d44f99e1ea3a6a2e0c6ae84d9aa5d224f219866d376702cc97fcd,0.00013969267611255238
Destination,03fd64c3c5290d79dc029c53a804a82a0351d1077a08a1584562d2997e2f8d28b2,0.00013969267611255238
Destination,0297d87ce68d2f621b4be69b23957aecd8f19ae5c2dc64775933be38122ffb5e64,0.00013969267611255238
Destination,026e7f90f4fb31933b20187790c4b8407149f9386a87cd615c0d41dd258e87202c,0.00013969267611255238
Destination,0309cb0b504a5e2e29430fc327ee499c6b9b9ac226f561bb9ab633d7992433545b,0.00013969267611255238
Destination,025507c6396c3574dcd39e21072d04764893d8365be343fdbacfdab9b44e6fa74f,0.00013969267611255238
Destination,0365fec18b0b649b15b16d96e8f2d0645b2c1fcb4b1d8727773334c4ed8b4779df,0.00013969267611255238
Destination,031ea21746533ea517e0b78bdf40e32ea49b41e551847ea427f0ec05d2a5440837,0.00013969267611255238
Destination,027e88f660b8e92bdcadd9699d79deaee5c8404e5276ca6aed0400628e5b07c71a,0.00013969267611255238
Destination,02b98a259e0602a526d2d3387efef02bf7b7348929575218aba4d467b3706272fa,0.00013969267611255238
Destination,034a5e6f338b42759be97a3e45b0f9cc487a3bb279e6990bdc7ad79379598f58d0,0.00013969267611255238
Destination,02a24b7e95a9a45f4a02dd397a2828544c8e22c631792749bcfa819e55fef1d6ee,0.00013969267611255238
Destination,02ef655eb454898118c559fb3f118b3851639853374e8daa5b72295385c8a66a94,0.00013969267611255238
Destination,0358deae26e63acfb3000f83074f6359f2a3de0699cc672d09470ac349d8e6cd2a,0.00013969267611255238
Destination,027f7d7553453d27a715ef0805d4508a37097ddd6722f48879676281619de45b11,0.00013969267611255238
Destination,0221112da0a50e95c4a781311897316d4fb3c26975fdd61b0c173171f496f1ac2a,0.00013969267611255238
Destination,0272e5a558b7bc9fa1f7e0cd42b6b237bbfdca71baf3300707b9562efed46ec488,0.00013969267611255238
Destination,03aaab87d0b9d592bab4b0bb63d2c2b7dff0d889769d90dd656e1f78ffbde77a21,0.00013969267611255238
Destination,03b6582f3165302030577e0e963919a1188133fe057ace5fe7705c0951c06d0957,0.00013969267611255238
Destination,0321cdad58119596b3ac37c15cd6b72eb5167ca15ae0189fbd7245259b58388621,0.00013969267611255238
Destination,026d8619ef583104f0ba4810a12f3e9088993c3dce521dc428affff57abdfdd0de,0.00013969267611255238
Destination,03c5ea66cae78faeb2e701e1a6afb0a4f08e71ded17c8751561aa211efc4f4f063,0.00013969267611255238
Destination,02276a279d493715ec9f1471f7751c36b467d41967fda3d2f0c663857c0331894c,0.00013969267611255238
Destination,02e0042ad7c6cf68342399d56630bdd06847bed64fee32082688ed0b88b0755ee8,0.00013969267611255238
Destination,028ecc39127d53c21d7b055dd2c52631d10ed9d8c90c67fb31207d4e64c2766f0e,0.00013969267611255238
Destination,03f7f395ea2dc821cb2fea52e2c1465649daa5dc3878baad613634339871d0ec25,0.00013969267611255238
Destination,02b25b5c0c33859914692b7d3c44949767abfd42dc087c88f8079e7bb9d5a05221,0.00013969267611255238
Destination,02195f59cc56aee9266d4d335e08fe7a548b43e9569385ce9ff23fcc982fce60a9,0.00013969267611255238
Destination,021cc0556cbe15031c85158ea5ad7c702773df48dfc341887449424db5bd6d7685,0.00013969267611255238
Destination,0200420ebfb0c6162e7dfcbcb5ca23df9f423ceb0536617d1b4549fc4efa6a15d5,0.00013969267611255238
Destination,02cb471358ea308f306da4c3e07d74d3d9376dd5d82555a847fa34b838e7e37bb6,0.00013969267611255238
Destination,022a7dfcfa3195ee2956cfa0bdcd532613af275bda3820cd6da9c0bd25134a7529,0.00013969267611255238
Destination,0293970421a7963252f1246ec0404640682f0fb4ae7e202debb25214ecf5d5a49b,0.00013969267611255238
Destination,02f4940a6d23d1d2cb357b857b4062bb0322c29bbc277b93349263f622d7f10e93,0.00013969267611255238
Destination,02654d3c4b804bbe87d81ea4dad6a0ed3833b86fcc07dd62a229d90590808db8e2,0.00013969267611255238
Destination,023623825bb995508e2cc11ceba695279e49e7742a182193cd3c5bd3f2f4057307,0.00013969267611255238
Destination,0287fc0d66cffbec1346ee321daf97a01a020c6fdcde660803fb068f97460a8a87,0.00013969267611255238
Destination,03844c1b65d9d155498fb49652632007a4d8884a0442bb74318cd211ded3d2b5ea,0.00013969267611255238
Destination,02ba1722c9beb884f6bfa98181032054c5b7fff0c4408ffbc1bb856381b6350868,0.00013969267611255238
Destination,0247d8e178d652b6ec2bafe55f6060f17db1ac1239466838d4b1a180050bcba2b4,0.00013969267611255238
Destination,03272336ca607078dfbb02a8b7e439f025a092265829c91607cdc656f4f7d545c3,0.00013969267611255238
Destination,02eb1dec256720aa1d888c05aa79733dc9dd0742bf662ee087d2e71c2088c891ec,0.00013969267611255238
Destination,03b9b5aceedb9db2ce605649fd798a11261a445e05ecc8c8f3338f811642e4f1e2,0.00013969267611255238
Destination,0291ee6e6c56c6c5d26973084adfc519192efc0f23fe814f319733e2f7d90461ff,0.00013969267611255238
Destination,033a00b409f26a9aa827a26ab825195439bb2baa6a2df2ce1b8d3dce1f5cd70a3e,0.00013969267611255238
Destination,0245437e7537080fe4a7844eb09f75937dfa496d20c4a2fada861e8b36debaf773,0.00013969267611255238
Destination,028d606259b4b2abe35eefab59c818afa1d47ee37c6f3581547bb5dc8edc93a53e,0.00013969267611255238
Destination,02f802a1f8b244afc7ef6d006729f1044272817a9bfcfef803208fdd9b4d0c7e74,0.00013969267611255238
Destination,02f6d241c7f6b77b408d15d8d0b744dac71ee5d9bd5552aa6e706d96b4f0c929f1,0.00013969267611255238
Destination,0312a268abc3506f0ec0490dc8b3f62ea3286cfa9a3f43929cddc61094a1e972ae,0.00013969267611255238
Destination,02d249c1535670475bd8bd6be2dbe51d671a78a6971ae0c00953fee8ec29497711,0.00013969267611255238
Destination,02e4768d6c3f6f0767d67fc7370a9ee18c82cdcadd07daa19d91e86005bcc7ab75,0.00013969267611255238
Destination,02ac523c8e17a47e5dc126be3453b8ee3b7d9be95fe2dcabbf5bd4c8f856078402,0.00013969267611255238
Destination,02d63f85785a88a057e1d75e6f6d94baf3f9a50e24ce2f0f054898e9fd185c3e8d,0.00013969267611255238
Destination,023bc525f65d2f28f3f63d9369b22184d9fc48986b4635ff39e660e926580d0b4a,0.00013969267611255238
Destination,036b244fde77c949ec89da837454dc75a88d5cf98b2eb2561a271cbe6f036accc8,0.00013969267611255238
Destination,0257ccc19362bac5a12fbf4065022b76961ca26561398b82e77964cb0954047b51,0.00013969267611255238
Destination,0247e54eaa2af722fcd7cfb162bab948d5e2960784e1fb0ec9ab99ce6b2bf104fa,0.00013969267611255238
Destination,0369c289be9f3ba233901795265faa76031f2a05d06088c919a8e102facd0023f8,0.00013969267611255238
Destination,03e7fc04951b32c95459f6097c3dffbb2f7314d6cfdb8cd81f2df3e65a04689d8b,0.00013969267611255238
Destination,021dd78b685a6cd68a0919cea859662e73ec9c0c270e1f12a56b75b9bc623683d2,0.00013969267611255238
Destination,029d871293231607a51fc666f59eff109d20ca6dd2324431ac4eeeb40d2bfaa912,0.00013969267611255238
Destination,02d7dae1c8663ddab35f8fb063ea495c4a4e2d1dca1977aff9899410320962672d,0.00013969267611255238
Destination,03f527819229a4345d3bd80d30eac8c067d512ef19bccca6a8b38d75e88b96965c,0.00013969267611255238
Destination,03452d1cd5a1a02bd7aa74cbb488b92611b74a66e45c3ec90a8c5b0ac0667734a1,0.00013969267611255238
Destination,02db394e717b75570e01ec92e14f03aac93437a9abad7eb0d08893b97494c1fb34,0.00013969267611255238
Destination,03737ff14ccd4f7dcc8e18c9a3b3137f9363b9382ae3244cb9519fdc14c8106109,0.00013969267611255238
Destination,0329d096c7574676082e2fccccd3d401bacfa742c644e4452e797f43d9812c9362,0.00013969267611255238
Destination,0253e479aa2710e5b6d3fd6876debd87b61c54a481aec3ff831af1dd57efd68395,0.00013969267611255238
Destination,033a364862775e16d813b0dc41fe7c4434b86115e8464de7fab988d0d1e8cab47d,0.00013969267611255238
Destination,03b3f0d08949f1d97fa3d6262df1753ba66d69a67dd76f8f1aca2966d1f21ccb4d,0.00013969267611255238
Destination,0358585104ed3cc78644e3aa62ea6e1a9fe09f42f16b3f3d72b56b175a3298581e,0.00013969267611255238
Destination,031cc263798261e5f43312a7e6b07e7f78b3ad72b838666ab6541ad394be9bde73,0.00013969267611255238
Destination,02af88d74e956f88f662673cee4a43479cb09051a6ef756f41b793f334afe5b2ea,0.00013969267611255238
Destination,0274733d17512f945a7fded6fd511e3971620c32c6186ea9b0cb753958a4382d14,0.00013969267611255238
Destination,025433308b00780850252c97dadea732697b85687d8062b898285026ef742ea232,0.00013969267611255238
Destination,0372322aeda8c29d4afc3285bc2f1dbc59db0e8e73cd8dbc2941d89512baefc132,0.00013969267611255238
Destination,022b41d52235474105ff8a0e393b0e9fea4b999a55056012aa8f3b3b9ba82f9716,0.00013969267611255238
Destination,0330e5ea709e9c1f3b2f8c3cdb8ce254106ea6b8c3875b68235a510f77f9ad06bf,0.00013969267611255238
Destination,03a62ac46c4df65142ceb38bb2a3747d776bdcbe6d04671069c4431ed8397984a4,0.00013969267611255238
Destination,03da555f4473d308d23f1c993cc0812f2e23ee27397856e2bf05a8ad90162d0ad2,0.00013969267611255238
Destination,021c2e0336982ce9542549280e3989ad732d4e6ae1302b81950df03ee8e99ea05f,0.00013969267611255238
Destination,0330c626e7bb1413379cee94f3dec312f02615594864a54652238ba592b9425018,0.00013969267611255238
Destination,03b7b335a927f7333fbc7acbfd1a7e070d19e8ec597d2c1551bdd7d7394c38c7da,0.00013969267611255238
Destination,03e67c2a899ddefabcfe92c92ceae1669f76b1c25b277412cd154b6e715f61b9c7,0.00013969267611255238
Destination,03f3d5144e539fbb79618603d787b901fff655de468b95887ec54ded77933c0bd3,0.00013969267611255238
Destination,0261d3dc85c0f9f378e0a0712421c66c49f6f9763c9c1758652c6f4565fb9c81cf,0.00013969267611255238
Destination,0279eb503225c4157e5228b49b3c74d574d9a75a48da78e67af45a6a795859cb14,0.00013969267611255238
Destination,02e8984b99413d9bf3320376e83db130e85ca50c0b5f75478fce147c15dd223ba2,0.00013969267611255238
Destination,02e92071f8e3dc0daeccc78dd613591cd3cb51084edce5e349312a05d9c6aec171,0.00013969267611255238
Destination,0380f50db3a2c1199f67715da4028ea2dfc154adfaf3163e14fadad1a5efc34e7b,0.00013969267611255238
Destination,02f2e43e1ebd351db0f456915acdc8259881bcbecf60df6584b8df7fc4499d59b7,0.00013969267611255238
Destination,038abfbedf8adca86399fb717a2d7f535ba2eca4d1a2ad54639ff1f4a488b8f8b7,0.00013969267611255238
Destination,02432210f1b3940d8af701c2f2fb4058a4ab93b11150d35c4c4164fbd0b454ff51,0.00013969267611255238
Destination,02441a7167038db734674bb5bd8f1de30c1351021b59a79776cc3f640ce8c6f720,0.00013969267611255238
Destination,023cdf0a7e99dea7a8eed3e4985dab23c0119c5051afbc8e0b676be1ae204500fd,0.00013969267611255238
Destination,0277afc3b043f61c3e13e7e1a51cd7c11a6d3d83f8266507a3e3a34c950bfc7ab3,0.00013969267611255238
Destination,02a67c2adf6bb7a93fba01897f7f1462721865d7c152df03cdfdd97f0409414c70,0.00013969267611255238
Destination,03b068fbb4770e3c24789e09d36104eba4994f1a37fb39cb91816947cb0db4631d,0.00013969267611255238
Destination,0278245750e0e21ee9d71eaa00b53320c03283c7189c91c472e522d42c3e0c525e,0.00013969267611255238
Destination,02448b7e3f73fd9b0de7d13ab74d77e732bf7c4a1a4f1962063aca440d32356bdb,0.00013969267611255238
Destination,03d983294450c4faa900311655ac9a2c126515c5fe092be61d1f0ff00d1a167ccb,0.00013969267611255238
Destination,039f6051d57375d36a9090736f1501c053a1967c1b37e74ee75fa910fb7b3a846d,0.00013969267611255238
Destination,0285fb02fbd9abf66e4052bb8683f615881aebb0b0d00b157bc42aca9b71c8d52e,0.00013969267611255238
Destination,0203285cff3072ad8e042f1e2dd963dbff8e1ab26a9b6863bb9ab12ea4507a1e2a,0.00013969267611255238
Destination,0308dfb3daee58351b4cbfca4b7e23b0ec0fb4fc4226eb001167db3fd6b566cc1a,0.00013969267611255238
Destination,03aa55b35f222453a882f26d52566f21653a6c2f500c019b8f9cdd45c298722e8f,0.00013969267611255238
Destination,031d8ff96e256155ac7351c21a9b47e05b0582dbcf3a2a7db766b6a9da273bb9d2,0.00013969267611255238
Destination,021013473124b6152f3f9cdb153487838c8b625fe818ff1f4635b44c3b706581b1,0.00013969267611255238
Destination,02d5dbd349f6394cfaa8e869431b9edd2fe74c43943210dd51880b619d07437acd,0.00013969267611255238
Destination,024afac82b72aeea9736612596405fa0cc0a78f1dd7cc88c9a52f56fb1d5c94da3,0.00013969267611255238
Destination,0277553efa01b7d3b99cc885c4b42f09dfdc76539cb1e5dd40d1c13878dcfbbc3b,0.00013969267611255238
Destination,021d270e374cb040ffffa0ca82f329a0b674ed8dc9d25df980f6acf1c14fc28f1d,0.00013969267611255238
Destination,03c866edc5c6ea3b8e57f731872b076e5a23240702615e44f721cf4b3a6d34714a,0.00013969267611255238
Destination,0248d46e58a4bb3fa0ebab403e22fc72c88445fb02e35aad89e46974e34b0c69b4,0.00013969267611255238
Destination,031c728f19773e486d23544bdf354011475bb586488544e125c218b221b86bd15d,0.00013969267611255238
Destination,02bccbde48aad83dbdf5f6f00c197bd2f4f11aff1224756f9c4669df7ac962d9ae,0.00013969267611255238
Destination,027389bfba6b20682c009436e84dbea7f484efa52c8b3a2b8087552d1cc7fddbdf,0.00013969267611255238
Destination,02e3c3479923628aa40b34f6c0a12e7d1a151796951eb790b5fa5a7a9c8923206f,0.00013969267611255238
Destination,0282a02b7b778b10f168c4efea85c4ab4ea484bc4d60a9140dcb0c41799177a802,0.00013969267611255238
Destination,03bf84b204e652450ebc20758e283ab2c9585e8614d527961e71fc668140fe7841,0.00013969267611255238
Destination,03c49291c2d5a42131fb1ddca367d7fa29168baa549cdb84ff84452a23b55f2b47,0.00013969267611255238
Destination,029ffb123a2e686aa5eb2b57637ebba570762a9d1a2fed734abb45b9a178a39280,0.00013969267611255238
Destination,02536934a44cf15c51a0b2e0d0b727ba1167db4d335a5a220a35852320bfd4c0b6,0.00013969267611255238
Destination,027b62aa37c3c76c3e1c56a830ab4d38308a04af466132fc99b0468a16de37ad23,0.00013969267611255238
Destination,0263139905d2d5bb8bc6741065b1a16521a0a6750c5a3bbe333ff6e65c6b31643d,0.00013969267611255238
Destination,037f133563c4123d6807abdcc802125dac2e022c5ed3d2a48fddb0ea830cfe5d50,0.00013969267611255238
Destination,029a6b5c59e3d361398b3b382ddd822a65fec534b45fa0d4576042574c767cf99f,0.00013969267611255238
Destination,02525521f2287f7698b962592d55451845273246b82c4df02e1fc1af54266acb88,0.00013969267611255238
Destination,039aa5145890ebe7e4f946d6cf646a222bd84b71176504bc0194712aa79ef49b18,0.00013969267611255238
Destination,027b1bca594f60db9322ac40d9c7c7ce8022dcd14235332e2d4ba9dfe0ddbb49e9,0.00013969267611255238
Destination,0247b3869ac6fb6fbfafb3ad22a84f07a9b3dff476f333eb50d2fa47bfa5c49afc,0.00013969267611255238
Destination,022c0e2a1c0a99a7460fc90ea3ab398209c1c1447ffd959799881fe742840c205b,0.00013969267611255238
Destination,02bc652b149123680b131a76bd51d1ba8cfb257283cefd2572c84663455d18e814,0.00013969267611255238
Destination,02d0058d861e8c3dd7ede033b0368d6bca47fc8f8d3f44e13eb96ac45c2ffe581f,0.00013969267611255238
Destination,0288102facc21074cebbc0a690409af9deeab737407db7bb21f61ff42b161ecfef,0.00013969267611255238
Destination,033b94e6b9567b34442deedc276034ee13de2fafc036d709b42fabdf6c0b280736,0.00013969267611255238
Destination,028e47e50ec2b1c8d0191eadf640a75a1897e7099c89853801592994e82b9f6a0b,0.00013969267611255238
Destination,031c8b9e52039af6892015702bab9b7e13b46979a519497ad8b6674bfe88ea7c27,0.00013969267611255238
Destination,021021f051897083d2d2e2c3f127b31c758c2638c5c809827d0dc5888504542946,0.00013969267611255238
Destination,0260a4628b87385ea71a63551013f375548b28ed4e43523cef6e7c532c31d13ec2,0.00013969267611255238
Destination,022258b09e759f635cd595e7919e4a11670d999291350d8ef6b33d4a2c6d5de1d7,0.00013969267611255238
Destination,022cea93c4e6428360d7b0077d07e64413881dd0115a5a875afc2c8ea4e88c88b4,0.00013969267611255238
Destination,03c673ca36cbae6becd609e827745961a92c6e4661f6200c463b8c101691a7e91a,0.00013969267611255238
Destination,033c3c634183087678b728f061c389d8e7d6a13d3d0f7aae938c2db562c61d696b,0.00013969267611255238
Destination,038f17fe425f76ef337429af4a0ba8895f7b278cfa89cd30e60a8be4f6e82da4e7,0.00013969267611255238
Destination,02e4aae1d5fd5cd75f4155cdfc4f02c7afbe4856dae3d5bdc7c05584c8bd2fc152,0.00013969267611255238
Destination,0267eba6f4fd4d2534578547d471460ed2160d270073efa5535f4b99771eb0c507,0.00013969267611255238
Destination,0250eab9406160ff2e3eb8206c7f3364034acc890d5c4cb3449ec8fd2f30224bb8,0.00013969267611255238
Destination,02fa1cff2aa510b924d243a82211772e0424ebed075f27435980acdfccaf9b7530,0.00013969267611255238
Destination,03f6af4cd86737ac121d732d1fe6070785de274a41fed51490d21d812a148426d8,0.00013969267611255238
Destination,03f2e0bcbdfe16595d03fe3d02534ef46320662d73faa5b8b126a96adec4ed1eab,0.00013969267611255238
Destination,03104a869365cf9f22ff37287d6a830a87b6bec8febeb7f08360c09c3723488c62,0.00013969267611255238
Destination,036b23e389f275a467a16ea06069c448529ff18065df478263c437ad2b97fc5089,0.00013969267611255238
Destination,03a9b9b4d5bff67fb90d7deaf7db842e3aa5e3abea58fa488a8af3d163679107d7,0.00013969267611255238
Destination,0360ff5cac24886e4469e64a685694b1b2adcdae9c4009e0e250a469535da7871a,0.00013969267611255238
Destination,036ef36155fe67b679a29dc62aa6a2e8cae89f77e3bd33f36af884de87ba6e5834,0.00013969267611255238
Destination,036bee07110a8ead885caf00f775af8847893aa8858fec1cc5372766a410e840ec,0.00013969267611255238
Destination,03576298deb1196400382153bcb05ba72d155683c9be2e65454f42543b49e6d886,0.00013969267611255238
Destination,02df484d45675c159994b52ae104ae23d9d50c383167f959cca00f390ef95f2911,0.00013969267611255238
Destination,026949ce8cf272dda44079904d3da4ae118df797e803b9baa2c2482aa2a69bee53,0.00013969267611255238
Destination,0337579aadc81356ed7f32587565e4c2a7f8d1561be8cc3bd976cbc6a409a4a71b,0.00013969267611255238
Destination,02b2bac4a7f1d2384a45a10614abca91b74b59f7fcd2be48234e385a0836ed2ca7,0.00013969267611255238
Destination,033868c219bdb51a33560d854d500fe7d3898a1ad9e05dd89d0007e11313588500,0.00013969267611255238
Destination,0331fc58a2c74170bb30fbaa3f621cad1dccd3f08e4dd73b70821c8d08f5413b85,0.00013969267611255238
Destination,0304923a1e577038988d8b90c3f96ec1954b3245ebd9933caeb1823886472a66e9,0.00013969267611255238
Destination,033f0783a9f0523ce4d0f4c96d75f3cea81a42d237cc9504a978d46fb6c93f0f9e,0.00013969267611255238
Destination,03e18892b70da265e79a0170825d358a4dfcbe93e15070a937959275e638bef503,0.00013969267611255238
Destination,032c634194ef091d00984cec51f8a477351e6e6f8ef4f8efa6a1f673f8f8a647ab,0.00013969267611255238
Destination,036fe0795980588a1489d2ddf11f47a0ac36671e2cbff46bc4ace52738f15a1956,0.00013969267611255238
Destination,02c3edfb29c60d74cb75ffdde9939be0303acc3f1e7c8267e6efba80d29a38bd7a,0.00013969267611255238
Destination,0379972fb4965f1c511269f30ffd1fc91731e1c3e8977ee5bba44b1ee9338fc69e,0.00013969267611255238
Destination,02d6aa78ab1a72271a3ab778d84ddf73b73ae01f88f9f2658b229adb3b9dfb43e8,0.00013969267611255238
Destination,036e9fd40de81670a61a449160c48a6b6d9ee9e7bc6484c16899a552225bb5653d,0.00013969267611255238
Destination,03032a9a3c66e6fc68bba3caa764b022ca2943575a4665e468e917b1fe3db98559,0.00013969267611255238
Destination,02ce30cfec62972185b8d365f4d51301575376355b86f40c716900de5962fbadc4,0.00013969267611255238
Destination,032bf09d74429835918161d8ddf067684d23e01393567043a3eaebf18efb205d1d,0.00013969267611255238
Destination,02aa2ed31c3b6d8bfa9a248ea32d72fc44ccaac8681c517b4dcc14e8b4f18356a8,0.00013969267611255238
Destination,02e9933f4243121842b8e92c04035a4d62e89d483a8237cd0a8d0c4d48f00e501b,0.00013969267611255238
Destination,03357ddb08ef2d0e9de74a6f21100a128b0ec5859dd5583888667a4ede2c1bba2e,0.00013969267611255238
Destination,032454c250e95e4036337fdbfb27f405074f1ee818190c386e64e1b1c6c61d31d6,0.00013969267611255238
Destination,028885b436466ebc35c1e47e78c375ea9be807314759bd7bfcb1f42ca5d5489b82,0.00013969267611255238
Destination,03453d92f0ff10e8ee9b93ee64e26de9f22b50c73ea61543794a572e5e1ab05fe8,0.00013969267611255238
Destination,0284b4c7396a8d7d4d233833ce09b9c86aef16eb940e4de9485d7f16b0a3965bdb,0.00013969267611255238
Destination,02eb0813bb63d41df3e8429569746c23e77bae19b35cde0cadbab7c31bc22a5476,0.00013969267611255238
Destination,03eb31df7891b85153fc7292b7ecbf793da64b44d54af8019a0e827ebb8667b472,0.00013969267611255238
Destination,0289c98f76233cb68109c90eb52ae2280334f4196a4e199448ea1f88b5bf7ce705,0.00013969267611255238
Destination,029b1d528c2258ea690691f1cadba784572635b4f2a1e1c71313c4b5980b442195,0.00013969267611255238
Destination,03e12541355ea4548ccd81f00c58a746728b54b96f331368bd8a436fb16d24b9cb,0.00013969267611255238
Destination,029ac3b6ca0a78e09c6f606cfb1a795253f56a72dc93d8c5fe4bd58a50fdb97507,0.00013969267611255238
Destination,02a1ea1ec0502e474d3c634f60b9c1cfb85f404ecc1559a260b8ab63cd95de6ea2,0.00013969267611255238
Destination,022a18900df553d41651e48e53b55a6424cef3eae5ac711b8695a8493aeff6deb7,0.00013969267611255238
Destination,0203928a193fee8b9bbeee6bbe9ee22d725132ce7b1991b8d88cf83beb98c5508d,0.00013969267611255238
Destination,03717485e436f03b4f1ec233103f39a8998c6d6fda13f6708c78f847f68c731d11,0.00013969267611255238
Destination,021fbb330609e17e61d1c1c86199da1b02f5d334b064e9618d77789e3f9413e04a,0.00013969267611255238
Destination,03eff2d179feedd09744a54d19c6644c02e6baaf1095cc1f88e08a18fcfb39f475,0.00013969267611255238
Destination,036e38bd339b48324b1656ad49aaf2016e7e8e43716623d120de74b87b82990130,0.00013969267611255238
Destination,025f4c3c1a2aa54a121101affa973980f3635a34903cc625d17b11a3c03eba0efd,0.00013969267611255238
Destination,02ba34fc775d8455d3e5a7c9bd89f659c5f1c81f32a1923d628c1ff14b7ea10655,0.00013969267611255238
Destination,0232e383acbaf9ec89def15659e50dd178c78e72f3fbfc01ed6c6da7312413ff88,0.00013969267611255238
Destination,03e1a0b3a774b98a2743a152b436feae5d0af5881630bd0b67dbb70b288b120be4,0.00013969267611255238
Destination,03a71ced1851d11e473cb0b18a230e75d11ca3ea4c9bc98765e7915cf61bd68922,0.00013969267611255238
Destination,028922bae185aad841ca93f4dc65b15a53cf85778957b2b4ad3f208b8a5fc45e3b,0.00013969267611255238
Destination,034afde6b7d9d929b6146f074b1c6b9c3e4bb6b3886dd37e6c189b2470e6f11488,0.00013969267611255238
Destination,03baf53c516a27ab7d6c352786e95422905ea781a7b05beda631656e4a94319cc7,0.00013969267611255238
Destination,0333831ee79809c923a2ef28b6e9014690de0427f8429d9e1c7e22f7f1d843b7f4,0.00013969267611255238
Destination,034fb90121b991c9581f550f7e2add7b759d2a10c81c7e6e800894c172162f7e84,0.00013969267611255238
Destination,0286935b9eda84f5ea3b7284df19f63eb624ab0f08aeeb8bcdf4409c97d718d572,0.00013969267611255238
Destination,02ced1a684af490c58ef28c198013f60b0a32ab984cbfc3eb7aaef3240e89010c9,0.00013969267611255238
Destination,022d420a0f91e3f1972a468285d86f322b5538ebacd040ac613cc536b9b7118ed6,0.00013969267611255238
Destination,03e63687554c84ad919bca6a1eb163e8a45211c9755627b9bf549325ef46602f9c,0.00013969267611255238
Destination,03d10a8a71d7a794142ae049ef60eb710f0f6c7be181d767642eaa5c996d74c44c,0.00013969267611255238
Destination,02f514046d041c7d1087b5d6c84eeee9ffc8280596a51a71b4fa7ccb184dc0e68b,0.00013969267611255238
Destination,03ce918bbb10b51f86a575d6752ec1eca9417d10c36ce16b48fb476f5e1ed38329,0.00013969267611255238
Destination,03df528f1f36cc09ac5b97db1bfea100cfccef380f14fdf5808de4ed38f687e22e,0.00013969267611255238
Destination,02048fb4ca08126e8799bf8391629a0d7fe2cf2654e449483535a55ea599aad2d4,0.00013969267611255238
Destination,029d287e25680d38a5e10ee273a7164a129d5bb48e3b3622bb5397471946cd255d,0.00013969267611255238
Destination,02e4dca8eeba15d4949178f21b0b71195ba3dad72160d46e77ab8c2d969ca6451e,0.00013969267611255238
Destination,024c7063e5bfc458c13efea7eb18c5eb832cb589974808cd80c33d427182f66bcc,0.00013969267611255238
Destination,020a82e92e03853d71254c7c0e3976dab069a340a04cb0f6799d706ba4e4e26f46,0.00013969267611255238
Destination,034c65cb73695aa01f9b5e2db8994aa56081e86b3c3712d8bb74e7be67196df3e3,0.00013969267611255238
Destination,030174c1ada5c661aadf673e619f9d38c85e10d3bc1454e33d0401b985ee2bea6e,0.00013969267611255238
Destination,03c9a24ce449ab8fba8ab509baf1696df6a85b39db921d8ac7cb87769c2f0eec73,0.00013969267611255238
Destination,03390c79737f525a07e229a4c50cb6259d687859ad2622707565bd3881e4355736,0.00013969267611255238
Destination,03511b60b6e043a99bb9a000dda525ec224b00dc814523421593fce063778b5bd7,0.00013969267611255238
Destination,026236496fde9e9afec3e35ca557e93137421161450d0d090057ace52ebe0afccc,0.00013969267611255238
Destination,039dce5f4f268060d7128267caba658a7e8cd0effaeb81f0daeef843ce2b22110d,0.00013969267611255238
Destination,03bf15164ce106ae1dd431fe1db2381aa8313056f6346d5237d10a8f0e9e823673,0.00013969267611255238
Destination,03736d6a5a4c501e95ad122490d9cf509348a2178eb54814d4f057dd488dd3a417,0.00013969267611255238
Destination,03d55f4d4c870577e98ac56605a54c5ed20c8897e41197a068fd61bdb580efaa67,0.00013969267611255238
Destination,02096c79199759276338709ed2f94329a8a5f92614c507b2ead14cc63ca1d696c4,0.00013969267611255238
Destination,0310205be7f7751a6b74afb089dd5750994316e2c00490a9658a6f99e0cc187a5f,0.00013969267611255238
Destination,030e99f026f3125482b011c156fe16ed01963be12202670980dd85e5aad001edb3,0.00013969267611255238
Destination,037798dfb8cab3e4ec94e630fe6fc472830f1084ab3939394076ae62979463982e,0.00013969267611255238
Destination,03e3ff8f1aef2d3b50dd03aae8245437912c76edba20089a2713317cf353e2d127,0.00013969267611255238
Destination,03816f59018284a66d92f200d230ab0469f77e29988eb0990afb51267a06f76eb0,0.00013969267611255238
Destination,0361234d05ec78b4e6152ad8aedc1835d1d956e8dbc0342d334c3dec82e7e55fe7,0.00013969267611255238
Destination,03a12caeaa1507fc72de5a614555d6c450be1998997b4fda1ed77f432d39704e46,0.00013969267611255238
Destination,0291064b89dede4c7c7b1f04b1c1a3ef090c77d24ebe089d391f19b53d8ff57d49,0.00013969267611255238
Destination,0292e8096fdda68ed93750e556123af7cba6be4c66c1a691d947a9265815509d44,0.00013969267611255238
Destination,03ed651ef85f9beef25404bedd3917e276ec1f1958ecfad7908f5d94f48113fc41,0.00013969267611255238
Destination,02add27f0b2e0848e095b2c3fd1ab4d173110bffa31db8124f898ed731a987503c,0.00013969267611255238
Destination,025b72df1e428ba9eb116b0134f3f2df51e9b4806eae722576ba73dc548ad4cfd8,0.00013969267611255238
Destination,024a33df42c95f5019ba561bce55c6eb1880cbe3e735d869524a90a893edf81735,0.00013969267611255238
Destination,02ea2b0e594ab31a1d86237f36d791f7c868391252780783f0281f9e91a2d5f9da,0.00013969267611255238
Destination,0210aa126ae30051f0f0bc18a8659fc5ca372601d504d44445549744cba2c0ee99,0.00013969267611255238
Destination,025efae12feccb6f7e97f3ef1e364cea0785ceb654944b107a832a6f5e5c61fb08,0.00013969267611255238
Destination,03bf7e5277246282f0edcf2760a88597d428cd7321221afdeb8f59bde4df4d4b3b,0.00013969267611255238
Destination,028673e3ce5c52814e0976a197e4569d36b61e24952a921828d2d0f405be263a13,0.00013969267611255238
Destination,03a33b8e08f8b7f73fce0a4a7a349f3b8932068c8ba182756916215ce650ced217,0.00013969267611255238
Destination,03928e182749672a9acbaad95c92568840aabcb14e60ae6d5fe770dbfd6c0b0976,0.00013969267611255238
Destination,02759c2e569a77b81a48b1542ed66571b823e95dcc5241c2cdf145310f59257d22,0.00013969267611255238
Destination,03ee154108b339cadaa7e3e4335f2463544e6e48b4cf43845332bdc10850500560,0.00013969267611255238
Destination,02993b4743c2e20bc96b0c9f99d47b0942b4bd8ecd240472d1bca8f47a9620d391,0.00013969267611255238
Destination,03eed5de4a3994fe375067e4de7980f00d85f200abf831bbf2d4c7e402dde49841,0.00013969267611255238
Destination,0335b96288bd05d1fb7f4e509c926893b8c3eeb0ccf628df6e9dc7c8589c941f8e,0.00013969267611255238
Destination,0373fa8b7bb09e534443230cf3b037c02969c786dcd18f9ff8a3e605407810bd67,0.00013969267611255238
Destination,022997b20f92ee7e19fe661bd2609a9dbd1062aa9bbff91c5484e937f557928a67,0.00013969267611255238
Destination,02b17f2b37199913bae0303719b5bbc4dee7c7e7cf8573c60127813b557ceb2c25,0.00013969267611255238
Destination,020645dae0dea3b500308b61c0c8d603cb1459210ed14eef6075bc868cf31f2005,0.00013969267611255238
Destination,0355e062e304de30b231acb612bfc3bbfaa33fdcc98291a8f45b1983808865c384,0.00013969267611255238
Destination,037292b8118c30742cb2b35e64b18a7057c3262fb1ce4f34d27f3a0650de07e4d1,0.00013969267611255238
Destination,0342643d329bea96befc58e65579c333a9f20eee48eaefa8c76d9bdf68a18d6220,0.00013969267611255238
Destination,02c37dea9b95d71b6e4c5f2803e3ce43e2e2ac959efdd8701f61c8ca18fede13ea,0.00013969267611255238
Destination,03b554becc480b412ae3a08fa6a4b81e84d2e2737061d0a5d5f06de37251d2f8b1,0.00013969267611255238
Destination,03475efec99445e7d15ce29a60c27556d959f6baed1c54242a53d394c57dfe8108,0.00013969267611255238
Destination,03c7a6c848311b6782d5bf1aae6a7b09206eb785307f3b1aeecea55c7fbf57dc7c,0.00013969267611255238
Destination,03d6c37a2ffa38459fd3f09dee88b4829735b01db80d64807860932b3dc7d60374,0.00013969267611255238
Destination,027dfa1ff20466f8e3e6ca999b415fb98c9aef7d5569d44c9b7a15d51b8d7e0e58,0.00013969267611255238
Destination,0226cb84fa2e57255784811a7133cef16f1ffaa696ca7912385305cf00d0a2e4a5,0.00013969267611255238
Destination,03d8ab2bfc32534032d8263dc3dfc5cf82b4099971cc2de9489ad7d3407e5b9df2,0.00013969267611255238
Destination,03249567b62f1c62faead31ea20f7a4809e659db3036ec1dca930e9014fdd86df4,0.00013969267611255238
Destination,026cdd57b249558a24022eaa1244d22b326cf362136a48c09751072501e395ea50,0.00013969267611255238
Destination,03b872f176f101ea0ad85c16024b534d8c7d9caa93bef9fc699060d28b11d31c58,0.00013969267611255238
Destination,03dc8b9ff0110e5f3f9ac8fbe861b82e98c92ab1d29c906ea40d2a76ecb28b2cb8,0.00013969267611255238
Destination,03143270b14483501d7eeeb6036b2d33bf6f222d19f19eb1205091ab79039aed2b,0.00013969267611255238
Destination,026ac9fcd64fb1aa1c491fc490634dc33da41d4a17b554e0adf1b32fee88ee9f28,0.00013969267611255238
Destination,03e28223dc9b962d824c4a41dd6a2d178a72004594b87aa28cbfdf63e551fbef33,0.00013969267611255238
Destination,0337cc53cf8df4236806595e61fe08c23b754e6a11ba5ceee204e34b3b304a32e1,0.00013969267611255238
Destination,0225b6fe82cfeb7f92a717aca021428bb7d947b0470430f6da0d96a1e325b6c762,0.00013969267611255238
Destination,033e8534ad5d23c48b2b0cfffe41a0731006c28857d9d59c6b7c5f70b5c280215e,0.00013969267611255238
Destination,031469d5375fcb2b90c0f37aad5724305902f23c7bcc3fe104d88d741e1baf8752,0.00013969267611255238
Destination,034efe9ae4eecacc0a2d7cdff59852665398968cfea347185479cc049ccac5e8ec,0.00013969267611255238
Destination,02c8649212b1cc60aaf7d0aedfb306291dc4d3d37643b4e3067a3896f9622edbf7,0.00013969267611255238
Destination,021d68bb9e345d96db2d5c096413d8ebf25e5bd866588730b74cec1e6444bab82c,0.00013969267611255238
Destination,026c644aaca2fc73843dd9849fd1200ef66963391ba5e1bfd4f4f0dc9209f729ae,0.00013969267611255238
Destination,02967a0eca8bf58d05634ce2f91f2dfdd1109742e83a5ca3b4cd947e84b72085dd,0.00013969267611255238
Destination,028e3b313bf6762d058cb5f5827e4d6e56e1b1a7a09a7bb8252304dd72cbd89569,0.00013969267611255238
Destination,03295d2e292565743a40bd44da227a820f8730877bc3dfadebade8785bcf355258,0.00013969267611255238
Destination,03bb049dbfb5788b2e240ac03149fa91f3892832b77c7737ca03dbaf7ca79a6190,0.00013969267611255238
Destination,033c957f6043df4f94b27167e599f032533cf9c853f2e3280f5465a566cf843256,0.00013969267611255238
Destination,03c717c943f5a2e4f4e7d1a361ffc414bab81ec5a15f17645cc17e111d5125af1e,0.00013969267611255238
Destination,0254dec1908f8872cc844e5fae7ed8367bd9940193a4a49cb67cc5412a7250207c,0.00013969267611255238
Destination,02079ef6c2e732ef79f9b3612736551d30fcd8104b193b1e7cff209c50a71c94a2,0.00013969267611255238
Destination,0202174c57b1e3010c5d6b2d85ba15191351039c7aa2158b6c19b7344663872bdb,0.00013969267611255238
Destination,0327a386ee4cff2c82bbacf6884e2668145b1778081309637472305ea9fd651a92,0.00013969267611255238
Destination,0361373e89c24abb40998754e3d313543f8308bb254cca965eb8c95c9bc6c2736d,0.00013969267611255238
Destination,029b582f9c1e9955ddd5f314b7ae41ebc2f4ddbc2853c4e30c58d5bdaa85cdb3b1,0.00013969267611255238
Destination,020c6270cadf142104d8c6274543a017a2c920ceba3384700795932b816ab9d5ed,0.00013969267611255238
Destination,02af08e15f8164a698145e7ce50b7fd6062c49cff5eac54c40e1e04673f32f13c1,0.00013969267611255238
Destination,023ab85a600a60874098a3ecc61db4f0d999718f72ff46e1980e9111a90051459e,0.00013969267611255238
Destination,028a7930a96f7a604014a8d6874004262ea64aea4def90839c265f8c7ff8a4b34c,0.00013969267611255238
Destination,035ba193b53deb74445ddc60b6704125b66af96ead431561e83d3b7012194ca71d,0.00013969267611255238
Destination,02477736327314a83f30d8ac6d90261ea443eeab10c3dfa7a00fe91bdc134b0b0e,0.00013969267611255238
Destination,02fc8bba31101a0f846cfb4551fe5e0ee7310d8a2ec96810f6a3b69b380c67c580,0.00013969267611255238
Destination,03ae9ff0bbe209d132be18a5652285f61f02b9e70d57548ba5c5a51e2e8c69a722,0.00013969267611255238
Destination,03387a0552f5cb4964bb0c67bc9c4e09352d4d35b4b18a9d6d32eba75f99e4b7dc,0.00013969267611255238
Destination,035eb2bd617c6dc05849210c3bb0d7d90cfebb6ca370e323ec3bf7c4ab2c7b67ba,0.00013969267611255238
Destination,02293125f15fb02de36ed7006126051f2ae05b777242b679a748dd98f362e68223,0.00013969267611255238
Destination,0271e5456c8afd452d42a577266f171c1d95c85dc02db54c57e0883b73a4ea2f04,0.00013969267611255238
Destination,03126184bc9fb29f674dcd2d7244410dfbebe1373457b9af5e958e359149e47d13,0.00013969267611255238
Destination,03af1c22a1720b74238bc9de420760d0d496bad2c83fd9397b479e7883fda945f6,0.00013969267611255238
Destination,03523d0682d157bb1b49e997f42618f4e06abf6091465e55235ee4716ad23b1100,0.00013969267611255238
Destination,024b343ea9282d63aa9339fcd08ba297c4b636ee60b75352a2acc0e7e3dedb4cd0,0.00013969267611255238
Destination,03f09a5ad51e886690351e240cc6d68a4a8a816b569a5cc6db5429b2a3af853e33,0.00013969267611255238
Destination,03b66de089829f3c06ab9722f93c3636d7a1ae06e5f9dc741ba4d03ced27fd7758,0.00013969267611255238
Destination,032de88272be7051315bfa688ce3239c4944aad7929bd9e0cf00f2b2ec03bbf317,0.00013969267611255238
Destination,033fcd2db5e7086fdcc46f363d080e591bbc51c58748c06f6a3d816ddce4307a8b,0.00013969267611255238
Destination,026af0e71993e528c3dc7140cb6d08f0e4741eceb97a0a87567e39e50622f587b6,0.00013969267611255238
Destination,02b79c028902004ca41261fbfb1243989980e578740b8057ab34efaf4cffc71cc4,0.00013969267611255238
Destination,0219212d31fc4f5cdaf254486182fe8473552c2bcc1185de22735481ec73742e39,0.00013969267611255238
Destination,02b6b2dbc0539b6146403b62631430243a9a5dfe3a3ff75eb509a3f9d0f7c9db9b,0.00013969267611255238
Destination,03d2f1fd15211b436037279ded0cf74861635cdc1d6faa3c5ff7f9e179a01d72a3,0.00013969267611255238
Destination,02fd946d39ab1820a79420d2bda6199545b7d269dc00bc52cc65db3caf565557a4,0.00013969267611255238
Destination,02ad72ac8f33efb72f1bd2b9775c513bd81f818998fccb02bd72700584b22cecb8,0.00013969267611255238
Destination,03a1af8f211de57208bb8e720a9ba074c3c70ca6e9ac08a6af06316914885acfcf,0.00013969267611255238
Destination,0282b3650afa7a0853231c5b2aed5da16a969730117541c9896fb7b9ce7d9ba306,0.00013969267611255238
Destination,02b97ccc823616e84a9920d82a8e13e1851d2b7444d45c1a5b039f28109dde7601,0.00013969267611255238
Destination,0297420a961d552739ce1e4fac87136a984dd357b7c337b9db03c103dd38ac69fa,0.00013969267611255238
Destination,026c2cad89b39690870c13712db01351682579c3523aa47041bf5d3bab5d71a14b,0.00013969267611255238
Destination,03cf21f22b4fba02465b07ee8dac66f1029abdad6cb5adadb10699bb5d4e66f6c8,0.00013969267611255238
Destination,0259b771e6004c8f55665dbb54524b6a615c1cb4c50129c6c8058d3d1e32544448,0.00013969267611255238
Destination,03ef0429f4090bab2cca0add048a9377ba49a30c994e324a3e1b2c74177e00b69f,0.00013969267611255238
Destination,02f777772d14633c62f537f1962944b7a8ef802f284edf350db6bc4110fea850b1,0.00013969267611255238
Destination,030ef39c03d1d5cee422fba56686c214c10af71acee6b089f5fbb64e85e858cc6e,0.00013969267611255238
Destination,0387cc9d4114aa5a4c9721c1837cdc133668a05a15dce5e3e99171b35dd65f7443,0.00013969267611255238
Destination,0336350b10294b9d8759944709db961cb9ef8e4c7d3a80d057684ae5b0d841c101,0.00013969267611255238
Destination,03fec2ad39a6f3da42a6c6ac194f4a9293240d6dcefad65392e940fc3606e41d71,0.00013969267611255238
Destination,02f875b822df38855a1dbceb7fc8e8f16ed40c005122fbfd02970443c0ec6a7eb0,0.00013969267611255238
Destination,02ed981c0082b877fcfb8f9adb829d42067b3089a9f22f8bf4a958c93a667a855e,0.00013969267611255238
Destination,036cb1a035eb1c7f125c004ed046d329285bd57e4100f18b577af721659becd832,0.00013969267611255238
Destination,035c709aae4bcb860ebf07da75e6454172ce27b0dc2131c7263479696e2f1fe6bd,0.00013969267611255238
Destination,028eb5be336f7fdf2a4e40c57ff55d3d5d71277bb4197ea14957f756bff249e623,0.00013969267611255238
Destination,02b307fdad2e68d08ba5a59cfc8a0a7ec0ff375291e1082fa22a5524e68608c520,0.00013969267611255238
Destination,032870511bfa0309bab3ca1832ead69eed848a4abddbc4d50e55bb2157f9525e51,0.00013969267611255238
Destination,028a4fae55019bd8922d6b0d093ff2bbe2412d56475a032e90bbb10cdcac8e7968,0.00013969267611255238
Destination,036f6218c29cd232fb2fe31be48c2adef7df9a5fbedd146d1108fab4e3e451c6d4,0.00013969267611255238
Destination,03d537795588c8b855844dc482ce4eb1eba1011729c2501223afc709a6bba66f17,0.00013969267611255238
Destination,029a0d058126445a179586a104a8425bc996b88b0bfc533eed34f49d34b1c3b684,0.00013969267611255238
Destination,03f70406e11db75739f475fdfec65c37c9f090882d6002b9134d0a3b20297c0f20,0.00013969267611255238
Destination,0208064a31c182eac4bf717932a0f84ace8da3449373dbaffa4a6fc77b9aa5c7f4,0.00013969267611255238
Destination,0221356e026f326338e7bbe1fb1e1030652ece86ceb4ff9987a943ad3006922fdc,0.00013969267611255238
Destination,03894e7dca61c0e6ccc14aeb545bf10d2a46681eac5d5b0f33c92134613f4a539c,0.00013969267611255238
Destination,03bd0ebad70abfa0bd3b12ec833577389ab40bcef3cdd27e547c278e064c5bcf16,0.00013969267611255238
Destination,03651be4e6bab73cd2c3032aa7034b9cd40549823cba9640cbcb54ce951a5183e5,0.00013969267611255238
Destination,02c463b89581eeddd17109ab64f3d317eb78518d764fa5a9177c8eb789eca78efa,0.00013969267611255238
Destination,028d798f57472d788724347c61324e8d2620df569b69047fd96cd38545d0a66870,0.00013969267611255238
Destination,03c67a39853bb405b9fac7622fa68b094edff8346d7d3cd34491d5840e2ed8b829,0.00013969267611255238
Destination,02f9d0ac5f1d0f6b4e99df4b5cf2c2c96639394c255048d8a9bc51ecb3cb9e63a7,0.00013969267611255238
Destination,03f2da0ef077cb024ea5cf56bebd4a07c916225c96f52ba9d3a32f87e54bce8435,0.00013969267611255238
Destination,03c2fc865174ebeb5260d59ac17d2aa6d7119f8183c04921bd313dcdead0298de6,0.00013969267611255238
Destination,02f9f61d88d5d4e7c0a01bb28dfefe2f4324de4768d334a30fe62698e9c54f8555,0.00013969267611255238
Destination,03d4872bca4af5bb3d7aa47d1c43a6b6ff8a795a935f8e9797e8ed503d8ad6b4c9,0.00013969267611255238
Destination,02f87c62ad087b5dc4bf62055a64a69fb730abd90224965cc71465a9261ad85a74,0.00013969267611255238
Destination,03f5c7d0b2bda82b66b2431121b340bb5e181899022e657a64f73058a6fd27ed53,0.00013969267611255238
Destination,03e0bbab8f3136facf0216e0e0894624812b501d0a39575f665d77dc37a443ac92,0.00013969267611255238
Destination,022410d4049ce9a42585a6091c544f1bf6ed9a78d349ab2ace9d72e2f2591b06fc,0.00013969267611255238
Destination,03d064222fd2db11c553b7aef8d63d3ddfc6fdf4391d8e2f5997fc668f93789d33,0.00013969267611255238
Destination,03838d0983b84fa1d1fed499d4d0cab9a439a4dfe8d5d540a5418c944d7fba940f,0.00013969267611255238
Destination,0226bac5fa65c72207421ca83818b7a8a55df378302d248794095182bea1a9df6a,0.00013969267611255238
Destination,0333467c488cc59ac989e25cb80490c24565745709e6b3212ae438df64a938d34d,0.00013969267611255238
Destination,03d80eaf117a862500d71d282680d43195a2e5d80872a8020d7ae943b6c252b232,0.00013969267611255238
Destination,021c2fa2f16934534d5d06da69b851f497889193f8d39dcf8acdc8d43f6c209f97,0.00013969267611255238
Destination,0301cb68671c612e9f8c3a0a328df5ed913c5469dd548f928b3eeda9b64fe58eb1,0.00013969267611255238
Destination,0265cb5c575cf23d3e80f902e24c94a40756a5535206850f3750f12b8be54abad1,0.00013969267611255238
Destination,02d8da3f21e04055c9c7a98e13612eaf62fabadf9ea45ec8b1f17d912dd6964aed,0.00013969267611255238
Destination,03916bbb12b88fb21f42024eacdafc93874bcdfc20ee533c67a39ebbef531440d5,0.00013969267611255238
Destination,02ff1d19bc775d86f8ca75b55b56d586485f895f267e6b36e7e8f947ca8d851fca,0.00013969267611255238
Destination,03a1f0c0e732143f74e6c7def2c9c0698922ed54a0e7c6ce33c66629b0b445dc7a,0.00013969267611255238
Destination,038ec9bfe0ed5a430a2d4f3fce40e3cbb516a6406f8d4f78bce525ef64eb619f5c,0.00013969267611255238
Destination,0273c78077c749797ea4fb3dae572197d3a04425ace0f97e6e1b4dc1e85e250f9e,0.00013969267611255238
Destination,036c5d0b9afcc1f3e21a886f3acc56ff0e7c2a2c6460c50f452b0a9033e22bb14a,0.00013969267611255238
Destination,0385eb3f86e2a8d8fd1874719da4f3a40e4877808852063fe0011136c5d63bc133,0.00013969267611255238
Destination,03625eca48e5b641611ef6f57853862d65accbfe2a18d77837d58be5fac49a9a28,0.00013969267611255238
Destination,0337c6a35a6fe45592f2df6777ab3494a1f592ddb74cc9c9784133caae14b43672,0.00013969267611255238
Destination,0313b9d6b22e4d9cc22ade42be5411c3bc8f44ad4dd1704a8b287b016f9cd5e3ac,0.00013969267611255238
Destination,03c42efe1f4de5fbf0cd59664660b9e86e2f69bd3614636028363f72893028b06e,0.00013969267611255238
Destination,02d5d062c691dd2dfd2023751a30c00f149c04e1925f65118f100478906d107f2a,0.00013969267611255238
Destination,0245e14126f46dd5a3f1723603711cb2e1928062aee406f12a6c8f86490bb11ee3,0.00013969267611255238
Destination,0318af39aa959f7e081895c3ad31a808c4bebf9b535022b74d4d1283fe44a518ee,0.00013969267611255238
Destination,0219d0f46f80510ad2504544576c8813f57814b41fbcab9ece8de19d61e1d1b55c,0.00013969267611255238
Destination,0234e6688442ad3891c07b38fb980cb920c797d74b2b2b92757263e9dd8345898a,0.00013969267611255238
Destination,02e1280a94bd817aa143cd5e650adbeac281b3d1f554a3fd7615f65901f58e799e,0.00013969267611255238
Destination,0259f33132d3ec43f9736d52ac6e4ee66841caa4069cebadb6fb9b875014ebfd23,0.00013969267611255238
Destination,02c071c8bbdedf41c892982a09d2b97e88bfa0b1c58772afe85f417b198bfd22ce,0.00013969267611255238
Destination,03babda0912af1551c90d2ee6d5153bf9c2472e7308a667fc11850efc06fdc720f,0.00013969267611255238
Destination,02576fad580a229641351ac6505dc1086415d1162b150a63ec8f560115d60af3fc,0.00013969267611255238
Destination,03b14edc2c0645a69d641080ff968a8c75fa1247334da8b6fdc9c3e90ca6f99052,0.00013969267611255238
Destination,03b451b5f0dd46d0980d8bccfeaab79712086839e9e617ed93ce92e7cbf5237e2f,0.00013969267611255238
Destination,03119a2cb381c352852a1f7c8b85a61291df78e37d5ab1ee5f692528bbef840b84,0.00013969267611255238
Destination,038806fbcc3a2aec57384e9328d8cf13a88720285b9e0c0e9809676c2180b29a47,0.00013969267611255238
Destination,020b2888370e42571f6498182aa45a1b4b8418004cc55a53acf8c38624d78fa74e,0.00013969267611255238
Destination,02533dda11cb40f684e4510b04e5cddb93c5b5d5ecb03698fd0b2c20aa8f897966,0.00013969267611255238
Destination,031543e96cae326221d132740c0cc58f9a0a16b8f7d3df2ebf0ecf01e9aafa4503,0.00013969267611255238
Destination,03d629680694b563637bdc3c4a8f384e4a521b69b50ab85e580a709474d0c67771,0.00013969267611255238
Destination,02a7872ff360a14eb67d7b05f104e26557e46e6d8309ebaf2fc0546e66db33f773,0.00013969267611255238
Destination,020ad415d6f372045c0e97cbe705946f4f9e6b64d99ae50f6eb7a250b4a12b239d,0.00013969267611255238
Destination,02641b15ce112cdcd4fa6c26a623a9c377354d1a775675de8499bea41698e859b4,0.00013969267611255238
Destination,037d8d64060a2e50a5bca74c4157290056323a34aafd06a9b359dec2fe7578f7ef,0.00013969267611255238
Destination,031d881e9146d5539bff954b3d6b94899dc0d74820d1716cf57855a8f70950d348,0.00013969267611255238
Destination,03e2ebb0d324d9b6e64606219de798fbeabb9992bb663676bea34fe54c45ea3318,0.00013969267611255238
Destination,02773a492ec5b5428d7d4af174c1df37193590e79e0273b482e6ac82bd00fbcd84,0.00013969267611255238
Destination,032f1114f90df2e04f553e1716b651c91f04482a5dfd6f60c837e8de87b59d935d,0.00013969267611255238
Destination,029f88ea75be1385456ba793fee83dd64ad04b8d795698be59be0abd145f17b8cb,0.00013969267611255238
Destination,030b7b5e6fead4bf02816890e18c71bab6141904cf51e3a4a7371a100462325982,0.00013969267611255238
Destination,02feccb305e44702f99443abf37c7f6b52fced56c510d861a8e5d680f57b81f09c,0.00013969267611255238
Destination,02e48fa379deeef66dd8cc9c6e60581d5467eb13ed8bb93ad06ee8de064b0134b9,0.00013969267611255238
Destination,02a4d65ae3616ecfbaf66d40d71fd43647af7b9aaa5c9ccf38c66f10a6d3816e1e,0.00013969267611255238
Destination,035508820a67f09c39c02209438680cc64bf71bb346f3cf54bf41ca2937936da70,0.00013969267611255238
Destination,02e0566e16c6f6440256f377c4abd5ad3413679501e09e2593e1b77f7b322b0419,0.00013969267611255238
Destination,03388ca1c623d5fb9c9983bec0962b43c26a0a7793f1e60be508d040811247c4e2,0.00013969267611255238
Destination,024ee5d480d68ad569c6cebd29c6bc0388d4345111c1aaa49271db695a595566b0,0.00013969267611255238
Destination,021bdea498ae2a7f12a2b4bd39c20fda57ee98abb3133b1f13022e76888e67e0ef,0.00013969267611255238
Destination,02de4a1066538246203ddfafb028e8e7b331f376b4f1d250cda1f4423467925830,0.00013969267611255238
Destination,038cf2185f1154398e75814484f5285ae2b7279f7b14280f85e8225eba6329d940,0.00013969267611255238
Destination,0256fb53da5bcc95dd7b46dc62d11e73b1b01d12a6c4a2ba5b370a9d0fe4600c06,0.00013969267611255238
Destination,02c2bb5b3e2ac6ce0eca337ce75845569449b55d77203d5eae43e56b28afd1b582,0.00013969267611255238
Destination,03bdc1090a38a05c11f2e823c119407f313a77988304617fdf26578c26ccc423c2,0.00013969267611255238
Destination,03acfee0f039dab1ebd7eb80e3dee3d29dc06decfc6a5779771f8d9d3666ba31ce,0.00013969267611255238
Destination,03e3f19224e2ff025ff1e3d677508b58dcd1f484608f9f91e450756982d62e6628,0.00013969267611255238
Destination,031f0bb97b7e9ebc680b13776c94d1a2518f656e4cd577eb1a777db2d4ee5bf7a5,0.00013969267611255238
Destination,03af451d7943a9fab6d353595e7f4a9ed448060fb5011b344d7ab2e651ee90bd04,0.00013969267611255238
Destination,03021b14351ac4da9b7aa3f07c0fde25411a125a1d3384430d742733e7530fe5df,0.00013969267611255238
Destination,02230aaaeaf0d9d990f99eb706f0950a5ded06f0a855eebbe08565b07fb4744624,0.00013969267611255238
Destination,02562210dcf4c52349e184ae2ce1ee41d7b7bc89392c213a6acdc8323705b68747,0.00013969267611255238
Destination,021ecaf18c177e308009b9bdbf0d6784536e027759f797d64300787a24e6528a7c,0.00013969267611255238
Destination,02a96264f5a90c9702154e2c502741d7438fbbaf9c1478e9485a2803d854fd5743,0.00013969267611255238
Destination,034153089c1062131bdf63c99e1689ab666c638a73002a8e651fce837b0a883ca9,0.00013969267611255238
Destination,02bdd29ec1684d8765456faafdb4d383f0e923afb8a9dde569d0780315fd0805ef,0.00013969267611255238
Destination,028e5b0b0938d07c0cd697b9bbf51fa3331571bbdf2828b7de44eb228b816f38ef,0.00013969267611255238
Destination,02a615905006f0348217a08b8eed33d816d877bea46685d5bd7243f6538a360b84,0.00013969267611255238
Destination,034a550b66d0b57726fda3802695b80a2bfccde88fb4a6acef425f676c9c9b1999,0.00013969267611255238
Destination,0260926a546fcae46b8382c2a3fa9de8b778abf26c8913b0f70670e61df8f019fb,0.00013969267611255238
Destination,029a8741675c4c9078b577ddc4348d602d2fb45a12e6087b617925997a84f4c02e,0.00013969267611255238
Destination,03850d89a1b38220f094509c1da5a9a35c95af3fb1730fbd50b68037aa3eb72b04,0.00013969267611255238
Destination,032f951acc38248093470751c91360f8db0a1648477d2d6e9880f9fc10289d9ff0,0.00013969267611255238
Destination,02a7f6c14397b6d43f3e698936fbbf9c24fcdc2270f198887d12bc80334d675858,0.00013969267611255238
Destination,021bcd9aedab005740dc81fd1a89fc56cdc2b53e25f43a679f7c90aebee3cbf9e5,0.00013969267611255238
Destination,022c051672759389536385f7a959ae1b51a96387cb6d38aa00b796d39dda39842b,0.00013969267611255238
Destination,02f2818ff3f8f58170e8041cd6a36a79a2f7a491b5b6770dbe7b4a98a1f918fecf,0.00013969267611255238
Destination,024bdd425965109a9b53dbe929890bb0248d4828fe2e911fba71e4364fb91f7097,0.00013969267611255238
Destination,02c80136d51ee2605a32fdf015bf15f5651aafed07934091011cec88822a1a26dd,0.00013969267611255238
Destination,02722b054aeee226ae1916906ced793a08cc2afa14af0f31bd1828a5c1e4c274a7,0.00013969267611255238
Destination,03193c0ef835a8c37c5d8138c343d4e62a991b262b8da9c943609ac4d6a7524256,0.00013969267611255238
Destination,03bb1da337a00fea42b831400749c90318c2c3911949a959136aa357b0316a8446,0.00013969267611255238
Destination,02d6a94db50c9c8019072d8f7e017ac69d40f500d12a7d7a2b22c1412a5542cc20,0.00013969267611255238
Destination,033d069274e16055780c48a1aafaf828c8ef546834e7360f2022a82dcd00428b30,0.00013969267611255238
Destination,0302bbafe95b98d072ff6a3e96c3cf473699a8795e5e4d98385dc828557c2cb8e3,0.00013969267611255238
Destination,02acf41cb1c61a115f2bddb52574d947e0224e2e15128a668201906913680b5c79,0.00013969267611255238
Destination,02a1974203771ac9b0106291b6de45ad5cc0838cc683bdb6130812c3d8b9d90656,0.00013969267611255238
Destination,03b9b1374cf6986b99b1c727a106a07493ab7c28ac5edced251fdb7c41834ad5e7,0.00013969267611255238
Destination,0287999a6c89a1720085dfba7a93bf5c8f8782f1ec3dd2d10524df426a5aea468c,0.00013969267611255238
Destination,0270a90e7dc244dc372d244b59bbcaa4fbce86c1d5a592e95d7eeecfb2136c309e,0.00013969267611255238
Destination,0332e53b269fd948d8567a70dbf8502c2b6f9091fe88b859ffc1cd88045b3daa6f,0.00013969267611255238
Destination,03e897edf5f8ab55ef376e688d01f2b660f113e130f781ade72eac8a804b335b77,0.00013969267611255238
Destination,020e7a55451613174e6feb0622dd1859b1d08edeef9573ab479b0b6c8463cdd722,0.00013969267611255238
Destination,02bf3145e496745e8520b388c7db18f3bacc444101c0040def3a269708dbc76aaf,0.00013969267611255238
Destination,0302f6666eadd1911521b50454c09d65418fea1fb1e129e6d7a69f3d58cd68fc4b,0.00013969267611255238
Destination,036c8fbba9154d81ba4111a5fd6eeb438ec7812aa9ace070049f9c3bd7bae719a6,0.00013969267611255238
Destination,039b31301fa7a0f36194327071e07c43b6bbb12b0f01e6caaa2cc9e330f21eb9af,0.00013969267611255238
Destination,03a66a9c1f4744f6cb77efbf3fee3bc17e9a5587c9c00aa09f47d51fcb2d2afddd,0.00013969267611255238
Destination,02684b5d5447a84103dac894e4c30e54c41862f0b04416cb400b672a29f088604c,0.00013969267611255238
Destination,0274430eeb8642b761b0bbeb57f0af00a0243878045a2e9c51d80c172d098595cc,0.00013969267611255238
Destination,0380d6562d213debfe59909994d4dfcc2806e0c79bac23a8fc5905c22960693310,0.00013969267611255238
Destination,022b51a4201b22dafb6de63d50f5fd95c3335665df7efd4c150ab2fa6ffd049580,0.00013969267611255238
Destination,039751a7b62fc06165d9611866eb72f185db659dbecfca6e569027b7197d7b74c8,0.00013969267611255238
Destination,02e8bc242c8fdc9af4ff4f31546cce600b84c231c5d7041ff060557ae0e579f406,0.00013969267611255238
Destination,02739112d892101431367ea2bd95d7d583eec5569470e2aa0d8a8cfff89983caef,0.00013969267611255238
Destination,038525acf733137b782116669f512116f717d4cddcd065cb4f9da73aa653794d46,0.00013969267611255238
Destination,03214d3213d6da40265099466f500d8f4812ce2c23af027b994484dbe932444b9e,0.00013969267611255238
Destination,0290681a8483f53775eca26674e215890e06a42e389c1cd0f6e0e4f46e8583c48c,0.00013969267611255238
Destination,035cf2cfda3b54e6c3ea4b0cf1ecf9dfe31196d71c4c9752fa91ab0db07ca973a0,0.00013969267611255238
Destination,02f0940b4cf46257c33017550216dccc2db841ce86531cacd3d0e9f75abcabe7f9,0.00013969267611255238
Destination,0229629712a1766840ea772706f9d1cb33b98077b25ae0d8b708379119432fea35,0.00013969267611255238
Destination,029ddb546c607053d1e7e09dec623d1be08d190eb889589a0f258bd4c8417710a5,0.00013969267611255238
Destination,035062179b66742756518d315109eabe4d6dd872efacf5dfcae3161bb6f9d08a08,0.00013969267611255238
Destination,02619baf8b4aca4392f96da326dfff4ac0e962c79cac6ea1ae1949254003c53d22,0.00013969267611255238
Destination,03d6a42f068588e1df28efb079771bb8438cc69ea1c03573624c8893024a1ec346,0.00013969267611255238
Destination,032621b911400ac60a2c46869a97c9595c2062ea32a7604acba8dec1979f2c510a,0.00013969267611255238
Destination,02c8f3c2e9236375dc2f54b74976b42e676b838d5c2edfd3bfd88e1448b06e1d4a,0.00013969267611255238
Destination,037566e8832daf71c5c9ae230918058d210609e0ee3d2180d653a5c367efd6718f,0.00013969267611255238
Destination,03e15bed387c1fdead17d238e321191c8c994d869c274865f912ef964e58169fa9,0.00013969267611255238
Destination,02219c6a9e4cafd231b3376fb3abcdf16166b8e40bb56b73988c1771c512a5b9f6,0.00013969267611255238
Destination,0260c061f3e91963bd03e925a961464af37965a0fa8955c61278ce24e1377bd393,0.00013969267611255238
Destination,021eebd837d50c9c9b914d17cef2626c310f1c454e052bc4628be4f404bbe0203e,0.00013969267611255238
Destination,023483db5ca5ff88aa92932e99abb586490d247554d6752b7dd0a7a63a5b94c909,0.00013969267611255238
Destination,020c6adb32993f42786b1a42e1ae723d7c3df27467bdf715140fdc05f24664bdc6,0.00013969267611255238
Destination,03e6486e1342b53eaaf91b8f11297918eac1b74332f79f6237165a1ceb5c2bef9d,0.00013969267611255238
Destination,0296fa3b6b2cd6800b8c15162961b773f66733784583b4d36b27a97384b63c1dbd,0.00013969267611255238
Destination,02e69dbbb6a6367ecb1231d1e76eb0a0536e5533f4f12cb1edb5ba987e06cc4021,0.00013969267611255238
Destination,034a47176fd70e241504cc1b86b6a0011c1b89673e3779522d97b522d2f882377c,0.00013969267611255238
Destination,03072337da12c5752b82d04a09c3d7c0628bfc3920e92ba592d7d2e8e6ad1b752f,0.00015964877270005986
Destination,02b43612edd01dd8af637aca7150790051b59931179e65a3c348f43004f2e3f6b6,0.00013969267611255238
Destination,0294774ee02a9faa5a5870061f7f4833686184ad14a0b163c49442516c9edac1db,0.00013969267611255238
Destination,02770192843b606047a01cbcb5dfa5c420299b041b33bed7fba26a55c2851dc9bb,0.00013969267611255238
Destination,02a3f915aeeea378fd24f36d9e533a5d6798e3b7109cc17921a622a82f85596f88,0.00013969267611255238
Destination,034f3f792988c43f41c65a839acdfa48647204bb99aca7de426f7c80b0dcf7a4a6,0.00013969267611255238
Destination,03d270413c052f34537d0bd77aef7579d7ce3d45d0acf3383aeb21ecbed6350e7f,0.00013969267611255238
Destination,033a7cde65ca1cc50daaf8781d65a6e9bdaf404d7249ba76e31f66e2ecb42fe3ab,0.00013969267611255238
Destination,02b54a9ab9164683a841f4f54faae1d9dd18831ccfd281917f1d9b48619081df3c,0.00013969267611255238
Destination,038bfa45f17cbe138bf14b7f6cb340a566d8e984252348c451b574af6abe560ec5,0.00013969267611255238
Destination,023e0c71875a1830384449a130a6823e234b5bf1079c5245fd07c98686a666cf48,0.00013969267611255238
Destination,0254883e7efb8ca572853a921821f148ee5f2ed918df036f23edbce4287b06f3e1,0.00013969267611255238
Destination,0362399d0c13ab3e66793c6c37ed9bfce78da72d2493ee30b2f564bf8002ee1eb9,0.00013969267611255238
Destination,03fe5c808c601dd884d9f3a10873099ad6075820856e0a553d461202e64a642f0a,0.00013969267611255238
Destination,024223efc1c11fb891d66797a20cf3f910aa70373225593c7e495dab64e66ffe9f,0.00013969267611255238
Destination,025a596f3023eb914d6041bbb75d9d274b8131596aa9c6eecff72fa45de9927fbc,0.00013969267611255238
Destination,0246eaf6812013fb860306943f79a0e4fdc5971d5efaeb3cd58049545803bfb491,0.00013969267611255238
Destination,032824b8e1eda7081692ab7884426c276ee937fd3d4aa6e5170f178ff866f909ab,0.00013969267611255238
Destination,024e0da3d6d822716e5ed39eebfc66187a4178c9c61e39f2747fb76f27015861c0,0.00013969267611255238
Destination,0275887c1792825d9e13db969b286294d09d1c00c0484a9c5d39cb6b1595b51fdb,0.00013969267611255238
Destination,0309caf5db1a7a1e25a814e662304efa2e60e88e0d70e2c60122c583d6dfb5744d,0.00013969267611255238
Destination,0207b6076d08e71336aec4af9933651dc9894b89c13ff2c286a9cf3ccc233e9ca9,0.00013969267611255238
Destination,0216da697c497d9b77753d80bf7a40fb19f71b37373fd0ab7701538b1975665d90,0.00013969267611255238
Destination,02e8882bc38ab89963cea0718335e7f33baf79a947590f6b9d80b6ffb4da82795d,0.00013969267611255238
Destination,0277efbff1b1f49527ee304e602e3afab5f05b98c2c4b512a0e5dd31b7ef2d52af,0.00013969267611255238
Destination,02074cb114554d6f916aa38521df2e32f1f3efcbe335a8106b594d8ad38c6597b0,0.00013969267611255238
Destination,02ad15524e01c8470d174ff86b5bf1dd7510a4369a9e67bda5620587228ddb28ca,0.00013969267611255238
Destination,031017e6563c2ba50cf43300b8ac67e6fe577646df76e1216368dce75ac8c3457d,0.00013969267611255238
Destination,028d9e9348bb5594bc5ccf195fa193fb3260287bb0529a65a74570fc2907c8cf36,0.00013969267611255238
Destination,03b7f411207fd7c29208c9a4f0a9d575696b609b3a9e02026adb2637f806e94b60,0.00013969267611255238
Destination,028d1264b655bb8f1e503a588414776b083b59368a8c83f77483afacd8de3197b1,0.00013969267611255238
Destination,0296ce0eaeed26f0eb4e7623b33c6f064afe3ea3d9abaa7f349d2133bf3ee60980,0.00013969267611255238
Destination,03217102c3a91590ab5081921df6509844434761a074c6071661729410f3672029,0.00013969267611255238
Destination,026aa3168b12a52fa335c673e738ba2bfe86942c0338777fa4a95b740a266900df,0.00013969267611255238
Destination,0317607370cbe81b77d0b41f09272e8db206fe4cfd02362624d10fdcf2003acc30,0.00013969267611255238
Destination,027d56e56403970c33c96df3d2e7e90f3ea3d41bfc5928213738a4d703185749d4,0.00013969267611255238
Destination,03923f59e572197f8beba778466eeb783ab214485548093ae5c096f7832eceb3ae,0.00013969267611255238
Destination,02461983b5f28d178b6a0507ea85d546a697eb00845b144e1bc9240abf7fa3fa0e,0.00013969267611255238
Destination,03cc5ead9a19902dbb7cf0920e819f383f4ad0a916a6ea4d59f1bbb0660503bdde,0.00013969267611255238
Destination,02e33bbc81cceb098ad0fdab7893b7cdfa354289b73f11d90e857f749a0ea2b227,0.00013969267611255238
Destination,02faa397991fb58c67dd84b09271a12cfb4d9e24a7603fc2fa75389b0dff0fd821,0.00013969267611255238
Destination,02a3fd4506bd85f0b905d34a006aba428859b2dbf4775f54e681def59da08335d1,0.00013969267611255238
Destination,0221293d43180728bd0f67f0ab980430ecc810215b7a718011779836b7ce78a00e,0.00013969267611255238
Destination,02baa9e4de19e3a072f484e674b728219e1700e422c4374b9fc65ac445cb698c4b,0.00013969267611255238
Destination,02bfbbf6ec32275a93a34cb2c4b95d775f993b1e4e03edc0c03bc12aef18781bf1,0.00013969267611255238
Destination,035c42ea716c7ffa3c380a73f1de7ba82a61f0c8af710b175d6ecbdb6b64edda6a,0.00013969267611255238
Destination,037d16cb55105a50fdf1432a3aaa0eb198ac72b406c9bd305817cc150377493c91,0.00013969267611255238
Destination,038298d44372208fff4349f673f7a40418518dac357ff79d5158c5773ecb06dc46,0.00013969267611255238
Destination,035800b63b41fbca2fed0a01501ee2019036b05510f63b90ed1579a4f4ca2c561f,0.00013969267611255238
Destination,03fd3d50aa244f50221878f7226003ef6bd97577c4c9dbbc6ac246be2bf3c30c1a,0.00013969267611255238
Destination,030fabcf1218082019f581693108ec92a5665bb6a891e948bfe9049b19d7c8edbb,0.00013969267611255238
Destination,02f4f52d5b38024ecbf7756a862d8f2c31fb15d5c67e3352397e96dd94821cbbd7,0.00013969267611255238
Destination,02594070a904ca123ca647851180a9b6fa1adf0d03e3c5d299f0fa916ffe0b351f,0.00013969267611255238
Destination,02ebdd88275fe46bd01680f6336f366f556e9d6e78163165c96e27f89b94203d13,0.00013969267611255238
Destination,0214c507126b7e7026ea47da3b49cc7731d30b4c83e60c5ed630d7e39ad7778ae9,0.00013969267611255238
Destination,026779430f4a854383cb56e453abcf4465169661be6673b23d78915de44d53b784,0.00013969267611255238
Destination,02e0c584612490e34e2d8b9095065241bdf7a5fbd125413ee3b9c6e679155b9543,0.00013969267611255238
Destination,03531a639bb1309701b14d073f2ab34dbe727f1900df7d3fec24f19a28a4a98ebb,0.00013969267611255238
Destination,02b90e8824a1b91b753b7f286fa030f29c7b00139e350ce6d373a1bd2c497e6e77,0.00013969267611255238
Destination,032419161f0505a955c4025e90eb441f5cf5b103a99b9f2cde2965fb80e6b29d8c,0.00013969267611255238
Destination,02b9f5eaad9609d209e4acf1411bd1346d012ee06545fa2cbef2de10a3e5fbf7e0,0.00013969267611255238
Destination,03cc473b938b27490d7139309a69858828d861129470724d0fe568eeaed3b0039d,0.00013969267611255238
Destination,023b0e11c20e8db767a85836e9564fe1d90167755d099289d27c98012b54041cef,0.00013969267611255238
Destination,030fc63d2a19e3fceb51d84e51dcf9fc9cf1a60b7fd11f5f6da6c27368b94a4cbb,0.00013969267611255238
Destination,03ff14051fdc8caa10f370dff07f7bcafcd67e200ca6f92e404402434fa7235cfa,0.00013969267611255238
Destination,0337cda34cc437075f32caf44d957d6c4cc11abfd26ebce9b939ae7f41cea41035,0.00013969267611255238
Destination,033e861daeeea1e4f23db066d275d17c4b64da9a4969866ef18df9db7434a40b33,0.00013969267611255238
Destination,02b94b90aa88f51f506afe8ffd2b6198e7e333553515ea0f9dc5d1bfb8d36dcf51,0.00013969267611255238
Destination,02a9a829bf80e2687ef0483d8f1e975808b9f9e562c144ec1bad3cf1cdd72cb4e2,0.00013969267611255238
Destination,033a5f5d5852be3144e072fbcdd6d4ef957b928763d53b46cfa81aefd80863529b,0.00013969267611255238
Destination,024998a461a9f82b62b07ea836e3b64dec427fa7ca8fcedc1f88fc6115bb6292eb,0.00013969267611255238
Destination,0276876c764149f55dc1600129b94220191cbad0061c5c222633e5dec05b6db2f6,0.00013969267611255238
Destination,035a228ffaed7ab329af71230dbf2fb381530723042e8d3d64ab8fea6d30aa5d6f,0.00013969267611255238
Destination,0239da6eb8a86c40b477aea759e46b81180269a3aedc5542a4ac4fc27838b55be5,0.00013969267611255238
Destination,0202ae5676becb575963965aaeff143132c694a7ebd1e9e217ccc7e08812d55a71,0.00013969267611255238
Destination,026ff62c35a52af34c133334638727e136b3e9669ea3164ab8dec1b9f74418d5ee,0.00013969267611255238
Destination,036c6a324a0c054c3b02b5d9d6d5b60d085a9af033cc4cabdb0539ea875a20adad,0.00013969267611255238
Destination,03865817ad0ccd6f4b33c3774abca31a0869d867afb116835939354455a32eb6e4,0.00013969267611255238
Destination,026bd2cb9cb3ef55ce5a49c83afb8afcaac404d28d3ec49934042598d2183874ec,0.00013969267611255238
Destination,02c7d67c0f144c90ac2f4238f36dabceb56099e2775518f71ae947d029eeba34e8,0.00013969267611255238
Destination,02ffe45918866710c342ba1a16244ef3017edfbbd524fae1918d9715095035f7b7,0.00013969267611255238
Destination,023d1ab967c4a3001401a715192ec28ce22e0d8f4ee6383fa8a71e9bf0b0ff0f84,0.00013969267611255238
Destination,0336cc71d383bfca0ebc47e063b256fe97475b2ef28a1610a621f1708d86458b2c,0.00013969267611255238
Destination,025badaee37acd5ecc13b5ae6039815e74ec3723fb195b90020b557a8f9c109572,0.00013969267611255238
Destination,028626a3f43522c1fda299041bf745a0ae009712bc220d2ec75c34d351b4d12395,0.00013969267611255238
Destination,02e8d7df8f08061561ddd19e3c748f07acb2c6a0621231962fc944d4abab2c0b77,0.00013969267611255238
Destination,0265afbab3ad82e3a60a4d2ff0a135b02eeb8466fbe999b33671a84dc91d4ca721,0.00013969267611255238
Destination,02b613de9c89fe9fb5865195d941dc1d49e55b3db0760ba13a72cf4b8bab165bf2,0.00013969267611255238
Destination,027c9c41c43664ec35092eafda6516a61294f8c77e8a4e6d877c2f463a658be6c7,0.00013969267611255238
Destination,02010c04c4163cd92afe491732335af07bfa0d804d2e6fc22b9e858cbb2cf96bac,0.00013969267611255238
Destination,02275c9dc7713622334662e5d96093c9e3ad93ce5d1bc080b9f08ec029701ac00d,0.00013969267611255238
Destination,03fb850e9b17bfce38bf523092a94dd0bcb6598823084b008c5918ed52ed8c154b,0.00013969267611255238
Destination,0304086c4bf6cee067edcb68b2932baacd3a685747a6d5c5df2c15555c83c27da1,0.00013969267611255238
Destination,0245407f0a8f5962e3286a4e8394bea231be8b28a6d5f2e380a2e758837ff24d88,0.00013969267611255238
Destination,034ac5c2932ff665ec6b5b6afb5b98a6953840e3fdab0c195f965b0f9a11f1dd64,0.00013969267611255238
Destination,031c8e703cc9442bc0a3cfc32593d023a1dafc2ce708d15cf8fb03478d411d1d6f,0.00013969267611255238
Destination,02af2e475fa6410bb89213eadc9de4cda72a5e9653380a42fdb37a917e1f8364aa,0.00013969267611255238
Destination,021e39c6d51ecf091a67b4ca5b4787a146663e9db9ba4e23b71aa500d9387d8399,0.00013969267611255238
Destination,033f7762b3231d3a58dc95e5859dc83507f198b6bff45023409e80724262eef9e2,0.00013969267611255238
Destination,0300df12cd7be21160c28fc1e2411a2671d9dcdaf261ed209125575c0e55cb1456,0.00013969267611255238
Destination,034ff8496066474abc3419794287b6045400f3fa379818356fbb524faadbaeeaf0,0.00013969267611255238
Destination,02208879ee204651619a51f6e48e159da645f1acbf417b3b399358ea7784df066f,0.00013969267611255238
Destination,02e8f0717f412f455bbcafabc7119f3e3bc1e6c7efeff3df14c98f4da14278dc95,0.00013969267611255238
Destination,025aebfd0e4cd66285eb93bf9093ce3db581997efc4e084a3ba61efc7101e1e62a,0.00013969267611255238
Destination,03e4bf9bba5c19899fa8ced77f7f6597a43389b500a1dfebb6949635351dc3bd05,0.00013969267611255238
Destination,023b3e48089a60f32329ef5a714f6789fe708a5d0ceab387edf36210f601590a12,0.00013969267611255238
Destination,03d80fe1187e55c2012b3e38be3f497975d2f6fae297ae06e11c343bbf7efcd247,0.00013969267611255238
Destination,03ee866e1c5aa2de72200ee9e361007b69acdd6d0db612e64f53c67a643a261593,0.00013969267611255238
Destination,0366faf9b8693d5ca2278f6a93c393a6ca0f25ab033d13703339037bb4ee845a5b,0.00013969267611255238
Destination,0274b60e01e8a7cd38b07b8951c3779b63c577e2b4498a524fa195124c442ff9a0,0.00013969267611255238
Destination,03586f6182185cd2ff0644ee3a28aa0f8a54436dca133426680a168617a6a75619,0.00013969267611255238
Destination,03e4a5b7bc1dbc7824cb5293be8d20171e1a28ebe249df5ae14a870d853b43b732,0.00013969267611255238
Destination,030cfc86ce4f91a385d607a4bb870810e9ff16b50230bf66c52e90dcd9f12cc8c1,0.00013969267611255238
Destination,0281bf366a84461dcc9fdb91e89ed1dac33b3b3c4fac8d772a0fac87f4a269143b,0.00013969267611255238
Destination,0291c6f3b630fee7cc25c6a44a4befd7f0f9e6e0bc34cef08e848b541af449ea60,0.00013969267611255238
Destination,027cb24c3c92387cba9a35ea145e2c41ab1849b4601b94b3fa27b2ffb429ebaf98,0.00013969267611255238
Destination,03f73a45601e797df2f3abb9ef338703ecf30e34ddfef3e2d5023291f82b3c71c6,0.00013969267611255238
Destination,03a8bca27b2dc726a91436686b77e38d202dab22a889576a068641dceacd41b68f,0.00013969267611255238
Destination,0261438c0423ec5201370217e4ff8af123b3467361bd59cc20793c494aa81a3bdf,0.00013969267611255238
Destination,02051213ea61f6e6432d4d7a4359a0b35c88041a63fe1bb403ad66ed0ca31884c8,0.00013969267611255238
Destination,02ab85081e1f2c79c1a0196fece42f46319afb7725c28cc986cade33d2c763ebbb,0.00013969267611255238
Destination,0298978cfb4dc3cf5f9ba387c456a52c99f9fa79d91d1e986dbaf34b5f3270c07b,0.00013969267611255238
Destination,02a88cc67bdda699bee874d9cc92e31d7185e55effb1b51d8725a4dd16af86b2d5,0.00013969267611255238
Destination,0340a0989a1140c02886a23634cc4ab267da07397f0754fd9f9dd2f30ba4395581,0.00013969267611255238
Destination,036ddcebf75c53d83a2bf9c336596c3847e619402d9c790f4865abbc608229ba5c,0.00013969267611255238
Destination,02b14b7f790d5c20ad230674d61c226cbaf10f74784495fb1cc44185f79e62aa45,0.00013969267611255238
Destination,03ffdd7fd4656a55a63a4b6e154325859681718ba2fac40e51cb61752506bb8c7b,0.00013969267611255238
Destination,03205328fd2145525de6ccfdcb41b9d45b4e48f6e0c8e03c4b9b3f73b3de79d2a1,0.00013969267611255238
Destination,02b7f410d4b9d62c3e94dcf8d6b7e960e44edc21de52a5c3856c99c8cfbcb0b8a4,0.00013969267611255238
Destination,0360bd325fa8c3369be6d12da31758854103edcb7c8820d7c5e64abea2034efaa9,0.00013969267611255238
Destination,039936e0f6162ab13142bca94224399ee14f7d091e6e3e815d02111c0b06ef66ab,0.00013969267611255238
Destination,028f39a88d2613ade3f20eb9f7d1f99842b14adac38f2dc1eb99d91c2a77f5a0cc,0.00013969267611255238
Destination,037e075484c62a58bdc7f7d1abcc8539b6d2b8892b7e221e320ab2d12df1d13b6b,0.00013969267611255238
Destination,02fd7adfb344ab54bd8cb1a9b65bc11982ce457075e21928e8620878712a38f00f,0.00013969267611255238
Destination,02fae89cbe71577b9cc93c59c9505f28a7e1a5666dd8c13d71826370ef1f5db7c9,0.00013969267611255238
Destination,0316357553bfd4147e9566ffc94dfc16acbd094ce75be5ece83c3b87b23eda69ce,0.00013969267611255238
Destination,02a64252caa54fab36e86356cc0b3af2df1e51fc0338b4bf9e8dcfdef96729d9aa,0.00013969267611255238
Destination,021dc5e3b994ef7f6f4d65ab619f6485bbd512d9d6e3986346ff3665574f2c4d69,0.00013969267611255238
Destination,037c3bcefc95c425136db6fbb90a103a8f6e98a95a9d6d4b74731e3d40d5c3732d,0.00013969267611255238
Destination,034a19cadfb27144f7c031e342651ed66a98d1d16545cf652e4f4d75558839a285,0.00013969267611255238
Destination,032fd114e1e683e7d7a407b02216e6e7367f710c36f4a6b6014a195a40486bc980,0.00015964877270005986
Destination,02df5c87593bb1fea16f1652471686c7e94432af6f9570ac65558ade6c2c324c72,0.00013969267611255238
Destination,02d07e9805d46ba412f80d5602ff1d46a0074e3b4900454ec19a410872f9ad9a2a,0.00013969267611255238
Destination,03986041938b83ae9e99d9f39d2ac85e21825e3297a3666d3b10a0a47b3a99b0c6,0.00013969267611255238
Destination,021fd71aae4246311598ea11a619dea2d26c60616fc01f19184c579975cf3d3fd7,0.00013969267611255238
Destination,031c05bf47f238c9a244fd5def6374cca0dd1dfedec8c9a56c06169bcc0a13c0c3,0.00013969267611255238
Destination,02408f7738396150f38d0352433e8c035694af80abfa8d5f4b8a1a345f81fd4818,0.00013969267611255238
Destination,032ee5d4819ce388109f495b208bb6f4412a3136001f0514b43b6e4de7dd03da8f,0.00013969267611255238
Destination,0372c3d30805e27319ab9e33631d1915ba6d976231acf450939b8530d4f08717cd,0.00013969267611255238
Destination,0377ed19ece4b1e2869a77773e552e1ca0bbdaaaf1f710ab181b59cb5c813b0535,0.00013969267611255238
Destination,02327c9f17bd3741e78dc98834ad0d4c68b551476eb9753316c09f70a53a9dc38e,0.00013969267611255238
Destination,03a2bd98904b6b531dfb6a3f36a77b9ce28772eb40400bb61412d4f8ab0545da69,0.00013969267611255238
Destination,03fdb6ec24147a12a71f9890b7df7ecb2af3a25a4993c093cae14f85207b18a267,0.00013969267611255238
Destination,03037d09b39b09863016db94eea3fde1f2ec7f95f2e3a56dffed54c908eff49df0,0.00013969267611255238
Destination,03e7657f2d89b809e94e33d0c7f5866abb593d24eeaf8adc19cc82f1add2488fc1,0.00013969267611255238
Destination,03b89b8f369f8fd7facd3b1a665415052838a5a40f99534141d1dd2805afd0346e,0.00013969267611255238
Destination,0373b2ca94adf4bd0765dbdf5889b44ea3d46ec47b8dea2f96e26092be52d0dded,0.00013969267611255238
Destination,02c4f584c84ebf76bf3c18fb0f01262a921f240c528127c7a87237f19997c0f4cd,0.00013969267611255238
Destination,02b713cf6aade8457db6989b7cb27c6d92612be52b82fec0eb479e891b6863a886,0.00013969267611255238
Destination,0268095e71f2a77e9a21addc3a22d4c90e5318ac0eab0049b9060d24aea472b5b2,0.00013969267611255238
Destination,0294ecacb7be50dab506d13f658f8a0e373cd869bfb08928f296e05cf7220ec5e6,0.00013969267611255238
Destination,02254eb2809dcbf40f62ad7f82ce2809e03b0714ed2107de6a687812b130a2689c,0.00013969267611255238
Destination,03020d74b997ca20ae30d54387d7f74ffcf9dc3b54586e79936f81fac1048b569c,0.00013969267611255238
Destination,02e3f3a7922d042b5b09c1309785ccea5cd3a1338931abd8d63ae518edb7a89e68,0.00013969267611255238
Destination,021fb66003a74bcedc613315ff113d95a99c13d3b510ce380afb76e5ee27a5fa30,0.00013969267611255238
Destination,03f7469b18eca3b4641f90c1f3b7fb418dab9701276590b4011f7f660161e7211a,0.00013969267611255238
Destination,02590fe2e8b2b59fa1293dafd7f643306ca8bff65f512abff1f92e7c476d26ddba,0.00017960486928756734
Destination,0206e0777f02393bb60e09f1bfeb9b95024ba661c8415e98a1ab87c86afe960d8c,0.00013969267611255238
Destination,020cca750b6ce88b1e3b8cb6921782cdbfce972193ffaca7901f0fc4643080e457,0.00013969267611255238
Destination,037a3b5518b90c9f2ce4034342f0a36a29ac71ab5f7beb00ef17995ad8ffae5ef9,0.00013969267611255238
Destination,02817244c5d7f8df87212429d35bf8f67b49d07558d8bf00707a806ad96a37ab1a,0.00013969267611255238
Destination,020d1cbb82676af152d87d5c2865f113936624c249bf9dcd54d4aeae52ffc8c5e1,0.00013969267611255238
Destination,0232f57b7071ff30f02b0d89f7fe870230fcc08114121bfebce30ab1198ab7952b,0.00013969267611255238
Destination,0278de991f180fbad52a774f9a9fc9dc823635ab6b56b25ad2c35d0b6ddc5eb3d6,0.00013969267611255238
Destination,023552ffbc3634f9f9080d479f32b4924fa8898bc9eccbc2a35d53a520997a5528,0.00013969267611255238
Destination,027d0de66d08f956a8d606c0d1c34e59bda38c05a3b1cc738fdd6378716c644997,0.00013969267611255238
Destination,03c75ddddd9d0c8b087fb8ac77199c2a132c78b011ccab893dc6a2735ac30b8179,0.00013969267611255238
Destination,0391a65bbd5d876aca742412d9b24c59a0fefcc0f6cdaa359d76db30af780b988d,0.00013969267611255238
Destination,0370cf2693c16b5dc1632ae69e4751a0a88fa8f5705d53cb4c9cf805e5ef57aa45,0.00013969267611255238
Destination,038d80cd697aaf1c8d42117b736e67f96a4bab11b21640ed5c4c8c3a23b740ed2d,0.00013969267611255238
Destination,0335f8a501f52e77f7149fe442521f6e3a0ff2119b777f4c8d8d066df6e08c5988,0.00013969267611255238
Destination,02c0a95e1482ce9597834b8da6de42901028eaad774b3f67aca95a850f30e41329,0.00013969267611255238
Destination,0237cb2476f5215f17814a037e80704a9877cfe18a9b0e86549a49be6feed230e5,0.00013969267611255238
Destination,032b8a4ec91ff11569be9d368b7f7d6a5679cb5b1896076386b73bce96814e0613,0.00013969267611255238
Destination,037a800c7f36733b0cdb289912a3ff6f6dff84158fbcc599316a8d4d510e0f9dd1,0.00013969267611255238
Destination,023469932667382b765308d1a8aec42f5ccb5d434b463c0430f74af76327a72887,0.00013969267611255238
Destination,03f47ea85f6080114f75c3d70ef069fe2f9e83733538c7348c096b209229781288,0.00013969267611255238
Destination,03ce5ea0cfa57265f2a9d28e25a89c0b9dd25f724359d24c817d45cacb07777c2e,0.00013969267611255238
Destination,03bf539579fae15d66a260949b4469340579c2f51bd1a42199487d1fdf65f6a83f,0.00013969267611255238
Destination,038f1f6c0688344c3ccf7e977b9b4cb0c34b85ddf78ba93d5854aa9450fac3719a,0.00013969267611255238
Destination,031131fe230bdb8568ddfad890063d17c3f233cfba01256cdb46e613b4174bfd7f,0.00013969267611255238
Destination,039a84650d414172c094a3ec0a80737e562e1b1074dc164b6dcfcb1b88e3325d11,0.00013969267611255238
Destination,0283ca74c9229bfda5fa710fbf8f6688c6502ff055f356a2750b7594bbccfb8797,0.00013969267611255238
Destination,035eb1d0f7217adc36525b425d9aae4169a1999581bdc34485a90148a2d5beea18,0.0002594292556375973
Destination,02b1b09e4dcc79087591d7f3e6416ad67a26d6d7991980cd27b71eb6cd3aca35fb,0.00013969267611255238
Destination,03124d47c210a26ef5c640e5e9e46720fdb1a3bc46c5a50db7d85e39bf1a850dce,0.00013969267611255238
Destination,0240ef1c5acf890417e0cfa7729fc434407350f170c3de8471ac24b822c1f89acb,0.00013969267611255238
Destination,032d7d81c5b25f4392074841ff1c65343421c654c3e64e501ef8c8c6b3c38a2164,0.00013969267611255238
Destination,02446119856cce766eff2c678b3dcd2767ca3e92d01010db61f00ab0f83d07dbcc,0.00013969267611255238
Destination,02f4388ead1a014753b81b3c80fc480d4686e9b50715e54d622820f3ee3a38f1e0,0.00013969267611255238
Destination,029e9473e5068479e7323ab447f24468cfa024aefc642d63caf711321c4f59524e,0.00013969267611255238
Destination,032ebbcc9420f1f3c7aa313afc48ab15317d1936c488c07cce7513a36983e1be81,0.00013969267611255238
Destination,0371f1fe63d8b53b24164174a500679b2c987de35d4b44a1d76170bfc509e50351,0.00013969267611255238
Destination,02c265a2d7ef00b8979846b21a8f8d61348e6454be05fc616300ce6a7ec9a2b8b6,0.00013969267611255238
Destination,03dd9adec8dc0171153cb8234df820d8e98835e27df410b5eff7db0310a108a6f8,0.00013969267611255238
Destination,03a711ec1dc15c6f2c31fdb0c935e51e55f87b822dcb25ec891a3aac27c9dc9657,0.00013969267611255238
Destination,02ddc9f0a8dfb9a6ff8fe57e3485a6c2bc61fbc5f2c9e02e1abbf4b6d76de36095,0.00013969267611255238
Destination,033d5a95c6965793a4199245eb534c91f092c961dd76eeab50ecb2164bf0241a1c,0.00013969267611255238
Destination,03d91f2dbbe7783d489efaa5b84f9a3b873889d9b0bc9cbe7442408f7df1ec77a7,0.00013969267611255238
Destination,03ad179343c73a1bbbfa0a8d2967d01ecb30aaa4bfbfd13b0bcf0fbc7d1b74b221,0.00013969267611255238
Destination,02b70134475fb54aae0590e5b908aafd0c36ea884f4f09b9e2b9f91d50fb2f303b,0.00013969267611255238
Destination,02f57b45b2181ccb15f250bdd839d44682e47f0c094c53fb39993cf2424212f64c,0.00013969267611255238
Destination,03bf02fd87769546958404501e6a1590b9c32d48e74649499dc83c4728025932d6,0.00013969267611255238
Destination,03fee917a3c0636f95d2529985a57ed185da42f35413f86a9e5d2d109100f15bd1,0.00013969267611255238
Destination,021bc1fadd3f3cb47f1ce8f7dcede768ca2e3d385df3425431b0e59eef59d79abe,0.00027938535222510476
Destination,02450443be6ce05447ec378a526dcbc0dbef6371d1f52363a8bd390e3ec19a6d21,0.00013969267611255238
Destination,03d92daa0796f74067df86fb63ecc1847e69842649de834af6eccae2050fcaea1f,0.00021951706246258233
Destination,02d5e96bf2e46376c53e03e7fa3672dbd2f4f3823cf9250907ea5f52f0481e815f,0.00021951706246258233
Destination,0283dd68c1b7ca34cf0ad8a6fae8b4342110e74b006d9cdd2e6c8e7699e5d8c499,0.00013969267611255238
Destination,02469778b54356db45ad00ef096e6565372bfa85648dde273be725382d08d54563,0.00013969267611255238
Destination,03beddc8adbf7d56a7da15cdaf95d97b24d07088c3571b421c0e6f9d551a210342,0.00013969267611255238
Destination,02707f8bb30bd0b0ee570dd6cbf2f8b526a8907c09e5b4547a956b9cdf1d8290ca,0.00013969267611255238
Destination,02258c4989dd2c13a4dced3bab2d7181720718f3a3fa75ad340e59ef56de988065,0.00013969267611255238
Destination,0387b20e1c59c5610137c3de84c4f13d30b7dcd38f24528a95d40903a458f69d0a,0.00013969267611255238
Destination,030b30be61a8c2d24b6566ce5cad66b1ccd1a5107c719a6550d380bee19a743d65,0.00013969267611255238
Destination,022e74ed3ddd3f590fd6492e60b20dcad7303f17e1ffd882fb33bb3f6c88f64398,0.00013969267611255238
Destination,034fe030b88d6439af1d7cd9067b1a4b7b28a3b31fd5f43ebb47547213a79df3f6,0.00013969267611255238
Destination,024a49c204f32dcd3e4be37b12265091e556fad0b7fa4f2bd289064092a59acfc9,0.00013969267611255238
Destination,03e3d670d86f33181ee7451f14998b376a0d5deba8ab064b4ebe5ad5706f7b112b,0.00013969267611255238
Destination,033a1920ecb2ba73b28062cd84f826464ad64fb329f54c96939a78b1c83614d407,0.00013969267611255238
Destination,03388e868e91fadd6a671281dd9cf5852fcfdd7eefcd7acad069d49e627ed85867,0.00015964877270005986
Destination,02543b854277dd6b4946c97471dd5f301ae08cb5a2abd6d98dc54f17ff8122c427,0.00015964877270005986
Destination,029782a037506d939b46a7e2440675b51ef698a685b187f926335b62412ee7bafc,0.00013969267611255238
Destination,0297c92eabb53231b9fb48100b9550227eb66c04b9e74f5b86431019bbcd062685,0.00013969267611255238
Destination,0358838bbe40a022276ca9ce2116138049dde4a53dbe2c57077871f8cb93ed79a2,0.00013969267611255238
Destination,03e269ffc7faa7b0d29f87e6547db29e540418885e45be44d88ef78ff8bc86e144,0.00013969267611255238
Destination,03c6822ca79ab4821092fb99a15357450327255af34ea08d5b2a8b725db532f0b3,0.00013969267611255238
Destination,027d9a8cd4172ba4e55073509164f76b195d445679def9b41e261e8f34cb209487,0.00013969267611255238
Destination,034a5fdb2df3ce1bfd2c2aca205ce9cfeef1a5f4af21b0b5e81c453080c30d7683,0.00013969267611255238
Destination,037e1e55e33da04149cd9e1900b9d3d2c64edae82b2f57fbb960b084cb251db4cd,0.00013969267611255238
Destination,0200f060968b4b90bd8da87d62c4c6d08f2d1a91dd18ca5c3b7acd9885f2b23745,0.00013969267611255238
Destination,0366971cf0775736418ca19d982cdcc520a1b3a178d7bc95dfda65b1410fac8fb6,0.00013969267611255238
Destination,020abce87fb0c6c000e6a1da3042bda538fcb20a10b3fa2824587f00e605711f5a,0.00013969267611255238
Destination,03dcd840ff15d19792e8a8d704bbbbafc629c22324f0d002d8f4cc87c8798f03ef,0.00013969267611255238
Destination,02ff5053660e8763befd147411544143a106b65058ffab432a21277d68b0a4a491,0.00013969267611255238
Destination,02cd85b27d1c7648a87edd147b3b1d27927fd9fbc244d79f9c4bd6f6bce68b1505,0.00013969267611255238
Destination,03a43ad43db3e636fff0204c6d4db8b0e21c771db2c935f5a3a8cbfb4e8917af3f,0.00013969267611255238
Destination,02644f5587cb30d3e9c3ac923f9e0ba5e2c2bebf0f580cdccb2a6f5ee5546ad549,0.00013969267611255238
Destination,0321d7733e575bf0607118181014cb62e707d13ab2f77b157e180404b63b76af4f,0.00013969267611255238
Destination,0299f43fb7f40d15b5f0c2d815fb5b44cf35859abf6fd2f1d1ad24e031a4dd324b,0.00013969267611255238
Destination,03c3d14714b78f03fd6ea4997c2b540a4139258249ea1d625c03b68bb82f85d0ea,0.00013969267611255238
Destination,02c2c252d0e3d8fb5d434216841b3179fda0a4c79445c49368fd5a3cb86af60783,0.00013969267611255238
Destination,03f9f99c3bfbc823aa829c7166bf306cca28400ba4391f653d6005ed72cbf1a4ea,0.00013969267611255238
Destination,0261ae4ba4dfd21937ed3be62fcebd9edea0af8f8d2f2445f2e6af3cd428db742b,0.00013969267611255238
Destination,02d48a07e5169cbf70d4e9409c6aaaff12929178c136e8cc8de449f341634ade7a,0.00013969267611255238
Destination,03258e24ed337e26b7f0ba1b4bd39a8e5d457a24f3b6c97b399d4e71e8535807fc,0.00013969267611255238
Destination,025f2cf835c0ca58be159e32e476a2386d8100d97fabf97e144e8e3e3f4829643e,0.00013969267611255238
Destination,024beeb81499eb268415eda510da4b7826c086546dea4147efe64f04c53beda13c,0.00013969267611255238
Destination,021f87b5fcbbff2cbd839e3ac59c6a3bc620d1f0f638d85726f193cb1839019b90,0.00017960486928756734
Destination,02df6f092487ff5fff2e03bad300485fdb7e780312ef85dac4ecdae9d087e9f3c1,0.00013969267611255238
Destination,02ec3e575a0641fc419b783f48c4ec3a330c80ddd18b6c4ec0c653a0fb704df6ed,0.00013969267611255238
Destination,03db5f7b076afd50813d0dc05cd60a37cd1492dc30ecfd6b9de8f07b602f1deb05,0.00013969267611255238
Destination,02952cc6b7f92226e490d6354636604a26484a396627c97661c932ffc55042a500,0.00013969267611255238
Destination,03032646375860baa4251580bbf14aabb0175dee1e18bca2342ec322bc280fcb97,0.00013969267611255238
Destination,02feecbdba434aff77c78159ef47679c71ce4936c6085897df5ac9dd5274702592,0.00017960486928756734
Destination,03b90430f9841ffce5f6ec3c6a85a57077012ecf26a671a1369f05dfba946294b2,0.00013969267611255238
Destination,03e5560037d44bbd0f79e785f2a39829ab0cb249c8b909c3dee4b3ce5b226eb834,0.00015964877270005986
Destination,03d2ef9ec156a07c83b1c4da1e54564b50d20f2954bc535eff68894967444efc58,0.00013969267611255238
Destination,03a2b708589efa96366a4de541607d0a57b07c22079c91d1346b78791ab7b276c5,0.00013969267611255238
Destination,025c622f4c4ef8b25c97d262b93a887c019fc77d9a793d648bb22626fe7b0f860f,0.00015964877270005986
Destination,029d96cd39b20f6cb966922a2abf2200af22267e40a002aabba819c6e70e233138,0.00015964877270005986
Destination,0228e4b5e00a05f400411a0b556fa0fd4d7609555dc687bebb9b70419aff15cc3e,0.00017960486928756734
Destination,0315a0c3816b8a7942e54eba14ea98c68d5cc23b66b58d249f482e118d52b81338,0.00017960486928756734
Destination,03d931ff991e577796e4f75899e0b8325435e069c32aeb0e68cd60f5a09de5a46f,0.00013969267611255238
Destination,02a2584ad1c54300f0576507ed63a79727c55314628486f24582ac071153d18a03,0.00013969267611255238
Destination,03bf7441842433a304a1027abfb75f399cfcf62f75339f15b6c27c24d69100ee50,0.00013969267611255238
Destination,03b7dc772622940b87507055888ec303c6c5f1fd3ac1a8c78a58c5cde2b5f59d0e,0.00013969267611255238
Destination,03b6a0e7cb7b2829384fc3ac95eeb3f19c71334d9ab32381572bf03b9313c66db7,0.00013969267611255238
Destination,03efeea8961f376931a390ed9ae62be116abc1a8abaad6d1998efcc11d63e86526,0.00013969267611255238
Destination,028489604063b889ebd1cc47e7476d084978aa92ed6d5a3c824334b939ea0b9013,0.00017960486928756734
Destination,02562a8b25df3a63c2acd406e20c54595e6d95bd799427c0552b9aa2832fbdcbfc,0.00013969267611255238
Destination,027542d7f396b05119cf200bd85ce7aef7855259b334d4c22e9712d01f4a646cf6,0.00013969267611255238
Destination,0280dc3b8f79eed9cb1f10ba0b31abc50a0f19ecd219bdddd788555c25a2009e9a,0.00013969267611255238
Destination,034839dd6d2b3cfb75d7446299b61330629ea3723f74cd161f6fb693f6bf5e593b,0.00013969267611255238
Destination,03756e2c049fe4653683131b2b27cc25f30c6207094261fccd24588e1a5c063ce5,0.00013969267611255238
Destination,0345edbe910312c10589901369845dc8aba6494af5e75a16b570e93d4770e3e3c3,0.00013969267611255238
Destination,02f6725f9c1c40333b67faea92fd211c183050f28df32cac3f9d69685fe9665432,0.00017960486928756734
Destination,023daf469bbf2d5769d7673b66a841bd6d46452a4e20be548c6b11da730e5db575,0.00017960486928756734
Destination,03354ff488363e38c498bb30041d2447e7e4e8c9bb738c765ff8215d1d94a94f08,0.00013969267611255238
Destination,03489edc0b300d4a07be5b61281ce0c94a9a943ab132156b096d4ced269e525550,0.00013969267611255238
Destination,027a5a4aa12d461029b8edff6d6d0ea7923a4f01b6293308c2c2d0ebc512f30c49,0.00013969267611255238
Destination,03bb42f495d912ae6b57e42547e0b163b81b12099bb8941ba5fded746625293bed,0.00013969267611255238
Destination,0221cb517eef461adf1b0c86b0ea6f53d8168d10929b7d5de40516c021631cbc0b,0.00013969267611255238
Destination,037b59f26aba200711606f5adc93cfce39a9289d034032db0c58a9c3d431af2c02,0.00013969267611255238
Destination,036cf9fdd300e35edfa4ffd1368ad60a37b013b0025d122e398ed3ecd80dd0b9da,0.00013969267611255238
Destination,03ed96394ddf5348a7f1556c4f305343cfcb8692c79a7146e7ba3024004166c230,0.00013969267611255238
Destination,02fb37ad9c674fcde7df9b7342f0f9e3b71a7658d0551d5b58a84fa088075aedcb,0.00013969267611255238
Destination,036d1712099f44a048463f38e823cff113e92256aed7ec8bc9d1981dd2d915a534,0.00013969267611255238
Destination,03c45fe15c475d61c1d39b6e11b3bfbd913b98f3f21abea787e0d5cb889d35337d,0.00013969267611255238
Destination,03b238a73093d976900ec4125096927ff3b220b361315384d73903c93e3758cb91,0.00013969267611255238
Destination,0246d846cdfdc2e20aa90fdb945605fd2f8d3e8dd6821d246857cfc84f9ff7b5e8,0.00013969267611255238
Destination,031c745726ee260de2e498d1e88478517f7fa2c9b6548e76e94e81129aed4ead34,0.00013969267611255238
Destination,0373b793237a96e9c8532c8cf8bb8be5a42ad8f57b6fc24172e648d15ddd80fe08,0.00013969267611255238
Destination,03a0c1bb4380a1d96c17d0c7e654dc60c3c29ccd3ef7e282ce1d5023fab01ddf5f,0.00013969267611255238
Destination,02f29feb1895b28ddd412884dc4bb2d459ea0f643dbd591965d352b3f736b804a0,0.00013969267611255238
Destination,021bf71418e2c6c7545b0a871c6567a0b8b685e6c53d835d32507fe930e1145e6c,0.00013969267611255238
Destination,021f0f2a5b46871b23f690a5be893f5b3ec37cf5a0fd8b89872234e984df35ea32,0.00013969267611255238
Destination,03cb5a20dfa5148803badcb35fa00f97d73a132ecacda441f484ddc300bbb2e1fe,0.00013969267611255238
Destination,03193c767916238d7e50f282088934b810f1c6a495f8a704e2eec685e876804790,0.00013969267611255238
Destination,03ced15d387836cad334031f1a503a702746de811b89cba64075afd8e2e5a872fa,0.00013969267611255238
Destination,02dec828e9b5432806b762e56a3107067719acdc57db7255f9231826f597c5cf77,0.00013969267611255238
Destination,03aef71a80b1f0bfdaa9457e46b24a048a4dc2c3d285f6368c5815c26e35b8232c,0.00013969267611255238
Destination,035c7735413cb1fa92f8bfa3406c7f89a6ff31a93c72bb558da11d8b52d51fa47d,0.00013969267611255238
Destination,02acae80ee43b7b5392b8404d24d63e70efe5029607b4bc593cbea097832e62729,0.00013969267611255238
Destination,036efdfddbef4f283c45dc166f77ef6dccf6457fe6cdabe7d437b9b2a56d2cec38,0.00013969267611255238
Destination,0374a5e1e13165f5bc5bdc45fe142cc0c2bec14eed5f57625a92f1b61356222cb8,0.00013969267611255238
Destination,02045f04f3456f498fbd6c5b20df43646beb39dd0f30dc46f03cd9ccb4619b7726,0.00013969267611255238
Destination,03d50989c2a872befc94a9052b6e3438c1da7605bd9046c98636d9f0f2da6a5a5c,0.00013969267611255238
Destination,02111729655b26a9829071241a221a3f4272d484e5ac74a1e683986186e1d6259e,0.00013969267611255238
Destination,032154b2cb4d775459f918b838149b17907dd4d8c6457ab32f55e17fa06785bfb0,0.00013969267611255238
Destination,035b9c1794a62fb649e6b98828b521203f99ef314ec3be9d30f821d647618bae16,0.00013969267611255238
Destination,0273ccc1248b889e429e9e1a929d6bd8c420f50e3a93df9eb448c133f74aa1c263,0.00013969267611255238
Destination,0231b7d353065f644abc0150406895043523c555ba2d1d81f69a4cb47699fc6bd9,0.00013969267611255238
Destination,02b7c159e2734c12770de21fa78bd632450d1fec1e7d67c15e31f8f0735f648fee,0.00013969267611255238
Destination,037ae3fb76a9c192a33241f99a7877a435006daf825346d054144d066788d0bdf8,0.00013969267611255238
Destination,022251106217e1accab91637b08e575de6cc18ae076f6b50cd1a879c2d69cdb549,0.00013969267611255238
Destination,03bde3699957c0f1dec4f3439a033d94b5f93cdd7fd496a0cceb702d2bbed6c92e,0.00013969267611255238
Destination,026e36c6d84c6310abf5905e64f186ecb9a3c380269dd4af1daeb16f7411be744c,0.00013969267611255238
Destination,03685b8de9e4d9e689b120d27511732ea9bc3195577319dbb5bf7df64e1334d7e4,0.00013969267611255238
Destination,03be453075758979d83fab2a19738d1783f235e8fba1b4f5101a0f8936b50e2137,0.00013969267611255238
Destination,026ac2ba497263197b599e592e9e1116a308f8b3a8d6832d68b249b79754b0fc8c,0.00013969267611255238
Destination,0277516c86cad9df72cb1e815d72099d4cfe4beff1b47072120843def247dfa61f,0.00013969267611255238
Destination,03e0d26a3469daae35254beefe8bf76d422b56a21657a04dded687ad84ce222442,0.00013969267611255238
Destination,02c7d549e06a34d5579313fbc7117c24d33c560552f0c21fbb84ac766670a408f8,0.00013969267611255238
Destination,02b64fa8f2595d882f3ab985d0dd766b4462399763e866a97ee027970e9fa2bb26,0.00013969267611255238
Destination,02e7a87e3bb8a0f23d4b3a70ffaf6d15f8f5fa5e350f24938a2256270eac83fdb9,0.00013969267611255238
Destination,03436f6203071b5ab077535a4577103fdf26dcf5ddd688cc12d6a020ddf1d7e22a,0.00013969267611255238
Destination,0236dadb8a2b51e2032ce435917ffec5322477a1463636003e0e924e040902be42,0.00013969267611255238
Destination,0209d5eac9ab31c5d1092fec8ab898f36a24a8aa3d960b2149cd6742a907468de4,0.00013969267611255238
Destination,03dd269796b402aaeff23b46d0d74db9980abe07a0889d83110efb681bb1fdc8af,0.00013969267611255238
Destination,02b1754b20eb289ba2412dff32f323d1f335b350e772d73ec2eaabb73bca521757,0.00013969267611255238
Destination,024e7c5fd782f4456f20c579dfdda61f5d3d15a5a3eac5c2f7e902d6963c414f94,0.00013969267611255238
Destination,03a879a1ab0076f34917606c69dd69307486066ea5372f8f72cb43809dc95d8c00,0.00013969267611255238
Destination,036549ee7d15d45fe9556104b2f82bd14f0a0862c941b6f08f333dffd512423168,0.00013969267611255238
Destination,03f0f1f7709880c633b25142d5ea9d1f7caf801a4f456b1155460aa330550084ad,0.00013969267611255238
Destination,039cf2cbd172ac1bbba9c104942b8fdc40cb28023d6ade8f9f247f160532d81e66,0.00013969267611255238
Destination,039a039dabe7249acdfd1947cfb0d606e106fc2c8788aa5a82b74c50300307c89d,0.00013969267611255238
Destination,039fa311ca6795a10287270c7804c1718ef0ef12546d70893a68f9246232baa32a,0.00013969267611255238
Destination,02c4b64b2cc996a562e3c6a4ed592906b72733701ffdf1a17d1a27c2d7cf132380,0.00013969267611255238
Destination,02673384ae09b60e66915d31a009d0fca36e5e7b0c174fcf3d21beafc01e47bb29,0.00013969267611255238
Destination,03d02c4d64fa54c4ccc8fca14a49abb438689205a5116e026a2c7babb8f559362f,0.00013969267611255238
Destination,039fe5f675c81fc1a79fa38278ed81354d7609189962aa57f9a7294b2872382273,0.00013969267611255238
Destination,023fdaaffb92348f99a68d43663fb657fe21489759402d1912a9c1a9ee2435ce92,0.00013969267611255238
Destination,03d0a346bdce7d3e0ddc1b488f6318afd99f67510a4d559fce2a36e1496827858d,0.00013969267611255238
Destination,02e5337ffa8de9919f05d5520d674769d483db534a25381cc3bfda0394abeade28,0.00013969267611255238
Destination,03dc121877f5e4b4764b0915c8916fb843ef89cc559885cd696e81bc51232b1886,0.00013969267611255238
Destination,021af7817acea62563af90ebad4b6de313de8c47c91b8b2e2afaa989a3f07a60ee,0.00013969267611255238
Destination,03682e90fa945bfcf053d92bfa31c0eb2802eb7b20ac444680f07202fdb2e7c210,0.00013969267611255238
Destination,032c8f6aa26c5df17e45ac0e1d2202e3b684c97f6bd32be3eb77c59253b72e7681,0.00013969267611255238
Destination,0248609a27ab0589a6e5d0f0e7a533c2b87733b5c191b1aabd33a051fe79d2d6ea,0.00013969267611255238
Destination,0355358f9ca397c92779a8bfc29e17c23cd9dd409c161d8a047ce7d902f54b4dea,0.00013969267611255238
Destination,03a1dd4982461b0e583d05171f883ea680b1745960da4f2444ca3e600674b1648e,0.00013969267611255238
Destination,027fc06b1bc36a6947b2ea38ac36cf16b3aefbd54b8f573fb71c6ec5c04a3e3630,0.00013969267611255238
Destination,02e30a46d01bf64d72bafd8eecc46cf289a712a26fa68dbd80f5432bde6140b3b3,0.00013969267611255238
Destination,022252e7297f23601bae05132eb944a0e89f8a4a95debec6d63060bad78ff1fca7,0.00013969267611255238
Destination,029bda7d9ca96c3f6f94b3ca4ef0f57417e4cfc2a5bd8c76af0ef2245d5779838d,0.00013969267611255238
Destination,03aee2bf07ceb5351a8c98615c1783ddca8a0e753800bdf33d08627ea7e56ea93b,0.00013969267611255238
Destination,03653e8f7e7b96cd8d7c7f9641f541b7e24833f6e8b81f65eab8d9c614f8376324,0.00013969267611255238
Destination,0225b4f382c31dc5920ad1e896d4fefeeb185ed542f97c287123e31b2721426575,0.00013969267611255238
Destination,025a8868e9aa397ec1e4ea33372248e8d8a71e7cc83f69e9b1e85d7981dfaffbf0,0.00013969267611255238
Destination,03923c18ec763ee90fdf7ace9e7aff5574af69f9b9408f8d57a64d1350bc434c9e,0.00013969267611255238
Destination,03c7e5b029a17101e006d70b1c5d079eac93db593c2dd5f260dfed3883a983e5f0,0.00013969267611255238
Destination,02985cad3fe71b84567a48abb44df5db52ff46768360b6b42fdf7e89ea81b25a67,0.00013969267611255238
Destination,03c70a2d773ec5088972dd131bcac553b7a1c7cc95cc8d49fdf49360faa4491e49,0.00013969267611255238
Destination,02df2198a0fd75ef9335fa4c56800687cd91773bcb8ab197d244cd948ca8d56782,0.00013969267611255238
Destination,035db7bce8b88eb6040d7e3deeb8564e8f23e1ae9995987126ce2e2a2ded1c4608,0.00013969267611255238
Destination,033ef62a75784249b04117b5b596eea7a3d938d45f5e05b76ec371c88dc11cdd95,0.00013969267611255238
Destination,03c6c3df8a19322479652a8fc04b6cb948d323afc09d6bd1ffe28aa26e6908ded7,0.00013969267611255238
Destination,03b089692b76ce8e897a4eddbe6f498b10cf52bcc97cb4f3acf6d69a04a35293da,0.00013969267611255238
Destination,0245857aca28028e1ee89f1cc4c8717bda1a479df426ccf1a55c44b68a135a961f,0.00013969267611255238
Destination,02a7a0980d12cca9d40239369e5bde7621d6b539727713f052cb9ab931f4034097,0.00013969267611255238
Destination,0307b1c0b5f1fafac96d9d661f6d9c7f5d800ac1bb9bada02a249f4eefce82927a,0.00013969267611255238
Destination,03ee296cefd82de3a8e8d6963d5b7b3a3769e6c151b625f2526221d1cc1cfed5f1,0.00013969267611255238
Destination,03fdcce8c0b7ea50392aad8fd072379d547e8a76896da93396af1f283232ca89bc,0.00013969267611255238
Destination,02103be0c04b16b0a5c19147c8e78966f07b76a54842b1a3ff63273f68f65bb083,0.00013969267611255238
Destination,02910d9065d4bb05b068ea99aca9c25b3e2ceaa55334e125850861b3d21d3c2009,0.00013969267611255238
Destination,030aca23ab45f25dbc5ca08a72bef04659cec4a1fa5aeb0761026dd6a3e75244b8,0.00013969267611255238
Destination,038c8020737d520e8fcde3bb6671944f5aea5a64ed01c608d105e6683fc862c8d3,0.00013969267611255238
Destination,0242fb717b6311840aa2a2d96fbd4e98ef92d48ae02d8def7adbd71ed72aa7746c,0.00013969267611255238
Destination,0300f027c1ea5e3ece7c5cbde0a9eaab914d512f6bd6be2f4c7ba90eb1b9cc8f03,0.00013969267611255238
Destination,038bfe5054cd7165609563b696897a38aaf1cb2173a83589c98a0aaa6c372dc77f,0.00013969267611255238
Destination,03ffd4cf867f2c9bb7f72f7cd26cc72810ab5553d6f14d66aa6b047556412acbaf,0.00013969267611255238
Destination,0384187e07cdbeeea58a204d0484437c910b74538e3c182806f547b042c4cb39cb,0.00013969267611255238
Destination,022cbf25bd176b60478f82460f015dc205f54c629559268d518092947f118ac39d,0.00013969267611255238
Destination,03887e37707bcd91a2f28e19c7a667c9649747da876fb2852043a5a0339a60048c,0.00013969267611255238
Destination,02bfd9798bb71188f7d81c090dc4ffadf5f5e1adb7fa191fc5d9c7ffe559f9c9c2,0.00013969267611255238
Destination,024ff2815280c698f2931aedd1d6a269cf2a1fde36b03ea8f472b3e76b04b9c858,0.00013969267611255238
Destination,0248ea1b52e83ec4656610dd14c4ef14cc80df7f1edeeb736883a3131dd65b4ebc,0.00013969267611255238
Destination,035df3064d99734dd203039aa48604a59364327f981ec712baa843aba3c1ed3d28,0.00013969267611255238
Destination,024dd706035b23d4930defe9e59935b3ab338b5d8c56171da0273974a30b2da9c8,0.00013969267611255238
Destination,0226c524362e1e2f4b83e685ac0568044f50dae61783b90a4060689b8696fec067,0.00013969267611255238
Destination,02118090763c0867ff8de0ea3c24c6d99933fd6dfcf3ea01fb4dcc8da8dbf593af,0.00013969267611255238
Destination,03eabcdb5c8802fd56191817952e59dc986d3198b02103a14b0d752a33f9a064e6,0.00013969267611255238
Destination,03336fcd21b56c660e70ec01389230b8dddc0ad6476e32653b53db56db50808cf7,0.00013969267611255238
Destination,039d4851ad8610065045d872ee300739456f59f09eda02f7536823d17f13b47d8b,0.00013969267611255238
Destination,0265a655708b074348bf5a13debe3c13e8bbe1089f9455dcb256167be3c0bf0e7c,0.00013969267611255238
Destination,021d5fd4e7def70da60ebc474da20e1ec13cfe8a47568720b1470e6eaf1c9cc405,0.00013969267611255238
Destination,029798bc76a3f416d8d2b294fb4d5496db9c74dc1020fe7ed6eef3eca24d3a8d95,0.00013969267611255238
Destination,02af6e411a0b41eed76974a6b719c7a30ed1c8c6a26e267719821c8d4b78807378,0.00013969267611255238
Destination,038e038482f726b9f3c8f6decaeb3b90d1e9c924ed05194eec296b7fef9bb0e34c,0.00013969267611255238
Destination,02239faaa8e9b72f2499844700e24dc8478e00d80ddc250c7d4a6787db3c7b74ac,0.00013969267611255238
Destination,02dd1c7d47c5c1f86c7e8f12c9419701f7c1398ad1ee334b59547a34acb1f808d0,0.00013969267611255238
Destination,03c6480cda01dab285683e2684701b3f8cc8b74bd7a974f662f4f982eea976f7f7,0.00013969267611255238
Destination,039553592807ceb7c4c0427a5434eb64a1bffdc590478c97b20c189780ae7beae2,0.00013969267611255238
Destination,023de8e20b007fc0bdacd8a54c9e6e1d8007fa565235251283b96c3967db524679,0.00013969267611255238
Destination,02c45389d58edf3c9dced6716791ed450ff632e74e962ac0d489047498f4e54a08,0.00013969267611255238
Destination,035897b1acbb44189c1a3d173501c9271bb3d54c6ff999576c2ce987e4d30c8390,0.00013969267611255238
Destination,0258ee97eea284a64d8a2b2b9b85bdacaa4bac3870292d35c98db8865b3d42b016,0.00013969267611255238
Destination,03a9f47a42aceadd8ccd44dc1ffb5de8bc45d93d9fc15f7d9db9761463974bfe5f,0.00013969267611255238
Destination,03da24daf8390f97e1d55106e3454f093609430fa39103fbff0ad873778f212db8,0.00013969267611255238
Destination,0359cf30ecfb7b86c46500909a55db2c57d3bff3ee445777e6acdae5791b354291,0.00013969267611255238
Destination,02917318850a178f9819eb166a58392f4b55ad2f7b9378925de98d310a4c3dd650,0.00013969267611255238
Destination,0237bd9f159c5c0d40b79399c2ef7646de92fb6b85a4f50b888201985452dcf8ef,0.00013969267611255238
Destination,025713a110233b9e0e74802b2a6c883d3e594f9e1b113cc5fe3705aa8ad365d422,0.00013969267611255238
Destination,0394b072a191f1d26ae83d71b8f6eb8a587ce04bc9aef3dd44a2a66baf28c8535c,0.00013969267611255238
Destination,03a3f3412d81f42640057a2bec2b23209d31dc3407ebbd3cd5ae39a8f484cc9746,0.00013969267611255238
Destination,0324e156481ae347d4a6657a9bc9985f982aef0b6582c37929988416f6ad47f8fc,0.00013969267611255238
Destination,03d7a0b512ff764296b46eb82292e739a6df21ec29ebed9cf6f43c38ba3c129dc6,0.00013969267611255238
Destination,0350306e4bae69b7944888d39b8d5f107b62e274f64b82c8de76a80908990d4935,0.00013969267611255238
Destination,02dc1ccd9515180c36644c3bd5fab43316d03d78aaad4a9dea94d011d07ac4ff52,0.00013969267611255238
Destination,037463d732e03dd262b68df543bcd0cf147645d76a88f70e3c9380458e0effcc4f,0.00013969267611255238
Destination,02e09c9706706a718b48f7b7ef813ffbcc9136939caefe20bcf8f850de8a5b3751,0.00013969267611255238
Destination,03db73c39c4edd703f48a4c9c91fc5f2071bc25dc7cc6298720ff35068096a0528,0.00013969267611255238
Destination,0305cacde04dd04a1957bfdf1e61dbcbf5c422a4ef2024aa8cc4c5df65f60bc3c5,0.00013969267611255238
Destination,029c52a4a99e67b67923c6accdbe559b0201ed78ed77c55608132ba1536e83cb7c,0.00013969267611255238
Destination,02f2a7dc52c837b0245110c1f83ec9fa313363788eae096e00ee95db68dd1b35fa,0.00013969267611255238
Destination,02b49bb90dad806bad46772bab383f51d0e81d11aba43adf0b2216ffafb9548bdd,0.00013969267611255238
Destination,0326976815fd2784c70823ed21293ff5fbc8ef213bc5bad3e55572b662a64e953b,0.00013969267611255238
Destination,03360499e0d9c152d95166fca8d6989ff6bece771ab8811d9a9082e86ecdba0faf,0.00013969267611255238
Destination,023b7dba0075975778c820a56a157de5eed67e988e6c7edd723af73ad20e4463ed,0.00013969267611255238
Destination,039f01ad62e5208940faff11d0bbc997582eafad7642aaf53de6a5f6551ab73400,0.00013969267611255238
Destination,03c043906b71a4dea9146b1fe2d2c87b3e595dd9437a355efc15fb3a40b0dc2e02,0.00013969267611255238
Destination,03ca764b2116f081d9457c007f3615f3f9820b1bfd8b3a9223b9429b9d6d468aab,0.00013969267611255238
Destination,03765088ae55a5999014b58a1531eceb4cb75ef1164841b85fe858d25768dc8a56,0.00013969267611255238
Destination,0370835959a58ef9144b993e05c421fa69b549f441e2eb367c116ed062c78c9188,0.00013969267611255238
Destination,02a6c19e0d4aa70b7bfed2fa74c23e67f6a7846992f73c3c79c36174df3103ef9c,0.00013969267611255238
Destination,02ea815dfe39898455fa2dfb1287d5a9a33ed99ea5e089d404050ac08f78ed7475,0.00013969267611255238
Destination,0232d86b65f57659755ac9b36a18d5df65c4e40ca31e5afc92417360a1f30d9dbd,0.00013969267611255238
Destination,0290152ac5e665560be63b890214c168df3deeb8948167c5f46de52a92a4a74540,0.00013969267611255238
Destination,02283eb2262a9b89a568c30a173b8fa51eaa00025c056118696ecedb5513e65b27,0.00013969267611255238
Destination,024b7ae6d1795cba4513890d0fede261e2ad97b604b50602141f4eecd3cd0d3f54,0.00013969267611255238
Destination,03ea56f9ffb95cc9809a22476702a8a5e5331d67aece05158d5955787d800f492c,0.00013969267611255238
Destination,03db212f915615fa8ee4dc98e6c7df7a8b1252c98e8a391ae10b98e81d200947a4,0.00013969267611255238
Destination,036756a42aff29e849cbf9b8b17c3b5b7fdbd2cc557dc92a1039ca736ae9d1ff70,0.00013969267611255238
Destination,030f018bf973d72642c781abdba0ad1e2997ec5d671cfc6aad33bc8d21e5edda44,0.00013969267611255238
Destination,02825cf02875e386fe47406348cd76b924b2e277ab4bdee8d2477bc2e16158ac8f,0.00013969267611255238
Destination,03adc3f09284c67bc208630cee3af49176a93255804f99d3af8dc7d89611c89d31,0.00013969267611255238
Destination,03a78b0b4a66f53981baae6c29c1861d68ce29dd6391ce73c3e174b9128c24f193,0.00013969267611255238
Destination,035b2b328596738817e1b8e4524537fda5884ce04c7715aee2058bc283f55b413f,0.00013969267611255238
Destination,0355ee43d8aa70baa70cdc13d19b02e23a35f7a84b741be69177929b51e1b02ffe,0.00013969267611255238
Destination,02fe23846ff5b27623b2df30eabaa4a95402490f8b39825af8c1c6897238639ad5,0.00013969267611255238
Destination,0349cceafafc61e6d5a223dd5cfbc5e2db9493e45cf470e183e67071dd71468de3,0.00013969267611255238
Destination,0365f68191c346349c0562568e04a4d6d43675cd4b5967d1f99bcfe6caa069ad88,0.00013969267611255238
Destination,0372bef46fe51b58e7078eca7b0b8914ef6dd79b3075cadcb0a2029daadf743501,0.00013969267611255238
Destination,0279c05bd30d495b0d9dd7d5efc832e83f4d1d2bdf1257a28704475d3ed1a3a35a,0.00013969267611255238
Destination,038cc8f0040a7361ac7d102e454df68f57b20898de33b65546b01a79a2342759b3,0.00013969267611255238
Destination,0293ce3b66a9f91e88ea8b372c33cbff6aa9f53ac951e0008ebd04c6b518f0f12d,0.00013969267611255238
Destination,03eef8b6be96b41de549dc9a44eefacfe9e4aa88c0506e2fa86476cf2b97074fc2,0.00013969267611255238
Destination,032d35028960b98916ae4baa3d3f6c7af953b56cf15a8688610b3cf8473d6ce78d,0.00013969267611255238
Destination,03de425f890369b21d37473321b992bfb95e03b32f68aa1ad54c46ad381fea0cb9,0.00013969267611255238
Destination,03d8a7d49531ae67268425a51f8201d275e5f949a5111e0f29166273659eb7c4e2,0.00013969267611255238
Destination,03fcb0ceb34eeeb1571b191fdbd5d95f6da4db931f49149b014dd97dcc0de070e7,0.00013969267611255238
Destination,0208fb7f9d909c9c9a4d9f83ed150bb2d2d25ab7e49c4b7abcc22c7db37118bb31,0.00013969267611255238
Destination,035dcde9122bbac5048443c29a21c77ced865340767412f6e76ed3cae4cc45c609,0.00013969267611255238
Destination,033a5ff126c9cc5b803dc38bb2e7ab8cc8ba96481f97cb5953a58dc0b728bce805,0.00013969267611255238
Destination,0215190985e6416dd53acade295c25b44144c5d7e960a1f5b577020f471bb3e09f,0.00013969267611255238
Destination,02b3b4d2636366633181de8a0894024974c045ae04102e92405973abc0391142d1,0.00013969267611255238
Destination,02cee8c495128228805affaf4ce9000380445a7af04e8a4b19bced6468134a87ac,0.00013969267611255238
Destination,033f6f451291a4ccb57be4b475297b0de3f279cc6e1ce4e17ffe3cb0d08601e287,0.00013969267611255238
Destination,039566ccfcbf9851d364c5fd384c0a83cba5e066e53c0a19d1ab687d3ec4298f12,0.00013969267611255238
Destination,02f26a442f7da7f7536513d2a4939708cc4a96e4541902d9e149567237b536085c,0.00013969267611255238
Destination,0256175a6dd5d84f2eac303d39fe81fa46cfcbf100c1b75cb485c9348f8dbb58da,0.00013969267611255238
Destination,0223d51c41b020c4682735ec2402abd3e0b3f369a4a1c55013446065798c885ff4,0.00013969267611255238
Destination,0304c8fcd62c4ea005df75560b857493ebd11b0367172a5a5f30b485ee44f37b5e,0.00013969267611255238
Destination,02bacbd81f5867e4c13c1a3764e7263071d0efc2e9c30690fa4a927fab2c356eab,0.00013969267611255238
Destination,039debbe207597b2436f26ebc646c176d736a3dc0ca2a3193e054d6906550dda30,0.00013969267611255238
Destination,034fa8e54c2ddded313f97818a5e226e2f552ef79b050896c380b8c7c248379a63,0.00013969267611255238
Destination,024c8157806c1d130769962e4f7eb461065e7330d45f6548a3a2f216c9b7c5c057,0.00013969267611255238
Destination,03d216c73166943229b0880137422c5e4c58784328e28ff4add00656370d8e0f39,0.00013969267611255238
Destination,02616fce0681c0402fbfa7f3c0b2f46ebc7681f7c2580a468749e6e775a7c530b8,0.00013969267611255238
Destination,03f9a351fe8baf9ec4991369f8425ec5ffbbcffa604204e8ce7857f94d53c1054b,0.00013969267611255238
Destination,03632a82cae255b39f47cf37b2117217a76a7db236827c44df24898499126ee38b,0.00013969267611255238
Destination,032f4e300e19a01338f6dba6b3c168c03a96788fcafe9151e1e55c5abbcdfae619,0.00013969267611255238
Destination,0211e453afb090f6939f2ed9df5f2925d29d4eeeed9c38786e872d96f4fa8b0730,0.00013969267611255238
Destination,02aa98cb34d355df1406ef0a7816355a3b831feb129b0ba424b947d086db0e50d1,0.00013969267611255238
Destination,0296fe7513262a289a1a787df321ba8583c998411994aa3a2be367cf6c374a144d,0.00013969267611255238
Destination,022a4ffb8f874d9df65783f5b1d888a84e8df733ca399dcb2c14026dca107082dd,0.00013969267611255238
Destination,03ab7645c1d1c853f4191b35cccf356a97d5b2314958846629b51890719d9cbee3,0.00013969267611255238
Destination,039aebb11dbb986ce6d5ad3d66b43e93b3e483f78236619b92f4a576145dc19892,0.00013969267611255238
Destination,02bf11204edb1b7e0ccf614911410520503cb95da58d104b817740f68ec4de9a47,0.00013969267611255238
Destination,025ea658c7dd2fadb92a15f02f8b55e167f84653772ff6cf6e4b097def382ef14a,0.00013969267611255238
Destination,03740ea02585ed87b83b2f76317a4562b616bd7b8ec3f925be6596932b2003fc9e,0.00013969267611255238
Destination,03964bcfd1b7ca4a539a5169dcf646867b79cdc537208478b7bee7fcbcedb41e71,0.00013969267611255238
Destination,03a2cb3058309f7a0355b9583fc4347d82b251ee94997aec4d4e5573b181a49657,0.00013969267611255238
Destination,03bb88bce4d3488dcb1ff29562f8c7526ece2f8968c432c7950e71c92ee328a092,0.00013969267611255238
Destination,02d5b58b1672f5c958854c92254c102c8d41f2c3051e38d34dddfbac4317cff403,0.00013969267611255238
Destination,024d711a5530d787d6ee253fde8cbb84c8b57ef7bfce50bbac4c10c626f8383c8f,0.00013969267611255238
Destination,0244defff7e990653eed4ac1cb90b043ca7e282c643a45830b9de8951ba0fc6429,0.00013969267611255238
Destination,029a5e7f2ca0faf585872b07357671c2fe1386dd03e3a4aaed01851d4c6ffac927,0.00013969267611255238
Destination,03b6eb44799a5be859f6dca5eec39f2b27aff850289bee06705c6c61a5ff48e5db,0.00013969267611255238
Destination,03df3b998533a072aaf6296195610264738fbf0d9f85d6a7473ece9a80d31ea478,0.00013969267611255238
Destination,03b48758c0ab5d115d807675de15c1387d192ebd75f54ff45db94a5d7b17f9dabd,0.00013969267611255238
Destination,0207201d77e23774443d2c37d0f66602f07cfc4ccdd468a65540bda2948b6e3fb9,0.00013969267611255238
Destination,026ee3bae1bdca44042232ac9159cc711607c2bc47be71783d20de2ed6ad51977e,0.00013969267611255238
Destination,023f7224e19e950af289f9228f0ef3b63c539ec01e0aac30bf7935f4554d036a54,0.00013969267611255238
Destination,03d034de357954d7fcc2ba1195d891b9ea21ec1eae5373178634e9d95097219349,0.00013969267611255238
Destination,023bdbd6c4ae424561ad37a5b9c981e77bda0e21ef7f5f23ea5041bd37baa327b3,0.00013969267611255238
Destination,03f95b85f41a99aed3f453c0c26f4a185c82a45c1941eecde7d7f3b832a937449f,0.00013969267611255238
Destination,0312cab1a944f0312874e6962547a26f6a9ce49b22ecbc7082c577da6f24fd685f,0.00013969267611255238
Destination,02670ff427e7daeeb4d82f99938db11555507ca722a72040d483992cfa7da406e4,0.00013969267611255238
Destination,02e67c65d3e6cd0627c78aa6acce94484397f32595ec20f5b6516d09f5251c7e05,0.00013969267611255238
Destination,02a33d3b1689513856484494bfa72c8a29307434d1fc184b116623d159622f4635,0.00013969267611255238
Destination,02a96e580071f2dc5a065e75da3f77c272babc4004c85988622f9d434e4069c5b4,0.00013969267611255238
Destination,0287840a8f61673cbe870aa5b636a1fa04b6806d685427b39387da98d26d21b3db,0.00013969267611255238
Destination,03d26729e81cd72c0e95b1d7fbf5c9c6ab74175b860c1fca6699c9847e923be59d,0.00013969267611255238
Destination,02a373fb8208fcee29f78ad345d32874173cb77359da2fc72c0cf401b10ca5309c,0.00013969267611255238
Destination,0229e89e6b7b8d9f7b4a2c9a613e92a7a5cf4b683898388cc6d7f45113deabec75,0.00013969267611255238
Destination,02a209432db157f414e668dbce5ee0f986dedd7b9ecbbdb4cf9a47215e85f70d5c,0.00013969267611255238
Destination,02d4b8821a6c383483da8d1c71e6de7d1432528239b332c85417a2ce8354b3f885,0.00013969267611255238
Destination,03ef944f2cb635c53a6f76ce0d87501cfb11374a4f5fdd7e990933940f782c5e9e,0.00013969267611255238
Destination,02d256a6f93e3d4f95db0d9b3e85bc49f8c61a15b6e9c59e946d1b2806a87f6eb7,0.00013969267611255238
Destination,03e99848ec884c4dc5fee298e205a7ee8e014a16e137a73cf911dbe9970f923024,0.00013969267611255238
Destination,028fd658af0da085d8db39437d8e5d116b585e9a8468a61868b987127be2335bb8,0.00013969267611255238
Destination,03d66da1bcae6e38ea2427f5c9bf23fb6484315e4952d35f8a72287fdfa8944a3e,0.00013969267611255238
Destination,02324936a19ff162f5a5809db9e4d26037f21ff5b076728b9ba483ea21f8ec5d15,0.00013969267611255238
Destination,03363e1038939b5d37251b3e51d24637b8fffdee1a5b73351e139049f8c7f87958,0.00013969267611255238
Destination,024ac8eb2fdca28c8b3a1487476bbc2812249396aab5160e752941b84a5ff2faa0,0.00013969267611255238
Destination,03c865a95e7749a2aac4f6568f3fb1d1aeb012746320ab5572e9ddb5395efc1acd,0.00013969267611255238
Destination,020b79c9a231e28673482fb66c562ff0186ec88a04a62dc8e7bd218d8d6f01145e,0.00013969267611255238
Destination,021f814e0837c28ea26de9d53e4c6f44ea0582e68b39feea477c50ec986f5c1e12,0.00013969267611255238
Destination,03efa70b9d54d3f2534774cb76d3fda45d6b98cf63e8591f6ce67de7c856b9d08d,0.00013969267611255238
Destination,03954bb51625f4e68655722d514fb8b008295a96969e50fd6405ead2c4ed542540,0.00013969267611255238
Destination,021a37e2833338d84c82fd83be954c793341a6f8683de6f96a1c87c57b7c6dfbcd,0.00013969267611255238
Destination,0336ebcc0703d6ef7fdb4843cd7341227f22cd94b53453190eb77ef2b5f2db85ca,0.00013969267611255238
Destination,03e33092a70e669977bca9ae7c1678f1f5a064482e57df7d54da8f876625811cb9,0.00013969267611255238
Destination,02ae1fc87d89430197d4364d6f79fecbe8621339f107e404658a4d6167725dd416,0.00013969267611255238
Destination,03ed61ea96b4072110e5a8efec8e2ff9654e1e7178c07a4486d32f268324d6e0ad,0.00013969267611255238
Destination,02fc1b5b940cd4c396c2d7909100437250d5d3b4ca73e7a966c97e7819a218c91e,0.00013969267611255238
Destination,03576d6f7a662ddb3ba20bf25d6983606e5139f537998ae034a3895bf2d75d084e,0.00013969267611255238
Destination,03409f317416148d7e82f4b71f3d142b8d69af8c7997e3d0dc01df3884c863db4d,0.00013969267611255238
Destination,024406d198eff2aa382672037dbaff05e4680ea948f8251a39f46c36d30264ae13,0.00013969267611255238
Destination,032f3ed51b6e6591a358410f194e46cf9cff336ca60404ac236e258521ec8cbb35,0.00013969267611255238
Destination,03de0a9105f2eaafb601f238f03bb0fbf70fa57e246799b29ce711c79fa5b89a54,0.00013969267611255238
Destination,02bae18e89c9a7604c5ef222a5c670607025dc83bd6bb5625cbbbffb7fb8fffd26,0.00013969267611255238
Destination,030343045e9c2cf4e8da72e2d3f11a103457e70c97f833a4e44836498b99f5f733,0.00013969267611255238
Destination,02790ae3def0ae9e9e2e517d66b52bdf44ca976df11d78cc0334ff5bbaac04baf9,0.00013969267611255238
Destination,030363342a470ccd77e91afc45b9dc6a492f921a9a0a34ce96bcb3b024f3f32cb6,0.00013969267611255238
Destination,0247ddb6affb2e7164e1711c957e4323b350ba58038ef7a21ddc3ab99088f7025c,0.00013969267611255238
Destination,02722a644cf912d9b113b7186a2293441689e53541637ca0ef5a5e6f918c63296b,0.00013969267611255238
Destination,03e119c52f39e0eb8f53c3d2c6a0d8d1e41c62345edfc18b10640fcf3605eb4e90,0.00013969267611255238
Destination,03f64acc17693ee0432bd22784782daba327efa859936b28cd9610258f2cd29c68,0.00013969267611255238
Destination,025ca4e37c32405c539f618d12c460cf82e4b1663aabc6edf7de36757733638506,0.00013969267611255238
Destination,03bddf8cdf4c02f601ef670cee2a34bd7ca0710fc0641c47f16d9c3cb00e9664d4,0.00013969267611255238
Destination,03a6190301b86a9647f37113f8314c02566691258d1e1a6013f7418335e0d604f1,0.00013969267611255238
Destination,03063af8b516ee0cf5c8610150adbbb5e9f875ffb5c1c73f9be2c12bc642693632,0.00013969267611255238
Destination,038b45c519a77d19bdef5f445ca6d128809015141f8777b1a596eab57ae106f948,0.00013969267611255238
Destination,02958c12ee36cc2a51b286a029ac0071cb6d28f03cb61ddc857e97ba6cb86c0a50,0.00013969267611255238
Destination,0257262775534aaea78c65c06b9571ecdc6d354357f167c667f7a88cc6ce45b1c6,0.00013969267611255238
Destination,02acd93e3352fd59066ca3f23e8865de1926301e8be03c6a52f0f7e43533fe9888,0.00013969267611255238
Destination,027a507b034b1639603f2a4879493ea2f1004f3cf6831dc5dce193437d0d3e9ea6,0.00013969267611255238
Destination,026ba3e522e35d157df1aadbd0e00424c0811b94f169fac9d2943b729bef63d445,0.00013969267611255238
Destination,0237386929afa1ed1f6ff1df610b722bb78ca18f6e2ed39a571bcd317db8c51bff,0.00013969267611255238
Destination,03c9ab44d7ebcb3a10558f099a3ed01df63fce062d9c2b677209b4db4c15f1d1ba,0.00013969267611255238
Destination,030df199c4aade24c5f2a723ffe1d138081787d032f575dfc96c9352d840cab272,0.00013969267611255238
Destination,038bac265609af066c5a8e10be0b2e5321fa81c23e4ff1d914370b25d88d9c2d81,0.00013969267611255238
Destination,03f6c71ecfaa6c706f8f0de3ad613f473c22f5985a0f6d210563e11d8200537d8e,0.00013969267611255238
Destination,025456040f00bc3ef3d6b01406ac416789f65447c3f8ff26e9a7bb0d102f3f1b72,0.00013969267611255238
Destination,0322281ae81ce7d28fad0656eddb148e2e933b8c73025687563b9f4f6289799bad,0.00013969267611255238
Destination,0336a1e9ed6ec5c8f6d15f87990aaf74305a6cd252614810825b8aa60ad6a59532,0.00013969267611255238
Destination,03b02eb2040c507973da5c51bb28dd2c951c6a9d1ebc222d2613a3dd3c8ec9ba95,0.00013969267611255238
Destination,020ae74b18ca85e826304dc3c5729966d503e2f98d601c56d256f10a768d5b5ad0,0.00013969267611255238
Destination,0261c96a2e4b187f3af17fd4a087568639b6f8d0a10be6fe37942c8603e841d009,0.00013969267611255238
Destination,03b4e0993e0324b429c1e1c4a2dcad28a26d62b2e8f8c28804bb49e519c1d28f9f,0.00013969267611255238
Destination,03ef01535d57cd3a3ddff8b4050650b278991b3eb7853f772a200079b9adb24988,0.00013969267611255238
Destination,03ae1f846a9a97ea3dd5c227e7010225c96f31bb8a57cea6750fc03109a0a68e8f,0.00013969267611255238
Destination,03a97406df5351f4be2ea136706098edcb2cadff383e63a53385126cbeb3537c29,0.00013969267611255238
Destination,02e0c7c42be040b4d7a13e7e0cd5b4c67ded1a78a308c68509a65a58f81ea51bd7,0.00013969267611255238
Destination,0308c5e0c438d076046d61a80e8402f97f6ec240ed3f0ea6a052e49df377ed31ca,0.00013969267611255238
Destination,029b3d3497db86eb682f81493856d11622cac3b9bef21391c9ddfd366f9829061f,0.00013969267611255238
Destination,02c589feb3611bc234fece0c0dd4f06b727da1c288ec0f18999bd264d39dfb7232,0.00013969267611255238
Destination,036bf6517b58cb597a3852e29e7c547f6078253f3dd3e7db7b19a1523c9f7e6cbb,0.00013969267611255238
Destination,021bd4a05446963e1845c1856a33af3d305a9a0b373c17605da6f05ab704e8a10a,0.00013969267611255238
Destination,03dbad7e3b1c527bce605bb299b57632737441d1017d008dfdf172d22aa4f7f838,0.00013969267611255238
Destination,025a25952b985b87a0ad1d4e355b5171f800e1d9d0f554582f729896dd5767e8bc,0.00013969267611255238
Destination,03366fe208e9520b69366efd5006d4779efaee6055b3d8ef88e67e613e05362fe3,0.00013969267611255238
Destination,02727420a06e3b5c1974b81fc063566f4b21612cbff885964fd915ea9b524c320a,0.00013969267611255238
Destination,0364d1e82d18a218c5dc37a0c6ceba75ae424ef6d8981159dcd7002392293b533a,0.00013969267611255238
Destination,034bcc332390470cc4f9ef7491af1da2ffceefccd39ceb6acd87c83920543013d7,0.00013969267611255238
Destination,027c4b3f51b43b5640b79799750d2db6d84a0dbd590b0ba2d1cad79bb72a53c9be,0.00013969267611255238
Destination,03144385021e4add8c85a707e54e8be9bdd480a35f216adf3158d30b9d1f50eb59,0.00013969267611255238
Destination,0289bc19e4199bd69bf11bf4839a8df209a4be825d9d47471e5dcb9767c7c07cff,0.00013969267611255238
Destination,022dd524f8df1b085cc5097d29deaa8e2e5bd3c551d4b6884cfcd93d129ce9002c,0.00013969267611255238
Destination,02c805f8f2d4e6ccf6e82c878cc57f234be0d820a569fe2402c21f2e2b0bfa42a8,0.00013969267611255238
Destination,0292f014eb5d52746280af6b30b43eb7eff2e4e786257a2b367d90d971dc0bcccd,0.00013969267611255238
Destination,02d5c6406991c6b1e5c67491f4756b9ad4db5997ba3922be12f8c02cc4d64fe448,0.00013969267611255238
Destination,025f7978dd75aa268b02b0667ade76a76152ac74decad8925e557cc98eacead019,0.00013969267611255238
Destination,03eaaf048ac87b0c6714b706a90a6abeac57b1ae1e31bdf36f6ead29d72d4b1d7e,0.00013969267611255238
Destination,02ea1d87cdb07e38a245c8be583765979deb3d0372ad0a5d62f8c449dd938c9bbc,0.00013969267611255238
Destination,024a15f2dcc57002b8320c93ce8088f877a4dd5e5f98d98b025c1c20756abc55b6,0.00013969267611255238
Destination,032e60320fe7ccfda6880e8ca639f5f63a1c5aa130270931e841fb517728ccb483,0.00013969267611255238
Destination,037976898cbd5c8b1d9c9073d167575e711b4993cd907bbe61279b7a0a103d4d13,0.00013969267611255238
Destination,03bc43d66289f7902363bac468ef4b0d6668edac8c92343b6a7775c92c684de49c,0.00013969267611255238
Destination,02def5d3729689f518fd27df41197bb0c846840823539e761fa5dcee80f0ab7a56,0.00013969267611255238
Destination,0286c1c541ec142c10f3bfb13b668de151f0ce00ac15671c191dccbecacdc3eb2c,0.00013969267611255238
Destination,0321d48bd7fd39ee2d65216e33f92ddd6c4d83083c50146e9555b44c15a749eb08,0.00013969267611255238
Destination,02cac75f65710adfc5c69b44d298003dc9148c5e17ae696df24cb80c57f4f7c269,0.00013969267611255238
Destination,02a1626f9049db0646e7dd4431a2d42ac719c7363b74f40bcc7e717a753d26d312,0.00013969267611255238
Destination,027ec555eb90638871098508f1163b9423a478b8d67cec0e5cea8491930bc623b2,0.00013969267611255238
Destination,02319d51bf93472dbb9e15c996a807a92730f82166374d9047c66ef85e577052ac,0.00013969267611255238
Destination,036385a8eabdf47efd79a46e0885b877d5bcc1bc85e763fb54e9ec947f7c904d24,0.00013969267611255238
Destination,02bf145fe009fef1230f3f435b5e448db3470a1fdbff95d41cefa71b7d6f14fcda,0.00013969267611255238
Destination,03f683c6cb1642a97ead6042025ca9cd45e6f0f49efbcc3f4ec4959bf878342158,0.00013969267611255238
Destination,03876e87fcd9b9503bf900edfd5021200a740549c2f4b0d5436ec13eef6ed8eab9,0.00013969267611255238
Destination,033e31cf8a0b6abc6d16da9ada4e36af0b77f52dc0554d4ed5bc7a03b1b721906c,0.00013969267611255238
Destination,02235dabbf5dae6ecf7572de29dbab11dd8cd92a669623aad778387b75c93d98c5,0.00013969267611255238
Destination,03e6c2b397d13ade3796babfe58330a3087b08f534b78a97f8e76e85973ca6ab81,0.00013969267611255238
Destination,020fd06b0cb2b7cbc2d58de0091c68f653d7f9a316d7d0da28c916ecaf0e4d1321,0.00013969267611255238
Destination,03a76b80027d7c067e0da77da95880faaf89e9bf87b73a7d57bd4a3f2a124b764f,0.00013969267611255238
Destination,02b15361e2a7f2d10dbb28ed95f66f4a2f96ddadef864ae42f4c5df8240c3b23e0,0.00013969267611255238
Destination,0325e2adfd83a9efeb253fad8b59b4d59ed4dab6a8a9ac898fcd2caacbba5057fe,0.00013969267611255238
Destination,02f404e04e72691f2501d9b375ed64a52f1ec9128680f9b89af26ca87cd5211637,0.00013969267611255238
Destination,029e1f15d38d7f57a63d1b3afbc8f4e55cc8b3b18fda5efb8d703e85119f8f0c9d,0.00013969267611255238
Destination,03288550c4493aa59ca03ff025dfb0b540de0173cfcd12d1db81206e9efd2d572a,0.00013969267611255238
Destination,03ce62afd9cb6fce76178b02d86576b59c3ba8d8750dc2d8652b00e11164dd4ba6,0.00013969267611255238
Destination,035ed14e696c1b90961af88110d2b06b9a40b913a44911526ad4a4b07c15cdca10,0.00013969267611255238
Destination,03a7945697bb5dbe00d9762283b8f9a55eae685c4c0e891c0a1bb0c9b86e2d65ef,0.00013969267611255238
Destination,0395924ffb4a05271bf1ebaa9d0a8985b143e2b9a23915b1ffa380a68dd5aa0d8c,0.00013969267611255238
Destination,02676c2c36366a3932ef65f859a5376196ae9a1e403856ec95b25b8e0405b5e517,0.00013969267611255238
Destination,034e7c4f09d0307ae4df01e3bde4bdb4b83bf3d295746a03e73fd54425fdae3010,0.00013969267611255238
Destination,03c70d441175a2a1096dd69b91953aa1e609466708976e73b08a6a195dd350cfd0,0.00013969267611255238
Destination,03589f3ddb81f3802f3fc9aaa359b684ed19840b55db88f7c9c2cc671e74ac93e2,0.00013969267611255238
Destination,0316464750a417359f23917c2550660ba368baf02c7616bb5c2812f09318b7f3b7,0.00013969267611255238
Destination,030c4438a39940cf6f866fc642f286466d8ee2ef1b286bffc58b5c5ec74300f2b6,0.00013969267611255238
Destination,02003e8f41444fbddbfce965eaeb45b362b5c1b0e52b16cc249807ba7f78877928,0.00013969267611255238
Destination,021a1e61506b34a4894988e1452951f328b8b4d6b9718331fa31562d2b4c60ae44,0.00013969267611255238
Destination,0239e4e93a115264cd2efcb7200285c7cd9897e1567c83aaaeb1db26a4ab8382ed,0.00013969267611255238
Destination,028331898ddfd97c3579f313458c26f495cfc0c0e1dc762b710a5c4f82192a16b1,0.00013969267611255238
Destination,0208a5c9f0a0ed9a077f7fd83e34c4c9a8f010baf1b9628313c7cfbf749c08a9f3,0.00013969267611255238
Destination,0277bd2282883346eba1568657ca3840f0b78f354fdf5382381aedb83787ade698,0.00013969267611255238
Destination,02557180abf1f323bd64853eb63ddd7f5d63af587f92ba0118b53286a671f8a6ab,0.00013969267611255238
Destination,03101e0be9c1875924bcf8a6983553afeef4d32e4b721ae3ffc0a932e102e34370,0.00013969267611255238
Destination,023067b3d99d27b19f1a0fab96d93e1782db3066ef0aae34bdd071d3818e1a77ea,0.00013969267611255238
Destination,032ebdae3314f072acd70e66e18572e6ba27f96918009369585e7cdcf36af3cf9e,0.00013969267611255238
Destination,02108182a754e0d0e42e7dcbc9d79f145e51afcc3b49ee6a2463d8999274f8aa4f,0.00013969267611255238
Destination,03951f83d72a491b6e79db9bb721a404d6b0f9a9f361276dc36042cff6b5fb0238,0.00013969267611255238
Destination,03bfc2441c7528adea8610212211bf9a0bdb10118bd0e90ec0b1feeee49eb912e8,0.00013969267611255238
Destination,02950454e1d85c8ed9815d9412d94121c0aae3bcaae1e12eb593f6cef6ac8db23b,0.00013969267611255238
Destination,0275ce9c5bc8af9111091bf139a8d9d9773a57b1d3164f9d2751c4dfd246e8f2fc,0.00013969267611255238
Destination,027181cdc1bb8c5d9f08c9578ad9556ff08bf3b859a25a9eae27254f0d8a30bb05,0.00013969267611255238
Destination,02ba5a20f211eaced92ce7f1cf1cc2b476db3ac484b79d57bc76e6cecd47bb126b,0.00013969267611255238
Destination,0312ecfb2bbda53802e5a94410a30a7a8ac1c2041012a4e2ce0c8b104feaa92886,0.00013969267611255238
Destination,03bcd61cac41cad58f28d470e9d76b47a50ac4e4b47bf747b588a176a21b785e70,0.00013969267611255238
Destination,037af55a871f07c23808c4d275eb4333db3679dad8df60cf0b5884fd816aa7eed2,0.00013969267611255238
Destination,03c1493a7b9e8f54da3f528e445d737e52087f02f93b2640a14ec01a55776cd8ae,0.00013969267611255238
Destination,02b801df8885cc174a422fe044d2215685723a0fb59f38c602aa87771efa6f0f7c,0.00013969267611255238
Destination,02d28d04ef964e4dcd6ed26a7af1d6159b5c57e29b1eb67c6d952cd51fc642a114,0.00013969267611255238
Destination,03700fe8baaab172230af87dbcef709d9242057ed19bb52581c4423cb6ae7e3211,0.00013969267611255238
Destination,020b97a778a79bf0bed8861eebc12918f41a841a92cb7f3ed5890c26432c391bf7,0.00013969267611255238
Destination,02c7c71c933cb457ed9a7c47bddadd4a2fa4f89a9144e935b8f1a3b937af89973c,0.00013969267611255238
Destination,02044b0f26d8b44cdb0238a7de8530478a084ea97f16fe1d02fb9b6f446fb45a2b,0.00013969267611255238
Destination,0242829cbe6130b43d8711a17a4b99537386e8c3059ebd6bc901f5363d216c8178,0.00013969267611255238
Destination,02f7c5a14699e99cd10e64ce39606124d74995a0d9805348e1c5b06c1440861d03,0.00013969267611255238
Destination,03e0b4410b51d6708d912e83418229bb2dde208c69f0aceb933ae27663baacf5a9,0.00013969267611255238
Destination,0398c77fb88de006b11fe39776fc6e7123fa3b73e0bd5a7584a79819d6064436a0,0.00013969267611255238
Destination,02d7bba752b169afc9d4094b41a7b8a626fab03a88f9cfe51fa94ff2a8ef289842,0.00013969267611255238
Destination,03676447cbc8aff922f2c7014cc846ebb845260582eea02dca73ad96e0de5ef341,0.00013969267611255238
Destination,022ed2953b2ebdcdc8f3806d5e1bc07eec0b231319aca718857a85a9e15b08e2da,0.00013969267611255238
Destination,037bade60c4aad4d56bb58b1453bc77fc542e8d5cc795148143bf34b552ccbd841,0.00013969267611255238
Destination,02879ef1344230c18fb120424ee85b104edeef1976d7e385d579280502f670c495,0.00013969267611255238
Destination,02234e279121c7806f9ac11534518e1aa5f621ec7e4fa18d71a8befcf8c0f43794,0.00013969267611255238
Destination,02c5bba9a873b4153d9edada5be4ea7774201cebabec98431dab80dae621baf845,0.00013969267611255238
Destination,03e2b88b12fb7291d0e8037805fe818fbaeaf44646570ad65dca89de5f0a8f53ad,0.00013969267611255238
Destination,034225105e0f0fc72e13cc657ff534a4a7e41f1524709fcb3d24860bdcf01591d6,0.00013969267611255238
Destination,023094072c55dae1ddfd7ac3cddaf40aeaeede7c9d1df69466b14a080129856eab,0.00013969267611255238
Destination,02adf7361deeb38a5ab5e70fc4ea2894f3c83a3d9a9c81fc94d9da9bd7cb9df16a,0.00013969267611255238
Destination,02e8980ad9bf9fca93e306e774c480cbcf36d8afde2a80a797314a70b19690b06c,0.00013969267611255238
Destination,03275500f6a144da7450e18a27cfbb185acc087f9d524aa086d79956f883c112f3,0.00013969267611255238
Destination,03d7582343e179601979ba7e8ca61e35668992ac89326da1b53bfa60537f935957,0.00013969267611255238
Destination,03e0e2117e28b42bb7a068a336d625ad170adfd556171861a1b29cc831dbdc288d,0.00013969267611255238
Destination,022155aa58b783a3ee32afce4add129a99f9878633464f73d710c58925bc02c61b,0.00013969267611255238
Destination,03449f7a53a92501b0ed80da24d530d525b0d08121a7bb97c370251780b75e11a4,0.00013969267611255238
Destination,020ed86a443a5c05e89531b0a7f8296b43eca95fe39bdfeccbed7558d6e12aed7c,0.00013969267611255238
Destination,03c2160ebbad3c18156bf613598a54ad3147ae4ea3916a2c8a3983680e7b99e3e1,0.00013969267611255238
Destination,02c6b3e8850716c153d6753c57cc49cfda3f404c38afea187b12c853dddd7742ec,0.00013969267611255238
Destination,021b5c189afaf906b323844ef4424d3189fc44d312ff7b3468ad4380e7015fd06b,0.00013969267611255238
Destination,020a76783d92ee3124ebfc14415138dac1a4892fccbf3a8c778302f119483d2357,0.00013969267611255238
Destination,0383c546ca8d6edd75aca6af81e262f189b9c34c629c3b5fd1cb2ff45c4d85b32a,0.00013969267611255238
Destination,029d152d3f829e320112ec358c33bd350c2c25573c5c27c7ca31719bb683cb12f7,0.00013969267611255238
Destination,0292e89f877db83326c238c791b16ad9cc178944127a96e7b0be99b1678d600621,0.00013969267611255238
Destination,032f01ca69efe5a535c6aa2e769850bf121081877ec94cbf1b789eb8bcc9176b4f,0.00013969267611255238
Destination,0393d3aed4fd403d08a26b277debe8cee9ddb651b1d1bd94126c61e561f9b2f2ff,0.00013969267611255238
Destination,0217b228ab11759a2ef470b715045fc5ec8ed26bab8b06f79941de2f28db874e25,0.00013969267611255238
Destination,03146380e1ccdfa28e2a2611bd9b3494c4ddec77c96f590b44c9fb00ea75cc613d,0.00013969267611255238
Destination,02353d8f47ad50d5158463755b2261a169c0667ed5e43ef4cd3897676b7d3cae1b,0.00013969267611255238
Destination,03229dd1d49233cd2f3b553c170ea44fca0b089f11876dbf8800aa1eccc4cfffa2,0.00013969267611255238
Destination,039888440655674fe6c4f57fcf66fd9165bd25b6225826c42781bdd4b61030f9f4,0.00013969267611255238
Destination,0391df81789185b0b931c2243b9b62ae80064bdd3bbb11fdf18dc6d6d4eac8d1de,0.00013969267611255238
Destination,038464f83bb693f4f3d0fd37e928ffab1899d0dbb6d8b34a0a09fc9883002f636f,0.00013969267611255238
Destination,03460a453d13c98ff06b36b3b6a8c06a7b48328ad5f983dacc3a7b0991b841bc57,0.00013969267611255238
Destination,03687c676f42aa1172c8e8d22435ef3870d2dcb02e36800f751a1171b1f5cc056f,0.00013969267611255238
Destination,03c7f0836acf651ee80bec07275681b427af1e1c73138141ce15830abd07066bb4,0.00013969267611255238
Destination,02a71fbef48e8b9d479d227307586eb0ab795bbb29b84d8cb88b76c9a2a87e23c3,0.00013969267611255238
Destination,027b51a02ea605b0aa4e4bf0d06d243a1dff692033a9d8f6cf496b488651ef5f1b,0.00013969267611255238
Destination,0293dca5f11650458d838171b72dbbad7304187acf5f5659215f8a6c95ce8217fa,0.00013969267611255238
Destination,025a0fd09daee6ef28211f6e3377364607e42e01dd720d6a9516ec18418aab304a,0.00013969267611255238
Destination,02431e3193df0979031a6966a468a1802644c7333797e86dfa3b48d7b37191813b,0.00013969267611255238
Destination,03388ba4cff837b4230bbc607787d20caf6241b356c906905458f5a211120320e3,0.00013969267611255238
Destination,030bc1faafec01c4273d4f8565f3918e3cc4db5264030a2f1ab8a28100cc244151,0.00013969267611255238
Destination,027f7a560a87e326a7fe213bbbe0c2943057e2c713f9a291f4f2531f0035cedf63,0.00013969267611255238
Destination,037959c4c77e0e9e7bd578b55cf96637c54c8428129e41f06393168afdf5963235,0.00013969267611255238
Destination,03fc0f344ecd7fbcbbf233b661bed4b01ffd19786e5cd98b7a746a0024d9ec5e9d,0.00013969267611255238
Destination,02b70b805ee7419b63f91f735eadf9d943be41a93b4dcb9d3c778deaedc3caf4c0,0.00013969267611255238
Destination,024ca3fe9d128499a4d61c31367189d40f7d7371beee5c498dafa8e481ca556882,0.00013969267611255238
Destination,03ea408f18787a702545e1c9d06c69c73acec2f2d6ac99b5f2a940f57c07deee8b,0.00013969267611255238
Destination,024bc1d0d5773d82c2d868e1f50e2a94544b914c3216d2009edeabc7d3447f4072,0.00013969267611255238
Destination,0279357c4f13fe9f996556e04db7d50a5e5b4d1db8b269985f1f71144a498e6952,0.00013969267611255238
Destination,02c384313b5bbcdc8e6a14295f20c78c809d9f80a30c5cf4ffb5869ff555609a3b,0.00013969267611255238
Destination,03fe9a1ed94c100e96b0347b3352a5a0e8d4ad1b0a2ad715c0eaa4dbd841f8e78b,0.00013969267611255238
Destination,03a3e113ae2cca01f4d565de0aa252e9c2b43827f2722ac10bb31abe342bf004c3,0.00013969267611255238
Destination,0359fc8a0f5d4f124b25949a0acd38e6a0768a92888b5cdac65900e3e8b5d0dce2,0.00013969267611255238
Destination,03e5c863e4890a78bdcb89a017dd6a10a5924aeaf7929b87fc85b189f21791e992,0.00013969267611255238
Destination,033489213ae9c3cb1ea893b3becd5cdd61e7f5e9e3e16e9daa4d0d008b70c6ec39,0.00013969267611255238
Destination,03b0c837964010a0db15fa4baa5e1680c568c60b4c06277ff7ac81f1579579c512,0.00013969267611255238
Destination,03216ae99d2285ade2748d3fe33ea6905caf1690f61d1b7b3fe35eaed16baefb0d,0.00013969267611255238
Destination,029de70952726208233d08b3fb01c854581328eb56dbbc3e26a5a12b5b47f81adc,0.00013969267611255238
Destination,0230c0c36bb74fecc1ae1cf8c913db6c48a340aafa013c607aece76570d5814724,0.00013969267611255238
Destination,023b05eb76dc19e9f86942852b8ef317bd29799d6626ef2eb20c4641d17d996b18,0.00013969267611255238
Destination,02774ed0162fb157ef7c31a014c91ef192e574d0aae5837066a376747ccfc8a32c,0.00013969267611255238
Destination,03f4405cbd91a2225873c293ecd203888821a6c3318b5db4822e1ce3d603c4dc3f,0.00013969267611255238
Destination,03bbd4af075415957884548b977db06bcf9da45a967d8cff8cc40fa2d34f0c13cd,0.00013969267611255238
Destination,02d3a7ff9f46fc5494374abed2cfa02e9502e42fa3d0425283e16cdfd9bcd7485f,0.00013969267611255238
Destination,03e78ae6e5041c4f66b25bc392f93a8b4e890f1fc2c128518ceb40ef2c7538346f,0.00013969267611255238
Destination,03bced2f4be45f5edf7322f0af2efaed4b4f6015cc27f139b44a6b86e163ad90e0,0.00013969267611255238
Destination,032d18046ae92a9a83e12877166f575d22409a1b3858602fdc65fdc7d0fd4c2bfd,0.00013969267611255238
Destination,03dc75b6c1819921e38222bf35d246c5810e353502af918512a35ed1fbaa554c41,0.00013969267611255238
Destination,02be37dfd254c09cd3164c29d79d81561e7511a2bb514789ec4a36149d7c5d4362,0.00013969267611255238
Destination,0357d6e0a43fa2b113c5d14407678ba47d0468bae58fa0228d7ed583ce0635a750,0.00013969267611255238
Destination,032440fcfad66143777d06a46e0f53d2d01b9c304c65299599778b1ff3c2cf768b,0.00013969267611255238
Destination,0364a4aed9267a0880e507e4f12c4354b4f00aabb1e31d45f93a6d2ca635cec4a1,0.00013969267611255238
Destination,0251d3918cbc812ee4d5c90dec7c05882ba56097fea1b336d3730be6c799a7292f,0.00013969267611255238
Destination,03bcb84b5f3467ff40ae9e698118737493ee44d29d8870ce9c90bf8db871a66791,0.00013969267611255238
Destination,02f95395ab75ce7a64d0b84daede69f2261224caa16216cb3a55161df9593fa371,0.00013969267611255238
Destination,02c2e6b13c4c0493cff7f63d8c0447c17897991fd490b4ea0a1beb4e8c47dc9965,0.00013969267611255238
Destination,0382b97eb6c8cec7d13d6222fc7363bc8b665f473b5348de4512d44cc5d7b876a6,0.00013969267611255238
Destination,03788bab8bfd9d044018a55691fe5721e6c29a12a5ff07e9aed04fa465eb0a94a6,0.00013969267611255238
Destination,03dcc94ab317def2d988552e8d838d20cb5e86ba93c86098e43ba366fa843f5357,0.00015964877270005986
Destination,033a58a714101b0187e8cbea8bf89b19a996cb16ed59197ebe6428089c97db9671,0.00013969267611255238
Destination,0237bb19b6a4ebd56439aa0b48f7eede2f1d68f0afc2b8616abc46b0324df296f3,0.00013969267611255238
Destination,034c4d5987d5b3b4704132ce5fefe044f7615c7882ad0ccccbf127ec29729bc7e6,0.00013969267611255238
Destination,03900174bddb85ddb1c970ec75665f78d2c69230ebe43de36eddfe7f2528a58690,0.00015964877270005986
Destination,0384f699181c5e7f32cc4bc63d3ed4e30b98a86b3688ab7267f8aaff2b2bc7fee9,0.00015964877270005986
Destination,024a58bdf629f03d48438717d699532969a9eddc723b117605ecc6fe2504b66a4f,0.00015964877270005986
Destination,028bade88afcc90a767188c0b564a4d598e3b9c70f72b6cf3c1b0e517f091494bd,0.00015964877270005986
Destination,0386a343c82dedb82fb733d39a3136b22bdcca019821e3670ad14e9e0d566ff2ba,0.00015964877270005986
Destination,03d9036df37d501956ed0bce20bf4fddb1ba3b2558f7b16abaeea579a7beec45d3,0.00015964877270005986
Destination,02df226b848784986878d17d5eead63dcdee13194cdbb443d4b283ff7b409ce9cc,0.00013969267611255238
Destination,038c8b5df64d96a57f04671e5ff4fcb79ceab0616521fcb602264c1f0ce0266832,0.00013969267611255238
Destination,0263d164912889e71f77344a95203864208ab279ad4d8f82a34735e3dea9324215,0.00013969267611255238
Destination,022b07919488df20ec8a9205ea029fe3c1dddab0845a90511f3d8640aa4b586a3f,0.00013969267611255238
Destination,03a9a7d8e2a4cfcc2f7f6949e41e402ef66a57af0199ccabad7172aaa5c9cd5afe,0.00013969267611255238
Destination,034fa821ceb37bccfcd8fba6d147685e5f74c73ca3c83a1aed25057730a9602f6e,0.00013969267611255238
Destination,029dbfa6522308727bece435051550ff45e8b058fe223ed2a35bb536910572ef6e,0.00013969267611255238
Destination,020dff8fa823e26d53701ffba52d8d1c832460d5dc459d796a1daca28b6a058761,0.00013969267611255238
Destination,02cb49a75cdfa712fba920066d344704dba045d95e19510877c0df759588746fbf,0.00013969267611255238
Destination,0337919d87655aee0de74ef7955e4d27105c6585f58eb426a9a7a0ef66d70fe6f3,0.00013969267611255238
Destination,02a172c5b2723e3439478f8b320bea70576312ce15a7f01cb8b1fe0158c300c866,0.00013969267611255238
Destination,0352eb176b4c40cb195e8ffc009caacfe0d02ae0c0379f603037eaa278d2e3f342,0.00013969267611255238
Destination,031722d76985e8ad26f46c6a7ff1af1aed2d0068bc8848f13203b2490c5b49c1ac,0.00013969267611255238
Destination,0321ecc33d7376e49e1445dc27a8799ea7fb7adf35e24148de5178f7c7c6729ea3,0.00013969267611255238
Destination,03665a8f7dc6144f22b730aee06b300a4ee407d623908e0eff6cb62ab0d2673efc,0.00013969267611255238
Destination,02dc2010dba4116abd02e229bb93357c2daa5038c312ce0e59070f3d436d83492e,0.00013969267611255238
Destination,03e819873df93c067052cb4e4b65463b59cdebff047084df6e1b3a7cb04958ed85,0.00013969267611255238
Destination,02faf37a361a047b567753706120d812c40bfd316bb50fbf15341b95d738c1cc21,0.00013969267611255238
Destination,03fd17e56584a7dc490715537969f9a5a0ee3f5198c6e75bcb317c497ef95d6808,0.00013969267611255238
Destination,03e592e6c04f732d3b7549c29146fa476d760389bf822efeff9d6aa7b88bc6f726,0.00013969267611255238
Destination,03ff5c198695ac7d262b9b1897fde56ade6a0d786b651b709ec7ae029884f7d5d7,0.00013969267611255238
Destination,03e1cc57d8cf1d38fd6f0ab4ca6d5dcb655bb971cd1511559f36667eee6f9d6cdc,0.00013969267611255238
Destination,029452eb2ac7c631c7107f7025d792195b0d12e39216fe1c200873124cf5d80c3d,0.00013969267611255238
Destination,03790e10c296b12535baf03738765163dadf91ae1f48a6a6d074a6cf910d26d8c4,0.00013969267611255238
Destination,03271562ad6fbb9b208eafe203216233cd756a3981c77ef1c5afda109df8be5ac2,0.00013969267611255238
Destination,022850e17fc205e4720652938e05809d7d112e8027dcf9f58a1e48989ea78c8226,0.00013969267611255238
Destination,02d2736828ed68c56a0bcf8e1e71cd18f0cd350304a762432cc488caac374db3ff,0.00013969267611255238
Destination,03fe96141468ead75d2ae38902ce91a6fb4dc6db809651f1c640f644091115dbf1,0.00013969267611255238
Destination,03706a7c275576f161d916e28704f0fe0a487758168147d3722e90855d18cc4336,0.00013969267611255238
Destination,02bf57cbf311cf3a4a86c0f706674f98425e6212f447d9d0f3abdae7c35fa8c944,0.00013969267611255238
Destination,02c7f61b94d7ed43f112538c415860fd46d8577dd1d1053eacc43e055ecb17787f,0.00013969267611255238
Destination,02f06db2943d36f27d79205f2e805b2de847dd61737fa97adaeca1f63a0a82dff8,0.00013969267611255238
Destination,020e770b0a0d2410ac31d67737f1ff6ff0fa6ed3b73a7c36140ef6867ffe3b8f4b,0.00013969267611255238
Destination,03d7d9a5943b3f651a1b6fc160db9a8d35ccc0aca35d964d9c690d5aae664df3aa,0.00013969267611255238
Destination,0264dd95282b3d8aeb5e2f030caa058c9579dfaf3f8c4da2b6a94cf8499f3d0cb8,0.00013969267611255238
Destination,036e33b699d368a0c2074a0fb1570805c58c1b1a3dbb060be8d72ca5c3ca3b3b3d,0.00013969267611255238
Destination,02d42537eab2afbc3934a2078d4ca33956915f3d6f7a81420140670575a9b4ae3c,0.00013969267611255238
Destination,021d4c9322ae4a9097243f725f9acc41a1e35039e7a0486074969485102746777e,0.00013969267611255238
Destination,024782abc1c13802508f4c7b2c2c8b1f5ebc2b596bee0b2ff338c382e7ca28df77,0.00013969267611255238
Destination,02658b39acdaa98e1847f612e42c38302ce24e99ac8ed69ac63e52730ff26d27b8,0.00013969267611255238
Destination,039ee1518322d530b9b6bfe6b9b6a3b22f90d7d8bf4b89b05b1b8e08ac8deb91ac,0.00013969267611255238
Destination,0363e1d13000e3fd4aeb596578b047f7955fd18e9de1790b357889e034c20e323f,0.00013969267611255238
Destination,03881d5dcdb7eaaed8d65ae988f256ef22c4b3b95d3e693d26346570cba3305d54,0.00013969267611255238
Destination,03fb354719732f356623be980b4ececd221ebf9ef6ed9019cbceb9ce3ddb665332,0.00013969267611255238
Destination,024cc252a138f91f1fce99eba438dd9cdde0c13acb633dc2b25fd98dc93ced27b5,0.00013969267611255238
Destination,02e706af088f808858666b99d82a66011193daeff419fd2d586aa5f66d2e8e0272,0.00013969267611255238
Destination,03b0755b1005b2e55c799d5e55b84fd55de2a8519f06661f82b0a0ffcc4feef3d9,0.00013969267611255238
Destination,02c58ade54682fbb02a98766a0a26456c04beb2d9e624c88afd0bc2435228d4e5d,0.00013969267611255238
Destination,02be6392142af019b14645bbd59e47bab973d842c68da556014288731cdf9f4048,0.00013969267611255238
Destination,020e6dd9f90cc37f2a7b5e881b6ecb6fe07f60d86416f34c63d8264356649fd8cb,0.00013969267611255238
Destination,026668d8070a198e0f43463d7ac6dc0eb92f3ab3a14c9d3fc67d5d108f3dbad09c,0.00013969267611255238
Destination,03a866636532fe5d49cfcc4a40edeed64d58118afdd1d622cb58a7d5afb9e89ad8,0.00013969267611255238
Destination,0313ae1cf6a61b4cb1990ec5754dd94f0b98221edae0a324508d62967cbb9e571a,0.00013969267611255238
Destination,0221a5e214c22c3cce37591838f048932eaaea61b5149d87be6ecd67df5c89aa34,0.00013969267611255238
Destination,03b8bded45b5a9bc9090c90449fcb4a45793b8a97c1f5bab96c1b0fa85f815fd37,0.00013969267611255238
Destination,03af4f9db646f95d2d267d4ad3c53ae406ccc829f1d4a3df168892cee8c9af9a91,0.00013969267611255238
Destination,026a2dbb26992cbe80562e7ac38f087a29934c7db4f567b3a7801c5a5199097d2a,0.00013969267611255238
Destination,021c26488cc56c17fb81938b95e680463ed9cc352243b40842dfc4732753b52a2c,0.00013969267611255238
Destination,034a9b2c51283caf64c5659224c9f09c6985114ceba45e661acfc395ddcdf3fbc2,0.00013969267611255238
Destination,026e6215d95fa7ef9c3d214ffa24be987dec4aa8d9474b82a6dd07c0d927d3640b,0.00013969267611255238
Destination,0245de04c5cce9183efc2e0586b35e4c52142cf08c5d79e07e8b9f07db591db41c,0.00013969267611255238
Destination,02bd374d2e1e347adc035a48b21ee1ccbc4060f96e118e234baa585125e43bd165,0.00013969267611255238
Destination,0388e0278a212284bcaf7c987b873e8c30837e13f7e4e815ba67c0a470c0e92adb,0.00013969267611255238
Destination,037588d95c906b1b082c67e70748ac840da12445d3e23ad9625788b7fb97ddcc05,0.00013969267611255238
Destination,022128a09c5301568eb913e7a9005b9baeb99b926f5de3d6e617002c76932d60ce,0.00013969267611255238
Destination,030dc704a457e55983b82dbb67da3c475eaeec88eb346047e8968d3d684f896487,0.00013969267611255238
Destination,02254e8fb2619239f46c5eb30448932fab2dde8835616a7d45859c17601ca13582,0.00013969267611255238
Destination,031a2d353dc20130ffd335992ba550426c8eeda8bd324ca90c790724b0798edd5a,0.00013969267611255238
Destination,03625dcaa73d08580aa59df4c8384e9c5554d5934a216520590744b78582c0da3b,0.00013969267611255238
Destination,03f576c4fe7ec82a459dbc194b33b55f4e9a606442f69364a90e18f7bea9e4b414,0.00013969267611255238
Destination,0336305b3215996ace194fbaa55058c1b13fbc1819650a44d5523914c1483475af,0.00013969267611255238
Destination,036e1c0a5ca3f42a08c77746a4e6f65ce96acc0a161fe6d17ef0c0511192c1e56e,0.00013969267611255238
Destination,03beb6ac8396b025e61d35efb9cfd105abc2d9e6294f4e6fccc69f3f98b2c38d93,0.00013969267611255238
Destination,02fdfb32a586a2a2112fcff80b52b5f2f09b89456c474c508ceb84ecc218eefd7a,0.00013969267611255238
Destination,02ee9a0aa06f776479b96a6f3cdeee71a86c982c00e33920a00b2e9a46db1eae0e,0.00013969267611255238
Destination,02da4a7e4fa8f4348c361fdce8d473842aa811b1047bc9a7bfc29f0f6561ab3f73,0.00013969267611255238
Destination,03328dba4e263835416d35b14a2f0298f567c6bb5dad7e3d33d671de30d542b4c1,0.00013969267611255238
Destination,03f76dcb22c462fa0b9b8536f54281f3673740da06a5ad2125ad58e8c24fa51514,0.00013969267611255238
Destination,03e8b67f649c4abf94cb33de4c605253f6a25c1c632885c2fb6863e2d46579f2af,0.00013969267611255238
Destination,020e5809b594aed815d27ff4336700ed21c8e062ebc4a7ac7d0149b87069e90246,0.00013969267611255238
Destination,03e73960bfa6e07f52826edf0227da8369da22719780aa327b62fbd6870cbf3c74,0.00013969267611255238
Destination,022c2c727c9913751a96c306995e88eb9758464fd3ae8a06e775b822aa7feebe7d,0.00013969267611255238
Destination,020d7c5fa77b1442e798fcd96c478f806b15ee2480b3b242098f1bbc630581750a,0.00013969267611255238
Destination,028b29cfadebdf6f87898ebf54c4a0ead4bee05ca29cd3a4dc44b9b155f76f8718,0.00013969267611255238
Destination,02bbd2184a696facc4ed1f7ff697cf1ad83e85281c4224de5dad1c76c5c875c03d,0.00013969267611255238
Destination,03e7e17b567113daebbd01f4f894d0d67e8cac7b1e4f8a1518977a7ed1cd8ebd7d,0.00013969267611255238
Destination,03a7ee2ab747a5f05c333a54680ca1a84ee105fcc7c998d8db38cc2c3631d03cb6,0.00013969267611255238
Destination,03be89c5776358ca6c75069c77b7e41e62271e01a7aea717d41c2dd8f29a43b76f,0.00013969267611255238
Destination,022b60cb0f395349dbe0deb59ea57239cbd63efea8235fcb652e7d23d3c706081a,0.00013969267611255238
Destination,02d48a13d9c94a6b3bf0d1c0055b26611ed792155bd2ea995e7d96db1f699dead7,0.00013969267611255238
Destination,03ce4303955fef0e8010d1d042ba8d04a36e3a18894ff0f151bc15a95df7214d08,0.00013969267611255238
Destination,0334c29a37fe5d9d5ab8882855c75745f5b5d29cb2c6424fae138a29b248c6cd64,0.00013969267611255238
Destination,030c1e8000aaf67db58493835c124957e14f6c9558ab506fb0f852f7d32b4d06f5,0.00013969267611255238
Destination,0367640e848e1a4816d113f22c983be28b3d84a52ede3ca6ef54bad2eaf5499620,0.00013969267611255238
Destination,02791cb095585818db88bbf5c744e41c6bfd6b78e1f2e326161aa69e32a73b9a73,0.00013969267611255238
Destination,0225c2a44be98ae923118e92c5b58033a0fd7dd3135be99ee1047ec9d30291dc5d,0.00013969267611255238
Destination,03afb9fa9d00e9717b17fa9a6f03fac32ef8cc2a6a7143ecd4f8455196c8d815d4,0.00013969267611255238
Destination,02cef1e5f414d0b11bd9819ef93a17fbf8178d36b83ac873e0bddd55b7c5853123,0.00013969267611255238
Destination,037ab1b15114a2653097ea935dd24f7dd55b297d8291bb3a9c5ecd631ef5c80757,0.00013969267611255238
Destination,03d06f929da4a01b40e2af72caee3526356ba6b670974e4a080559630cc4cebe32,0.00013969267611255238
Destination,026f1000e89e4749d25e164336b1f9f9ecf18dafa19505f00bc6426f4ce468c1da,0.00013969267611255238
Destination,033154a9036e9200becba3367e146d0555f1eab85028787e5dfc33cc5864489e9f,0.00013969267611255238
Destination,02f312d17db5c2c713f6f185b4818a7785dc23922eca7c9122eaf06a32d7f117fb,0.00013969267611255238
Destination,0208d8f0e3000f596324afe9fe7811fa5c94814eb7bb282ab608a8abc271e1a857,0.00013969267611255238
Destination,02f289b416fdc876c06a423f20c49424d7cb2b1cc400e1e3dbf419abbdb7e92057,0.00013969267611255238
Destination,0258c0888ce0c27e23fc6497e381803e76e0a600d4fda23876b1891fd87e98fc01,0.00013969267611255238
Destination,02841acc33b3e16fcc0cbc09787d40ee440f905025e43fa4ca825e18b002748ae3,0.00013969267611255238
Destination,02fdd51d745a9b4ff0b73eacee386a826674af13aa737fa2e0768d7f5e7226189a,0.00013969267611255238
Destination,024d24bff5248f7cc44195172650894db79a5494b28bdf7c02f098f42db37e5146,0.00013969267611255238
Destination,029c2704d82c8e9fede44c715fb2cce8bc4aa7420dbbc01f8fe8942ee0f48a71a7,0.00013969267611255238
Destination,03a11812fcad3237b44b28f5d25c86c0f4a4cad03adfd8f16e02b89e2435be7714,0.00013969267611255238
Destination,026bb516b5ccc33d2aaa1b465c290220dffc777f6a9dd798eba84a094c0e5b6fa9,0.00013969267611255238
Destination,038c6b92269bafcd52428062d6f32da677cb229aa49aa5aa582afdefbdf2d4b49b,0.00013969267611255238
Destination,027c9b3014c15d14798e4c99eac2c8efef9e4b0854c83253256335dcbfa407c465,0.00013969267611255238
Destination,0246344c2ff83905bf5b9847f50385f85834df595faedb3983bb97112dd6b8c52d,0.00013969267611255238
Destination,02e5544cda426d1dac8e5237e32eec59cbf93b88b76ef94ee7ecf8f76a5358fbbf,0.00013969267611255238
Destination,038657a23145a49ca945e81f67bb5170dbefa7f6500cbf11ce8f0da83985745255,0.00013969267611255238
Destination,0241da348f6365d891ab584f5d82649e6c6b00ed347951f7fcc6daccb8c466c6fe,0.00013969267611255238
Destination,0314dfdd21d01bafba41f56faf22407e633d4b2dc068045bb3f0fb87a231afb9aa,0.00013969267611255238
Destination,0371e3042e668b95b75f6dec91dafe2aa2b708d4082c522f4c4bedd2989fc32995,0.00013969267611255238
Destination,02cb8d05cacb8d92d17060203059cc4872d3038b0806cd69d47ac19e5e71765229,0.00013969267611255238
Destination,031df9e4b5e651ac3d1ba5f787f794c1d55a31775a1be3da8f3d27b6819026c04d,0.00013969267611255238
Destination,0231eac2d14b4ff7de695fe3118ba1873d051782a33683c137d98f817a92de7fef,0.00013969267611255238
Destination,035178f79dc627d8c2125c631eaacd92157be82bf9486be541b9a4914046e3a714,0.00013969267611255238
Destination,03a03c4c5f18bedfa4783be0050fb69875774bc0788789e1eaae5043a8e829187b,0.00013969267611255238
Destination,02fcea5dab0e44c51eedf756a0ae2a8becd390bbfc7fe165c9809c40943001093a,0.00013969267611255238
Destination,02c9ac1d3c37ba29fc6f3ffaed26bc606621a3c3c2a37c81661958bb2cfcfe6535,0.00013969267611255238
Destination,038cc790ec91920fd4a0d82ce190d4a4af192a457b9127779e6b1ef52a5721db52,0.00013969267611255238
Destination,03752f08e449acc6e1bec227238e66e321cee79c6bae5b65be194028080b356a94,0.00013969267611255238
Destination,033cb3f6433a172713cf91fa2fe17f948ac81a44350279fe4c55069fee3d86a153,0.00013969267611255238
Destination,03b85ae223dfdc4f4cdf777dc583a6c1af78032ad487ef27b07b4cd29b36667f4e,0.00013969267611255238
Destination,035601c90637c02e93e54ca8f1e1b7602ec0607b9b4d41d7dc074f92582258678a,0.00013969267611255238
Destination,022dc6a801a5981dc574d5654e878bec281d7d563848da22e5cc9c1a079fd3d64a,0.00013969267611255238
Destination,037654ca105f1fdea32cdbff31507f0a3b5e308287c93cb51a79fe3201990edb40,0.00027938535222510476
Destination,03f0cd5fe8a06322ae2bc8a33c1e819885caba5a3b086ea13449f1cfb2f366ef91,0.00013969267611255238
Destination,02dcdd7e18b80dc7fd51af34e871901c13f574e4b82325dc74c0beeada5771e8e9,0.00017960486928756734
Destination,0221aadab30b769f60f289acd4c18c9f16dd84d994c7254c9b668acb1e0ebc1723,0.00015964877270005986
Destination,0233b1184e6ea72af9f39e85f20e5051dca171261c324ba3316ba35af0d041ef2f,0.00015964877270005986
Destination,031ff2a08e6ada312980fc0cc4bbe380bc4c28bdd0fd76f4ca2753c47c91c61bed,0.00017960486928756734
Destination,032e42afae47fafc446608e34d42c4483179014a49aa409110108cb00617395910,0.00017960486928756734
Destination,02b78caed0f45120acc48efe867aa506e8ea60f0712a23303178471da0ca2213f5,0.00013969267611255238
Destination,034ba132529b78113773e771ef2abd03e44e96947ca7ab40f5e5bedadc90e68cfc,0.00013969267611255238
Destination,03c52df40dd9ed540f379c09451fc532bac17592d44cd070263471334cb3cf3f41,0.00013969267611255238
Destination,03d4a1ffac58a8ff20702a878af9b86bff2d44893b33a55ea6162e21d6438ae5d1,0.00013969267611255238
Destination,03673de8d4526e7b9d10eef999b0d155ccb1623d287e59d2f401a34627bd60f079,0.00013969267611255238
Destination,0358e461ee6344fe8b54d50117afc5666ea9f028af7fe3f6fb5554ff4821e5c654,0.00013969267611255238
Destination,02a4d6945b37d9d6df741ed9c959bf9dd3ab047dccb0001df744e5a114702972a8,0.00013969267611255238
Destination,029ebf859f2bd605b7dc1acbcf14f68af639c94e0a534c5b778e07faef3cc8585c,0.00013969267611255238
Destination,0383cdf2bbb0e92dee0684cf3d76d01fcae44597fcf387e05e822dddd31fe58b46,0.00013969267611255238
Destination,0211fe359e02315a97c8c7b2b7ae10efd1a3fe50c14ce19100c301584f133a1cfb,0.00013969267611255238
Destination,02e6a10c9047cc8957971b475687e074b7b0649a4fc8751e1e3f5e76fb8efd713f,0.00013969267611255238
Destination,035686dd9a9f396c10ffd1c06ab90b00be28a5f17997003ec0b50e4b9ff408769d,0.00013969267611255238
Destination,03b4419e5cdd83650207cbdff7b703b2ef7a9a8e41167952cea0738914172811f3,0.00013969267611255238
Destination,03443b1aa9f03c1698fcd72eccf9477c9e2c3fabafe014cf4d9525b62b7a7f524d,0.00013969267611255238
Destination,0354afc2e6aa7c92fba538ce6e39e106b3a97943585370ccb7a3b3ef8828b6312b,0.00013969267611255238
Destination,02c134ab2d3747c1ca2258debdbc7a7bf91ddacfb9be45d84a0e1bb2aa273f12d9,0.00013969267611255238
Destination,029961e3c56d6a964c67d46ccb431298d8876ffe39e8e8fd377d6afa5e5c398ee0,0.00013969267611255238
Destination,02a5d7fa448d102b2b2dd551ba542b244d7dd6e3f36136c6435fa0f2902dbabd9e,0.00013969267611255238
Destination,027d93cd3761c200084865627020f1192282100df1fd02f33201558c4433a6b082,0.00013969267611255238
Destination,02bb3ed0eff0529753f92769aef377f81760116f7ea84dda3854ae45e420dc175e,0.00013969267611255238
Destination,02b16590eb7248b68c1e2d958fcec6b3c2aa9d3dfea12053939682f567b618a7de,0.00013969267611255238
Destination,029f0a9a4fd29322770aeda71acb0c083daaa7fe519c8f9560950def0117ff837c,0.00013969267611255238
Destination,031476058bb6ffa3da107ed52b235b69166b38e5d59ba93efd057121697f249e8b,0.00013969267611255238
Destination,03c3c95ad84783246e526d1ce6a10e0e3f4b96690accbf5e5a75c349092961509e,0.00013969267611255238
Destination,021bfb2363a98407e0d01cf7e50c757b8831d058dd2afd469e7256f26c8c74d23f,0.00013969267611255238
Destination,022cde66b39d815d2c55bb6c8296e9d5f8b21ecdf1689520c40a1cc4064f38906d,0.00013969267611255238
Destination,03c44e496c1af49f300d205e2bd6d7cf91ea4a89f8daed8bba464101e78ad561cf,0.00013969267611255238
Destination,0395436146181d6e564368e8f383b3c02a3404b0efbf2c57f31e73ccf1c0cdc868,0.00013969267611255238
Destination,02f3c32b3ecd2e258bdbeeab5748a47fce7f8b6ba4e169511fee5555f9c6ed94c6,0.00013969267611255238
Destination,0344f21201b425e4c8ab172ed4dd00fd1e792892a1895ef4730309e1921c147da5,0.00013969267611255238
Destination,03a315ef609658cecfedca712ddad3a7ef5caad73911cb0cd0c73fefa5af347f5a,0.00017960486928756734
Destination,039e47f4f9049c04fb4845835443f688a9f2a9cb8498f4838441c08cddc9a33c8e,0.00017960486928756734
Destination,026743834aa882c2729b95d6f6b7ce822bcb4118ca1b60ee5e6f5104ef0ff94efb,0.00017960486928756734
Destination,02e1d3d504fb7dd35ae254ec9c8172ed09e8fa00222cc775fceb25220c10b55ba7,0.00017960486928756734
Destination,029762a5d8f166427916966c11d257a762fbd28de775b8aef8380baed0a3dd2991,0.00013969267611255238
Destination,038787ab9eefe7aad78fbaa055f14a4e9b78b5a23d78db15dad4442ddfc5fb1af2,0.00013969267611255238
Destination,037ad440711a43c85cc47b6d4df402e4cfafa2e4210b7fb057cc47a71fdc574a58,0.00013969267611255238
Destination,02bd8d4e4355eef64735cf2d0bccb12647270bad0c615fc054e60bb28aa0b9bd84,0.00013969267611255238
Destination,021ae2986faa33f82ef4106f9ac2265f9fd9fb2061ffd6028ab6782ebfa3d8bc1f,0.00013969267611255238
Destination,0263967f25220f4dee1d7f386b177fe2c7f4209fb6735529b41841096c055945f8,0.00013969267611255238
Destination,0245f703677f3c4066ee684caa3cbec90aef082542009f000186f1e455017169cc,0.00013969267611255238
Destination,03b6c239f5f7b73e0570f3390618139591ff9963635c818c8fc139aece569591ad,0.00013969267611255238
Destination,02f13830ca589cc64deed979aa2671678bdf05dc64d35c268ddc54d8ded1dad508,0.00013969267611255238
Destination,02cca6c5c966fcf61d121e3a70e03a1cd9eeeea024b26ea666ce974d43b242e636,0.00013969267611255238
Destination,03bf67ff0e493f20739ed10038f5e2a2caa4da17f5951daf883a1d8b706b0d7de5,0.00013969267611255238
Destination,0248fa5318d415e5f5eedf6209f672f0ad96b85e2c9af37d8b4c10905e0cc3fffe,0.00013969267611255238
Destination,03aa16cd4e90af61b6f42c70551cf0750911a6882b9b8b7b5756a9f5fbf2d44e4f,0.00013969267611255238
Destination,02591507c0847eabfb590bf7097413cd1a9a2f564ef3062ec450e2718f88986959,0.00013969267611255238
Destination,03b617604af9c58032924a8840118b3a0b8c715b3019c729678fae64aeca144e12,0.00013969267611255238
Destination,035a53c8fe3937228b03b7189d0d7abaafaed558e2470825bf83daff21f213203b,0.00013969267611255238
Destination,023187ab05e34b67c54afd61addf87563a382a5b4054fc92990b26123c8db6e7bc,0.00013969267611255238
Destination,032ffbd60dde49e09270528db2c35ef5f8323533b2a6f87e6bb1e201ad29ba29ac,0.00013969267611255238
Destination,02ab1fbe10650d06f0b94fb4f61d7c4d189b8b0a9f818ea1a9b49667e95a768821,0.00013969267611255238
Destination,0206dfb16f3afee9c22a93bfa5d8f907f2340be5f36d51da0fd6f4d60dd8e027c0,0.00013969267611255238
Destination,03c9eeb2698633a912f99dc097c3462166471205e16ebe5b06b8eccc4f0081a509,0.00013969267611255238
Destination,025dbbcb4e2a9a52855e92cb7ab072ae7076bd1dfad79e8612086f56945f85947c,0.00013969267611255238
Destination,031de59bcf73556bed4096bbe1500a65f630381f9e91be32cc13e4444f79c70a4a,0.00013969267611255238
Destination,0387b54afaab832e1f66c3d0a6897437ea6a7eeca985571b8ec46941583874282d,0.00013969267611255238
Destination,03ec2477612353de36de0ef63e6ea7e21c69f9c9b13d68583581309b9b2ec73a8a,0.00013969267611255238
Destination,037b3e3956ba47deee6f4df0983d96ae08f3b5f8e4461f2b87c32ed0a2fed5b74e,0.00013969267611255238
Destination,025dadd5eec77677236cb5fa6aca986f80706ae44e447a6cbe9a416df8e10a3633,0.00013969267611255238
Destination,039961df1f10e545d1bca8509ff59a290254029e3430590e991aa1e345fe29dd43,0.00013969267611255238
Destination,02111d66fcdebc0c89c2a479a848995f8f68ea86743f3249aa05d26dd6c62f3ea7,0.00013969267611255238
Destination,02241e3488064d077794b626abf1a227347f817fb1b7c2829b8459131769a5b17d,0.00013969267611255238
Destination,022d5e6d892d4df90afa209322de4bfde09bc0073b7e692b6b7cd5dcb82794cb86,0.00013969267611255238
Destination,02aba32fe5119a42f154f797f590f004ac5f421439083d177032a4dda4be0bfd97,0.00013969267611255238
Destination,02c9484ad30a3913e93505771b7b739057a3575d1494e8a3ccddce2ef01310ef34,0.00013969267611255238
Destination,023ca3032f5b2c12493005590ef826243c7533c9f416c843d711cfcdd84302a785,0.00013969267611255238
Destination,03f2172bcd63e6631927fd85c2d941ae74e9ef5f3886a07d3f65263d07bad9b24e,0.00013969267611255238
Destination,021359bec3ada32d6c360912b034117ad9fd42ce3e6050a8f24d79cc360a9fbefe,0.00013969267611255238
Destination,03b56405bbcaa19457bf8aba5acc07da03b95eebbf238582d002c71e2a3d13e41d,0.00013969267611255238
Destination,02e325148f637df6f08c6d4e2e80714c395e07e85292ecf0f39551ffb07cc2dce5,0.00013969267611255238
Destination,03afd28a34bb21fb585787ec47f87b9880559f90cf4ff636fd22f8ab2b6cad2418,0.00013969267611255238
Destination,03a42d6da845fa550db7f79cb8f3cc6ad6f776e7d75111edeef96f3c1e0c152294,0.00013969267611255238
Destination,020836952c846c49a9384d0d026274aab5cba5edf5df914a320166b7c1400bfa49,0.00013969267611255238
Destination,035369d3d1969ce2b9e0fdcba865eaaf4416195e7dfcf0df4c7b72428cd2b0f072,0.00013969267611255238
Destination,021588cd2808dade054a8d4bc501b92a66a7b88c54157c5c857aa7995129d4966b,0.00013969267611255238
Destination,023ee46f3d364019394b3ae356995800d9c86317cdb1a54cd8ced60c10a7504914,0.00013969267611255238
Destination,031637da200a8f715ee6e929ef86524471e920f49e1a8799c35130e08aa841929f,0.00013969267611255238
Destination,03eb94b0280c67fdf7868cadef977852ff6198cc1bba640c238ed2d0d2c664474b,0.00013969267611255238
Destination,032247f9ff6abdf9b7aacada6c581afa650085031abe09bc2fc933ff1c17f66d18,0.00013969267611255238
Destination,0279a5e1e3246692dbc39e3ece7dbf3e9cb08542099b54afdf8682f99a83cfa170,0.00013969267611255238
Destination,028624b5cb872511d8b23a25ec351f6201af7e6b640edc0888fce05a8dede2bc8a,0.00013969267611255238
Destination,03cf7e9b79a3230749db642ad690889065ec35b9ded184266d4fce424ab75470fc,0.00013969267611255238
Destination,026f3861342126133f6ae773f9aa561b833bc7b3b23f5927623192ed2449456de6,0.00013969267611255238
Destination,02f64b305d82b0f8e88404e7343f0e9541d127334b882a04ffeebde3b31a173aa5,0.00013969267611255238
Destination,03b97023411176536b6ece3109f7a559ea933d17891a9bf8b6013c5cc661c2b2da,0.00013969267611255238
Destination,0272f57c53dc8bc9a54854af6d9736da793644f23126190cfe5cfad0f3c81cb04f,0.00013969267611255238
Destination,03d699b6c3497c2379b6e48fd46a815b98256d7e24afc5fc995bab0a574a4c30ab,0.00013969267611255238
Destination,0372d3425b5a16655d8bd5590e58988409ba3dca46aa4f225c0ce38d619ae5427f,0.00013969267611255238
Destination,02ed7f75615376886c3503cd4484a42247177f3ff2c7fd182401fd73cd601354de,0.00013969267611255238
Destination,039ee2923798fcc12f01a7d3bd87f613cd05499da2bfbb02727b7bdc7177a555cd,0.00013969267611255238
Destination,02c7f5eedabb0dac2ff64f7375a027d8da9d29fe16670a4453cb3ce2edc098878f,0.00013969267611255238
Destination,036339f0f63ea820fc034d093df56fc2607d3e1a77336caa832ce85c9022cacb5e,0.00013969267611255238
Destination,03a7a23f72d93a9362d3a55c37e6b3fd46d969b298959dd206c407a9a7d5a18eed,0.00013969267611255238
Destination,02b1ee70c323d1584c3b5633d5bdbded438bffa2c2ede74f96a91095f1e583769b,0.00013969267611255238
Destination,03d07c6075d640e680d54bd5201df087bc1fc56cbc084ab3aed54c3d96a486a919,0.00013969267611255238
Destination,035430a842187f9d27d639b05151f2100fb3e8370a0375e3c1c0ca8257cbe054d4,0.00013969267611255238
Destination,02fc2f1e01b707572b27d9971bd7d9a02003130cfd9c3ba08d80fe4b4816115820,0.00013969267611255238
Destination,03cf279716f127a51d3ef345fb0329493696fd3df2ae402d6c58208adb62ec1962,0.00013969267611255238
Destination,03c872196322c2f908a4975782f017f0ee686a3339a0f359c4f441ee044cba2da3,0.00013969267611255238
Destination,0258b0bafc50ba2dd33ed29be19061d3381b158f11613ee27703a2fa3cb4baad83,0.00013969267611255238
Destination,038f89eaa664ab46da32a1148b5a94534c1dfa709205ed22903b5e415bbc2b8889,0.00013969267611255238
Destination,02c9c85aaacd89420cbc978df3019d80a3c56fa81c07cad9fbac17af5f98160ef5,0.00013969267611255238
Destination,0268a3912041d29c6a3b32ebd3a7e4b51f3119531885f1d3ba2f71ffab95f94635,0.00013969267611255238
Destination,02c892c64f7a0235312013629846c7fffb1cc48ecc9710ade791e45f39c9692610,0.00013969267611255238
Destination,0350bc12ba602177d327155c9a8daa7ea7a4f7cb0d77c6da69906be7278ff4a0aa,0.00013969267611255238
Destination,0392f57b6a6ad4268d48950541c663892d2c9e3857f42f1ee33043fa4069f5290d,0.00013969267611255238
Destination,03c88895eeae497ef75b151de3931cbdf2906266dc98332cf98b9ec2dc4a933980,0.00015964877270005986
Destination,02a31614a041bb3e4dcf0de8bb15751dad0155313caa54f8a4e4cff7a531160693,0.00013969267611255238
Destination,0298affefdaabcb8c30cdde778f4b2c47f755921423b49ae0c658cfdf9e23b5eb9,0.00013969267611255238
Destination,02758cce00a354ae9c98204a10b4743fee49adb0b4182d80e5872de7399c54bf36,0.00013969267611255238
Destination,0236059130bf85b2a7ebcf8b424184fac139d2dd1c69621a45f063d62041cbbce2,0.00013969267611255238
Destination,0304c306a09c96902ce8adcc48b94e3a43f4303c8905ca71f1c6076f258c1471d5,0.00013969267611255238
Destination,02053cbc5282b29af3082ef5b9a85b25bb1133cb55cfede26666d9f323f123ba0a,0.00013969267611255238
Destination,037305dfd540c28353120b42cabd6debf3a832283a18679a7ef205684223998e85,0.00013969267611255238
Destination,034966f3860759e98ffddeb2fae93e62c0779e4e8a3fbf05ffb140adf8978e7efe,0.00013969267611255238
Destination,035cab05b3e4455129d9bccbc624d62388872098381454e2966858d81d0d0babbf,0.00013969267611255238
Destination,03387ffd0c54c78604fe0bfba1714655a8f77b266346911f1923946c54e8d3318c,0.00013969267611255238
Destination,0216779af2f4cbd0a13034ca35fd8d862fc64dfee326ae9e4eeca91abc4612e9eb,0.00013969267611255238
Destination,0395f84eae69f1b79d2a7f348ff677af73c985d08ec240c8d6ad3c892e37989b5c,0.00013969267611255238
Destination,038969ac4ba19173446d16258d73aa0191d1e555f9fcca19ada2a1b17c877313c5,0.00013969267611255238
Destination,03fd622170e15fa58507be2f3e61585b7944fc1e887fc9bb0f5e652b53be72882e,0.00013969267611255238
Destination,0300f34b1f81a0d6a30190937a98ad0008462fb647a7717113fc771dc407e8a209,0.00013969267611255238
Destination,03c281e9c640d8ccdeeb600b517cf73f127f2bdc313b3d857a24409a52108fbeac,0.00013969267611255238
Destination,026ad2c304504fde71dc60f4b4d07d4c559c483f121d7202c8b1a8bedc9623626f,0.00013969267611255238
Destination,035bddb48a2b891a8e2a704234cb13405d63c62fcd8aa1c6f5ea10c4c027654af7,0.00013969267611255238
Destination,02b46573eda97a9f141738d40b2d36825e48790fb6c4cff93b0e98f8a4d8a52072,0.00013969267611255238
Destination,021778ec97e01d635492318173bd88ed5515a72d6b36791e41a899a697c0dc54cb,0.00013969267611255238
Destination,02819d1f59520099eff516e31149699075b1d0fc5c902fa2541aa9efcc625fb3d8,0.00013969267611255238
Destination,0394fd4cc965e72abedb6a987f0139f0ad686f344a52bb7ab7c57e8804e98701fa,0.00013969267611255238
Destination,03b00f5ce75be4a9473425e8caf33541a6636c31453797492df0680b688773fe37,0.00013969267611255238
Destination,032ad8392a7550cb1b1a91c458d672bf57a20e426f8ca539d80cb8b68999c8deb3,0.00013969267611255238
Destination,036c4369a6b2207c5e65d556d78ebb262b6aa0f94435c1c4f7d2900dfd7f0b7fdc,0.00013969267611255238
Destination,0370b883438cfe4294d79d8f7893266f34e08a9f9b560b2c308f4b4c1f2ffc9976,0.00013969267611255238
Destination,026bec91ba98d7660b43db8954d97b4ee1e0de4189e5bbfe77df316d064984bfaa,0.00013969267611255238
Destination,039dde42317c2048ef09f02554726cf07b35933dee68df0f5e618452efc9698c48,0.00013969267611255238
Destination,03fee030d852551260933bd383dbdfac479982cd0a58462bb412de8abca1c2a2d3,0.00013969267611255238
Destination,0286e50ebeaafdf7dc321f6c8cb7e964e236b03ed67494b6337215c5c3c42252f2,0.00027938535222510476
Destination,0260b5b96ba23a3b88003d0fba1a7c11aa602ed6a0bb2d76861a843601ac12b572,0.00027938535222510476
Destination,02f578a763ac36afc421a0c65ae9c2befc36e745d9ee5e31bf1f00917534516304,0.00015964877270005986
Destination,02fbf994bb48fd2a17865eff35a4c3c6a64a940b3f1554c366b65d02baf7801f3d,0.00015964877270005986
Destination,03776cada200fe237a1aaec4478bdd4c016f3c25c2fef4f1c3c409ca832c4943af,0.00017960486928756734
Destination,028a4bb9edd8e0bac30555f0f1aa615383581976ea65377841ab75debac171b049,0.00013969267611255238
Destination,0290f07eec8c8907d0fdecafd557f3304c7c072d5f7a83788b352a3f4bc775cab2,0.00013969267611255238
Destination,0378d144ce16dc11bb6584c4a397bcf241b60cfece20943faef10c4b72d3cd87d3,0.00013969267611255238
Destination,03dfd79a08fd9539fae5361642e29d9a23f7ffeacf938cb9c4740d58fa5407354a,0.00013969267611255238
Destination,02f5c8ac0223220047e8117f1e0aba4993b61f9507d0f4ae765609a5ce961177e3,0.00013969267611255238
Destination,0349f11a40fe564fabfb49e9b552775b104115bc1a461287e534e93b668f7270e9,0.00013969267611255238
Destination,03d872dd2fe34757e3b61a9b2c2264ef7ead2166145c8f087adf06bae13f9fc4eb,0.00013969267611255238
Destination,0329a396b7dd4fd3b718e50e4264150c3f2aa836d9cff89751e11bb47ae3572008,0.00013969267611255238
Destination,02f48870e8187cda8a0f22f35cb511b9f7df798ef5db645abf17a0f6db5e1a4519,0.00013969267611255238
Destination,02aa531285e87cd827d423e9f733791715f8497c23059c2a0444221922755083ae,0.00013969267611255238
Destination,037e303e5dcf24e605aad6e27e49520fcd5e47fe1c8fb82d4d5acdf122d0d3bf1f,0.00013969267611255238
Destination,03eabffb8cdadaf8733408388df76ae4a7d8e487228e7925b96e2b389a61af2050,0.00013969267611255238
Destination,03f0ebf167bb4806145b134459233f5ecfd0523e015044e912aeb09d0499c76dea,0.00013969267611255238
Destination,027512dbc5225d2d51354f6838e4b6f6c875d7cf841ff6336daa98d6376c160d9f,0.00013969267611255238
Destination,02ed059647b2f73e84db3df1cc450652b5741d013ecd2bbf2143af63c733ecf14c,0.00013969267611255238
Destination,0385afac63fdd711a83c25a63465ceeb5be8422dccbc82c3eecae90b79a752c2e8,0.00013969267611255238
Destination,03821613116def5de68a997a9024fbdff09ce3dae050b86c5abec883f230e68840,0.00013969267611255238
Destination,024f5a73626471035b92b303717d155c63bef5288644a2c939464e3cfa59189d46,0.00013969267611255238
Destination,03d72412398e8cdc7c5960ff3b63a2edce7e4dc92538610addfb2aadfb674557bf,0.00013969267611255238
Destination,028ed235ce7921fc8fbb2c1a775240115ce4d9edda194862868aa3d71eab3e6f91,0.00013969267611255238
Destination,03663d7b3ac41fd9daf4a3cbceb32b05672564fa8634ba420c3a7bb656f226ddcd,0.00013969267611255238
Destination,038cdee6ebeb5bbb736f4a64b7687fdb70ea5bd8f5244be081b314e5e4f6e93852,0.00013969267611255238
Destination,02ed76810ba9e204342342ab9de0a63ed84e81b4a8f0920df89571add17f14ff90,0.00013969267611255238
Destination,03a7fb52da76a723f7e3cd5d777c0372f1ae1217c82a60e15d12b74089b3d82724,0.00013969267611255238
Destination,03ba7e0b8927cc9aa839e51f7f142dcbcc36d9ba36d9ea66a7c9d5039b74df1408,0.00013969267611255238
Destination,035ac40a32530f45078b68a381575064920fd3c7b5c658da220bec030d0202a535,0.00013969267611255238
Destination,03faca736f1c9024681c263a35f1ee68ea2f7810316a08adc2e96e7f45eeae4cf5,0.00013969267611255238
Destination,0267933166887a75c55f6a4da39e8b2f7e24e65db470ba8d354e8cde89848cd5a1,0.00013969267611255238
Destination,020fdcd12aaaa2484535cf82aa317c39e2d2c400a7c134e5b0412acd73c44f2ab4,0.00027938535222510476
Destination,03a719acf4174e713015591d895ddc0be90a47322877e76bd59bd29370515f671d,0.00015964877270005986
Destination,02f82b917f1332e0b9beabebb5fd66f5767f2258f5a9135eb4de5dbf427a490b21,0.00015964877270005986
Destination,020323d8f47d10ed146cc630c6b79accc9540213f907454f7731c337dc5ae9a7c5,0.00017960486928756734
Destination,02021b7010efdd8126770e3e461ecdee0821005c97dac1eeec89a482fe95ab8bb5,0.00013969267611255238
Destination,03d592fed3daa35861a60499c862abe49302543738e2223c8ae7ef70bc331b2c40,0.00013969267611255238
Destination,03649a1b6d19015c0f33eca2d2bb18a5674428c32a7fa3a996d918cf2a8c74245b,0.00013969267611255238
Destination,03d16e368652be985fff3352624dff09200bc61d7500a5c093b03dee85fbe38202,0.00013969267611255238
Destination,03ec9ee6920809c8ca0b51dceec432718035344eb1e6a146424842c580c36b1516,0.00013969267611255238
Destination,030bec0fb4a5dd5c2dffa5f008210a9b7e0689ee4bf7ae15a7e52491c65fbf4ca5,0.00013969267611255238
Destination,032475c0b56687c589c3409d0aa216178ec923a992e1e835dc01456cf88983ee75,0.00013969267611255238
Destination,036ad733269b31ddb39a039dac61f138757dd816ebb12fab66d42ef5d4ac4c21f7,0.00013969267611255238
Destination,020e9d8a93145f183f4f974ee4ed23cdae80f6ac968ebec5f51580726ca07be132,0.00013969267611255238
Destination,035a6ed29e7ff4567d9878701823131c4c172ad0099332e00129d053342a1311bd,0.00027938535222510476
Destination,039dc42f737b519d18278022d307196ee91fbaf586f68ac6c4eeeaa1ccbbf7c739,0.00013969267611255238
Destination,02f4b30c558bcb3ed13b37b294ec5f0c8308580e3053454411f1c6f058cb48afe8,0.00013969267611255238
Destination,03b9bfbfee5464048eea9f01a0e41a0e029a019e7df6fb5ce41299e75a369e2f3f,0.00013969267611255238
Destination,035f60843c305d3b2c5e4316ff9072d26c837a7355ed9b6a6272cf635f3e211283,0.00013969267611255238
Destination,02c87de4005ec7d6256be1a018c9693ab18ec595d87cded5fdcff72c86466059b6,0.00013969267611255238
Destination,035f804103054d1d24aa4b1cbe29a90c06af2695c93adb6e7501dc143cffbc09bd,9.978048293753742e-05
Destination,024f8a8350dbc4a572f51618c9aec5458559d5fdf255b00740bb031c2d51ae25a7,3.9912193175014965e-05
Destination,03258d92a6ebc559914b2f2186793ce5e6a44edce22c59a4d91a033ddcf3dc479d,3.9912193175014965e-05
Destination,02be32b065e268f937b6e80172c7723e02fc0b521493140fc3c69a95ccf35d6e59,3.9912193175014965e-05
Destination,03f7476a733bb53354bfae7e8573009b0fd50e23f6fc2044605255cb18bfe37b49,1.9956096587507483e-05
Destination,0385f2f3971f1d257482e4169d3d25f71c81ab0075ed82959af8df2e329ea791b4,3.9912193175014965e-05
Destination,02e3f90036443136f5e00154610c1dcccdc1c5731f1597355275319ddad493dcf5,3.9912193175014965e-05
Destination,024dcb28330bb766def5e85e064dab3dfb472419d855d05b1e32637c4e7339ada9,1.9956096587507483e-05
Destination,030d0f568e376280a2f16726d7ebb054cc659d09322e5653b7b3d2b08584121683,1.9956096587507483e-05
Destination,0384d130bfd760b6e9e1155963558367533552ef971563a72c6c5cb117af9db93d,1.9956096587507483e-05
Destination,02de6e98fa0857866c5bd7edfd6f798818a925795d844a1de97196d15bcc11728a,1.9956096587507483e-05
Destination,020d41c5a32f06d7addc7378f2d4a6596358d8716a3eb5d5bbdd894a82a1fdd00c,1.9956096587507483e-05
Destination,03672c0f6e9567a5b3ecd01c851d0971cf0d049c49ed4a5ba22e683f24169e32f5,1.9956096587507483e-05
Destination,03b64dc961d5d3207f695645ff067469a5ba5fbd1f87c28b131d3d307c69dca082,3.9912193175014965e-05
Destination,03151cc48671a9ecb44fe3101fe433bd4db4080456594bc0430716d7e70d13f05d,1.9956096587507483e-05
Destination,029196b18f91a0d1ab53adfde49fa381b0e228f1b6fe7623ef2a1023b7ef2dcedc,1.9956096587507483e-05
Destination,02f81e5dc6d91f793cb12ff19422cc86ae42799f25f4d7786f3fd1550fbf5c3953,1.9956096587507483e-05
Destination,02645d48c49975ccb05017bf337fefc7bc8adb3f6e08fed9dd069a67d61e3f1c9b,1.9956096587507483e-05
Destination,03617b261e9e2f79a48875fce648fd34263b990a8f3ae9ca7a98d6d738cd56b85a,1.9956096587507483e-05
Destination,02677776ed646e7e5c180e7d64a8b010576085e3298c35fef6548f04dec68b8412,1.9956096587507483e-05
Destination,03035753d8b11a14fd5497c260f806d550b149da21c16ccab68632c318d979f724,1.9956096587507483e-05
Destination,02f1b70689049e3db92ebe6bb5993d046ccf0728cd7d65d71a034087c0a41cc5e9,1.9956096587507483e-05
Destination,035cfac4907b368fee370ea6604dd5dbe7e1fa12feadf7f31e0ae3e657b4dc22c7,1.9956096587507483e-05
Destination,029e2a4faea100086a10c23d253ec4d5ae26d9015a8a7d756a17ecff4b923db923,1.9956096587507483e-05
Destination,02a6d96a2a22c322824e52b476ad1bdb930f96f736d889d98befa7621abb738490,1.9956096587507483e-05
Destination,02267251607b23e94b331922d8e378dcaa7b049293b7f910e0b813a3d01e1b7d74,1.9956096587507483e-05
Destination,0369ce1d5b8bc726fdf35d46d0ee4ffa4c8ce64da20b65a7348d6857f37d43b79b,1.9956096587507483e-05
Destination,024bd01f2abdbccf670e1b6c5e0fa33dbb5a32781d9e667b893bd37c72c3ae1fb2,1.9956096587507483e-05

Summary,,
Most Probable Source,03eb160b3088da74af0edcd8cada588aca23a3f251eb6bc2a57cb75ca93fbdf0cd,
Most Probable Destination,033ac2f9f7ff643c235cc247c521663924aff73b26b38118a6c6821460afcde1b3,
Average Source Probability,,0.06250000000000001
Average Destination Probability,,0.00014255167498220092
