Type,Node,Probability
Source,0242a4ae0c5bef18048fbecf995094b74bfb0f7391418d71ed394784373f41e4f3,0.00014089326328925388
Source,0202ffa14ffd142d9aed33076f51a66b754d8b9024466344d0ff27d8cd54802bb2,0.00014089326328925388
Source,020b016e12ea77fd894e9bee0fb852c5153f19b64533b67a13d128c637697ad3cc,0.00014089326328925388
Source,020b89502397dede9af0a453e438f611209a91db26d7b5f6de26a43de5ffe6af20,0.00014089326328925388
Source,020c92d71dfe47d49d322eed910064787973dff96c05a39d75a75d7e8f33aead4c,0.00014089326328925388
Source,020ec8725e77d88fca4667428290bcb749aa908c244e2313d0ae03417f79041860,0.00014089326328925388
Source,020f5e04764a0d5b256e20e6c41c493a8b2b5ed0f755cf6ce52c1dbb1ac3e2f5eb,0.00014089326328925388
Source,02106eafc9627ac3afa589def4a05486600f62c5e224cd14c2957fe519c1ef842c,0.00014089326328925388
Source,02109ab6b08d040364c660cc176ce54b1bbcb6c33c2fab3e26a63ec3b260927d72,0.00014089326328925388
Source,0210f74eff371e381b2be88f60d5846462d06d91145a66203b9d05482fdaba4e8d,0.00014089326328925388
Source,02145fb4540069b2aa88723470896c5d607c52e25244ced1346b4de8b3494789d1,0.00014089326328925388
Source,02180a97ae2fe9beaa78d33bc6e646a07c30f337a184953344fd0946eb851ec07f,0.00014089326328925388
Source,0218e396e20a50f2f9715dcdf9afff93622607e9995f2df7020b228ebec587d127,0.00014089326328925388
Source,021a5c8e6d38e468596db450b90a68d63a3ce1505ea73778ec0729282381191410,0.00014089326328925388
Source,021ab948d27645d6f51c7d1c8deac9408788036d3ebbe82fae3cf2d74c05fb3287,0.00014089326328925388
Source,021ce341f7019675d09fc45cad94e68fc38c92ae1ee1a21c50187e502411bebca7,0.00014089326328925388
Source,021d064e3b9a9dfd70f0e7485f4b1e96908d18a006d181a4df43c222a4657454bb,0.00014089326328925388
Source,021e0743e92c033b57072adc4f8ff6525c6430c4df5de735646cdd823993fd7706,0.00014089326328925388
Source,021f1e6bdf336f7f4ebc7a585d7645ac90be3050e0dd5ab5e814d1d7bef8b897d4,0.00014089326328925388
Source,02202eae147f1ae466bc77c27affba6e6d5ba01439071b8a62e55bc134ec0d7373,0.00014089326328925388
Source,0227fa9a86de0924b670df5451ddaef8f1f68f655e1dd737a6749d20cd6f6c8b77,0.00014089326328925388
Source,0229715d85d30a71e3714debecf6d1a8f9afdbd3e1e9b79ba27ae9efa12bbf4105,0.00014089326328925388
Source,0229ef8a409f8c1ef38e50206791ba05bbd8a7493e03b110504c5d7878253756c0,0.00014089326328925388
Source,022c402216eee911831d0d21e8ff5d9f2ac664b7c24cb674cf9e90b00f99a3d7c3,0.00014089326328925388
Source,0230faf7c3b2d0c4551568ee657348b77c48d8d365a31f240a832431bb19307f98,0.00014089326328925388
Source,02325d9c4703e476e146a6f26d1375a486e1237cef1225e809c505aa75e4c1c45f,0.00014089326328925388
Source,02375b91bc583eec4d1b0c906d5339ff175c5512d4c3bdad03af745c34543d93a3,0.00014089326328925388
Source,023966880f40128f00e0885676a8b4d009a3bdc8d1d44a84e3ee0dfdfb1a8fc152,0.00014089326328925388
Source,0239a9362ebd05bc5b3316d5bffbcb16165a4efcb2302e5c2fa4663f952858e526,0.00014089326328925388
Source,023c0a5ffb6c1cdb69024d454da062394a3f15e4caafd172b74258f6bab601659a,0.00014089326328925388
Source,023f803c570100380ba088c2b491eb238f54915732405228623953627da7c500c0,0.00014089326328925388
Source,0247bb7a1216ae1cf48def6eb2d3f39a1a0e909259e508dd0c05a11e9388061c07,0.00014089326328925388
Source,0247f333757d8767d90f92c633c5676643f4154f0cd82bf34191a5f0bed9310399,0.00014089326328925388
Source,02499ae9609e459bd1d75770a450d4f9c79d1990664e36b325dbb8ca0ffded8400,0.00014089326328925388
Source,024a94efac7990e56082c51630bb408e275524565c20f4345b0771dc644ac31b9f,0.00014089326328925388
Source,02522af421a0dab5146b64eccff2428c9bd2b275859d68e0367a71e586a77c9c00,0.00014089326328925388
Source,025489093ccc58eb9ceb6546009bef1e4e346c707eaa0dee9aff9209eb9e79ff95,0.00014089326328925388
Source,0254f4e4672d919587ea08c9b0b2ece59603ba6ee13d79665eb99afbb7a4547245,0.00014089326328925388
Source,0255b6454150dda61464242778868d95c0bb0ad924162affb23cc268666e16f91e,0.00014089326328925388
Source,0259fbbef1c371cdb49f964e4614fb12c3edf537e82212e90d26902394ba01e018,0.00014089326328925388
Source,02638b42be63448445e8d522574cf411281bde1544e70b69c9d1cf35700f5f4669,0.00014089326328925388
Source,026393adb3d4f4d7330d3982b1d91319205bf40d2a7e80a757ac667229d2ec0606,0.00014089326328925388
Source,026606c031210ff5a38e193bfc3148ce8147f18f93637ffcb967d829ab361e4852,0.00014089326328925388
Source,02669835868dc8a3bd70acf638b4bfac400f58a880df28fc1da8779b3f7cf9e287,0.00014089326328925388
Source,026a38b5d58e84d88b1e4ef072153daeb72c317468d33878978a3728fe83d59ecf,0.00014089326328925388
Source,026d692db4c19b1cad27db4355057d82aee88b1d3babf87957318be0eda00bb054,0.00014089326328925388
Source,0270a26e0772d0cde73d870cbadf632c5377f83ed02d979f866dca2e8c49ab8551,0.00014089326328925388
Source,027100442c3b79f606f80f322d98d499eefcb060599efc5d4ecb00209c2cb54190,0.00014089326328925388
Source,0271fa10958e6cc561d9295645d501f230ebafa1bb7a5d3a0f2c5ac2af6f5b8796,0.00014089326328925388
Source,027652585a9795d03425f588571a86375a1a83d09c721f1c5736abeb56c3c4a6d0,0.00014089326328925388
Source,027831fdda22a3fdb95ac7f4a6348467720ba073edb61317c7bc965315c9e5bbe1,0.00014089326328925388
Source,027906859e0d9d26a8bf3320c007847dc29f7476325732e3c21eda0a2ec4ed0700,0.00014089326328925388
Source,02795a9a9d9aee4dfbb9247b7bc07887a965d9e2a0a583673bf2f48e0841e7962c,0.00014089326328925388
Source,027db782cd60fe113649a1ac4ec0a880266ff35977c181fb633fa2c4dd012d0e69,4.0255218082643964e-05
Source,02836794e5e74e835c63e56dd56dcc31300ead55dc5437693e8f0d5ddcfc630d5c,0.00014089326328925388
Source,0284aa8233ee3c0482ecf87c60094cacd15a17feb0bfa59f1898fe91478020eb76,0.00014089326328925388
Source,0288be11d147e1525f7f234f304b094d6627d2c70f3313d7ba3696887b261c4447,0.00014089326328925388
Source,028aac415e5c3f5bcfc0530b9027fd5f5f6601c2e54dd179eb927c99b0922d27d1,0.00014089326328925388
Source,028b7264dc679f945aae21d2bac9db15e78aa3f6ba2c226eec7b78ff5ddc507e81,0.00014089326328925388
Source,028e0f275b529ed75e0b5eea2d448636ad6ce06b815698a3d2faa57ba4d438c45b,4.0255218082643964e-05
Source,028eecb64901349454ede06fd58004cc6205d751513d6dc96da1cf9bdd622f50b4,0.00014089326328925388
Source,02907887f9bfcc9e83512bfdf40ddfdabcb8569786f11ac3e9c52c42d77da3eb6b,0.00014089326328925388
Source,02931a67262b2c9d4bdb88504effab703d8379716406814316e6d1bb7a84768fa0,0.00014089326328925388
Source,0293dfcbbdc0b1db2faf435e96ec435eae1f918271c66889d7daec4545f6ca6277,0.00014089326328925388
Source,02967d7201143639be3ec0445464aad9ff433976ab46f6819e8e6d103dc21045af,0.00014089326328925388
Source,02968608642dc4dce89cc9142e2c34e4323a98c0772d3dc24fb59581f4e67e8acb,0.00014089326328925388
Source,02977d7cb87a0de73dba86cec35c9916bd5fa9253c1d087fb46eaa986885af2a78,0.00014089326328925388
Source,0299582fdb23f3283d30d679573cd5223eda4602a32a55ad66b79068138e7f7cdd,0.00014089326328925388
Source,029ce281aff306ad0cbf10fc860b299aaa5c0f8946af85f46f023d2b725033cfa5,0.00014089326328925388
Source,02a7311555b28f6851698999c8045de5dd3a355feae444e6ca1300bb52cceb1e7b,0.00014089326328925388
Source,02ad042ab8eac8e615bf8408ec3c267f3d55a37f0837d0066a74bc1772c7b692cb,0.00014089326328925388
Source,02b1de90cd9aaca5b9b74f473e770bbee62df0645ea12e33ebcad8cd18a5f20093,0.00014089326328925388
Source,02b2c0e8a09784f75e6348e00d5ffa55882d24a0d078e47dca1e5d07a218d90ba3,0.00014089326328925388
Source,02b3574eb067bb270b76308ca3c7febede0c4de5333cad9683a27b2e572e18e044,0.00014089326328925388
Source,02b7e3d0a5aac953d01ab2ed046c4f6dd319a47cc9ce1f4380ccfadbf164c69e23,0.00014089326328925388
Source,02bdb62df29e3c465784f471cf4405d68b743d88e64e40db0e666b6a04a06dcd26,0.00014089326328925388
Source,02bdec497f62a689e1a1094814fc02206ff98d1ce08c564e06269c136d4ecc3e4c,0.00014089326328925388
Source,02bdf03ac2a999c80dc44972eec997de353448f67e79b14e983acb091957938433,0.00014089326328925388
Source,02bf9b5430a21ffb8ef243fe885a82543ac12a5c5060f011cb018450015fa9d8e1,0.00014089326328925388
Source,02c066b5c326e52bf58ab4fff601ede7ad07f9497ef050ef1a83fc8667a575de2d,0.00014089326328925388
Source,02c095d069538f96bf14c5f90f6c0851bdf354a0ec86039a24bf38a73f705adc2c,0.00014089326328925388
Source,02c373f58a0bbbc613f8a60129582369f05402800b7c3febfec6b86aa3a8595fcd,0.00014089326328925388
Source,02cabbf55e79f64bcddf18fdb6da82ad351383e61005dff7f3c88e1e10220347f0,0.00014089326328925388
Source,02cad4ec4c8b0dc2c7035a1898f979c8c7169bdff74e01ad6ca7aea59d85c59e8b,0.00014089326328925388
Source,02ceb27f3d4e32b83f37dff8bad8cc802dc0f380ca0193e90514ae25bc32c7542e,0.00014089326328925388
Source,02cfd51b25292efeff3a886f39402b869fd5fc4f8f61dfc5c04165be67a774376d,0.00014089326328925388
Source,02d2ea64d766aec8e2b6205d78d793f79b93727d591818e0c2fcde3c43339a37d6,0.00014089326328925388
Source,02d3b1836dc2ec9af7ad29cc741aeefb630e99b57aa1182c2b90499fdcb5f18d92,0.00014089326328925388
Source,02d64d032d72d826b0b3ecbe359f11236995abd2491b5868c0abff42f7a0327a90,0.00014089326328925388
Source,02d6e3fe44e45fdc3a2c05eca763487c5ce50a3dd4f2834075d0e3641eefcaa73a,0.00014089326328925388
Source,02d899a2cd32591775569c05457cebb27d06210b5aa99a942d850fe38e9a6ebb7c,0.00014089326328925388
Source,02d8a1d22732b1e2097ddb074bc15b3d14234ea5a0655df2997a67255df5c74765,0.00014089326328925388
Source,02daaf8996a270f6da09ecd7a8e47ba04c776471505eac46b01d790ce2ec08d2da,0.00014089326328925388
Source,02dfc9310263062fa4c1b2ceaae1c87412fbd1f75a4e3f5daecc66823900b07f02,0.00014089326328925388
Source,02dfd3cc8212d496ab64f59be43c65702ce9fee04eb78f4c06f350e53318237784,0.00014089326328925388
Source,02e60f549303ea17f2a811a2bb47d76465b37e02b93b18cf0ba8c57b39f7c74130,0.00014089326328925388
Source,02eb63e46a9ea4b1ac7d6f9413b8e30c3258f6fe10bd5023190e1518ea93dd4745,0.00014089326328925388
Source,02eca3581ee816bfa5e1acf3f7b557592ef359f89bd33b23c238217366302498c2,0.00014089326328925388
Source,02ef63b97e509c84ed66d43afe072fe425f4f1423053adb045fa47be7e5e33cf9c,0.00014089326328925388
Source,02ef754a13d37b6a1d9747a01866dce19adf5adf82b7581b8bf08e7dab16041eae,0.00014089326328925388
Source,02efd5a2e8c08f29f9b592d944d398c6744256dee8539f0994f1260bf23c1d3d77,0.00014089326328925388
Source,02f324df7694f57b7d800d5a64f62fb226eabc8fbacb997f3ac5cd230e37944fbf,0.00014089326328925388
Source,02f649d5dc82672290cabc4ad85022e77c2f861f4a93bc559abb8fb50ac790166e,0.00014089326328925388
Source,02f8afda05622f180587be3048dfe1640369a415c083121b4c9419d71a483f02af,0.00014089326328925388
Source,02f90a1f535bdc0c3d05330b427e1e04d854f5fa0d8297d5a78a7442811999f07c,0.00014089326328925388
Source,02fbc02a9b4aca24ad5e077846a7669397f76749a29c5f06d76b43c118eeeb04e7,0.00014089326328925388
Source,02fce3ea57e9ce97cb7da178b91ba00d194b1a4d0928325463c777622b88eab001,0.00014089326328925388
Source,02ffa359fda252dd4d928d1a8505227fae63079e4e4e9b8f67087ce9bbfb5624b1,0.00014089326328925388
Source,030000105571185e167b79408f78271005c2bd3c76d3acc68a5f75ed58915cbd4a,0.00014089326328925388
Source,03000c0eeebc2d5dce3725f4a1c74572529fa3db071f290b6323164f96e2cbefaa,0.00014089326328925388
Source,0301e46e7f02c955e274bf60dd819c153d93b2d87017122df72ba3dc06af4a294c,0.00014089326328925388
Source,030326c4b6b073c402e86fff2933cf3f8ffff1811c097bf733c2eda4c5916b36f8,0.00014089326328925388
Source,03057c42a22641c6202489b2875ab171b6340b890cef2a213cf1e79ac8f77d03f6,0.00014089326328925388
Source,0305d68eb4b9f4b394b57e0b3b05bd42ebcb19bd5c9a24492eff9319169824e13e,0.00014089326328925388
Source,03080b61a2dab8ef6bd9a227377b59b43f22662430236c0c620f405dc8d422e2db,0.00014089326328925388
Source,030b178d86fbd13f395d178a0bc4fe7e367b4d0433f9a47c42a28443fef84fc395,0.00014089326328925388
Source,030f9d9381bf02c158af82d221ea3a9d6c015a902036450ae714173e83c5d424fe,0.00014089326328925388
Source,0314a77523d1dcbc5db56081edcbc24ab820b35e343a6c6769176de707c178d457,0.00014089326328925388
Source,03171a0e9031375c5fa9992f9c556ab254248d9984342922be554c4fe2ab8e7ae0,0.00014089326328925388
Source,0318cec4082ae263053f6b738f8238a62d7e426993c31131e5d1d21a5b5c0927fa,0.00014089326328925388
Source,0318e47bb5966402f38b7eaeacf0eec0f5407ab3ea8f897c74502bddc113a4451b,0.00014089326328925388
Source,031bc25323a6dfa2c92f793739558faa7109c60a7b3857c152ae49047232e3e246,0.00014089326328925388
Source,03204fdaac64b5101bb5d8a1699b3067b4c617c0ea4758b36158f489dad1027ef5,0.00014089326328925388
Source,0320bd97e44c074e44168b840a86b920bdd9a08d07524f654ea32e5d3f12688e5a,0.00014089326328925388
Source,0323adf01d03dd71a39cc703dba3324f8c053f5da734ada1a026bae703d81279d4,0.00014089326328925388
Source,032470ad49f32eeffdae38af4689cbc7581e1ffd8b98cc533d1e40c27428ec17d7,0.00014089326328925388
Source,032705858146e9cbd40b937daa3ba02f2f9ff48fd976d42cf2f000517c2bf78911,0.00014089326328925388
Source,03290056db1f9b834a39cfd8727f7c35b15e52dfb1f1c9db83a410dce9a7d2948c,0.00014089326328925388
Source,033081f5d5f77b53dcefc0b83e2f3926cefdd48b9cfcee281101a6a6ee92e14227,0.00014089326328925388
Source,0330f1749117274b57951c9ad95c39aa6556bcc9d3ddd2697976ea720fb4969f9f,0.00014089326328925388
Source,0330fbfe20227f84227e5823f80a7f9759c7529b4071852e56e6f550360d428dda,0.00014089326328925388
Source,0333b2b050198cf2dc3175ed05826251d7cc97ecdf267d3f34cf048c2422803bd8,0.00014089326328925388
Source,0337535848e6d63e626a1de4528832eeec7daae9010ffd6357cc523619f532aa3f,0.00014089326328925388
Source,03390feee209ea18e7dc387be04035508e213e4f4e8c36dc53c337f59ef9273a52,0.00014089326328925388
Source,0339995292a8f2b2370489e2a8b3d359a18a95c4d09de9fbe5b974d887c4a7e6b0,0.00014089326328925388
Source,033b63e4a9931dc151037acbce12f4f8968c86f5655cf102bbfa85a26bd4adc6d9,0.00014089326328925388
Source,033c11734fb3c9f30db392e12b4661f0ffe114737a49871c0cabc73f0fcd4af69a,0.00014089326328925388
Source,033c4f63a79100953785fcd85e1c11cc8ef6e7514b77042d1745646544dc3b0e91,0.00014089326328925388
Source,033d38e07e2541628214c8184cf6c562311059872363e9f538b2f45434418b5bc5,0.00014089326328925388
Source,033dd79123e7c386655f72d3eed186c071ef3b4a625d3fb9f613635e6483ff6823,0.00014089326328925388
Source,033f5b33099a9a7628645b692fdd45492b359f8a8375d460c3341cb9afb8169bc1,0.00014089326328925388
Source,03423790614f023e3c0cdaa654a3578e919947e4c3a14bf5044e7c787ebd11af1a,0.00014089326328925388
Source,0342a82e858b7ed032b2054639016a6f398cec11b9428db269c61bfae150bc6870,0.00014089326328925388
Source,0343efbcaf52daf9fd980ea9bcd504df1263c50e076787042fd3bd87faaf7cf27a,0.00014089326328925388
Source,03460aa140bedc526745cbc844e632314f64ff39efadc98abb77ae10f306d097f6,0.00014089326328925388
Source,034912508815cb90e91dacb1b36e755fa057497520bc9191c770f5b58a06444056,0.00014089326328925388
Source,034b4658f3e6c3114c6470942d3d108463b4c1cc76697d45c46dc4336d2f6d4521,0.00014089326328925388
Source,0350e8672e1cfbf20f5853505041a67df6fddbd8d3aea7886942cec9ecd27312d2,0.00014089326328925388
Source,0354cda57fa833c3dc7bed61bb8c09d902c9484335e021ac52589cbcc3c749bab8,0.00014089326328925388
Source,03590d628002dbaaf8fd8b20e5a8624cfa051adb1f85167bdc7e47fa994dc44339,0.00014089326328925388
Source,03598656c47982eacdc64f0e18074ad7eec085f116055db40063a19f4e23b3d406,0.00014089326328925388
Source,035dad5f595766e6f27de220450015c21142543af7dd101bb7c601b424d10dead1,0.00014089326328925388
Source,035f6cea030176481dca0aec07d5ae076c2cd652ea34d1d04ce122577c836170a9,0.00014089326328925388
Source,035f82b8ff1f8805366cbe4d1ba20ef90c46fe31b17d5a677bc48a5c17e593b922,0.00014089326328925388
Source,03602f0224be36145acd9246d7bf41ef9ec887de0ed848b92b4efec41bcc114cff,0.00014089326328925388
Source,03648d283a4f47671a01612abfa58973450c30bd0a709132798acaa596c45e12bb,0.00014089326328925388
Source,0364913d18a19c671bb36dd04d6ad5be0fe8f2894314c36a9db3f03c2d414907e1,0.00014089326328925388
Source,036595db276e0b5035c8d432d774dead27795449d9d5fa447672eaac4178df5d32,0.00014089326328925388
Source,0365c9be671852ca838b5d561d3b1aff853e6600d3b426588f6d7cc5f80247d2b9,0.00014089326328925388
Source,03688d87335d1a9ea47537f563492b0346f8b3683e52b2bf1c1a125e2cf8449b5d,0.00014089326328925388
Source,036ae7701c8a296b0d52c34068799de2964b3a2621e3d8f5977dbaa976cc00b4c7,0.00014089326328925388
Source,0372b9d6087f8aef01f1e2f34ceb09eb2e5e750b3845077e569597b1e960bb7999,0.00014089326328925388
Source,0372bd00e7c43efd583623d8fa688141b91e00d0ad65b29b630bf7188804da50aa,0.00014089326328925388
Source,0373ffcc34d5ec309129f975e1ea809daacf38de71eed7126266fbd13634750ba3,0.00014089326328925388
Source,037641f7ed5a12c1a148cc0cb92758a0266a552a195200a35043dd3c01d103bedf,0.00014089326328925388
Source,03780dd9efc144ac5d3d653bca63e3b6b4f91c82be4ecafc416e04ec5344db5872,0.00014089326328925388
Source,03787064772ce3eeb981af66732254e195bfba8cf57a84e8f4b8e6d0e15a071564,0.00014089326328925388
Source,037c21b765198a0d53fbb678049bee537c7d30133e2c8e2b4eda3f84442dce1dec,0.00014089326328925388
Source,037c6b271bc2c7df7e274814ed3044684d899b7c550e2522f2c824049083afbd47,0.00014089326328925388
Source,037cc91c054c31c3519cd4282b8cee8d0123dc04d422dbb9663b9b4ca715e55b9b,0.00014089326328925388
Source,03859670d82f62dbe6c1d2c3b453d87e17e2dbc4cd69341435ed83b58195b010d1,0.00014089326328925388
Source,0385b4d74c9463e9cda6db5a4e6130e2a0340c49c3026daa763808f2cbd4558965,0.00014089326328925388
Source,03864ef025fde8fb587d989186ce6a4a186895ee44a926bfc370e2c366597a3f8f,0.00014089326328925388
Source,0387ddb07315aabaebe2e2898ad5ee0b0ffa3c46d3894eee2632d060a3b4065b32,0.00014089326328925388
Source,038bcc6471941c7d6c14a8ce5b7159d8f73a3a0bb9a93e8896bcb892e14552658a,0.00014089326328925388
Source,038c736de97aa63b60bb58cca0945e65b36109f68ef47cb53a8002a059932936db,0.00014089326328925388
Source,0390015fd1a8612df22e648844e310a713bcdddec2f85b3875c5739ffe734281a2,0.00014089326328925388
Source,03912363d1942594b58861fe9f9507dfae239a1e43038fb15a20501ac6868112c7,0.00014089326328925388
Source,039199b7b5146fa2b0bd00a4c97ccbc4950c079ad5f9f982a8b8f2d8e00c828cd9,0.00014089326328925388
Source,03925ecce6de3ebcd5dfcc42c0eefc697ca136724225d4c32ee01b133cb87696c7,0.00014089326328925388
Source,03938f10b2bd7b693f1a2205d06081f778a5a540e8b2273b9b7f5e45938cc9cb97,0.00014089326328925388
Source,0393ce8b27e037e9dbf9576fa4615a42b48ac84917e519197c92d475e8edcfb51e,0.00014089326328925388
Source,0394a8cf19969a6aa5677f5b62b37104187b967322415351286c928fd66ceb0d97,0.00014089326328925388
Source,039c721135b4221b1076a6f663b2bda9d12f2446b80a3c825df17a86a96824149c,0.00014089326328925388
Source,039c996d954520b9b3dcfd0005426c7ed0bd4d516213f92380c20ad5f774b33754,0.00014089326328925388
Source,039cdd937f8d83fb2f78c8d7ddc92ae28c9dbb5c4827181cfc80df60dee1b7bf19,0.00014089326328925388
Source,03a1aeebfadbfb6aef16e87e0cbce69c7339497bd214daeb0058878906ec10f7e7,0.00014089326328925388
Source,03a1f3afd646d77bdaf545cceaf079bab6057eae52c6319b63b5803d0989d6a72f,0.00014089326328925388
Source,03a3d237cee59e33c30e7a95446aace8e7cb92ea7368a5dfedcb7c4b71a888c5e5,0.00014089326328925388
Source,03a3d9e29bdea577fc8708056245986945ee5234d98a56cd67428094483668ebb4,0.00014089326328925388
Source,03a59ebd9a20f2b8d6c366473f6e2e36254aca0ed88d5d46e9b0a3a5276fe25ebf,0.00014089326328925388
Source,03a5c59c83b3e77ec51a6e65ba86936f9991931c878ea06bba05cd6ade08e9e78b,0.00014089326328925388
Source,03a858dea8b0ece46ac5543dd89611fe8e17706bbc472722a585a8078eee9dd3cd,0.00014089326328925388
Source,03a8660bd78eb0ffedecb1314201c50c610b7d39a75bc0965c8fb37e7d66f14842,0.00014089326328925388
Source,03a92a92e64eca60c122e87e90c6373e6ce23b171ab6f8f5f24c1512b668629a1a,0.00014089326328925388
Source,03a93b87bf9f052b8e862d51ebbac4ce5e97b5f4137563cd5128548d7f5978dda9,0.00014089326328925388
Source,03aab463365767af8aae383a20c3c62f49d76eefd100baaa5690f570dfe0da14de,0.00014089326328925388
Source,03acdb811601aa7fe38347c5c0818c9d7b7942cf5d8cb0c71e22f94cf8c4a63d4d,0.00014089326328925388
Source,03aeb303fa7f58587e8f08dc0e1127c3189207bfaad396cc8774b2a76d2c655b8f,0.00014089326328925388
Source,03b004c305cf95a0aad70d9f4ccb2c31a9235439d4262fda1b1f4b5f528444417d,0.00014089326328925388
Source,03b06c880c5d2451c78e2d58864ad1d12f7c6ae5b4e3209701783a8376b1fa661e,0.00014089326328925388
Source,03b5effc7e8402297e7bebf2358832a4e4ef8b35b2205d9575bcd80324c20da929,0.00014089326328925388
Source,03bb1b981fef92717738d51215f7cd51c6d0b9354cd6db68aa4a05cd6a0a107925,0.00014089326328925388
Source,03be84f0443547a5ff97df6ec40e9506df7fddde0fda9fc9c7793a344f19a388ed,0.00014089326328925388
Source,03c2a82c4a00218ecad7b4b811d8ee34fe71044a1677cfb958a072716c62b75da8,0.00014089326328925388
Source,03c7eb52b2f34a8fbc9a346c43c94d9f9e177620fa7086861453894271f904c74c,0.00014089326328925388
Source,03c9e422da6b3c9a29d65f2c91ff73c36c93d645ce91e125a7a20e1758b42cc309,0.00014089326328925388
Source,03ca3af61df598f549e4ad99fa29605b44aeb1463ae0e4fb79168087226b27a687,0.00014089326328925388
Source,03ca430e1a08054edb69de5c6812edbbb67db6b7ee775acc4ff8349255c95c7623,0.00014089326328925388
Source,03cf486ed3df742e344c7e944019e147ee7a01cdfdfb123bc3042f4c6e9feb3934,0.00014089326328925388
Source,03d06042e80fa9bbbc30480cba4f998db16d5f22f9d4d58606d7271d81975db777,0.00014089326328925388
Source,03d06758583bb5154774a6eb221b1276c9e82d65bbaceca806d90e20c108f4b1c7,0.00014089326328925388
Source,03d1e805c38257b713340049745ff5a15d9ee5d733517a1d48a956815c9482055c,0.00014089326328925388
Source,03d2322cdbc2ceff1c1a463d9a05bb874197299c02896ef46ea3e17a3a459562bf,0.00014089326328925388
Source,03d9399d2e1344e4adc5b405c96afe79564478d3b3c142d0aa88bb99b10d30adab,0.00014089326328925388
Source,03d9f69a90c7fd013a585710c4dfcc83f9faf51ea544995f36a7d8c0a91511463b,0.00014089326328925388
Source,03dcf175d20c2fc3e9f58550c15b55cc456ca13c663be71914652a933a7d2169e5,0.00014089326328925388
Source,03dcf81668d31e69799a869116ad2c60726b2e896d220ec8b64682ea4ae43aa286,0.00014089326328925388
Source,03e4df2558737184a1be19fc5a3bc39380c97cde5e9718e952adaa551a597908fc,0.00014089326328925388
Source,03e4f3d7ccf98bdbf24085b948f204a6c0c0b4464a7572cbac85c746085b14bbc9,0.00014089326328925388
Source,03e5a86bd6b9f794f9b72b6c180d29369e2c8374eae701e93d31b37fc6a6840d09,0.00014089326328925388
Source,03e810678921935e5e16c5f32747ab743111335b6a87d0bcb530ce70c01ada5e9d,0.00014089326328925388
Source,03e8131fd86c0929f689b26bd48f5d227b6f1f2cbfdce96f053341944a07458945,0.00014089326328925388
Source,03e921beb1b648871d869469f5136d38039b1691b30aeb561c9dee04d30c9cde00,0.00014089326328925388
Source,03f17895bd544a2e48aecd7365bb5e413c20518cee0945324a2be02dac8ef6e8e4,0.00014089326328925388
Source,03f778538df6dfde80eca8a943847635a5be670df85406f1039868b8b1fd3b205e,0.00014089326328925388
Source,03f84b4d4de050515ac58dd2b0ccf2c10d6a69178d9b0e0c70066d0d8cffedddd4,0.00014089326328925388
Source,03fb24911a8ffb909e7eb7eb3bf65c9f9494ed73ab81e0522a0db71b570a9ca9ec,0.00014089326328925388
Source,03fcc53051a4796b5c0ffde3a3c12acbbc3b0f4a71d69f7fb08648804567d87341,0.00014089326328925388
Source,03fd3e0f2504e149b1907cab853712a213b182b8c972169fa3ad009b623533103f,0.00014089326328925388
Source,03fe511c8372f9991663c4209c7d7bc19ac13f08c167986d055643006d8f2f1ae8,0.00014089326328925388
Source,03fe7b98a34674cc96e131a25ad23b434b8de9d1a8b2e9c21863011cd9dfe01aed,0.00014089326328925388
Source,03fffda673062e3feabf6e1103e6cc4aa4af841142d0a16be8329ee5f957e8edc0,0.00014089326328925388
Source,02edee759c37fed1e58e4feaf42ae923d7f4e7cfbe9e361001e1d1179be694c82e,0.00014089326328925388
Source,0399aec05c7eadfcfab9ae0ede812e03e1e0e22914ec601fbd61f377762355bb71,0.00014089326328925388
Source,021177fc6c3890b7f0c5b6e67d786c3f855664cd74bbcb52c52e4d45eeb33ba117,0.00014089326328925388
Source,02308f3749f21f763906f6b37da95d4fef5ef496ce2aca005352643a766700e041,0.00014089326328925388
Source,023c52a46c4d8b74d24b237682b4c1b982233a8e5c8575f16cda965ebcbaa95c01,0.00014089326328925388
Source,023d70f2f76d283c6c4e58109ee3a2816eb9d8feb40b23d62469060a2b2867b77f,0.00014089326328925388
Source,0296b2db342fcf87ea94d981757fdf4d3e545bd5cef4919f58b5d38dfdd73bf5c9,0.00014089326328925388
Source,02c7be51f83c7785073189a4610a510bbf50d97a9f5b6250c94d68779270f763ec,0.00014089326328925388
Source,02e7c42ae2952d7a71398e23535b53ffc60deb269acbc7c10307e6b797b91b1e79,0.00014089326328925388
Source,030ef51039f200c65c5ec4037946b18d7129f63057bb7fe54ad707407a94b37ee0,0.00014089326328925388
Source,03a21a8756ffc55dd1d83a02b0cc2e163f8d041e3f56b309232e5389c66c00364c,0.00014089326328925388
Source,03a64f7487d89355d9d2e8b9e3a4c2242123f1c028f304f5f7a4c797411a37102d,0.00014089326328925388
Source,03ae9f91a0cb8ff43840e3c322c4c61f019d8c1c3cea15a25cfc425ac605e61a4a,0.00014089326328925388
Source,03bc77779d860e8b231d307c109bee12fa8f7949ca01273f296548fbe50c063dad,0.00014089326328925388
Source,03d3cb49d204329eadb56d2ba0cb4129c3720140ca2e4bf302b84bd7e612f4503c,0.00014089326328925388
Source,03e125d8faacfceff63d9878b27302ae9e20a3153c1e73185d9efbd934bfcac2f3,0.00014089326328925388
Source,03e691f81f08c56fa876cc4ef5c9e8b727bd682cf35605be25d48607a802526053,0.00014089326328925388
Source,03f3f3f9ea1e6e3df8108a3f11031f0fba8e494535c5a45fb83bdc95a89fbe18b7,0.00014089326328925388
Source,03f94b8e82c3c9be8f8d1e3bcb595e2855b72f23b92967c26f7d65be9a75184c12,0.00014089326328925388
Source,03f9bf1cd6c76303f58efef697fc54e87731fc533503dae65d45e0951d93550c17,0.00014089326328925388
Source,0203df263b505d33b311255d158128be6e5462ff54756c89e9012656c8921b83ea,0.00014089326328925388
Source,0228ae27186af6ab1c2581d1772e46f60b0b974863332f52bdab7fd362594f642f,0.00014089326328925388
Source,022c699df736064b51a33017abfc4d577d133f7124ac117d3d9f9633b6297a3b6a,0.00014089326328925388
Source,0242b34542b971f0830927c642d48d32e1a6df70a9d9c52022a71cbabbe3101d55,0.00014089326328925388
Source,0260467bdc75ef6c6dd797f90db11df6a6ac9bb085884b0717a029a93a00a2c5e2,0.00014089326328925388
Source,026c99d10c3b53587c22507fe88261e66ccc165805452f121cb3a126e072d22213,0.00014089326328925388
Source,0270e993307d7472d3500db8d327b514e2f2f2ff73a346cbb721d587d716aa067a,0.00014089326328925388
Source,0273da0a525390c36857841e208f1d289275c76ebfa7ecfde697c6cbf4f235b4f5,0.00014089326328925388
Source,02767ba5a9e51ccb32f608ccc5268f2efd1dc9ac8ead95a8634ce913eaceec5f59,0.00014089326328925388
Source,0279f825bd719f651c5a6b1f2757a5a81da10e382a69bf24dfd47ca527930db4ae,0.00014089326328925388
Source,027af586a5ebce34c3c86a6acc9f6af97a027e98333b347a2760953468b0ef45a6,0.00014089326328925388
Source,028002e4514a5c74402074862aca713d8a80d1c013b22fba98c5617145bd05efb0,0.00014089326328925388
Source,02875ac2c27835990ef62e5755c34264b2c39f51a41525adc5e52a7f94b3a19f8b,0.00014089326328925388
Source,02a20247f515d978cbf9e9ce6a4287b5931d724068b7b88bbaead6380db3dd8e9a,0.00014089326328925388
Source,02a877d23af98bf133c9b8672f7d8a2d400413ff8ea08a7ce5261ba9db26773853,0.00014089326328925388
Source,02abbaa2bce7a353ec0624cfb91d19a3a6024d9bebdd96e79e6f289ea6915790e4,0.00014089326328925388
Source,02c4296f8f8589c664c3445cd7e2e9ad617e5551ce08f011e367a21166908c4b50,0.00014089326328925388
Source,02c8d60f7b374fd20e8fcb6e31eac30a338f11cf6c0075cad0307b5311f5b9ab28,0.00014089326328925388
Source,02e4971e61a3f55718ae31e2eed19aaf2e32caf3eb5ef5ff03e01aa3ada8907e78,0.00014089326328925388
Source,02e510f80a36cc0503e8c5b38e3e000e7cf9867108a0c565a122815f5d5aafa6a7,0.00014089326328925388
Source,02eab7f76d938d7b28e6cec10c4b0f3b4ee24b8beb7eb6b66a2c623bc5829aefc8,0.00014089326328925388
Source,02f5d3a0a2b499055d404ff83da471a940e43e3b07cdde64e330cbd9722ec2b324,0.00014089326328925388
Source,03142b162b4e55237e49dc8aadf919c99eface419c21869339687f365c93675886,0.00014089326328925388
Source,03155b6999bc3e417bd75ab2595fe2b585bacf1cba1a6deb4fe5ed1b4c68ff298f,0.00014089326328925388
Source,031f624a7f0ce33a654e3c84085155e0e990da44380554350325e4b16927af1606,0.00014089326328925388
Source,032773113021c3423f1532921bc9d64ed89d6b2c3fa3cedac66726ff5c48d90b5c,0.00014089326328925388
Source,033ac2f9f7ff643c235cc247c521663924aff73b26b38118a6c6821460afcde1b3,0.00014089326328925388
Source,033fe7c583d44f5fa4cb42bbee5d86f35de1ed55f2246fbf3b26c98a7ae5bbaeee,0.00014089326328925388
Source,0342f47b6987bf98b0476fab9978c5dbb2db6edba4a6fe7abd6b88753170215915,0.00014089326328925388
Source,034c14f40007b762ca5e5f45f03167c863bdbcb28d0673da448c7dfcaf67b05776,0.00014089326328925388
Source,034f580779cb7d8fe4759af29a04a58c3dbe9c49f40bfa6a8c6d35c507e97053c6,0.00014089326328925388
Source,0353308936d64e44970186cb43f215fbce1e2ab8631da17c545fadb0a79312229c,0.00014089326328925388
Source,037e1439d8f1394d00868beeff636e42518a30b3ead303bb3ad4185b53e41d6d52,0.00014089326328925388
Source,037e2702cf9d67a827178230bc8314263e1ac2e57f322182dc6f75df67d5f04bfd,0.00014089326328925388
Source,038f685a9f420cf794155df3f1a97ab71b871758478cdd12bbdf8e6b18e9c3697a,0.00014089326328925388
Source,03b042cd56bbf9f9b21711291be915474c4b4aec2241c29029dd0cf9eb2e1ff6ff,0.00014089326328925388
Source,03ca940b9d4e7736955b6f18dd5be3b7b5ca562d0efcf7c0fa9b66d3c052f07fd0,0.00014089326328925388
Source,03d346437235360f110a0ca7e0eb9d28865d32416002d0742a185d4401682c9751,0.00014089326328925388
Source,03f62377f88dec0b1cdcc8e1f22229ed7f73cef02db1ad440d1caf2816365ebe44,0.00014089326328925388
Source,025e9497188d33af48bb15cfc3cd6d7c549eed05b5f54d45615d3cb7ec3b562588,0.00014089326328925388
Source,03649c72a4816f0cd546f84aafbd657e92a30ab474de7ab795e8b5650a427611f7,0.00014089326328925388
Source,02abfbe63425b1ba4f245af72a0a85ba16cd13365704655b2abfc13e53ad338e02,0.00014089326328925388
Source,03c2abfa93eacec04721c019644584424aab2ba4dff3ac9bdab4e9c97007491dda,0.00014089326328925388
Source,02a04446caa81636d60d63b066f2814cbd3a6b5c258e3172cbdded7a16e2cfff4c,0.00014089326328925388
Source,032d9f76e3fcc736734a0fae90fe88218f690c0e9e2d5cc985e5922d5d6767eef4,0.00014089326328925388
Source,0200232177944d5e2ddf5b203843050dee40c4b7f343356499ed9aeb4eb154fd4e,0.00014089326328925388
Source,02063ae340ca611922072d71063807b116286022c8638d26833a022e414d572915,0.00014089326328925388
Source,0236ee5d3e4bcea64309c37462244af4f13394e820303b190d875ab839080992a6,0.00014089326328925388
Source,0242291513be7e3ca0040d5b34553d9a499bd5f2cc2b5e6fd769a3a7aa9655028e,0.00014089326328925388
Source,024ebe0dd9a540d0ef5cde52c8d85a61900847a704fd10c7f7c2409f51b9cd2607,0.00014089326328925388
Source,026f9c804ea1fd88e955f7e5755ac60e0500e0a89ad08c8f7287e257ee88756ad3,0.00014089326328925388
Source,027d798697c239cc5458ead35905df8bf84bec02e59c9a4cc94ea05292227fe69d,0.00014089326328925388
Source,029226d8258fda7c12427af191f18b514ded8b471aafe76fd581fb8d6c43cb3e3c,0.00014089326328925388
Source,029621e134354986d5706601c5857d66ebf61fdfc2764a6fbd57b830eec7a2dc14,0.00014089326328925388
Source,02abddc7c1a11ab46a514c096e8cc759087a048b556c3b2d960863dc3fde5f9db9,0.00014089326328925388
Source,02e37a8ceac8d70601f21925caceaa21a1a981baa89808727e69096458a862e8d3,0.00014089326328925388
Source,02edd739d5d9248c2c1ef6f568c90e9b58a6a9464eef50eda3c0471971fb85348d,0.00014089326328925388
Source,0346078e95939cd4213e5806b82682d1a2c4619430e060eb8d09015dcc98457751,0.00014089326328925388
Source,0364d6ff27ee48dd409e088e6b57abbde6623de80113ff29cb19d6169688fa318d,0.00014089326328925388
Source,0382ea39d05e6453c2ea4399a9fca1d453a7f4476c6513794407cb1db1a2b7a4ee,0.00014089326328925388
Source,038b0481a4b2e396f446853eb7c6dbb682c1f90ba8123cd1e82ebfc29507e7114d,0.00014089326328925388
Source,03bcdd903ad4f42f1255cbca7bb0bf6d720e8cc3e24b0e16398b7689416c656956,0.00014089326328925388
Source,03cd41d0064852d565d533af4274a83c0d1962aaf966c8adf87ed6e0ebeecb38c3,0.00014089326328925388
Source,03f1db913dccc3330664723def2a84295d8a067d5ad0605bed68023f990ff40325,0.00014089326328925388
Source,03fd1da48a1e6320cd110e6b0190a83c902c2b47a23f1018b77cb3c1d24c0be6bd,0.00014089326328925388
Source,02ec20f34bb94460f3d63780dfc24a4d4a1ddabc3bd86c09e1830c5b5db08953e5,0.00014089326328925388
Source,03006fcf3312dae8d068ea297f58e2bd00ec1ffe214b793eda46966b6294a53ce6,0.00014089326328925388
Source,03dbe90ae7401b61a3ebb1ef07ec972fe2d0f715f8e3be731003690985bfa5b413,0.00014089326328925388
Source,021744d86987a91958461117cd9e7c0e3160f7b86de11f5998018f4b4984a5c330,0.00014089326328925388
Source,023e24602891c28a7872ea1ad5c1bb41abe4206ae1599bb981e3278a121e7895d6,0.00014089326328925388
Source,0254bb156ecd0eac318844415a91a377bc6947ea4c9fbe5d248e563c29a1662835,0.00014089326328925388
Source,03011e480a671ac71dbc3fc3e8fe0db32bb9a10cc4d824663e09557d446ef80679,0.00014089326328925388
Source,032cd1bac674b61e993c9c0afe8efe23e3b1eb30246719010f2cf0f1452ee21e2b,0.00014089326328925388
Source,033dee9c6a0afc40ffd8f27d68ef260f3e5e1c19e59c6f9bb607fb04c1d497a809,0.00014089326328925388
Source,03634dacdcd96100c793f7c91604c0c31a2d965bc24680ded9a7a797e3a90aa8d3,0.00014089326328925388
Source,037943defcf3068fc5b8a2b821cdd2c4c1b1faa39d6a971b3fd984b9dd291a4817,0.00014089326328925388
Source,03808b1a698906bbf0457922aec66168a8edbfe98b1379249ace270b41ae0dde48,0.00014089326328925388
Source,0381499873090f47c7f857b90a91a5de4708054b5966904e0623023c9a5ad0e8a1,0.00014089326328925388
Source,038ba8f67ba8ff5c48764cdd3251c33598d55b203546d08a8f0ec9dcd9f27e3637,0.00014089326328925388
Source,0390cc12f782259427bdc45a283705f4c20ccbdff064ed43f6b74fefcafe9eb1f7,0.00014089326328925388
Source,03b4b86f2301fe2b9ca478ee5980d812de2071a21a9f8f5bb49b88e29a034e1a9b,0.00014089326328925388
Source,03bd6d28432d67effa2b2b89dd5fd68697940e8a8f2fbb84aaae90d584295b03bf,0.00014089326328925388
Source,03cbea29f98bdc5ee43d4f22b8b2c80ebe41979b6bda629eef5d52035b1d90ac56,0.00014089326328925388
Source,03ce6a52087823987396b341168544aecb972e008a0d582b474a08cc52f2ad9d73,0.00014089326328925388
Source,03d3a70c962b8505a228234fad0443cf88f95cd2cc11b827e075cbb7560d842e98,0.00014089326328925388
Source,03d6f80df785288de2fe5de19f24ba8a1db3d20647a88d0a903be9de3e7bb8fce1,0.00014089326328925388
Source,02fcc5bfc48e83f06c04483a2985e1c390cb0f35058baa875ad2053858b8e80dbd,0.00014089326328925388
Source,031015a7839468a3c266d662d5bb21ea4cea24226936e2864a7ca4f2c3939836e0,0.00014089326328925388
Source,03d98e20969aa217f1cf84e0c2dd5f8d4b65323c4816d4dcf7b1779c57a14ae296,0.00014089326328925388
Source,035eb7d2253d934b51dd1cc145b6f36a9c2d953c4379f5fff9c39bb437ece525ae,0.00014089326328925388
Source,039ac95a95b56190ec09888ede3618a4b2b8bc91e0423ecc55eadeec5c86218a67,0.00014089326328925388
Source,03f11710057e2d087c2610ef9fd13886c8497af95f5be9d96e4ae7b2d4b2035e4b,0.00014089326328925388
Source,02af8df0b7b6b8348a19e7185643fa2934e9a71ff8563a64a2c4a50957131badb6,0.00014089326328925388
Source,02bf3145e496745e8520b388c7db18f3bacc444101c0040def3a269708dbc76aaf,0.00014089326328925388
Source,032c634194ef091d00984cec51f8a477351e6e6f8ef4f8efa6a1f673f8f8a647ab,0.00014089326328925388
Source,03333700ea7dd48f2bdfab9f85de011803ad964fecbd58c56c48cc759c9c8f5fe6,0.00014089326328925388
Source,034fda220d14b07d0cb17beaa1627ad86f21d61db1f6eb15b7db453a7aa08158eb,0.00014089326328925388
Source,036af7ab4e7a929065414e52de5ca4c4d88b1dddaf8e1be261b1530e69d0f3693e,0.00014089326328925388
Source,03eaf4f94ad680855a7818c2f156ae4a86482dea2f396320c336989ce5f49da880,0.00014089326328925388
Source,03ee6f7529b16a75fe00825a9a6cc26e512759df6292881d90819a55d9553eaa36,0.00014089326328925388
Source,03f96dcd4861705f6c33a79c7569ba1b3d33f8177ee07bc96c606759bfc9940f80,0.00014089326328925388
Source,0379221a4051d4171490e43e4a09e218a02941f06996b71cd814b290da08ad5f7e,0.00014089326328925388
Source,0380d6562d213debfe59909994d4dfcc2806e0c79bac23a8fc5905c22960693310,0.00014089326328925388
Source,030b828fd1e42549fbc2f1d0960ec3663362c41777d3d87fe1b8e1d4bf063abcaa,0.00014089326328925388
Source,031633471d005f37252ede8114c6f4203e0a668270532f0f11a1e4072eb2eef272,0.00014089326328925388
Source,037f6c805dfef7a0f01cca0abcea96352a32aa478c63c974bc2e726cad8d026a89,0.00014089326328925388
Source,038607b58550d272ce8a058b77bc7a00e099687531359074bb600477f6bb7d1764,0.00014089326328925388
Source,03e86afe389d298f8f53a2f09fcc4d50cdd34e2fbd8f32cbd55583c596413705c2,0.00014089326328925388
Source,03e95b4144147cbb8f5009bf32d48314738135d02c28260c9d6f8a74454fb6dc5f,0.00014089326328925388
Source,02e8bc242c8fdc9af4ff4f31546cce600b84c231c5d7041ff060557ae0e579f406,0.00014089326328925388
Source,020111074bd304e17a1cc74e1f4b76d64b1764895ae3a26ad3ab2c4fd0f63cdc35,0.00014089326328925388
Source,0255457f1231750f726caf0ef32cfdfd1066df0012676e28f72cacc9ea96d67646,0.00014089326328925388
Source,03477b0f9679de60b3a803b47294e37b4c14a383564afded973114134623d2ec82,0.00014089326328925388
Source,035cf526f4c01ed693bacd7434461b9dc53d65b910fb3006110d8b42a574858fb2,0.00014089326328925388
Source,03d64e760b4af3698e51eb7ed7d97fbbae41f8cd28c0bcb6851c21207922f6697d,0.00014089326328925388
Source,020de4c7b3fcca7eac8fe5ac0fb9c87400db5a931baec35251fe7c55f0d0f91773,0.00014089326328925388
Source,0224c95521cafeee55d3f0acd3e32c8d2d41b4b8baa34557cb9bb35b66ff91bc54,0.00014089326328925388
Source,02916bb52b33836e28a3649baea2e4a29c16fd8ad97901b2c97d408f428edef108,0.00014089326328925388
Source,02cc79b8d771cc79d323bd71e54ef1780cab50e7c0ef2a4beb625fc9dcbbcc6d24,0.00014089326328925388
Source,02df3c43e812296e26bd7ac4fb27d96be8b8aaed661960c210220fe78a2a170b6e,0.00014089326328925388
Source,02f273ac65a8a826f88e6c48e5ba44f2eb2ee63486350b2db6f60a408b1e0ceb05,0.00014089326328925388
Source,031df8ea711416b52d33c2f4a9b2a41d82f1da3c7672ffef2c24b0751cbdb75404,0.00014089326328925388
Source,0328e8213309cef36486fb9a0eda6a16f349562333bee1a7d2ed84dd10048d682c,0.00014089326328925388
Source,03308939665ac715bcc194f760c2e920a9a5059b56e57c0eec63568db47dd85282,0.00014089326328925388
Source,03317bd8710e64b280c80fbbbb9a85c814a27c5a94c055dc6bb7799345223bb121,0.00014089326328925388
Source,03466b2b05df75d18d420c702630c154a67c620a0d1b1e64c41160f56627e2ed5a,0.00014089326328925388
Source,034ea80f8b148c750463546bd999bf7321a0e6dfc60aaf84bd0400a2e8d376c0d5,0.00014089326328925388
Source,03cfa32f640b65c072031bbb99984e40740becd956d0fe4cf82e92dd6222b64b7c,0.00014089326328925388
Source,03d4809d1a129228b9afb54dd5b3bcc29b8e59d5c8fc1f3104315baf19c8e0c76b,0.00014089326328925388
Source,021f98b9898720f8633c93faf0aa54ab399d277464e502d1111b233c2cf4064828,0.00014089326328925388
Source,025f1456582e70c4c06b61d5c8ed3ce229e6d0db538be337a2dc6d163b0ebc05a5,0.00014089326328925388
Source,028268dcb4c68311613dd3bbb0164f7685b6710022bfa6dcce639acd44695049a2,0.00014089326328925388
Source,02bc400b9df471549c1a2071a61be27460e9726d3399370671514dd8356606bd81,0.00014089326328925388
Source,02c5333bbaee6c7ce9bb80ad601970140434ee180ab7063ffde8f9ec6bfc35825f,0.00014089326328925388
Source,02cfdc6b60e5931d174a342b20b50d6a2a17c6e4ef8e077ea54069a3541ad50eb0,0.00014089326328925388
Source,02d4177d3f5c217cb68f13dd2b22b6f9ef8b2bb7a3342394edf72a2c034b8466f9,0.00014089326328925388
Source,02dd4a9cf224e290851f6af83072e2496479bdf4b65e1733e92e24d42a0ba89a75,0.00014089326328925388
Source,0371ccb71e3838984f6903b40b76581c4fceda54e22cb9c6a7d20681c036de0571,0.00014089326328925388
Source,038baffac55a282ae73e0627146a12a345f7beccb90dec07280e8b970a072849cf,0.00014089326328925388
Source,02018467279b42635c6e923b71d6bd914ebe8541decc09c2f5638678d038d954f5,0.00014089326328925388
Source,020c1f7928954b0fe4a734ac7227652d42ee0d033fd901d60f98e81c3a06f0dde4,0.00014089326328925388
Source,02115d3de2e740854d46375ef945e9ff8071832e75ef047e795314119a3a734f8e,0.00014089326328925388
Source,021ab89df9cbd28cdab8c71d228ca40deba1eaebd827f24849ec4f3e919c023555,0.00014089326328925388
Source,02257c8ef33feaa880677b59a1168775b2a91c5472a1a7d7233941f57143ed6c71,0.00014089326328925388
Source,022e687b9621f4a9ae5deb5836627e1a2bd218a1aec3b831f3aa43e4472497a775,0.00014089326328925388
Source,0230a5bca558e6741460c13dd34e636da28e52afd91cf93db87ed1b0392a7466eb,0.00014089326328925388
Source,023ef4f837bc76e5c5dc5765141edf54feea809ebd58464785c6fefdf7a19cb91a,0.00014089326328925388
Source,0248841dd4a94e902ede85285e67b5527afe5c46d6a3ff27955d63d18c70035757,0.00014089326328925388
Source,02491a3434a7db80abfa24f6bcfd8a848e4e5e107361ef458f5e558bfe5ca543ba,0.00014089326328925388
Source,0249454059bf9a9e01c8507064cd5da39d4a547652193aa406e56407a7b1ee67a9,0.00014089326328925388
Source,024fe02621f812ff80a80ecf9ffc985b7d1888cb8e59d8eef410d9f308dcafd2d2,0.00014089326328925388
Source,02535215135eb832df0f9858ff775bd4ae0b8911c59e2828ff7d03b535b333e149,0.00014089326328925388
Source,0253c97dfca0720789f68ce6adbec1f0be18b2b9c107d3c0a03bff78bf802777e2,0.00014089326328925388
Source,02547187bfb3960fbde2ed8acdd58c4b277d15b7bf44ac470a905a18f6696f46c7,0.00014089326328925388
Source,025ddd534168f01915299316e362ec8c47aa9d166f4a00941f9866dc4de0d47cf9,0.00014089326328925388
Source,026c2595bddf44ca1eadb65ad26942b325616690d104442f8560a7faaf67c4c323,0.00014089326328925388
Source,0270022c2adc16eb48c9b4ca3838724c14455558f32be331889d1ec47fd0dd2ff4,0.00014089326328925388
Source,027cd974e47086291bb8a5b0160a889c738f2712a703b8ea939985fd16f3aae67e,0.00014089326328925388
Source,02864c16b6d4516db0ad55427edc90c1e64bbb588c8612ac70b2f4388bf481ea70,0.00014089326328925388
Source,028b10be90ddfb4ef158c252163e4f340c8a093beee20427d39a0986abac58a55e,0.00014089326328925388
Source,028ebdf29e50d65f0d54e567095c1d2a1f0e60f5851dd1f28abc40b8f08559da62,0.00014089326328925388
Source,02911996d1d772e461c6c261f9e7ce1960869c2989a0de7906aa91e155698a7b12,0.00014089326328925388
Source,029aa70f34d19677a159afcb8306da6dddc8363aa2adadd028a2984678122ffe78,0.00014089326328925388
Source,029b2749f0b049df842664578a8dab18d8d63203f3675598d0a7e48af21509f0d5,0.00014089326328925388
Source,02aa6b03fcb868cd111d95d5e3679e9ec3b96fd899266beed66463a076e79b06e9,0.00014089326328925388
Source,02b03a1d133c0338c0185e57f0c35c63cce53d5e3ae18414fc40e5b63ca08a2128,0.00014089326328925388
Source,02b11812562c659d304bcb903fd65b20553146f89d433beb079455203be2745445,0.00014089326328925388
Source,02b2ae15001601b74eee8ddbd036315c5fbd415b24f88f24d5266820169dfd13de,0.00014089326328925388
Source,02ba0c09d94698745ebbda922c6d19d54437a89aab333f1539d8cfafb819173feb,0.00014089326328925388
Source,02c49429f3c6ff30ed43eb08d00325f5d83cbb059b5b69d674c4b602c606d315c3,0.00014089326328925388
Source,02c5544a361bfe1f025f29e83d092e4c83feaf5f750af59a0b1ff0591ebc0beedc,0.00014089326328925388
Source,02c66cca3f86764f117c0de7e4ee7ccf7d2e29a1d15a349f88197bdfa4aacc7f42,0.00014089326328925388
Source,02d2e2bf6868d7ddd2eb306a49ff964b717a6a9bc771a9f60de87ac77bda986d78,0.00014089326328925388
Source,02e46fce29587e4a8d39da2cf21f032536c1ced45e82e4ba04f127ee7337783b38,0.00014089326328925388
Source,02e8d8f3e1a8a426178668a628881c8028e94e9c0c0d0c140f60e829ab1150e0ae,0.00014089326328925388
Source,02e9a5bc151bed9314f10d02772413cc3e96168cb4320f992bfa483865133dc28d,0.00014089326328925388
Source,02eef44bb2092b9327d7e16cca6ece40b9d35a64301b3c3e42e9357ecc0ac56faa,0.00014089326328925388
Source,02f3d9e33a2de53e128ae1821f0cff02f7e8c9b6872d949f0ebb0c8e388bad82ac,0.00014089326328925388
Source,02f7ff310d5c6f97261b32197ceb1e2d6e466bc7cfe2f222c6fd2685544a81f8dd,0.00014089326328925388
Source,02fa0e7a8a4b5a6adce412d230698528fef78da778ee59d67098918326e0a29a0b,0.00014089326328925388
Source,02ff837e673764e2ecca93ade2c05bc1b288e1a0ba7b034ee807d405d69858cecc,0.00014089326328925388
Source,0301c3924df01f1a376ab20ce9273ee2c4a1f2354c3400e6357d3d4144981ae728,0.00014089326328925388
Source,031062a1a9c91de5fe6c49c7a4c091ad309f57095c6f444ef02e996050badc6c95,0.00014089326328925388
Source,03202791105580f5b7869ebd599c4ae1ae2a3e1ef47213dfa060cb201e0e1b4505,0.00014089326328925388
Source,0323a74fbd280d757cdd8c04513d302077089f3205db62963d0dea468c6424d231,0.00014089326328925388
Source,03260d9d6fcf84146444f46dc58cf2d06fd275fee37448f84c324e3598523f48d8,0.00014089326328925388
Source,0326cc26b26d1c5a85076d15c6dcbf6a3e08d890d4cb29c36346a17b4cf774bdce,0.00014089326328925388
Source,03284287b86a1378fdfa5ab34d7a7528f10bbdfab4c301d34087ca8996aa2571de,0.00014089326328925388
Source,0339be993760b0bfa4d45f775922d07992d19d9ba77faa4af6993d71e10404065c,0.00014089326328925388
Source,033b74d74d6b7d96e89ebc9e135c4ffb0526fbe8293eb02c05f0c28146d078605d,0.00014089326328925388
Source,033f7ffaaf6091821b402b9bb801ec3c07f124139517a7e462ae49cd146a34027d,0.00014089326328925388
Source,033fc44ec70c1c5a269a7d7c1cfdaf6f9ec7a92bbe7a8e1473e3663ce7ce8d399b,0.00014089326328925388
Source,0342ec03d283d1ab1d36fa20c8d1122ea19ef0e65c27e99414ab5e24d700a5e7eb,0.00014089326328925388
Source,03488712604abc514c04c6f8c148f820df74522383dae0c94b4b9afa89b83288c1,0.00014089326328925388
Source,0349cb2f33d5542432b016405a22dfda18617d87abe4718e61c45909b8a5449329,0.00014089326328925388
Source,034b3ecd8d87edf1e13aa23cb34c4f719d2faeeeae10010d44d91f5e432c8e4b5e,0.00014089326328925388
Source,034c6f506daf93caa4bde4e9c08d9d98cf4dfb37cfa01109f1e1ab5339471f3969,0.00014089326328925388
Source,0354683b71378699b8f03d55f2e6242eb60c270c7991ac978b6079c0dbc87a7383,0.00014089326328925388
Source,0361a4bc6165b70f5c59a646d6b1b33d576cf3bc0320592cd59fe297319255956b,0.00014089326328925388
Source,0372f6bae86ecbf1860c749e41a106446c4af1144ce8d5fe591375184b738fc5bb,0.00014089326328925388
Source,0373eab8f43b0710549ddccc19ac7824ab6aea7655f4c15f4bc93b63df5db8fa48,0.00014089326328925388
Source,03799676e76c2be7b06716809d77fcca7962766079f168e47122bca812f4a10628,0.00014089326328925388
Source,0385ad517d68a47afc08eba7192b62fd440db74cd6710e6d24c74502fa2db0a37f,0.00014089326328925388
Source,0390b5d4492dc2f5318e5233ab2cebf6d48914881a33ef6a9c6bcdbb433ad986d0,0.00014089326328925388
Source,0391904d140fdf88d19423513945a5fcc49c606521b65a85f6d6fe46ebdd1c7665,0.00014089326328925388
Source,0396ec20635d4b63d884d2737a838e7b0329e5ad44782b8321d0773541d0bacab8,0.00014089326328925388
Source,03aa776656f3d083baf8bc2c88f1555e62847adb52a2498a60d0d6a08d566fc256,0.00014089326328925388
Source,03aab7e9327716ee946b8fbfae039b0db85356549e72c5cca113ea67893d0821e5,0.00014089326328925388
Source,03ab9e95211f638cd961eb1a138dca5ccd8a9c2e6e91af6efb1a4e9954f3984e5f,0.00014089326328925388
Source,03abf6f44c355dec0d5aa155bdbdd6e0c8fefe318eff402de65c6eb2e1be55dc3e,0.00014089326328925388
Source,03ac2abafea57755b9487247b01234ca7c8e7511fd424f012ce24bf6d8836dcc45,0.00014089326328925388
Source,03ad866d77dd2b4757836cd4bb2e1b8a48a7e741cc4cf6fcb1a2f06d934a374e4c,0.00014089326328925388
Source,03b428ba4b48b524f1fa929203ddc2f0971c2077c2b89bb5b22fd83ed82ac2f7e1,0.00014089326328925388
Source,03b8a68ccec65c43c657b5280d0f592e3d491f0799a090aff38d3198e126f2ff76,0.00014089326328925388
Source,03b9b264fed14f0db13e053e2d48ea61a3db898638dee2e19ec02b6ce3aadc5fc1,0.00014089326328925388
Source,03ba52b971ba42c179a55f3579fef8b64600213c72f14d7fab7946d38f964e98fd,0.00014089326328925388
Source,03babb7da9a859ab2fe5e72659c398385638de0c7a79de7435caa79e60b87e8ea2,0.00014089326328925388
Source,03bc9337c7a28bb784d67742ebedd30a93bacdf7e4ca16436ef3798000242b2251,0.00014089326328925388
Source,03c7d41659d9192c552c52f904e41fb9f6022c964903de51e3b9c35eb41316cc57,0.00014089326328925388
Source,03ccd4cfdf6971a4cd1a5ccfb8625e564dc581557204fcda824cfaf5b84f17e5e9,0.00014089326328925388
Source,03d32e5618df518e911e2c0bf4686e9d236ae9ab0afd442f0a5de28b74d64338b3,0.00014089326328925388
Source,03d506016e3e0e540ac26d557a412520ea24990ca9405d410c24122f648752b830,0.00014089326328925388
Source,03da1c27ca77872ac5b3e568af30673e599a47a5e4497f85c7b5da42048807b3ed,0.00014089326328925388
Source,03db3238a14b391b35226b772df323298e57c6c63b775f3cb521a28ca41688ff5a,0.00014089326328925388
Source,03df3f0a2fd6bea5429a596461ce784c922b2981ada1af89cfefcd9ccfb16c16a7,0.00014089326328925388
Source,03e0dcfad4ea28427ee109f7c09f62a1210b4576cdb5f079631f9ab3565b5cab44,0.00014089326328925388
Source,03e7ecebcd918ca4ac2b9d779664277f0ad0d4bf14ebd2bcaa49ff47e85179c521,0.00014089326328925388
Source,03edcf2358b9920ec2ecb28499a0f51629ef796d891504b5423ba4b5ad18cbfbf9,0.00014089326328925388
Source,022de9279d7bde9ece983da359c4037c5ef078e58ac4118fd3d3fc86f63b354c0e,0.00014089326328925388
Source,0255f20d53b9a53c0d22268217894ccb90b11b86f956097b67e878b605a83867e3,0.00014089326328925388
Source,027ce055380348d7812d2ae7745701c9f93e70c1adeb2657f053f91df4f2843c71,0.00014089326328925388
Source,0348635db8078db29f9ff6033a2a9160d478ae6320111dff79a3c3297e3a1c6a53,0.00014089326328925388
Source,03627ebe50fc6eb80b0caab0c3714958c701eda735e3c29588e83150d6d4a93976,0.00014089326328925388
Source,03a2ea4a43bd4d8a56b41c03ea8f6e14faf2357c94d28871e881f50076e9fac133,0.00014089326328925388
Source,03d9231f97a1dccd822ffc58226e9c7f2bec9dac00df4c0ff6c73b3d3f6c6ef6ea,0.00014089326328925388
Source,0243054886aa6026a4312583bab952dad7723f840d037884d5a72b729fdb52ecbd,0.00014089326328925388
Source,037aaa31869232f752e013b20c46cf8142e2cf50053bd4b96eb92620f62143b81c,0.00014089326328925388
Source,038398286d47300a40381620e2f738c43a572fb770f42fba34e42f8fa9712e61ca,0.00014089326328925388
Source,03910da61c1b42e135f134ed92a537c758d1edac5436efbec5ee8cec1928e1a095,0.00014089326328925388
Source,03ab94b44f23b98668cc1d0f01fe6a4a41791660c14a66058c653a7da142b0ef22,0.00014089326328925388
Source,0208dfa005c47a8ae85363d12c54007a38550ca0d6f1c559ee11caaac8221eccd6,0.00014089326328925388
Source,02254f26976d6487f7664aa941e006642ac3f3974d20c19f4117069e5803418dbe,0.00014089326328925388
Source,0229ba89bd21cad840ba50ea2bdc86d9e709318965d42bb7ef7609c191be7b8fd8,0.00014089326328925388
Source,026a4c4193e1af3415a2b7f31d000facb006bc50c772e173dbaa8c8a848573069d,0.00014089326328925388
Source,026af41af0e3861ba170cc0eef8f45a1015125dac57c28df53752dcaeea793b28f,0.00014089326328925388
Source,026b33a83311adebb7915427734e483787ef57d856f5c792ea6f866cfea7e58908,0.00014089326328925388
Source,026d0169e8c220d8e789de1e7543f84b9041bbb3e819ab14b9824d37caa94f1eb2,0.00014089326328925388
Source,026d665c34210fd99f9d4be36bcfbd7d637ae890631274d1f82cbf45af8cd8b2c6,0.00014089326328925388
Source,026ec3e3438308519a75ca4496822a6c1e229174fbcaadeeb174704c377112c331,0.00014089326328925388
Source,028c589131fae8c7e2103326542d568373019b50a9eb376a139a330c8545efb79a,0.00014089326328925388
Source,02dfe525d9c5b4bb52a55aa3d67115fa4a6326599c686dbd1083cffe0f45c114f8,0.00014089326328925388
Source,0306d727c50c0e14ae9a0d0fe7e8e84fb5c08969d71e7e79fccdef22a78c3615ca,0.00014089326328925388
Source,030fe3797178f7543450da9668df56f6e0ad4044a26f90b192a7baec5f510567ac,0.00014089326328925388
Source,03439b551099e748ca19871f251d5001362b78114aa2d855b0f70c9d1138de4eb8,0.00014089326328925388
Source,0353ca731df02320a40b57d35c3b27a2bdaf62a47190481cf6f9d1335651cc4490,0.00014089326328925388
Source,036982a2b2398b9835a9d6cd2371a08c6e221f9e1b879008959dae28413af78067,0.00014089326328925388
Source,036eb65676a65660e4c1ffd728d88b3d82d027d416fad59867471fe2123de0ab27,0.00014089326328925388
Source,03797da684da0b6de8a813f9d7ebb0412c5d7504619b3fa5255861b991a7f86960,0.00014089326328925388
Source,037c65e34444c37deaccde1f61f03b93e22b3d7451894d836f60132ee5a6f486ed,0.00014089326328925388
Source,0385218f0e307b6a0e989d2a717d346942d96b4fd550e937de5f8ffe1568510a18,0.00014089326328925388
Source,0387600e7702b803edddc49d9cd5a8eac509eab5d1cc12a87ab385be39e6c762c4,0.00014089326328925388
Source,0395ab9ab6ac75949a648c5b7830ecea192c618df2fa6220154a5066878d9f439c,0.00014089326328925388
Source,03c181e13a09a649c13f60ea3ddbeefc66123c43280da8eebc19f54445f35173ca,0.00014089326328925388
Source,03c287a177705648112370a4219b3b2c248553d73ad4ec08bc83653cfc5bb36347,0.00014089326328925388
Source,03d92d6fac82b1aef7c974ee400dcc64aef3ee12723a01bdc0c269edb4f11c5924,0.00014089326328925388
Source,03db4c2b18da2bf7c5526da3faa6940cd96b7a03296d3cf66ac177abd291628753,0.00014089326328925388
Source,0230b207b3385feddb1ed18d5c7a808015aeb668aaf9bf980bee62465a382112c1,0.00014089326328925388
Source,02826f50035eca93c7ebfbad4f9621a8eb201f4e28f994db5b6b5af32a65efb6b9,0.00014089326328925388
Source,0293952cbf1be801ba5d73ff34a950affb64fcbfe2d0f46ed0b32c468874aa0d57,0.00014089326328925388
Source,02d96eadea3d780104449aca5c93461ce67c1564e2e1d73225fa67dd3b997a6018,0.00014089326328925388
Source,02e880b95c737bbe110c5ef4f5e70d0d4d04253503e42c4de2760d519f9cb9a81e,0.00014089326328925388
Source,02f0c7b731ca40a285d7c12aa1c5c7c7caa4598d3d6d34904c3714cd0d47852640,0.00014089326328925388
Source,02f7518dd1e2e9ed5b9bb91348bd62006e96511412ee0e23467dd43b0f8d38c4f3,0.00014089326328925388
Source,03362ab599d1e8d5e8e02ce38e836a3cf1a6e59f047d7f02d12484f160a6bc76f6,0.00014089326328925388
Source,033a2b51d182b19f2ce42bd0fcd83aa01ff2f19422e3f7ded6df8cdad0ba056d0b,0.00014089326328925388
Source,0341c10bb96a1a602243881f7d0ee55d95e23e3186a53f4a30f8c0c20ca51e3d0c,0.00014089326328925388
Source,03820714a3f891c7c3ae5e00dbdd77f06ceccc24ddd8c99fadef13ec2eec462cce,0.00014089326328925388
Source,03a0ec9f2148b8bf5386df07418259b260695307ffc319c1300bb12ad35308636e,0.00014089326328925388
Source,0251c1c3c167ff1bcdaef55cbfb61cf49f1c0212e3122aaf9493aa3d06351cdea4,0.00014089326328925388
Source,025ae40275ff32c9461ea7f65aa7ac8cdbf83814d2d9d2c402262fdcf69fd1f3d4,0.00014089326328925388
Source,02c303b46ef8f95b799211e9112dcef59bae6a5af6133d333ac5ef8194bc8ae0e6,0.00014089326328925388
Source,0326e262cf1921cd6c597009e7725ce3ad9a7559b3e815d34cb3dfe30603dcf83e,0.00014089326328925388
Source,0370a5392cd7c81ff5128fa656ee6db0c4d11c778fcd6cb98cb6ba3b48394f5705,0.00014089326328925388
Source,03c82c83da9e495a5f72fcfe1671f3ed84452234b82ef6f2403f24d08d59aa8295,0.00014089326328925388
Source,03d6e01e9cfa3e4f8d4720bd65d57612625b35b50f20d32b951ae5b95e608113ad,0.00014089326328925388
Source,0203e5b16ebe87b089f22e18752f1f7a66a1bdf77879df8d1c9e8d912dbfb9beb4,0.00014089326328925388
Source,0215bea618806194ad88b80de8bc11c6391edb2fa1beeea6174305856596faeee8,0.00014089326328925388
Source,021d2436cab847373a4212bf6d754ead5304f5d0791479643893a837b295f3441c,0.00014089326328925388
Source,0221d38abb8a6688ca7ebbffed2c7c68350facf3ed657dd131f9a5efa5a54c84ac,0.00014089326328925388
Source,02262bbc21c171bc91a1d6bbf89571c95873849b9a60d3ea9671b777d852d39ecd,0.00014089326328925388
Source,02287f754427019e74b88c8f3779ce09bcf2c3eefd3e24c1eb7b011b35d9d883af,0.00014089326328925388
Source,0231569f3f8c22c5d9785d5d6b425b3b7ae07d4a49e4a9e7e6b305e28a104ce60a,0.00014089326328925388
Source,02318623128e26140962b55979de5354d32854a725728ba9760148766333ac2f5b,0.00014089326328925388
Source,02318d29bd20644932aec0136c18dc56c74bcbe792ebf6c97cc9f3c0a21ca87228,0.00014089326328925388
Source,023345274dd80a01c0e80ec48928188783f9bc5281be8f5057c050492f10711a5b,0.00014089326328925388
Source,0235a13fa1e3cc0e15e088a0a72c9c732e9dd42bf5dc84330c20c4f7a1e2a91061,0.00014089326328925388
Source,0263e61766a8805e013ae539c2eadb10c2e38a4e2ed22ab1c0651568f4ab2380e0,0.00014089326328925388
Source,027537449dbaf56360c2157a605637ee1c594a3c21c67f66059007c7e7493a842e,0.00014089326328925388
Source,028737303e12cb84643d1f0181812b559a56ef5d78b4c43d1cc0c1c1f17dc88722,0.00014089326328925388
Source,028a223a73f8b6443005decbb80d3e5178592895f927d6b9838655defb383643bb,0.00014089326328925388
Source,029ab7a4df62ce776c89d51b3c0f4ff9aadbbaeaac93b43bac175f74d1b0c347f5,0.00014089326328925388
Source,02a09dd5342c4e6ae262509625a4a0c3487a00638539f7dbace6c6cec42095c7d7,0.00014089326328925388
Source,02aac548b877279c30f3abbb7301de93096e3b87144fc484dc3409bb0d6bd566b1,0.00014089326328925388
Source,02c29b89b2121b2c1fa2e5422bc70e0bb7ae7326c7a9d2b796ed6b89cdc5a2871b,0.00014089326328925388
Source,02db7483edbaab2476114207bfbdd0c6eedb71c6fa94eee88eae53c10c6b3d24f0,0.00014089326328925388
Source,02e01367e1d7818a7e9a0e8a52badd5c32615e07568dbe0497b6a47f9bef89d6af,0.00014089326328925388
Source,02e91ff08cba7981d73dd56fbb3e9123b101c9c94aafd27a7d70094ae479ba2c18,0.00014089326328925388
Source,02efe91c6fdd98f3da3dab5db81427eeb1076aba1216a7bc0cfcf5fef93f3133df,0.00014089326328925388
Source,02f84f263e1306b2136e35f7c9718089420055111265cf9897da6c025b9760b8f6,0.00014089326328925388
Source,02f97f34b35a34142321a3a0c1ad4ef576be6895fdfe4ef72ff45ccef406f14a54,0.00014089326328925388
Source,03005469048da41f7415f463c01f7656379ba042e9316e40a42008d4db8a4cd2b0,0.00014089326328925388
Source,030f35e2e50cd3e097cb243e137191d28b9628ed85b5e24b0a56c8940a8c51b1c3,0.00014089326328925388
Source,03104aeb4121f194d2996edaf1ada75ec397d9c746151d4c7023c3aa20dd1eea0c,0.00014089326328925388
Source,031371bfd9e935c86bf5fe814d8e6cbc8efe50a46d711f75837a32e35b66494153,0.00014089326328925388
Source,031e47777e35627e1018bc886ee24f81633a54527cfce24df0183a8fee7b3a24ef,0.00014089326328925388
Source,032dea98f90cf8b17819a676f1b7c6e736895f5b2d39dc8936ea68d724bcc95f2d,0.00014089326328925388
Source,0333668bbb13487cbf0623cadfc111a97a9fe61d969eef6746052d43a2fa4e0630,0.00014089326328925388
Source,03339a8dca2023a3e2a7b4ee99f6a7be87d04bfd32775d3b7f85b0d6d30c457626,0.00014089326328925388
Source,033f601cc7ed1e78d95fdf7132f2f47d5b7ae109802f9599903aad7178b301be1a,0.00014089326328925388
Source,0348a2d7bf8225013cd7f95f85fc33768b9fb534e55bb793e268bea333e0ade634,0.00014089326328925388
Source,0350f4cc415b84676267a051661f43148e638662d15f280d70474274b9c3cb0d27,0.00014089326328925388
Source,0366cbd739d2d55fecaa1010b69c26a47307e57e598a143d88f4d3ccbed0cd942d,0.00014089326328925388
Source,036c5174989312dc346b678a01c02cde0db80b9a7ce7c8a437644633b1a3d0f9d5,0.00014089326328925388
Source,037bc3e2e69f2fd1ffc55f9071881d53356082baab6852af3b2c5258ede3f5af65,0.00014089326328925388
Source,038236471e138a6ce54a1b02f2f41964ec94e333adaf0cb08f9fc4eda4ad9868d8,0.00014089326328925388
Source,0391b71b1e30cce2f0e25dbe4ce848c19e159d1677a8368d1eb3e50a34d14f74f4,0.00014089326328925388
Source,0391e2edea5191627a25ecbd327c0dc2a95c880a5b0e73af38dc4a5a8964263b3f,0.00014089326328925388
Source,039d9379e6f45e9361b3b0198aa2f81debb0fea4bd289846ae11fee22213f33649,0.00014089326328925388
Source,03a465772d45616bf6c8450a69191db8f3cf8cca19ff92138735fd5f1d436fe4dc,0.00014089326328925388
Source,03b0c9257250a53234cd63db3254cc1b44d33d1516b2dd068cb706d5e1acb20676,0.00014089326328925388
Source,03b1c1a3dd064c7b4386b688c1f0950fddb28f61f2c3be8bcaf4ef3c78429ffe4e,0.00014089326328925388
Source,03b3e145da638f4be5d1c6a38115676f8388098e527bae2cc9aa84ea050dd2e94f,0.00014089326328925388
Source,03be268c02557f7bd1489b8a9256397fd9e1c0fcdd907b9e3b404f8b792477daf5,0.00014089326328925388
Source,03c457fafbc8b91b462ef0b8f61d4fd96577a4b58c18b50e59621fd0f41a8ae1a4,0.00014089326328925388
Source,03cb48cfa183949cbfec71e5e45121313cdc56a4066543d8b69bb62d02ca691637,0.00014089326328925388
Source,03d0087b718ce9259b36485995094a2065a378135925f9a71a5daf2500300fe662,0.00014089326328925388
Source,03d6f092d9806c189d8fe2475d8a31260e891a861f57c10d742e08c02412767d5e,0.00014089326328925388
Source,03bc86d036cc77ef27773d365b1565c1b5ab3b848ea4181f9a9f3853970e6a02b7,0.00014089326328925388
Source,03e472ddc37b014ce7d5f942b00b28fb1db53d461c4a89173962abd4b331a85179,0.00014089326328925388
Source,0270a90e7dc244dc372d244b59bbcaa4fbce86c1d5a592e95d7eeecfb2136c309e,0.00014089326328925388
Source,0217a309762fb94b9dcedfd16485ca2e52f3f3c8fa1cbab54e8f922fcf1454bbd7,0.00014089326328925388
Source,0226c3a56e4c8c67ed28ba0ea7a26cb1c044a14dabd3db78849560c7e74904ea5b,0.00014089326328925388
Source,02356bca6f6bf2da33eb01e4b754a9fc575552e87cfd765893b79f83983fead301,0.00014089326328925388
Source,0263a66b44b11ac3a138626c1aed9c3eaa79e26108a38c1da00864448d44cae8f4,0.00014089326328925388
Source,028803c6dd88596c7cf92566a641f7fb62cc848f525ab0bd5d72b6856fc71a44a9,0.00014089326328925388
Source,028e65a186905f1b81b1e1013a2253cd33bfeabb574de24cd15f1b16c1fbc9a2dd,0.00014089326328925388
Source,02c28e81fc7e50af9cf2774f1a76b80d183ac8aab81d0b25d879eb73de9f7bb45d,0.00014089326328925388
Source,02cefb22eee2b8627b63f0f6acd8c15939e7a790eef0dbfd606f3d6d33b37d0587,0.00014089326328925388
Source,02ffc7438a5b07d6c8e3a55d9f61e79f7160d9195f7e5ec1fa1d2e75aeeef6b78d,0.00014089326328925388
Source,031e7ed74fd4ab8cd739a164f9857cd4116ea9441b9108bcd41b2905c965ae8321,0.00014089326328925388
Source,035ce319eb90da9ce8ef04316b22933e0b86551b4c3ad5d7a4d84e4b69b481b4ee,0.00014089326328925388
Source,03804f9bfd2cb31d96b71ea9348826193129478b63c3de3e928154b6c85ac6766d,0.00014089326328925388
Source,03a09f56bba3d2c200cc55eda2f1f069564a97c1fb74345e1560e2868a8ab3d7d0,0.00014089326328925388
Source,03bcbb5ef19549e241205728f79de46a44fd9a8c0c4fa7fb841cd8417c7b55b3dc,0.00014089326328925388
Source,03c086092903edca6c35f04d8b0574c22d21b654f3efc87f26e5b990248fb3b3c9,0.00014089326328925388
Source,03fbe1b52f572277bc0d3b0058d7858065e004ea3d4d5fff93da55c1fe9f4bb663,0.00014089326328925388
Source,024e6b1acd70476a96817daf55c3495a6ec26ec908283e45e306732281475b1ef0,0.00014089326328925388
Source,03b9b1374cf6986b99b1c727a106a07493ab7c28ac5edced251fdb7c41834ad5e7,0.00014089326328925388
Source,0376d0ede3c52730c1838a07a46a4e583158eb2ccf5cf79f918ce10c3e6fe3e71d,0.00014089326328925388
Source,03a01da97af71f7859cd1b2b6a70f221ecd49f6eabf0bf1e267bae9570b47232a6,0.00014089326328925388
Source,0282b3650afa7a0853231c5b2aed5da16a969730117541c9896fb7b9ce7d9ba306,0.00014089326328925388
Source,0225e29bcf897f22d9f546ad71185f9519db538d484b2fd2ea2be02e20b5c7224b,0.00014089326328925388
Source,02b72157c7fa1463bd358169eb02e44466a5f10a2f4a7c5e015865e0eaad469b83,0.00014089326328925388
Source,02fde375872fdfe4ab5aaa55ce7afa51674cf1b37593a59436b86a3d50dee010ec,0.00014089326328925388
Source,0306b3f8dff628c9f681e6bd3bbd1b96c1a10805a47cad0f94510764b23ca67348,0.00014089326328925388
Source,030b5d1a2f2502eb14f7dfccd6de8d227cc533fe14214c80ecb5dd9bd6ef9dc8e9,0.00014089326328925388
Source,032f99d1bd97dd02efca70dc148d6971c8cf688b1c07e526a7c3b04b65dcc7ef55,0.00014089326328925388
Source,0362dfd94dab64f1d00775aeae4365c1755360353b2f0a54d6f37cc8d438aed008,0.00014089326328925388
Source,0382ad2c0501044f3ebe2cd5ebc0d834ab79a778d635455124ef0559604be99c6e,0.00014089326328925388
Source,03b2fdf3674e934a13a72f495d471dbe15962edd4d37b9ef3bdf2cd6c09ef9f719,0.00014089326328925388
Source,03c207941f8ca7544ef4a2a329b73fa0d1b92bd55df4b34011519101a1b19765fd,0.00014089326328925388
Source,03e75549c875fafc9dd3f5432fdccb9f74c9fdf60cbf70af82b59a8fe31cb91b60,0.00014089326328925388
Source,03e809c96531695bd653141c17879d7fbfcdfebe7e053e3bfd330d2fd1836e1877,0.00014089326328925388
Source,03f20b295a728be64537bd7df1bf9092ed4bbf09b2c10f68c482d6fcb4f2232b28,0.00014089326328925388
Source,025022f660d278b8d90415bdde1b385841b6caf179dc69569e4b55fd5aec70555f,0.00014089326328925388
Source,02b8a8fa4ad69db88358dac5bd71c133b05aaf58f2fb82ef3b16b9b68c6ba1e6bf,0.00014089326328925388
Source,02e1dad4d396696cb207a524bdf595f1a2e6792d7b990f18cef1ebd1b557bb110f,0.00014089326328925388
Source,02ff30e83896d453cfc89ff4dd06d23d793b7246f154c210324adc1d42c849ce74,0.00014089326328925388
Source,0316526fa9d148235c55884fa12b0ed00ad001a79a8773d0408d2172209f36772d,0.00014089326328925388
Source,03223cf7709a22ade0e34764e7222ffa792fbbba2878a75b84705545f3726021f6,0.00014089326328925388
Source,032ae3168ba52314da581d6b6693c562b437a9cf805933d4d69e7801547e07302e,0.00014089326328925388
Source,0333a4a1ec6ddb057fdc26c830ee0e457ddaa32c1eb476a8b46d4eb1a592f70578,0.00014089326328925388
Source,03407663d5245bd45bc65a9da81cb7ce6eeeea3c94656b7406f11c5165b9fe7c39,0.00014089326328925388
Source,0376bd2f87ea8376ae5b451f85a4210e4df5ce81b949054288def4c7867640923c,0.00014089326328925388
Source,039dea43211cbdfe6d020c44127d70e41a355681f2b01eae35832e2b5fc87b5dc1,0.00014089326328925388
Source,03c72f89b660de43fc5c77ef879cbf7846601af88befb80e436242909b14fd0495,0.00014089326328925388
Source,03df75dccb85e82f4b5cf4a6bcb28b32ea12c878e809e89f4e3b35541eafebffff,0.00014089326328925388
Source,03eb9f088f62bb414b74b11e287624d5f05fd92b582658b47b4ed6048e0dd01404,0.00014089326328925388
Source,03ecef675be448b615e6176424070673ef8284e0fd19d8be062a6cb5b130a0a0d1,0.00014089326328925388
Source,021d68bb9e345d96db2d5c096413d8ebf25e5bd866588730b74cec1e6444bab82c,0.00014089326328925388
Source,02253dee7c1a45ab049c4d8832f620df6c0f4b100751d86cd763ae7cc2804ab221,0.00014089326328925388
Source,022b766f64a3b647d26b447396d5f5b914f13bb032a10d64de4446b84f9a48af7b,0.00014089326328925388
Source,024e5474a49ce2f1518c05115068413a6b2a3e6799ab919a30037b5f3cf4ed80ad,0.00014089326328925388
Source,024fabbc7c4c161af673563bccbde1837ed263f51e3f43879fc117cf0258eb9219,0.00014089326328925388
Source,026c644aaca2fc73843dd9849fd1200ef66963391ba5e1bfd4f4f0dc9209f729ae,0.00014089326328925388
Source,02967a0eca8bf58d05634ce2f91f2dfdd1109742e83a5ca3b4cd947e84b72085dd,0.00014089326328925388
Source,02992960012262be5891d59080007d18c85fe7b9b594198e5aaff9f5291fe32742,0.00014089326328925388
Source,02c8649212b1cc60aaf7d0aedfb306291dc4d3d37643b4e3067a3896f9622edbf7,0.00014089326328925388
Source,033fba3ed526c1b7eb60379e5f68f07225df7a4b1ff6a6923dc9e06725169d1d99,0.00014089326328925388
Source,0357e23939805a0a739b693107f1efd33936023afb7dea6472cd2118df6a0a7036,0.00014089326328925388
Source,0389b6edbdf24d45af96261f8493403abee39d74f9b1d789e70d1db9cd4480e77a,0.00014089326328925388
Source,039af365f0b2c9bcfeb7fb2db60e1972d2ac58e312720879eb6f755f9b800ef3be,0.00014089326328925388
Source,03a6e8c14ace455f0bb3ada357e0bedd2a1e79fd8688d5ea633f7bd28467a624e2,0.00014089326328925388
Source,03cb151cacee2103018e59d5a156ffc7dd6e208d93dd1e846edbbca5bb4e842f3c,0.00014089326328925388
Source,0271eb5b371c6f564e515f1913ba924209b53a7e4d457a81fa3f8de5ec2a37380b,0.00014089326328925388
Source,031cfaba2209a915b79ecad9f94f447283a3a864e78124fdf62bdc44ca763dc292,0.00014089326328925388
Source,02c911ba09b21441200e0424279720ec13290b36cd51f4ab1a80cbb40b3baf0fe1,0.00014089326328925388
Source,02f77ee974dc8b413ed84fcf1dfacd75710144fd69feab6d045ec4da83d02dec95,0.00014089326328925388
Source,0387e2ab63f1f11d1e93b780197205ee979624128fa2ef39a0c87f4055adae6754,0.00014089326328925388
Source,02ab94392156ba8f9e65ac228a595646215d887a492ae1077f57c5957f5bca81d5,0.00014089326328925388
Source,021494dc21ca304f4553e08effa6567f4e93d38ffa61f49b07c2cb262c314f2616,0.00014089326328925388
Source,0230e8b298bef620df9640c7a956106f905dbc48d5cedadd5837f3a22a9cdced28,0.00014089326328925388
Source,026949ce8cf272dda44079904d3da4ae118df797e803b9baa2c2482aa2a69bee53,0.00014089326328925388
Source,0289753f4559770003baec773453f8d1b2dfae3256546891e4cfef3a0bdbaa4f30,0.00014089326328925388
Source,029b81d1aaf177fa00c1c5796360163bfa98ee4d5d0daa54c6f510d9e237f376e9,0.00014089326328925388
Source,02b56712f65c281a1eacee0bb034699a716535a1c8ae1c912e232893d4ad27d3a7,0.00014089326328925388
Source,02ec4695ac9e0af8f8ae42cedc903eedcd3cdb6d7f7407c483840649e23bf51bab,0.00014089326328925388
Source,031a8edd311cc42ba4a947bc82c23c73fdd18ffa21046a9eb00dc5cc9b133554e4,0.00014089326328925388
Source,03587d4a81a217efacd4127d610f2c965c6b3c410a0ac538503c751c2486630e18,0.00014089326328925388
Source,038a9e56512ec98da2b5789761f7af8f280baf98a09282360cd6ff1381b5e889bf,0.00014089326328925388
Source,02a1974203771ac9b0106291b6de45ad5cc0838cc683bdb6130812c3d8b9d90656,0.00014089326328925388
Source,02739112d892101431367ea2bd95d7d583eec5569470e2aa0d8a8cfff89983caef,0.00014089326328925388
Source,02cb636e4c00127c8da7864d94a26b16a789dd4a082e0a9b7e2d99077b02fc050c,0.00014089326328925388
Source,0310dfe64857489e08e93ee3663f04659c8a1953715be2c55553d1fc7fd8722201,0.00014089326328925388
Source,03b8f7d9499cda7890d981a319d86a26aebea15df70344fd8e8e135779ed8e76d9,0.00014089326328925388
Source,03cc8003786ec763aec9087171ac399c670c95f48b1b67b1682eb9826b640b4a1a,0.00014089326328925388
Source,0332e53b269fd948d8567a70dbf8502c2b6f9091fe88b859ffc1cd88045b3daa6f,0.00014089326328925388
Source,021998f701de16564da7abff57abf8a79bd722de3f0152d5e7a219021fd5287510,0.00014089326328925388
Source,032a4ef74adc51cc95b2cf89404e00baa9d3f0dfd99e5955ac5bc4062a465d6e9d,0.00014089326328925388
Source,03042f51a348429fb0dc15acad4f638114dd8ff77d7fbc233d5fa3af2511b4dfb7,0.00014089326328925388
Source,02542b74385b4965bf6b5616a0eaafee06b58ac62e3d441fdb2380a92ded3cf124,0.00014089326328925388
Source,03b42cde049acf59ac18876d552e8230e780aee50345855b91ba386bc7c55da208,0.00014089326328925388
Source,03d043921e53a7b12a72e298aee8607b3cf7d282075972ec37d94a713c62335476,0.00014089326328925388
Source,02465032f2fd0071c1e82239765facacedf52db28d4d343dea33efcb0179ef5b39,0.00014089326328925388
Source,02684b5d5447a84103dac894e4c30e54c41862f0b04416cb400b672a29f088604c,0.00014089326328925388
Source,0325c7b315c239107eedf7a445ad180740ffdcb8f00d7c64159a0ec204cdff0238,0.00014089326328925388
Source,03a66a9c1f4744f6cb77efbf3fee3bc17e9a5587c9c00aa09f47d51fcb2d2afddd,0.00014089326328925388
Source,0298efb4ee7ec9a4a8d145314799df8441b901588772ca0d20b82179a2993afad8,0.00014089326328925388
Source,02c0d8faca275e161c20c9250afedfc64d223b4f7a0a00074a1d64f0dce9c6fe97,0.00014089326328925388
Source,02051a247550d168811c7508e4a84246ed3a756a5eeb0b8947b9430e79e99c0c39,0.00014089326328925388
Source,021b97b0099963bc56fc0c7e3b257ebe3c66ac7616dab1f3aa72e3208e87ff5d1e,0.00014089326328925388
Source,0223d7aa491e26a307b4203916b8d60ded8cfe832806b432d6cfc278e96374f9aa,0.00014089326328925388
Source,0225ebcc280a5c1fb2e5d56fd2ada9a1b1277f66cf5ee090684e9e5f6e6313b475,0.00014089326328925388
Source,022c85f607ceda998bf78cceaed94d329fe24409a0ff640d124db9483557817e09,0.00014089326328925388
Source,022eb09a7993a0edde69537b420f4119c0de833e0ee47651753b46bf884db75235,0.00014089326328925388
Source,0232f4c09bf0a9a1c19c68d4b22ebe0377bbbfc240e62afaee824d9355cd52eab9,0.00014089326328925388
Source,02361f3687a21d4f0e77d2fb024803e7fd431cdf4d746cd7ef89704b38b3b81b18,0.00014089326328925388
Source,024357f94113989d75c146d07b3ce3b24b7533283f61abf4fb888efdcaf16cdc31,0.00014089326328925388
Source,024a8228d764091fce2ed67e1a7404f83e38ea3c7cb42030a2789e73cf3b341365,0.00014089326328925388
Source,02741f86e0ca163ff710f79c3d319a0765a2189616ed10ac5729b30f11db4d4246,0.00014089326328925388
Source,028142dba8a06b1f2630f08b238b36645b458c0dd2a06fccda05a17115b2921a3f,0.00014089326328925388
Source,0291994c03e93cf58f3629b62e404851c6dd2f6b34241937e012aa84851a90eca6,0.00014089326328925388
Source,02926b19109c70bc8dafa980fd65a1bff673d3a52603b816aa80d27f7961dfa945,0.00014089326328925388
Source,02a49e170b9b5c0d4f4b4908da6fd797186f04166a0182f37ea87fb8523c3646ca,0.00014089326328925388
Source,02bd37990d737473a7827d3aa0b5d9ba46d2ac16c73753567e4d703e0a9dea3571,0.00014089326328925388
Source,02be146de8bd4b92f98b038a9d9ab413ade61fd8aabec7ef124ef24614bcb67e80,0.00014089326328925388
Source,02c7e5c1e3e4bec5a9195ee82cf470b83fdec1b52b1801e8e8aba54b576ac5ce6a,0.00014089326328925388
Source,02cea40d9abce36f1f8cda175ba1ba7c3e3a72c10b52647e1e9508dc466c639f58,0.00014089326328925388
Source,02d2f693212fc525ad1a4d7546c2f24b96a8c002b8567c49fee744569a4abc6c99,0.00014089326328925388
Source,0355b39fb472045743c767e1f8de60128b9a68deeb5a834f343ed4968cf0193fc7,0.00014089326328925388
Source,037310ee65744f9c4a37cba7dae742a881f7bcc57f6be70b69a437860ffec410ee,0.00014089326328925388
Source,038a43948bc67703c9ce8a94aa298867b8533633ae95dc80edf6e34020e820f030,0.00014089326328925388
Source,039b8b4dd1d88c2c5db374290cda397a8f5d79f312d6ea5d5bfdfc7c6ff363eae3,0.00014089326328925388
Source,03ceeaec6cb017d1ea8ad04a5dfb3facb24a28399d24624ecce8f319973de361d9,0.00014089326328925388
Source,03e354c5bd6a262e04130f77841386c6942413c52d6b34448bf15344067d5aebe1,0.00014089326328925388
Source,03f5dc9f57c6c047938494ced134a485b1be5a134a6361bc5e33c2221bd9313d14,0.00014089326328925388
Source,0200000000727d3b67513c916f16975e3bf8f3304cf3fcf0ed855e2ae41888f461,0.00014089326328925388
Source,020cabb16e80b37c44e9897fc2d0acb868556f04b7a879c1cb60fea4123aef8f8e,0.00014089326328925388
Source,021d46b2afb74cc2d79788fcc7e440ba6dccb5a0d0c7b71280aa3934bf7718234f,0.00014089326328925388
Source,02345b36322a4beb0949c6726a36839a8eb30c29b1b61ea66b8d1594ec06f4bd5f,0.00014089326328925388
Source,02404d14a1a5ffdf7f02a04b1aea3941a9ff3184b9ef2fd2c78af862cde9572188,0.00014089326328925388
Source,025783a541e08399f1c35437c145ca0a1b059801fdb2de59eb650ec2b5426220ac,0.00014089326328925388
Source,029b9267d1d6a189429fb71f53ab735eac6e7a19d12c9ec2503c0a08840910dfe2,0.00014089326328925388
Source,02ae0f583a14847b449508fa5b4c0979de810e4b708db63b2d29e178c54ce894a6,0.00014089326328925388
Source,02c830d3de44dc14dc0abe4bf9d4a76dca14f79066d0cb9ee02939adcb43688594,0.00014089326328925388
Source,031136296596066af4ad7b368bc441ac925a9e82ba3cdc0f2ba38fecc7399d3ab6,0.00014089326328925388
Source,031a01e29587952eda0ed5d10c4e79bf0fc88d61aeae89e8a7ea7c036badb8c793,0.00014089326328925388
Source,0383384a2a75341f5ec28322ae94ee322c243181fd7b6f6df7913d3aca1165e7ab,0.00014089326328925388
Source,0385262f7e9e2eeeba1e7d6182a0efec98e79d01154b76189f3e0b88bcee279dd0,0.00014089326328925388
Source,03a6eb1774c41a1fd77590c8aa6c2e8c5c0a764277499645b61cc1220f4f9c900c,0.00014089326328925388
Source,02170ffa14bc0486252ad0213e698570cb5492955f6f6cd5ab97145a94e11ae696,0.00014089326328925388
Source,027fdf3fb07b893a10cbcf9cd077bb69580d7fbee44cebf7e0dbb2f36f478dfe78,0.00014089326328925388
Source,02c61e171140fc1aac5d3e0bcfefdc79ea954306dfa29265f02def849dc7e80419,0.00014089326328925388
Source,032fb99b520a0528f48ccb4e4f5be909a6348dbdb939dead0f751b90098018d262,0.00014089326328925388
Source,0336a0b0aebd6aef87eb2cc81deaa58aa13261786e56e11ad2656036d8635144ec,0.00014089326328925388
Source,035fed4182fbd0725264f8a0018cabb6b25514dd231291162ac8dd63afb278e9e8,0.00014089326328925388
Source,03d465309d7f3734fea6b4fdbe362bdeb7d49770dff846191154d6c203a1049d7c,0.00014089326328925388
Source,03e897edf5f8ab55ef376e688d01f2b660f113e130f781ade72eac8a804b335b77,0.00014089326328925388
Source,0202f00d5f5c91a3c79113851b162c2b75f2cbd9fb2378fb4a4ce92d5ba1e63e08,0.00014089326328925388
Source,020333076e35e398a0c14c8a0211563bbcdce5087cb300342cba09414e9b5f3605,0.00014089326328925388
Source,020518ce69c7e60da8e9b145d88a5bbd412f0735e5119de477eee3182a7ece08ec,0.00014089326328925388
Source,0220d71d6912bac2d139becf75affd6a93caea63e38e055b5331600191d0b7063d,0.00014089326328925388
Source,0226f31c5f3a8b48bbbb7aaa97a10effcfb445b5972a676955d5c095383d35a428,0.00014089326328925388
Source,022788692d9132e73e6e50721e17d6b75e93349876b106ef3cec0cd5ce69b81f17,0.00014089326328925388
Source,0255cd2e8a722497c4f76c7aa42f5d3c38e18ef88dd0b584d21b2096651e355b02,0.00014089326328925388
Source,026a0d374752a27ae489c37d6b37d76d9d7f8ad27a469d091d740018bbfbfdcf3a,0.00014089326328925388
Source,0270dde4f0e3b60d61ef11d65eda76f54381f9aecc0de632bd32479c5e1da67c2a,0.00014089326328925388
Source,027b510a7c40bc1aab58345eedad23062578a5647d13a69ed5a2b90290de2faa81,0.00014089326328925388
Source,0283a2c4416a4803590d46fc104a8df50455c84cb25e9efe494b3ad4739bb5b3f7,0.00014089326328925388
Source,02846c64281cb9f271f93f53a0657976e68cfb0830b49f6ea4450d22878faf8d62,0.00014089326328925388
Source,028a3a69336f1c21b584e826293de1feb81435dcaee927e6b58dd76385142da044,0.00014089326328925388
Source,028d1db1af4ba4982e4dd71c6e4167065602021f34006c9bef683dc57d053df4e9,0.00014089326328925388
Source,02957896a4cdbec7618eb6eee478957f7f5acaaa03c7af5179810ddaf9afbb8327,0.00014089326328925388
Source,02961ed16db648f99ff5aa121a263420911d6b6011794f2a99b79397b5e8b2eed4,0.00014089326328925388
Source,0299b346598af7ba4ca37af7ce070a9f60f679e161ccef376a46737ad2ace3f648,0.00014089326328925388
Source,029daf6925ead3d3934890b565978a93f28337d12ee3b7943072e47662488f2942,0.00014089326328925388
Source,02a2b81a825b5e73c0e4688e6349fb674dd759371ce03fba108cfadfe70bc5a11e,0.00014089326328925388
Source,02a7ad4a99ac5f72ca8bb10f320beab966bcc8bc86fc2384bd17f238ac8a8a5441,0.00014089326328925388
Source,02ad6fb8d693dc1e4569bcedefadf5f72a931ae027dc0f0c544b34c1c6f3b9a02b,0.00014089326328925388
Source,02ad9affc8768fee98f2eb6423e2f848341287720e454a34a4cb5107a43faab31e,0.00014089326328925388
Source,02ae4cde808ebee3684b7107fd337b1b05a1f12e92467f12c24cfabe5b75e36152,0.00014089326328925388
Source,02b00c7ccbf4965cfe843bea8bd34acccb0e75584dbd94825fbaa01ef98e4b89b6,0.00014089326328925388
Source,02b1afba6153f9668ea0be12f4dbfc396a782a52d3eccf868732a1088eb2cc5d69,0.00014089326328925388
Source,02b20c736785ce8e801d50ae0bb6f6daa534a992445b44f4b6255ebedebd84c037,0.00014089326328925388
Source,02ba3ad33666de22b4c22f5ff9fac0dc5d18ae9b6ce38c0a06d9e171494c39255a,0.00014089326328925388
Source,02be8a325c61af50aebc2004e3a3db0dc8d255f2fb95036738392172f739fa1c3a,0.00014089326328925388
Source,02bebddc34ff99181b3a705107815d0c48e3598d62f9fc85e538a3313735839473,0.00014089326328925388
Source,02c2ecfd7e7646f7a249491c565737b5c9f83863c23b88e752f2d624e026f5fde7,0.00014089326328925388
Source,02c73c8ac3f37bb28d9fc3819dc17baecdf24b137d476a2a9e22395d490d842bec,0.00014089326328925388
Source,02d57312dec8d0e07d7c3b1826d7a1f5133a0afdbeb5a7804978ebf47621ccb6d4,0.00014089326328925388
Source,02dc0e58d3b2a396a243b8e12b6e1b333ff95cc0fd3429e732039ac93f40c7584f,0.00014089326328925388
Source,02ea4ae75bf67950b61ff48844c1f283868f108110c3a234d2b9cc885b149adb31,0.00014089326328925388
Source,02eb9dfcbe445ea0366635e932db3bf78e95eb5241ba9bd3f1c72b48fa9f3fc234,0.00014089326328925388
Source,02ec921faa245b5813385e04a51a6f0e2d99a570ff820bc42b6d1048c278f21216,0.00014089326328925388
Source,02ecea52a1ba30df9046fecd001498eef4f7249bf164eafaac2784ae201a262a56,0.00014089326328925388
Source,02ed7a20586fab0461c75bb3912c100ff1046cf545d57c753e1e47a629983b8feb,0.00014089326328925388
Source,02f778514e68fa50c90ba49964371e83786d62a2c9f82c2545a0510a5c6a9f9eaf,0.00014089326328925388
Source,030a789fb7dd1e9aa80f8409d4666d59de17a2e7ce9e8adf3ec0314a6ed3e7e430,0.00014089326328925388
Source,031da27172ae518f7a492c428795f1876ae65752b9da43477ff4928b94d346ceda,0.00014089326328925388
Source,032434517e28f7b51665a525d5e11fa493bd4e30a59883b8156c2be4085f4aaf70,0.00014089326328925388
Source,0325bb9bda523a85dc834b190289b7e25e8d92615ab2f2abffbe97983f0bb12ffb,0.00014089326328925388
Source,032d5a4b5a6a344ca15f6284e3e149f4716a1af782ffbb0194e0dadc077051acf0,0.00014089326328925388
Source,0330974249e7f1d9f515e04af3bc664b2e924641de53bb43fb9efe3fa6edf0e2ae,0.00014089326328925388
Source,033e514ff30be0ea421f9512da0ed1aea52ea541275654d034bde3470a61269285,0.00014089326328925388
Source,033e8bc45cc79dabebd18507ba39b101c839240932174bff6ddf34631305881cc3,0.00014089326328925388
Source,033fc997c1622281b143fce0cce0711f18fdc8129684840b835d6a4c5ef9d49ddf,0.00014089326328925388
Source,034c3dc51afed189148232b9a5975c19b63ee717a62cd0613a2799b74417a5381c,0.00014089326328925388
Source,035c4456f52f70bc2b5d55fdca73b63752aeaccbcadce3cf8ef53d7c9e37674c57,0.00014089326328925388
Source,0361b5e2752ea24a0073f7e3221bb93498c85c54f9744e3431657501aa0b42d9a9,0.00014089326328925388
Source,036fc6041f67b673e9357118eb2b74cb71aebf7e1e3535edcdba3b808b2a790c0a,0.00014089326328925388
Source,03740f82191202480ace717fcdf00f71a8b1eb9bdc2bb5e2106cd0ab5cb4d7a54e,0.00014089326328925388
Source,037cf8dde7210e5c0de0556b6c7b74d6b449a0836fa0e6ea8b8c9bfe97ce5f2ecc,0.00014089326328925388
Source,03816141f1dce7782ec32b66a300783b1d436b19777e7c686ed00115bd4b88ff4b,0.00014089326328925388
Source,038198109314be718c531864a7494bfc66a5a7666d2f7b6afcf5709448b4d9e8cb,0.00014089326328925388
Source,0382b31dcff337311bf919411c5073c9c9a129890993f94f4a16eaaeffd91c7788,0.00014089326328925388
Source,0386efd6861c73cc85357a7d477e7a3b078f1b95d3e512689b28a63b155a794080,0.00014089326328925388
Source,038775102258944fbad46ce629d453317ddf62dfd391e623e0db3efff0fb006762,0.00014089326328925388
Source,038fdaa84188212e7aec321d443c3206a3ea4e009aa41f37be194154b1be6726c1,0.00014089326328925388
Source,0390b3d73a0e40a1a4d91d486f422bcb232868000a05cf4d88d74b62a6e7421f18,0.00014089326328925388
Source,039e8327879cc56a485195fcc5ebfae14bf0dbb5f29261f8c2c2689a1e7e7c8719,0.00014089326328925388
Source,03a327ab2c8adcd21758d176f357a8a1e3cd833e8979f665d96cd189ea6ca01fae,0.00014089326328925388
Source,03a3e1f40f49840c720d971a3b2771ba43532cdba4668a208c85241e82762dca68,0.00014089326328925388
Source,03a4d094802dcf01f3327f7b6862d5089cde71712e3fa3c75be8f09a8d7fc5f739,0.00014089326328925388
Source,03aae60ebc0d009ef1bd3bcd5c66611d66cd235bff9ee7d2ce7ffec89fb369e981,0.00014089326328925388
Source,03b392152e19d74789b366aaad427f946c2aa4044e6e6ca1b13b92e48707914f76,0.00014089326328925388
Source,03bd82b6d63567c196025b942104523f0e3440086c09627d140b83fbab47557f8f,0.00014089326328925388
Source,03cb8d989cfe7e59d0302a49d5ec96d1dbdb4ed943ca424d1108b9f6a7fc843fc8,0.00014089326328925388
Source,03d35779ff612c574b92494d74300ce467e0eb510181a6ae3eb74d8ada891d82aa,0.00014089326328925388
Source,03d6b14390cd178d670aa2d57c93d9519feaae7d1e34264d8bbb7932d47b75a50d,0.00014089326328925388
Source,03d860c48ffecb94dd15b53646943ae1a3eee4a53374fa88b5b385e07a2c03e4da,0.00014089326328925388
Source,03dc90588725058b0d68b27502396ea8ec79a0df4046b3cec0570a766d68b14575,0.00014089326328925388
Source,03e35f46a031560d437b3b2d81dce1039a19d12421d5a60362135448d0d96a077f,0.00014089326328925388
Source,03e507065c3b62d966721efa7b9187207a3ca863e8333f0a1003b0f37e12209c16,0.00014089326328925388
Source,03e9dafc1086f4e9f5617a011991f083e448e693b0fc073f4cd09de7cbc5069203,0.00014089326328925388
Source,03ed75f1ec977b78f26e509cda991f28d30fa6ee6138d91aecb2cedba323d82add,0.00014089326328925388
Source,03edba122ea9d02126968a3e404680fa136b41440dcffc7c6d6db18231e9b52975,0.00014089326328925388
Source,03f13fcf0e95d329e779c551675cb01b85b3b01a095dcf280efed20520cd912a21,0.00014089326328925388
Source,03f4e34609a220e36157b542d024fc1d9fe145c436dfcd00d0162a0edf2d4c5f00,0.00014089326328925388
Source,03fb1e396cc523f9823458197150b74fdc79b0478ee00f67f526cd1e14e1ad267d,0.00014089326328925388
Source,02963d1d5feacc58531c4e80927728321626eaf2c68e50e5687b3ea77866c160ee,0.00014089326328925388
Source,02c8d82c8925be7987b4a5fe55425af6928a932094d014b1fcc3aa4a7f30df6c02,0.00014089326328925388
Source,0329c723f13525de7e67a8130243c4a214d6693d84c910c01ed9127b7230d709e9,0.00014089326328925388
Source,029d08f1d1e2717c45eb4d2b226c757338f378c823c302ab2f177b1977492fee88,0.00014089326328925388
Source,020003b9499a97c8dfbbab6b196319db37ba9c37bccb60477f3c867175f417988e,0.00014089326328925388
Source,0205bb43fd083ef8d8b9b4a4c96d8cb1256e5a5249de711c36c32f79788a01b00c,0.00014089326328925388
Source,0205f412822832116a7dc11cbe2704f1ce7704cf1c2c1963f925589f98b8774dac,0.00014089326328925388
Source,02063fec62479bdf7d43f046056303e48f5029108111ade42aef41c622a6245d52,0.00014089326328925388
Source,0207ed361128e101a16605fd8e7b491e2d28f7db1677363c9712a3907523a414d2,0.00014089326328925388
Source,020d0fdcc9cfca39aebc7b6fd5657cef4bd5287e571afd6317f0b0a8b4430e3c00,0.00014089326328925388
Source,020f744caa3a20c3195de8752024f98edf1100b072db7bc5d582d64a860132e7c0,0.00014089326328925388
Source,0214ec5397050f7eec8e574d1d6feaa0c992169ed107056e6bd57aed1e94714851,0.00014089326328925388
Source,02159e8c2198559cd4456d13b6365aef9c3b0bf0cfc85b830e3282448660a505b3,0.00014089326328925388
Source,02180d6f6e349a86d13d8828abecfea0b80c7cc73003e8366ea753973ee835a0bf,0.00014089326328925388
Source,021b5ad807784041b0e6104f4e6ec35eb215659df624573d280ae1bbc20cf816c8,0.00014089326328925388
Source,021f89d852ea916b44e640565fbbdd99d8b4bca96d80b402e32ae5cbf9521d062d,0.00014089326328925388
Source,022b213281fad5065c66ed53a53198a04b4cb528ce92d76ed0175471b93f1db74f,0.00014089326328925388
Source,022c1f1ec7f9f065056c97f32a0f2275db0bc74583630c6592e7dda2d92df8e03a,0.00014089326328925388
Source,022d509049e143b1c5fc5383210acb97a3e5a4b0e0d31dd4c920eee92a4aacd312,0.00014089326328925388
Source,023b05691b633cb1190453c329795f1b48ecd0f61f9e29c00fb9415022ac6d7a6f,0.00014089326328925388
Source,02442d4249f9a93464aaf8cd8d522faa869356707b5f1537a8d6def2af50058c5b,0.00014089326328925388
Source,024636018bfae0674b64513c8b5c247130f8273c75a93ca6536240a00d7253c132,0.00014089326328925388
Source,0249cddd0ee768edad24893679fc753fd1940c6fe01cd3b1aa8b1d18c856d4492b,0.00014089326328925388
Source,02502660576c4274b49b27ad48087cfa110960472c3846d99ba2c96c8f6bc52ddf,0.00014089326328925388
Source,02529db69fd2ebd3126fb66fafa234fc3544477a23d509fe93ed229bb0e92e4fb8,0.00014089326328925388
Source,025f735f59ac2f691e83f42f3ed7335f8883e651e7e3fafad37fc0f745cf015799,0.00014089326328925388
Source,026067a7fc2b0a6b3414d29fe854a784267c58d826bd5d940c501ce18d585caf7a,0.00014089326328925388
Source,02607c9c92b7fa405dd27d8114d5ba1e6c04bf8757bef18b3649bffa2691d7638c,0.00014089326328925388
Source,0260a613e8be8ce612813b6b72a7ec2bd5719122f9618dd6d3a2468f869f8836cb,0.00014089326328925388
Source,026209a739dbf4ab8c73db56773a61247e92fecc53ec5c8f7ae41f6d11fec64a04,0.00014089326328925388
Source,0266ad2656c7a19a219d37e82b280046660f4d7f3ae0c00b64a1629de4ea567668,0.00014089326328925388
Source,0275502b6f71867ab7b6a4175e042c513758952e86cc5bff38161cce7e70302bf5,0.00014089326328925388
Source,02765a281bd188e80a89e6ea5092dcb8ebaaa5c5da341e64327e3fadbadcbc686c,0.00014089326328925388
Source,0280133316d7e1571a7b5842092c955e027e00c6859e404e5ab3e28c42d9aec332,0.00014089326328925388
Source,0282d3f067cc541bca91e1016125c9361631fe7b6c8bd3a5711a8809489864fa8b,0.00014089326328925388
Source,02868e12f320073cad0c2959c42559fbcfd1aa326fcb943492ed7f02c9820aa399,0.00014089326328925388
Source,0290fb6ecd5865f7a973e1d48ffbc2612f80f6a2defbd6a188928bd0492bc2847e,0.00014089326328925388
Source,0294f3e45ef1a1f70cad57ef1b5c412e318e2dedd561e8f15829b83be8a2f18b37,0.00014089326328925388
Source,029658c18a365d050d5eb75d86b281d7e151396872e2f8c27777b95942e44d6c9d,0.00014089326328925388
Source,029bea9e4fbb6c26ba7df3beebf21a6df7d45798675a98e68b3e50266c87dc5c2a,0.00014089326328925388
Source,029ccce3929309ca5a198ea23840651c92dacdd43a0b58507be922d273b5d490a1,0.00014089326328925388
Source,029e048e15fa4740c1f3c8f99dc355b75cc00f3acf295dc583bee453f8520765b6,0.00014089326328925388
Source,02aace31b8120e29cfc29d991b63fe8614cddd3fbf6148431cc3a68932c363ed29,0.00014089326328925388
Source,02abd50ef667e05d26a1132eaac0521512605444e95bf12c474a114c7407994eb7,0.00014089326328925388
Source,02b45e6448588de24daf7c773a674ecbcd3cce3bf2cf27428d1ddbf1e6ca034684,0.00014089326328925388
Source,02b814e877ef16dc7c6f96cbecca2e1759b860efa827ef2bc85a79d8d1ae7f3be6,0.00014089326328925388
Source,02c0359c835024ab08dc926c8b0188c6594a1d266f116fd06d90dfff6b32c2d7ea,0.00014089326328925388
Source,02d96b23515a63c9a8a5981cc4be539a6eeb60043b2fa1c3fe0940cd0bbfc21d74,0.00014089326328925388
Source,02dc9618bf6efef1e95a2686ee8685dff78f1e5b5c17017bf95c3eb831bb2f31d2,0.00014089326328925388
Source,02ee60fef298e59b2ae4ff09642a62a1317c7baac97d51b1fc7e5581d1c6fef695,0.00014089326328925388
Source,02f235d24729fb6d06c7d4e7d3b7268e33a4ca14a1044d7a2b11b1670e2555edac,0.00014089326328925388
Source,02f7467f4de732f3b3cffc8d5e007aecdf6e58878edb6e46a8e80164421c1b90aa,0.00014089326328925388
Source,02fcb7149222c1fc70376b04d631d9fd86b01f268d65148bd8010cef799bf41397,0.00014089326328925388
Source,030057ffea1a1650ce716aab702c9fc29ce24659b89650eb963f2455df0194c997,0.00014089326328925388
Source,030112133f62b20f81b76754695a0cbb683552c307a062897123fbf3d6360f394c,0.00014089326328925388
Source,0314a24c30311e514f436a3732636ce0958e014a4a4018ba92bd2cd665c0de5b6b,0.00014089326328925388
Source,031799c401adff643e20b825f9f84b9f9bcec7c311d7c7cc0218044a26f2a107d9,0.00014089326328925388
Source,03233b3339914a17aa7dfaeb78b677534559c9f997fa5775c3e43747593268aa96,0.00014089326328925388
Source,03279fc82bf354280cdae4c84033f856606cbe2d431d7cafa4387329dbd5ae529f,0.00014089326328925388
Source,032d220e18d098ba84c95ccc3c76e60f9346c0b82e776c824cd852bf5391492812,0.00014089326328925388
Source,033f1323173de7e70b4832c0b9bf27e9997198a04e244bd9dbb9e78f86469bed3f,0.00014089326328925388
Source,03413fad64682198e5c740af24388a9d402485ab0b6f7bf05fa04e5a25a6e331b4,0.00014089326328925388
Source,03457d5efde77c43ae640d8f71aa00204ba44bfb4cf2c6cb54dd3c69d340ff1de9,0.00014089326328925388
Source,0356380051ce63f48f85400f214e6d285c114114159e246b597085ecae4c5ecc54,0.00014089326328925388
Source,036afe432cad4fd5a5671d9d95d3d3671e315825efdc10f734dba1f47a711a276b,0.00014089326328925388
Source,036e69d69b4769650eca66c0c15dc385016fb7764e8b2343603f3325377a33e572,0.00014089326328925388
Source,0379999536346de413e17cc42307688b96dfd012d1832c2a698bae23ba6d45bec2,0.00014089326328925388
Source,038352cfcfbc3f53c9a8f469f8d881bf18d3519364aa98cf8f9a10e0171ad008f4,0.00014089326328925388
Source,0386b35d2c0c4f16407f189865b49ff05d66eb0d9334226083ce57b0331eb9248e,0.00014089326328925388
Source,039e05e271f537cfa1c060d2364b960b85bd509ac89bae524e4a01948a07b3e8d1,0.00014089326328925388
Source,03a23d220e27ef41688fe6912a3897040dd024fc53a3d2f6c9a621858c991fbfd4,0.00014089326328925388
Source,03a643b2f40f86f06a94fd30a603ddc7060a5c1910259ef859b86dfb3542944a53,0.00014089326328925388
Source,03ab5a4b4f9883321da39bcac78f298c673f5d3f0d90cac8780d7f730fed8c2193,0.00014089326328925388
Source,03ab5c1de60b2dbdfdce26acdb0074bd8b3b586082d36fb33ec4e70027d439cbb6,0.00014089326328925388
Source,03c226ecc43d26e135f999c743dc0afd0479babfc1821b46c9c85b2eea3f41ac9e,0.00014089326328925388
Source,03c2ec9e29e4b34c38c5f799f003d88b14c8ce3916ce046305b44e18783a2734b8,0.00014089326328925388
Source,03c8991cda06ca118ce3ca8ab422493a3527c948d8156918766d2d62b5cdae3058,0.00014089326328925388
Source,03cfde391d5363545c1fb021060c6cb744403302b1685b6260668c4c95caeee743,0.00014089326328925388
Source,03e5a5eede5a208cc6b1ef8b05f1e3bc525e6251a7b03dfd268ea0c67b2c0ae985,0.00014089326328925388
Source,03f6ceaa67db2cc169fb8f74b762211e3ce20459bac52ac7f8c85f351670a6b678,0.00014089326328925388
Source,03fd5caff808b412035ff573666ae5dab66b46bec8c99599c63c6c6f41eedfdba6,0.00014089326328925388
Source,0201bfc5d9c14d50ebaf4dfd83d70df314ed2a9f0119f28619f3f000a1079ef580,0.00014089326328925388
Source,02477736327314a83f30d8ac6d90261ea443eeab10c3dfa7a00fe91bdc134b0b0e,0.00014089326328925388
Source,02fc8bba31101a0f846cfb4551fe5e0ee7310d8a2ec96810f6a3b69b380c67c580,0.00014089326328925388
Source,031c8b9e52039af6892015702bab9b7e13b46979a519497ad8b6674bfe88ea7c27,0.00014089326328925388
Source,035ba193b53deb74445ddc60b6704125b66af96ead431561e83d3b7012194ca71d,0.00014089326328925388
Source,0290681a8483f53775eca26674e215890e06a42e389c1cd0f6e0e4f46e8583c48c,0.00014089326328925388
Source,032f43233d89015fcfcb71984442d586cb149d33d272b3870a5140809b70c333dd,0.00014089326328925388
Source,03946b7407816b880f5ca7da9afe5f5ed4f3374d85416c74fe0f96b785cb71c87d,0.00014089326328925388
Source,03ec989184aa887337f9766d3c8dfa90a26b82f642eb89758432a9d6f18489f1c8,0.00014089326328925388
Source,03a2d9707aa15908ae00986a650eeec057ff026bd9ba17ab0fe18b9e19d19d77c3,0.00014089326328925388
Source,0200081eaa41b5661d3b512f5aae9d6abfb11ba1497a354e9217d9a18fbaa1e76b,0.00014089326328925388
Source,02005a505c16ab5321e73f1efbd0fc74e2cccda04e67fda3a036438c6372b3c918,0.00014089326328925388
Source,0200773d5aee6a9ee90cca37a1350d14def091b51b008e838c6d64671abefd4eeb,0.00014089326328925388
Source,020129a90672158cd9c59acc6f1c9ae1e460c92f28b33e2339882c1b388b45da9c,0.00014089326328925388
Source,020154791bfcc0000e7c2fdb481b7c122a9aced5f8a3faa53002886ca5395b3098,0.00014089326328925388
Source,020181e74c5c80bbb4b47f58e1e1012013a199989f61597d6fc5b4e386df79d3ce,0.00014089326328925388
Source,0201bc093d985533e23581e421086d37c6235a0edf3bc20ac0a4f5fab627adb6b0,0.00014089326328925388
Source,0201be5b63e839fc57c66c7ab21dcea3aa79001de132f29ade96a0c2d6680c8eaf,0.00014089326328925388
Source,02021711ca9152f342af9191c13c31fc7e47d5192dfcdd97b0f0632b0410aaf929,0.00014089326328925388
Source,020284ccf92bfded620df993909e1ef55282725adcde48dc20bb3754b004427037,0.00014089326328925388
Source,020289fedf16cc2ebd800d3292de03c01297a7da786934622e0c49336f00e15deb,0.00014089326328925388
Source,0202cb8bd84def2572449b28f6dffbffb16b4ecbe00c32d4c02a6e9b13822e71d7,0.00014089326328925388
Source,0202ebd010a208703ba654c178412c23a1e5ca5eff7eda2e46599a1e63b0cf5265,0.00014089326328925388
Source,02030439c95574c6c695c1f341425118085f26792fdc271265b959b559ac0fc2d4,0.00014089326328925388
Source,0203a21e744c231d092383b5e2df60709f9645a538d2a8d7c6f2ede8c4301c0bff,0.00014089326328925388
Source,02043bfe604fea62d38c9e73a76db3a5becd266a0ac8bd3c0d3fc04b61ac3d753c,0.00014089326328925388
Source,02045f289f0de16b275e925aff584bc6c626dddc0f29e15b367d68a35de445d98b,0.00014089326328925388
Source,0204c7c3957c36fbecdc6b3c64f4638fc030d5052ab13fbeb538b4b4e2bd1bdc3d,0.00014089326328925388
Source,0204c9def9eaa9f467fde0df0e889fa593078aeeb6828b7e71fa39c36075a42002,0.00014089326328925388
Source,0205175f042b46aa68ba5c213ce98c476021efbfcc9b91f5103231f61b023d25b1,0.00014089326328925388
Source,02057240f617091dedd1bce0da761eeaf1809ad9e131771cf1f34858955e2a304f,0.00014089326328925388
Source,02060ed659410a4087774ea417e7f4eed00e8fbb7328baa25eb2268ac963938f61,0.00014089326328925388
Source,02069f944d9d863e15c0f9d3933cacc49400a1346e83de9f5d1396228d06872e28,0.00014089326328925388
Source,0206cbcbb6d42a350f306947eeeb8fc4f25af57d8d173332b57e1a3fb743b74436,0.00014089326328925388
Source,0207783d466310518bc651de86e3181354fcc06fa3a0b1a08b8a942b8080165c0a,0.00014089326328925388
Source,02077dd3b609b3c19afce0f86575b2a692332197ddc99339cf5dc89dc38b82bab1,0.00014089326328925388
Source,0207ebfbf356bc761a74d2385b5978d88e37a1ea7e2ff30f9fed4813edee2052ba,0.00014089326328925388
Source,0207ec5824eefb0731f88353ce9b533a9c2e7126991b67cc0a0fe9a65f4ac8b0e2,0.00014089326328925388
Source,020805806873f15859492d9ed1c7bc574a7432cbebe6abf13ce96518c8dcb589d6,0.00014089326328925388
Source,0208a97d43dc2062d9c8ff4589d6f77202ba0e9f1c0c418d428442bf028345c80f,0.00014089326328925388
Source,0208c8768da0fe9c9e5a6c9337da26432dcc534a5391fbd2955e977dfb67997658,0.00014089326328925388
Source,0209595fc59fa632290399e1e1cc2990fc688bb1ca2fc80e367a34435818fea8dd,0.00014089326328925388
Source,0209941395e5a72a74ad3356a1ec01a11143d89c6a3bd62ec24807bf45e8fcda30,0.00014089326328925388
Source,020a2735dd2776ab180e3d5f3c285e609f745de0496651d05eb2a3def34e1ca5ca,0.00014089326328925388
Source,020a5c23e97336dfc1e68d79e1efabb1b2960766f58ac422c8c20e11a765ca304f,0.00014089326328925388
Source,020b1d32cf2d8b9001f9eb183379417d8d136c86b45bee59e2bf2b83e3fba9aa65,0.00014089326328925388
Source,020b7ead41d8cc6d80c6f152b67037ee8203e7226a44bae460beeca464d75a773d,0.00014089326328925388
Source,020b883e5dc59ad5dc099b994c049665e74fdd998dbebb24d68fddecf6e3f02f93,0.00014089326328925388
Source,020c6155b41e622ac2c1b0285a52504ec9e0ac254f5a0bd6802043cd5f9b2e4a57,0.00014089326328925388
Source,020cbe0029074ffe3546c6e6e74f1dbff74eac37ca7a60b3cc87f7ee2c83c0d789,0.00014089326328925388
Source,020ce512d9578156e00b8946d4b2b2375db48f6805253fe2feb31ae807ed188467,0.00014089326328925388
Source,020d01b5c15c94dc84eb3bf0402f41b073423624a2df35c88ee2cd6c8b4b29e838,0.00014089326328925388
Source,020d6c7f7ae5b4abb0944656311eb1e4eb6a0ef877c4dcd6000c879bd9ab53811c,0.00014089326328925388
Source,020d843ee4debb09feed3e6f7dbeb730f06edd6b4467aabff8d7127628f17b3e56,0.00014089326328925388
Source,020dc414b3d1853316d926496c6a226149a34dee021131620cf0a0dc498f8f4a5d,0.00014089326328925388
Source,020dd8fc221b1075c628bc049a0580e4dbb510d73d5416ea9a1334a518c467c5c3,0.00014089326328925388
Source,020df9bce498c3063f8046dcf036f075556628a2165958e7e5f35838e3534e6c41,0.00014089326328925388
Source,020e03b11c78bf51be0df8136447e057298e1456dfe37c983ac13abe899a24c469,0.00014089326328925388
Source,020e185a68d4fee4a5637b481dfcb1c485b13600eefd0642bea01fdf3c2ec50873,0.00014089326328925388
Source,020e575a044bb98c7290cb2d2f6684262245abe398829cb9d1a084ce42fc2abac4,0.00014089326328925388
Source,020f8d5983dd862dfde6e78bda53fa4ab487b4258d01ee25d00039c019c3888295,0.00014089326328925388
Source,020fb206e282c01b30f77dfac0c111cdf5f3d0e234b90e2528752c05cd53d89559,0.00014089326328925388
Source,020fc7e62c9956a34bcdba309a4809ccfd7adcae4b8b644cac81b4dc58d43a2479,0.00014089326328925388
Source,020fdd6edafef0f9fd874abc1629fd14181717c751c974f43829b235c272043f19,0.00014089326328925388
Source,021038bdf13575ae9783e547fbe385ce9a9e8ff7fb2d9ecfc557fd863745c12b49,0.00014089326328925388
Source,021039b778fb9ce9e349c39f9b5ed7aaab7ee94c43b9c079d3c5cb8b38b919ef99,0.00014089326328925388
Source,021053940184f66d73ebeb80049d1ce5c3fd176e9c290ff9433aa6f25d839c31fb,0.00014089326328925388
Source,02108aa19613f51a93910f5e18953c0111cacf9cc0db0e6527d507621f4f54d7d2,0.00014089326328925388
Source,0210b92e257e57025bf9dcab45c2b5dff7eae77c43699369edd943b130e0693f49,0.00014089326328925388
Source,0210c2b9701f3b7c309437c73151b952f11c1f53e236aa40316a042945cea5a600,0.00014089326328925388
Source,021109721c0f5d60297cd26da4e987c4b37706c1d36242e1e402af08c468c5f47b,0.00014089326328925388
Source,02116779af189cf8f82a9c3f81aecf056abb6e5666e268cac8de7c07c26d66049a,0.00014089326328925388
Source,0211a3bc1328c473247628a446b4c3902d81b03dcc0847e5714763bd026dcf7fe6,0.00014089326328925388
Source,021219960c0f41944366db375ef177ba97419d50766aaa4d8a9b4cdda3dde47a7b,0.00014089326328925388
Source,021221ff0c6abd8a4169d09adfea589d7f7c62911c390724537ca16828a8e1c4a0,0.00014089326328925388
Source,0212287641bcf57063a692a445e0baf08d64d461745ae9708ce538c6e64921b89b,0.00014089326328925388
Source,02125633cef3e48615802a833fb9efbce7ce6a5e963e132f5bdc959c7c6a6b826c,0.00014089326328925388
Source,021294fff596e497ad2902cd5f19673e9020953d90625d68c22e91b51a45c032d3,0.00014089326328925388
Source,0212a407aa2b75b37ea243d7ef4f7ecd80f2f5f25e0ff847401446a66adeea9f35,0.00014089326328925388
Source,02131afe0b4e48bd4e9a72edacaddd35a2f8e472f61cb6578450f95b779fdcf1f8,0.00014089326328925388
Source,02132a03d8518b95e1052a8b3835756f9e40903baa87f9ca36d97692665e00eb08,0.00014089326328925388
Source,021368ec4526827bc0acfe8c1d0b684d7678528fafbc695faa517a3ab191e92c92,0.00014089326328925388
Source,0213a007ebb3843143cd98e578fe105dbccadfa5202840bbd4b832d8cdd63a2946,0.00014089326328925388
Source,02149688a7f2e395e39cacce9b33a55b44c8f04057a72bbc0dc8fa994507a7ce87,0.00014089326328925388
Source,02153ca4cc9e03f036fc1ebb7b18759e9b1a288da4d489c4a333aa7bd5014d3b51,0.00014089326328925388
Source,02159c81c5fde1dcddff8130ea45321dd701840d8e0c3a46c03f54991c4eb2e475,0.00014089326328925388
Source,0215a99e8623fd9709cc0997fd84feff772e7559375206bd4cd0d3032aa821b9b1,0.00014089326328925388
Source,0215dc24e22168a2056bbad951ddeaf494c7ffef28c3a2eadc48d9552ccc69b989,0.00014089326328925388
Source,0215ecddfe06345e9acefbfb1faf064ce2ffca5bab7507043eadbb8ff082f99f87,0.00014089326328925388
Source,0215edf1f0503badf6354be612bfe0248fe1ac60ded6113bcb01fe6cd38f1c99a7,0.00014089326328925388
Source,021663f2ad55dd39ab708992aa9934bfc1635885a47befeea9782c42bcef9e9f0b,0.00014089326328925388
Source,02166680efa001694765c1bf15428198c37057a8cb61ed0eb264047c24dd6876d4,0.00014089326328925388
Source,0216781c1d994c0d5daad5e86b29c54b1a6fab3827781c97529799c471fcdf0724,0.00014089326328925388
Source,021691a57faefc1910e75355ba79b21502ebe0852fc496374a14bb9884641cc4f4,0.00014089326328925388
Source,0217a75ccc5fa0b0d56c3de5a90a13c1c62fe56aaf3d55c982ff79381268b3cdaa,0.00014089326328925388
Source,0217d77af5fb2f46dc826de7818c7070a53309ccbc313f9ac13bd9b95e978f6e9f,0.00014089326328925388
Source,0218335ba669f61f9eb6442f65e045a8ac8c524724dea9c3ccfb4bad2da70ea5d5,0.00014089326328925388
Source,02183ab3028fc876a7ced70a432b83c93935120a7941665a99e90010df520164e9,0.00014089326328925388
Source,021859ea7461ad23fb79a21638c6ad1e7f4c9c7980241bc17d99526025e5f84580,0.00014089326328925388
Source,0218ac64009ab1322f01bbf3103771b59528495f6f32711bfadebfafdb63cee18c,0.00014089326328925388
Source,02199316fbced0b01d2f0987aa74f1a383669c4348c17ac24b82fcf8146f2d6a90,0.00014089326328925388
Source,0219b2e8898ee01afd30c4e95a7481e724b56c315c11ed710044575a74626c944c,0.00014089326328925388
Source,021ae1459830f490ffb6fde437eb99210ace2bf4ff9afebb8b2b9c4a704440e3a3,0.00014089326328925388
Source,021ae1e5b99cd56ffe5040e24bf8f00ee394393e01c46d713d181dd7b2a17f236c,0.00014089326328925388
Source,021b062d68e6b63734a559a40bf08997e6a9ba8df07e5b2bd198f7b344e8264742,0.00014089326328925388
Source,021b66aa695a8d939a201118b15e98768f50538cbfe1f718c6c3a1816a8d1a2ef9,0.00014089326328925388
Source,021b692549a44a6ea5d59d908aa8c14515bea07a4496e53d222c8f506a3aef82ef,0.00014089326328925388
Source,021b7464aa1a5c5298885689f0243e40bb5a80713e154103755114d8ca12a3c41e,0.00014089326328925388
Source,021ba5729603c9821c8c7e5baa0d828a5861e3deb9f624a5173a842b526e1458d8,0.00014089326328925388
Source,021baa07f59a42edd4ff2c2cd9f0aaa37cc5e81493cbdf9c8beda28ab46a102cf9,0.00014089326328925388
Source,021caa930b57a42c58ef86a099c7c136d33f37dc346566a1dc33393ceff238eb67,0.00014089326328925388
Source,021cf7e967397fea7a8fbdd1a9d1b7bc75d02a1e44de3b1fa70061fa481cbc3925,0.00014089326328925388
Source,021cff95cb091cf8efbe65162840676b02040cdc619fa47cc55d167140efa9fe32,0.00014089326328925388
Source,021d5b37197e000eff8ee503659958e0abbecfe2d4761f75aff6aab4b82d02a61a,0.00014089326328925388
Source,021e08c4621d5261e6e6375078ac162367ac7c2d5021520f598c94953895b581d2,0.00014089326328925388
Source,021f916a46b69ee9541c13e0a4a0ecb571f7c72f1fe6b7e53376b2005365b44a73,0.00014089326328925388
Source,021fc76ea803c7ff989cffb1b52bea96fa8a2c6d1721cbcdc5c0a4a891ea2782aa,0.00014089326328925388
Source,021fedd090dfca119ff2b4cdd5c91c027dafb738950a67bd39915bbf802b92cf71,0.00014089326328925388
Source,022030420656ec11a47fa4b5a4dfe397e31aa53b7b5cc34942c7236845672f6215,0.00014089326328925388
Source,022068d13dd2813e4bbfd72f1e5a27e3c04ce23362e8491d87006e9741c8695f9b,0.00014089326328925388
Source,0220df632669ab1d70caa73eaa9d05edee1fcf27419163e0e78d259e4c8e8e9337,0.00014089326328925388
Source,0220edb1d15d1dd6e3c57d8822d00fbf2a9768060c91c5eeb3ce8aa56f42342426,0.00014089326328925388
Source,022178d189661a1d96904a02f8696e6ec2f9a79cec54514ff638e9ce74294c4a8d,0.00014089326328925388
Source,0221f3ce3f7d2ac19e9c3deb84bac68d1f4c6f616d49a221b79e84ba2b63c92ec2,0.00014089326328925388
Source,0222781c89319c5964ed28b75876971fa82dd55eed93c8ff6cb2857e40d76cbb37,0.00014089326328925388
Source,0222ad16e6fd93cb57f36be279aeb1972c9d4fc19974a5cb1b4605c42bc53b2146,0.00014089326328925388
Source,022306bf59377e3c6c8c445c025ae9e030dc2714c199975ef18de0421a4c03c7e5,0.00014089326328925388
Source,022316f1c42c310164e0b660dbc9c630d2ffb7b660a81157c168331f1e20daaf51,0.00014089326328925388
Source,02238f0f9a2a9e2b418af6f751ddef43d4d81e6650d9de50480885e62a38a459ba,0.00014089326328925388
Source,02246b2b802a75946ce00f18df050e9ce3edcb4b57f303967f7470980e5834011b,0.00014089326328925388
Source,022480d22b2de01b8eb7d94b76e38feaf2d72ca49c84cf3e691182117a93f2e08d,0.00014089326328925388
Source,0224f8a99c01dae0fb027122e6ec07c2e298ba2dfe45b9a957f062b8648272b894,0.00014089326328925388
Source,0225175278a7714738a9fa2a17cdde1d1e98b19909c82c83c9023681c638aee383,0.00014089326328925388
Source,02258ef4b60edd70bb5b004baa2008eb974f8972f516a414627fe83fdb6ebef60c,0.00014089326328925388
Source,0225cc394912e01894f1cacb5161fa563eed6e524b231309f96fe746f0ba30c3da,0.00014089326328925388
Source,0225f33ebf88e8d58d3ba7006dbfc70d05e6f797026f2268df9984f29b738d483d,0.00014089326328925388
Source,022725f2c95caba8c191eaf7d5b32674e446b4027f0afe7df39b8d437c4a4fa292,0.00014089326328925388
Source,02279207a1e4ecfec9e528469273652629e5c54c8bed70a347f47ba663d53c6922,0.00014089326328925388
Source,0227e8baab7b4397a88ea2bb3976a7fc8f975aa4fc28ef9272a33b6a1291ffff63,0.00014089326328925388
Source,0227fe7931b4a8e1817606d4b6ea60b7b37ba0e40ee3bdc34df36b60faec10d00f,0.00014089326328925388
Source,0228cc784d015731cc0c5dc2163c8bb856f59feb3234ce813edeccf2e26733c32d,0.00014089326328925388
Source,0229a627f0acb9a0d4c22c4abc8f79710a7beab153956318303f8780d02ede95e9,0.00014089326328925388
Source,022a1e66cdbe7739b19338357534c99a24a2a1fc0677b08fafc7f10753ed28cef6,0.00014089326328925388
Source,022a7809052db05fde648391a53aba82286e4a517cff1dd61d52cc58572f481a3b,0.00014089326328925388
Source,022ba8bd79c61528164f08e87de06618652f28cb4db4afbd581b3b1f8573a68223,0.00014089326328925388
Source,022bce70c6252c6c9198f40f8f1c8bfd2b22975c51b4d222b6743d6736fe49ede9,0.00014089326328925388
Source,022bd0aa893db4ac890e457cca8c83f112518d6941bf9153dab4bf904620503a78,0.00014089326328925388
Source,022be6257c27afe5410c732d1f0269eabef306400725a277c5ffdf32fcbbb32c0a,0.00014089326328925388
Source,022be9317c82371b76a8e57f96139fc9537f0cee52c649488405072c8c7ab4d601,0.00014089326328925388
Source,022c024b5e34bb6f76ec0e7322e5f6e9519561f7f72db42b76d41e4f4ae02a7d65,0.00014089326328925388
Source,022c2e439f25adb469b161cbed4f9e0a44c05c952ed350619c309bec0480461a79,0.00014089326328925388
Source,022c3ce1e4304aaa6762ff78aed9fca0afc08f928d78208d584150e52a1854196f,0.00014089326328925388
Source,022c6d4cc91f495b269a9d5a2f685dbfe50835fb2de0181d389d1da4b2b5bb07a1,0.00014089326328925388
Source,022ce3a40e10c7a4beb0d852490b025b0aaf75d203dead5cb28987a439fd7c3f3b,0.00014089326328925388
Source,022d0315cfe2cb6b9b1616e3eb31b2744ffc525d72e05eb66e30dbb2fefc44f5c8,0.00014089326328925388
Source,022d97ef3ae9d5fe6518cdf42336f7a5efd31d18389cc2cf1e8ae45a54c388160f,0.00014089326328925388
Source,022dc9c1b9732cf08168f0005ce07920607fee96bfa1b91daf4c1eb8f05a6d16dd,0.00014089326328925388
Source,022e63a17038519c55d5bdd4a8b77fb349934c4a812c337da5211b4de7eecbdb26,0.00014089326328925388
Source,022e9d43e9ca90ab8817f3581c0a34db186d83a1a6837ed61d6b08a06f79909ed8,0.00014089326328925388
Source,022f25ede65b3964a4c9d95f9367d242604bd96ab8e7337c3eb69d9afbc0023d0d,0.00014089326328925388
Source,022f35f2456d9a1ad52db97f5279a41b18e13977366229281420ed3a081135a042,0.00014089326328925388
Source,022f401b919719763b11670f1321739b50819c7aecef8419c85e344b1e0c97d414,0.00014089326328925388
Source,022fa4a3d76c4fe8cdabfc896e5bf5605451c724c7cd4f5979a7c0fe2957ba6197,0.00014089326328925388
Source,02307f1011d8a03acc7c41d60ba97f02a0a826f23ddbfa96db30f8a26fa6296e81,0.00014089326328925388
Source,0230c3d8719c014ab024e6ffd68b1136f57a2d48100a6f09c1a1e417b8e682bc6b,0.00014089326328925388
Source,02312ae5b618f26b3754454a3f5ba80d8c714f8f107e679d76c4f334c5602a5528,0.00014089326328925388
Source,023148d9e853d515ba87ff3ad98c0cb125c0855756e5dd811a857211658c4240a8,0.00014089326328925388
Source,0231aee28fad87798e7b702ec5184f900904446e5eace03030c4f61902f66cd42a,0.00014089326328925388
Source,0231db47b1815e2f021ce5fbd6518d07c50d1a4ec07c2d1a273e17b6b12fc46d7d,0.00014089326328925388
Source,02321e8f1301fd95b93b2dc68049b8d457c9c941352ab93cadd94087ce57aea8d1,0.00014089326328925388
Source,0232a5c6b4e1f1dae5e50528fbc2f0de6f2d66363638c83cfab65391e3eff48ca8,0.00014089326328925388
Source,0232fa3a7fc460ea7efcb407233ff4aa0eea3f2a2746ad84e35d9c96d83abfee19,0.00014089326328925388
Source,02334b5e14ba6a5238150242ba8477eccaf6d9dca34ed5137a8eee402b2b3913e4,0.00014089326328925388
Source,0233b3df8172c9355f1a808d5c3f4766813083ff7386190c9f69c9c5a7d00c717a,0.00014089326328925388
Source,0233cedbf5539c05a50b2efbf88a544e89b89399646589bf95fc18572658fd7da9,0.00014089326328925388
Source,02341c8f2a894aae98c3c813b9d9503d3535fe7dfd5421f7c09269f641f96ae60d,0.00014089326328925388
Source,0234444ae8d91ba7c019bcbbaf59fc9822f3d3a266274558ce4b2bb0623cc6b29b,0.00014089326328925388
Source,02344fd35bc80f464d89451f17544108bc252936819e9319cdb646caa173a64bf9,0.00014089326328925388
Source,0234f3200e878b8312e738ba42d37e2aa5c9028fecca6afd9b1114f8466eecb5f8,0.00014089326328925388
Source,0236007805088112d7762966d5d509d8a506171a88bf6a79f39320133cf2d9bf4a,0.00014089326328925388
Source,023619ad26f17792d0c217202587651af088ecb637a3fd3e54b42c4b5f71947318,0.00014089326328925388
Source,023730a2241aaa503648ef51668ba36a56377672ef8638672c3cd39bc3e2a14721,0.00014089326328925388
Source,02375a9ea813209a256f180dd885165c5af64c6cd749725a18b3db05858ed6a8df,0.00014089326328925388
Source,0238ab861abac82ef99c8cb58673231f5d4d54734e158f86e8913ea6d4a0c0f681,0.00014089326328925388
Source,0238bd0ebb46dea536169553fb05b25d2de9db1e3632d3355361e4dbb9edf88b42,0.00014089326328925388
Source,02390f3a455d16bd4a55948999827def30da2fb2a6df5c47232969a92856a35280,0.00014089326328925388
Source,023924542082a5d16bce188ec4c29a45f00dd439a3f5992034d82e3353232a0345,0.00014089326328925388
Source,02398fd3bd9b43a86c49683865da7789e15744e92849bc7cee85c7b7b1729436e0,0.00014089326328925388
Source,0239ace7d127dec146939056be6951e2f08c85e9d4977c7c6642b109b28f0302e6,0.00014089326328925388
Source,023a75118b00ac011506e63e347924138330293eec94977a725c82048aefbbc883,0.00014089326328925388
Source,023ac2823d9f672a747db435e6d3fa0915e9d753fd53b2cc442dd95490b557ed80,0.00014089326328925388
Source,023af487e8558d7d6ce7a944e54c207d6a0c1a40645f85f1fefc2860cb2404420c,0.00014089326328925388
Source,023b40b208a9a25be7c6111ea99b8ac213e5806c8747982fb9d0d856f87fd7fee1,0.00014089326328925388
Source,023c383d93123ac596a0961ef061008bcb5c0d05358e921ff18aaaa440206fbee6,0.00014089326328925388
Source,023d0c9a11da6f93e932c96e9b17301893981cf9a0e1ff231097611cf9d5bc5de8,0.00014089326328925388
Source,023d16b75464e939ac90c67c6ee3ae3d02805230bfa0182f0fc7f6fe551ea1b015,0.00014089326328925388
Source,023d1d5bd014fe70ff9b359bc1e5fff9a409e9981f3fb40a25772fee7db21a3a4e,0.00014089326328925388
Source,023d3165143024c8bf7538717ceef296710f38317a9b8d51521fc1aac83626e1bc,0.00014089326328925388
Source,023d3344876aa2bcfb7c976d9a5ae3e2ba44772586c44a947433c6d84700722171,0.00014089326328925388
Source,023db4fc53bed872bf1f639b553c643c727461e5c2ad41c2fe525c5f4f9b747a71,0.00014089326328925388
Source,023dbc829f93cfd3dd590ebe0496cdf25114cd14717ae0a4209cc3cc864fb3a2d7,0.00014089326328925388
Source,023ddd188054cb94cb6779f4cb57e4da7f91a8ba779c5e0bc26cffed757177c306,0.00014089326328925388
Source,023e1d002022f5aa90fe4ffb71c5ddc2dd20cd9aa4540e9e15290a2b52a78a9f4c,0.00014089326328925388
Source,023ee6fb0d1af1c2a240331b0e5add6618f6f4ce8e59b13fccc78c220a8a61f4a8,0.00014089326328925388
Source,023f6ac900ed8d20b85533afa498448e33c53ba59adc1525732255448005c3717e,0.00014089326328925388
Source,023f88840786f8d54905062def41872b613a1e192e0c886871011c87e4a03e0793,0.00014089326328925388
Source,023fc9930eaf87955db3615ec4da0d12d09839578cc544dda4df3218ae683373de,0.00014089326328925388
Source,024026e7e6c92f48df9ffaf5c01ff1d6110cf74b99e19a9436e62f1681695bcd1e,0.00014089326328925388
Source,024038bc846a7febbf8dba84fb1982cecf431ba03ffba74c9b48a24c24d2ab066d,0.00014089326328925388
Source,024094a59dc794181648a928e39a1fd2312ec02cf7e2b89c9505c04f4e416ee5af,0.00014089326328925388
Source,0240a6568e807179a2b61e27291af01310648ce541992b2dc137ce454941fb351d,0.00014089326328925388
Source,0240d316a961d912988e8feee7dad89a24227c953b8c4f9eebe4b4bc524ec47b29,0.00014089326328925388
Source,0240f910f0ca3b45ce7493d5dbd3fceec82378d0886275843db22ac9239bdbd497,0.00014089326328925388
Source,02412d393206736f5451511a3a527a1ba565911ba40d05e8811546816835594355,0.00014089326328925388
Source,02413d9c273f8ca507440a75f23de5eff1e678d3cb7720e074fb1a7bfc7eefada3,0.00014089326328925388
Source,02416502374e1c81eb2e952ce1d69a642b4902d147ffcd2407250114deac2509fe,0.00014089326328925388
Source,024188028817022670d2ace78c90f1f69a54e064263914d7854ae44862a88fe300,0.00014089326328925388
Source,0241eae1ac5fd3f08567cf4ca579b076cc96d3c4f35c138379a99a25b2c26e7a70,0.00014089326328925388
Source,024301dfb5f0ebc722eb3c73e37f06b192840e3628b076b654aaf09c82ee1713e5,0.00014089326328925388
Source,02433e6029595c26834c3e95b739ffc0c7a59a61de8e0addcc8de704ba73ee5d3f,0.00014089326328925388
Source,0243eb245b9b0d6d19749598f02c1689ecda4657e0b0fc020b76667a3fa9ef8a50,0.00014089326328925388
Source,024499ba06a647fa11904c781889630536fc55837c61ef9fc50080ba060a3c263b,0.00014089326328925388
Source,0245aa53edf3c646688b5cd4694deab61cc04ce8d240570f080f5b14f41aadca70,0.00014089326328925388
Source,0245c76eddf79d946628515ae470a2458523e6553c393311ce163fb96596af37f3,0.00014089326328925388
Source,02462b5bca3db0753aa65e71c9d49ac83d65cd787c4295c86284d0c3a2b0f98f3b,0.00014089326328925388
Source,02468f95f9bd4f9f0bbf9121929dc47d3013fe541b75c45c2592deb6b7988b35f6,0.00014089326328925388
Source,02469b5571b17f8abe3d0a1b18c90055321dce8ea4acb0fd6792d4442a590e6b44,0.00014089326328925388
Source,0246e8f06ef0e7a42d1f1adce6520329312851513452a259c7bfbe648233208d80,0.00014089326328925388
Source,024722a3ac8fd714ca658534611327fe898eb221491db3aaf01e5ae972db2047ef,0.00014089326328925388
Source,0247e898d2e72acf6e386472b9b98467b11ca9fba7289caa6d658abfb6c97c0ba6,0.00014089326328925388
Source,0248d4f63760360a6c87c59ce3eb446258986b2efbe23ee9164c50fe000a4636f3,0.00014089326328925388
Source,02493033fb238cab27a1412acc55101bab4a9b644f1d18b76287aa8d764c9285a4,0.00014089326328925388
Source,0249528e8e0ae41dffe6186d4760b79caf5851e0642f94f335069f1da4df5c7999,0.00014089326328925388
Source,0249fe70a49cd5c6d6e28697794af388df0422f9f66088427e7e066b776f84088c,0.00014089326328925388
Source,024a65932bdad1c4ef070289a6dd9f71b315e61d871b38c79339d0cc3d26e100e1,0.00014089326328925388
Source,024acd1c8d0e46713ec76cbbacdbaae7f394d6cffc0509d7e42c21e2822879a06b,0.00014089326328925388
Source,024afe7ce90b3b09a886e68b498e0593050cb364bcbcf3b4f97ffed0124cbbf506,0.00014089326328925388
Source,024b1403a996b27d44bb4f88f938b93270aa0d0f9c0454c7a193933228931f79de,0.00014089326328925388
Source,024b5b162cb90768d852c9c9b5ebbe712be34f55f78871894f7ad7a761a1b7138f,0.00014089326328925388
Source,024b9323715058abd3687f621db1ff91ba73ddfb5bd4d369881169297f303f848f,0.00014089326328925388
Source,024b9a1fa8e006f1e3937f65f66c408e6da8e1ca728ea43222a7381df1cc449605,0.00014089326328925388
Source,024c2804815582a504c466a90e11f30ff800e108fd691274faf6f026a12d0ab976,0.00014089326328925388
Source,024c711b33483b2cdd09670fa220ef7effb7c0340c832df5db64264354c12d7a86,0.00014089326328925388
Source,024c71c987f240c9987f6f3d5386a2c9146f00f59bae73defcc3bccc1a6e61b11c,0.00014089326328925388
Source,024ca705edbc36bcae5cec4a2196b2e4c244b3a8c1b1aea4b97d5cb69ce94b5fbd,0.00014089326328925388
Source,024cea6454b330c186a6c7db8110f8f4791596042ca6d7365ec5b03c75a28cb9bf,0.00014089326328925388
Source,024d7d463f559d892220d745c0a790df66d54e2bc650ecd30900b316d9e197a59f,0.00014089326328925388
Source,024e6f7ea0ae529e30db63d6ef1deb743af2c5efd58a78837371fccb5eba898199,0.00014089326328925388
Source,024f0c856c64a2dde090f3a9855f57cca1f57c7303f96ce0778ee5e84d9dd3819b,0.00014089326328925388
Source,024f0e88bf2d693ce69eeb4696ed4bd15f7f04db10c1652d6bacc6dc9e84b04706,0.00014089326328925388
Source,024fb89635469db10ac5b76eb3ca0eb8e0bdf0277c6d8fcbf7fd9ff09fc94afb8a,0.00014089326328925388
Source,02506e19cd5ad704c8ee2a3b93d043e6c2cda60f1631597ad08346b26ce957469f,0.00014089326328925388
Source,0250dd2909456bad0ba942df21c85a02eb80e1a3b66ee6ad48a3f6bcbe999dd43b,0.00014089326328925388
Source,0251269ad424c00de9b570f5d7490c909da4c13c9512af0dc03b00f7b7ecd5429b,0.00014089326328925388
Source,025148d53c5b71bb8e98cd71d8b663beedadbd296f5b462741d0b6cf84ed117d06,0.00014089326328925388
Source,0252061bd5cde993af2863eab808d21eaa2face86949a3915bbe64c0a7b9bb8ca4,0.00014089326328925388
Source,025220d94bbb6d44ab7163047faa8f1769bc800a6e330d7f981a8af0356d84f2fa,0.00014089326328925388
Source,02538a62eecb2875bf1a66ee15ad1e1fb499506accbcc1c0bcb7f383d7e4a6ba0c,0.00014089326328925388
Source,0253b02752d9629e6029840e2c6a70aa13c72d6de18ef4209f6fc809452be30236,0.00014089326328925388
Source,0253b838234635b673e5d57b104520099f6f2935edcbbd6e6215b5eacdd11e3100,0.00014089326328925388
Source,0253e62868531838dbc07cd2d7b0d3970533777c5bb78dbe8238f03fd6fc5d6a1d,0.00014089326328925388
Source,02543ba64ac295fb8d59610faa652af812694561eb29bc481fb18f799844cef847,0.00014089326328925388
Source,025479debbeafca668da93958f227708a36e6fec9c82cf3e544b3cc59b44bde37c,0.00014089326328925388
Source,0254aece594745b70a0ee6729c649eef57c0b5020be8cab2f4d46ff175d9333200,0.00014089326328925388
Source,025507833c7924a2d64f6ea45296615291ac6ab42c51cd2d3e9d8f268e1c1a8556,0.00014089326328925388
Source,02552057dd53a6c646400c91d785d4ef2adccda884d8595b3896f44fa538b3d137,0.00014089326328925388
Source,02555dbb3eb52bafefdb383bf041539051503250e8ce9935c944ed656b8af6c335,0.00014089326328925388
Source,02559f7bd0aa9e35047ee32ddfa5b531968245c644cb4f1f0e41ab191af0afdb19,0.00014089326328925388
Source,0255b0812589b3d10657655394bea298cd9f2033d9220f313607eb495291f2a729,0.00014089326328925388
Source,0256aa1e6b8bb0546dc60b5b6074b7ac031344a43eebde126fd930ae7e0e3d0ec7,0.00014089326328925388
Source,0256afe6405616400c90630aebdf34269f4000230a8c84af471a668dc646cd79fd,0.00014089326328925388
Source,02570ce017069fed62d531fbcc46636c6c128d2aa24aa8c3c124fe084237d191ba,0.00014089326328925388
Source,02574d4de238aaf6f382883d91001bbeced1f619cf1c00693bd8fa268503dbad1c,0.00014089326328925388
Source,0257a0e81a593cf53737197478d01dfe1ce8e09d0269df3aafe29d08da0ec1ff55,0.00014089326328925388
Source,025833b1cc1a52ce68a09d8088ec7281af46849444e9b1b83261729e086e366264,0.00014089326328925388
Source,0258bd38fb3a67ee8308ec975f2220ca5c1c2525dc6c34af637a1bab6ee17b41dd,0.00014089326328925388
Source,0259204d857955118bd6363ba99f967ab1647d9371d9206bc4752b056c4ba683f0,0.00014089326328925388
Source,02598ac7414867d404db6caf55f7a00cffc5bf6fe173b0c1784a7e5a4520d3b229,0.00014089326328925388
Source,0259a363d5d0c0602d4e65a28746d4eb653bbcc0f7a997ebc1c86f706e28b20582,0.00014089326328925388
Source,0259bf03f2502722e0d8d90c41afe1c263a20af6f33040a1a549b27fb455eeccfb,0.00014089326328925388
Source,0259e693cd166f34826682e4800f695056ed1c46f993baceddd0c7ea04f0611774,0.00014089326328925388
Source,025a62c3ed9fb81a1b5e3d80227beb1ea00eced4aa359a6da2c0ab762b65c7b522,0.00014089326328925388
Source,025ade7633d14cdbf4fb2e91f0f8777c21df5486593773f3c0786944147e8ca7e4,0.00014089326328925388
Source,025c0a0f6700685017ddf41cd1633feb2a4fb626e57235ff2a69635dc4d46c1aa8,0.00014089326328925388
Source,025c33e788de5820e9f0ae31c6e7391dee639ea9991b589aec1e7313c1b7933210,0.00014089326328925388
Source,025cbed624834cd4230c61ab1d36b00eb6d4673f845063d2040a532418c77fc1ba,0.00014089326328925388
Source,025d4a6dc57ff74f1c78a36cb43ebc72f895bed965d1e48a4f282dfdd714299364,0.00014089326328925388
Source,025d780b5d74120847aefe384e2b4a733667743d621a9eadabe661f76ca5d23d7f,0.00014089326328925388
Source,025db83e0f5b9141dd86e35bb9848aece9e586e066768d1ea4d0ba7516daa72e81,0.00014089326328925388
Source,025de99b8a83a78e63ffdeef368d5881dca44dd2550d2c1f3cd43de9d408ea9a07,0.00014089326328925388
Source,025e98a9c4f4603ff668ce456bb89b7575e6667decd79f26beca7ab881da862467,0.00014089326328925388
Source,025ef5afbeab1e6225dab5a1f005b9574460d4d8ad173f499fc15b6255a58d516b,0.00014089326328925388
Source,025fa109a445cff3a1041bd860d55a1f42ec4897039407cb2ca194ddd34d63279d,0.00014089326328925388
Source,025fd943d63581e039a62b748c3435c179357da4b2db5cddf83e066bf6936dca00,0.00014089326328925388
Source,025ff208a82fcbf51c39b1312928f3fb75fd65efaed78732136e7f2f931397776c,0.00014089326328925388
Source,026000adbf4c4397d2ec7ba2e7b08bec4a5785d26d18cafb170f0884dd84a9fafb,0.00014089326328925388
Source,0260286c77290cb797a9996d186328697046419112e4542d66395ebf78ec74c522,0.00014089326328925388
Source,0260b2dd149223ccaf0bf3aa095f47da15474d71fe42511f504bc3f8618f3d1a72,0.00014089326328925388
Source,0261ec0a3b6e2fd5101599b86163b9aa160410511f5d31866e8b77ec3431b4b118,0.00014089326328925388
Source,026205c9dd2928ba52a6ebcd86ebc1a69b4d6aed1e5ae750c32f67b3428fe3e5d8,0.00014089326328925388
Source,0262d23d13a361f797a66b83881f6f712d2e064807b301a7b247253d1ce5a566c4,0.00014089326328925388
Source,02635d17d294f7f815b22226b3ca9126680e36bb8f42b3d58b645a03ce8aeb3283,0.00014089326328925388
Source,02638c3c27dd3db9edf77449571861a591c085eec152a8b60e3a68931f99ee5ff9,0.00014089326328925388
Source,026394b215fb9559dd1ad3f0a1e05d59794ca3607a971a1713d155521fa79c99f6,0.00014089326328925388
Source,0263e99b73ca00f5a2000c4b63d93430f4e7ce54616457baf86a8570f0214711fa,0.00014089326328925388
Source,026469a15b4bcf27a814c54bf99508cd36ce6e7ba2973b807ad93269f4ead8948f,0.00014089326328925388
Source,0265301734aaa0a7261d3fb7a53c8499eada114d5cc97797029c0b9dc263c3d088,0.00014089326328925388
Source,0265e09d24b0aba646e8e416dd7e02e8d942decf59ad62955c8106bce2b8082891,0.00014089326328925388
Source,026651b2c2ccd59b53a310bba1737797b4f368c0847a61faa503e2892a71704d81,0.00014089326328925388
Source,02665cd5eeb875155645483c14704703e88dfd5094f560a14301e4ac7870a0dba1,0.00014089326328925388
Source,026672a37171159f5c68887e339dcdbbfa33ebfca1f93473529e07b687907c4146,0.00014089326328925388
Source,0267b5583bf3f7bf8d4d957403be84c305e0feff0bca1c2be7668363a8171cb72d,0.00014089326328925388
Source,0267bb8dda0c06c9b1dd5c463b7170f13485ac7fa8013ce45d5cce6596bdfa0ea7,0.00014089326328925388
Source,02681b2dc052ba2f3cc0fb5841255a3a209e2484bdf9f9bf1c72801366aaee03bb,0.00014089326328925388
Source,0268338b189ed3d71fd1fa9870e5b5d496f78599230f3ffd414981618f33c8f2f3,0.00014089326328925388
Source,026844fe6d8c9dc51a291f67cf50d6236d4ea92abd665cbbbffce4cc9e49edd481,0.00014089326328925388
Source,026865dadc6e1d5a9140ec5e0fb1fb79ba045d2c88f025c2018192dba3a82547db,0.00014089326328925388
Source,0268fe7c58fd37fd67bd26e8d1fc4fcb207d19349d182cd173b5f891d91145900f,0.00014089326328925388
Source,026a3e50b43e60e4a4c76d840a7b28aa56d7c230d2fe545cf1612b72e1dbce592a,0.00014089326328925388
Source,026a46e065bd5ca228c2b58486566514f073a48b99e60b53fec9fa1d6856a57489,0.00014089326328925388
Source,026a8cfab2f7cddf7621171f7abf79b7825e5d284ab3729853272c58a0f2ac96fe,0.00014089326328925388
Source,026ab669fa9be9451322ea3517d2baaefbe940923fd1a9a5049013b8ee6341062a,0.00014089326328925388
Source,026b6196cfd73603b45151353a3286d5a985878e95402a05355fc89ac751e4f0d4,0.00014089326328925388
Source,026b98870d9fd58ff96220eb0c1e80465d1950d7aa545baddfe6f370a7c3ed185e,0.00014089326328925388
Source,026c038a8d33fd6a8447fa1670ecbd688a3e2adeb1c4e64b29a91d5d6cd7bc6a89,0.00014089326328925388
Source,026c407fec5bb02330beb3d9746b410e73cd471b926d5fe2b7e57ff9613648005c,0.00014089326328925388
Source,026ca7fbd916126fc4b5e6e67d331051e84d7f35d2d69baa95e1535776769fee16,0.00014089326328925388
Source,026d2002de505b8e9811e4a911b132561167bca428e2ae152c30a2e5c38fbb603a,0.00014089326328925388
Source,026d913d02946ca0539d09934ecf3b93584f7bfb841adead2c724b98652984cdcd,0.00014089326328925388
Source,026db470c8a438657498f034805273d51b4906c2e0bd0f8d5f48b9f53866f8a2a2,0.00014089326328925388
Source,026e2416e8a0334ddc76e957ec803b8fff926fbecdf45bfcd336b2fe11312f0f46,0.00014089326328925388
Source,026e6be50f8c6e539f24e11b989a9c501a107208f99dbc83b9cee001b637433997,0.00014089326328925388
Source,026e87cec52f8433b38adf70a98b9e688aff9a680e2d5552afd629e499d6180fb3,0.00014089326328925388
Source,026ed0eca921f902ac534271bde0f3b38338b2a29328b13448fb076673c2b76d51,0.00014089326328925388
Source,026ef22854adee14aa2f8c4768f55f8649f8cfc6fd87399b25d9d9520d787c35c3,0.00014089326328925388
Source,02707ea0b73ae0c318868c47d5639fb78badfc440b7b7c806ba0c0c975bc9cbc97,0.00014089326328925388
Source,0270cf65c290ba54910af70eb24d758945f1b712584708c1fd35112e16682c17d6,0.00014089326328925388
Source,02711aaf8e4919771fb836aa593c5540915652139193d3fd0bbf5fef26e63c9b6a,0.00014089326328925388
Source,027133d09a45c9bd5109d5710e60a6c0f272c8faf141a6570c5074b8f20a093207,0.00014089326328925388
Source,02715862eb01bb4e8719f340939db31ef6c44b5bbb2641125de60788cd40fd3104,0.00014089326328925388
Source,0271616961c437894e718627e702469629ac66f6ed3ff8cd1e3e0a73371765fbe6,0.00014089326328925388
Source,02720532ca693d59de22c1c059498fa8fd86d28121d298d6531953ca4ff21caad8,0.00014089326328925388
Source,02721f94cc322fb4257d81ae6ce05fe6169ad5e67564d90119e838f021d5908382,0.00014089326328925388
Source,027238e81ed9dbcb437289ca746d974651ae42333a6831b9cb77117d399f0f0adc,0.00014089326328925388
Source,027270f63038c203c8e2e3eb2f92c1b5d208b3b937e2ad383ce942570d90fc24b7,0.00014089326328925388
Source,0272f1d97b9af2ef3ed4547a1cd104b761fdae2cfe156ee4b311cfc4ad85eb9a50,0.00014089326328925388
Source,0272f23607c8c78b8fc2937e6a0fd8538938eac3b04191afeeb9ecfdeace7a34a9,0.00014089326328925388
Source,02731e5c9370a8d08bada7887e761721bc9d094120f4c8c11fe9d980d4cc1c0473,0.00014089326328925388
Source,02731efcec77bafc9389babf2e04fa578cc9c5dd0a805807f70f8ddcb1443d2d34,0.00014089326328925388
Source,02734c504e4636c4f9d9c3657dbdcc371c2d3a7d6bb14e824279cd69f66d3c4ffb,0.00014089326328925388
Source,02739b6f21016c1218cfd0ce2d2f58e391ef77b84b7dbaeba53bd62d426cf25918,0.00014089326328925388
Source,0273bc69bf6028789b0dff54ba78c36f846c455319ef3834d5a353a379fa4c34d2,0.00014089326328925388
Source,02740c62f38896511eb98479036b06907fcac283f62d08b756a1e25fb55e3f6772,0.00014089326328925388
Source,02744a542a4b56b669a9d08e76deb70993c6ced7a16f062d7381ee5d0440d578af,0.00014089326328925388
Source,0275080fd049ab56e7173e97c1d24c3e198647d633c4c233b5ee342e6697f7898d,0.00014089326328925388
Source,02756b06a10854f3d7a2a42239c1d9ab86c7a790409808cab194f55145829a341c,0.00014089326328925388
Source,0275721a2cb785d2294bbe489a79de1f2a18b9a2eac7d95dc40e5e637c281538a5,0.00014089326328925388
Source,0275affd6e30bb5804160e99e1a2871820ab7487dcaa4352c438507ee8740838c4,0.00014089326328925388
Source,0275bf18e91a351a5aa211833226db901449fb08e986bc84f94a10774407b24da9,0.00014089326328925388
Source,0275dbd4d6cb62870ea7c9f689e3d17c31b8bcfe8c43c67b7f1e8194019ef74a2d,0.00014089326328925388
Source,02763d8a6be55b52a6a352f417f6cf3a1680bcb6b9e9d3e3e369fbd2df0435e8e8,0.00014089326328925388
Source,02768cf079dbbeafc174221d377a6fc46fea6a49ab67deddbd8165f43950a075d3,0.00014089326328925388
Source,0276e7a080aedca47faaf1f58b130bfb3b8a2de3e20d0008e415190f0fc8322928,0.00014089326328925388
Source,02787fa383a86494733aefc06caaf05108ef7aa2fbc3da78a557e14bf5b1120a11,0.00014089326328925388
Source,027892f5df9b775211897e714d45be355fd5c831886e78bea1795eb4616a3ccdc3,0.00014089326328925388
Source,0278bbb976c52e14fb17d67368531a33ba64643a6fffb6bf6c8029bc1e9270a670,0.00014089326328925388
Source,0279130d1b0ef9c47029874486487991b88ab9cd4aa769c4921dfb3efc7109aeca,0.00014089326328925388
Source,02793c468d6e179bfb3201e4d33b91737a6b5f4e827e73639e47120788685f2c69,0.00014089326328925388
Source,02794511dbcc3a86e399a0e3ef83802f98397c8de96ef637b20a63531332cfddee,0.00014089326328925388
Source,02798c53da0fefca9bb8d3535b339933655f4d1bc8b59345eefee3a4ec3c67b865,0.00014089326328925388
Source,0279cba97d7810156b2ca2cbce1c6b8464450ae728d5eb26910ffb0ae1a5e3d25b,0.00014089326328925388
Source,027a4cb61d55f7335a53140894ca5bc530c71b5470e8c82cd4c5111f17547760ce,0.00014089326328925388
Source,027b097206d890b973bf8ff3486002308aa48cd6f021c6a3aa45c936ec4be56a4c,0.00014089326328925388
Source,027b0bcfe1d61b9634c326265f3bfaabc666c5c11b40e9f79329e817c6a254040b,0.00014089326328925388
Source,027b405134210d0d051c28a8ca19a58bf2d4ebacb1f689402caecd902d1b2ee4fa,0.00014089326328925388
Source,027b4faa23aa5ace29c8fbebc1f6df704ed5fbe0575e0e0634ecbc479491b52529,0.00014089326328925388
Source,027b581adb069aff78389c970b898b1956d00e9ebeab3c2699e463a3db9c9299d1,0.00014089326328925388
Source,027c03012e294ba9abd92e40710f028fda5f021ffc6dca46ef438179c5c31ad79e,0.00014089326328925388
Source,027c4f0e97acee872ea18a7c8154b92d719b3e8492d22ab0ad005f33e56c8034d4,0.00014089326328925388
Source,027c675b5a01379ff2d8eedea32ea60fe1f8c321b5ee98f3ef968b33ed5264b554,0.00014089326328925388
Source,027c873df1b32a869177a3742bacd5ff940d474d1802dd36d3c9d2003b48d72c15,0.00014089326328925388
Source,027c948a8beed67402ea9ed0e8366064cd4987d141be1a4bfabbe9582f06bbadd1,0.00014089326328925388
Source,027cf0ead09ab5eb9b24bcfeb1a478a94704bdacc241426a45169a055da02399d0,0.00014089326328925388
Source,027d3f840a33cdf9a089393f841829c655d4251746ea048be611d9989c519db143,0.00014089326328925388
Source,027d4b3fb26b629143567e37ffc7ed3210a5206bcb2e7cb42403dae4b60abe1871,0.00014089326328925388
Source,027d4f8fd79e846b19c36891004c4e1c02e4ec6452112dd73a5761c971cf880ee5,0.00014089326328925388
Source,027d767231f75f2d062a062b2efe074c9361fd97b5f7c4c8fa2134b41cc63ecfdb,0.00014089326328925388
Source,027e6c3a7f0ec144b371c01248655b8403b21b7b75c5cd6718a89f887e8aa7d708,0.00014089326328925388
Source,027f0379cd857a690a56c389b13d715e11cc4186ce2e22b8064a1d797ef3dbbf57,0.00014089326328925388
Source,027f0a6db077487fc415493a71bd914b5e9f058e92aeb29de5db12954a176b245a,0.00014089326328925388
Source,027f6a478755e8f2b07c8c167623151f5be2005948c930fd45aea94d343a4d966b,0.00014089326328925388
Source,027f9a4a62e4a6ee29b1b64fb9fd752c5b930927bfe47623056c210a4d3eb580d7,0.00014089326328925388
Source,027ff2837f2aab5ec52251d09af600822b31084bf47688f99901b948b76d7f9239,0.00014089326328925388
Source,02802eb75dbebdadcffbeb74e5b8fcd19939950a1ff40d3da980d5a66020054ec1,0.00014089326328925388
Source,028059662c65626f3002290dd3151186bc1952726c03f56012406f3ceadb81cacc,0.00014089326328925388
Source,028091ad2b157f76f8be07594d6b884f707d9237bc1dff5bf412cdba9af75c193d,0.00014089326328925388
Source,0280e49ace8ca07e8647b8e503a01fee260f32b08d7f441de1476467fd8cb9fca7,0.00014089326328925388
Source,02810d286574eedbd0ea00d2ee11e2b89212636f8466defe7d27b85aaaf1e6eff0,0.00014089326328925388
Source,0281541fb8be936a337873a652ad9ddd991ba1291e5d0d814367311f6c7fabd63a,0.00014089326328925388
Source,028223eb3b8d5e96842a65736828e14b6285451cbe086d9a903feebf65afc8baf3,0.00014089326328925388
Source,02824b491d1a2199ff87eaf42b2f0eefc25d7198ebfa8c95565acedab01f2bb00e,0.00014089326328925388
Source,02826f55700185cd81dfbe5a3eefd7d578dfe93c06f3ebb2646a3965d27cab7188,0.00014089326328925388
Source,02833b7a5020a0afbee8edf42e05840e5fa52485d1ee56fb2fcd0c87b2dfe7b84b,0.00014089326328925388
Source,02833c2d518851358dcc5000b45ab0e18c64357a825f4c9a009bd725a2c39aa7b9,0.00014089326328925388
Source,02843b54ef2f286f09dc60587ab1fa80a77abb7f4c1ff47fe1235f19e03bb1db9c,0.00014089326328925388
Source,0284b5fbb91f14d90f71e83cbaeb32f956c1b1740e4b762258e3da565b5e1450d5,0.00014089326328925388
Source,0284c6ea868df6d703f814a959bec23c333229a990e4d3e27083305a63304ea93e,0.00014089326328925388
Source,02856d85fbf903d4b2bca3522a3feec72d0b3625fc2221340d164e63e4b656dcf2,0.00014089326328925388
Source,02859f538cfd45f2d5f4a6b7697738508ff548e89d1fe725c6d727915f992b18f5,0.00014089326328925388
Source,0285c280641305f1641a9e08718d5f4b1ea3bde8003beec4acfbefb5dde207ae4d,0.00014089326328925388
Source,0285cdf038d8bb23027ef65e00ac56bb6975e3b5ddc163122a57f4cd1a58a5fc51,0.00014089326328925388
Source,02862df6de32708d7d1dc3b9c96af9d359f22851549e1b6b938de91573ca23a028,0.00014089326328925388
Source,02862e5864dcfb31b777ffb11ca690ac59b896c4ca718bc18319b56949d3d44d9d,0.00014089326328925388
Source,028648b4891ab197926e10ce10e7ef013937cfc05387ab6629e76918fd762922b4,0.00014089326328925388
Source,028690f24e527ff41051c985beca9d87d835415b9b1da378701ab5bf8f58407582,0.00014089326328925388
Source,0286a67d2d17274312e9c230f6bec5111fbba19ded43e5b4504a2d8b2b0703f410,0.00014089326328925388
Source,0286b94884062d42deae42d1a1f0200170e672c5a902860c2ef712b41b2404c56a,0.00014089326328925388
Source,0286f98999997e2cd931571358d1f7e380d0f391a8159d7d8a1a9bc779f1707ebd,0.00014089326328925388
Source,02876b10c763ec39f20409f891ed5dd0f42f4452421fcdb31780f16c0a9b5f1a0e,0.00014089326328925388
Source,028822691bc2d9a60d8ead9ddecd2e00b230f1b01536b06a5303310f25df45629f,0.00014089326328925388
Source,028850b11542155adca4dfdd339b254b678633ed80504fcfa29920fef681078048,0.00014089326328925388
Source,028888989ca03c90f8f03e768eb8706e3a6ad0899675b4a3e063760a6f871430a9,0.00014089326328925388
Source,02891f8a0cc91093862417a942cd3bdc12e6a51a2e4cc24bb01ad8c4b504793823,0.00014089326328925388
Source,02897b79f66d8a98548bb055a976776399d284700927dccdb6c3d363845e2dc4a9,0.00014089326328925388
Source,0289b7bddeda923c7380141f32b60bc12234be58f59fe883cd2a2c7fd46931d1fe,0.00014089326328925388
Source,0289b841e2d485dd9aa279ddbdd26320bd327fbc9f06d7fc8b43e066f3cc1b5398,0.00014089326328925388
Source,0289e3a0ae83caeae695fcf18999e99e2e5897cafe9cf35dcf6779cd06a1f1c643,0.00014089326328925388
Source,028a28a17bbe900b7126bd2671e931d64d0b98906a9f6f846f8f32ea95ede2e01a,0.00014089326328925388
Source,028a3c1fd78290c989e73314e21ba855e7c9d8ecd4f5295738e90b13f953043547,0.00014089326328925388
Source,028a89f35c9afedfad6764ec7d32f9d058a702f4e6ecd8cfe327296fdceef6e8bc,0.00014089326328925388
Source,028a8cdfb4801416bb95674893398ed9a8308125805542f1c53b0f6cb3f6431614,0.00014089326328925388
Source,028b06637205225f29f6daf40b4a8281eb3dd8aceace945e7b012fcc9e6a1e1b39,0.00014089326328925388
Source,028b6cb61e000ce5731dd56d142474bb3c62fadcfe26f87171b468a37b2cdfcc82,0.00014089326328925388
Source,028befd7d41a70934a942263138b615801cea342171089b7c2204f79ced3eefc8f,0.00014089326328925388
Source,028c17e69dc04d9846861df816de7d53339c555773387a1900cb28a2e2bfd89bc9,0.00014089326328925388
Source,028c345f7b4b7298d7340ed531e2c6f46e1f136fc43de6316f5af42345d619c7a1,0.00014089326328925388
Source,028ca0ffee9ac156a022d92d085bcecd85202f35e5245f0a464f5fa60a004fb19a,0.00014089326328925388
Source,028ce75f63605e81f9f2ae54fd4877bec21e8aa60c4e448b45ce4b86bbadce7d3c,0.00014089326328925388
Source,028d0312d392b6d9b6cc5dc6b41e229a8e1b6d00b82d8b72bbe58d17548ee77f46,0.00014089326328925388
Source,028da2720cc25a5c0cff623b340be5d772330247ae08e11b451e6c22bddb0d7605,0.00014089326328925388
Source,028e31b583cf30de16ef8859579428fcd5cad4c539e279c4e6b51e8bcd2518879e,0.00014089326328925388
Source,028ed1ef4717411f2f092132a81a880e62a5f9d26835aebcf3069fc5b205f6bd1f,0.00014089326328925388
Source,028f0259227ab1fc1ece9614fdb372eba5f5e0e934cad7481fd0684f780dc5771d,0.00014089326328925388
Source,028f48d16c9745fead9b87c5f1670a7ceca19014cd9bd037dc4be2906a1d4a238d,0.00014089326328925388
Source,0290732f9772598474d13c4796ab575795b93ceb91db5ae6a09a180c8417dafbb9,0.00014089326328925388
Source,0290f49e1eaba3e141453b253e5d63024381db278951e21886d1443e92ad7fdba2,0.00014089326328925388
Source,029105c73b8fa86f59b3ced5697bdb568e72aaac3ecded1fa6e3e0043f166a883c,0.00014089326328925388
Source,029105fae590a53a79947514c357e58190372f165113f4133144cac1e70d123a2e,0.00014089326328925388
Source,0291340e3f187bcc839f7711d04acb2ffe93c3b2cdb68dc07890be364e54b923a1,0.00014089326328925388
Source,0291c7f53612e1d64be43f2b388b9cb7f5a510ec98f887a6b80600ba5cc8b09e5f,0.00014089326328925388
Source,02921dcfeaaab06cbd28b78297d3e49da2e22aa1d63d9da3f314b8c9d422022022,0.00014089326328925388
Source,02929389508527c3e3ae38d9bc198a2dd460862eb8fb8284a6254300ee723eaad6,0.00014089326328925388
Source,0292f750ff520a92b9eca098aa3f05aff2f4a67d702f7d1882c71e538d13add7b6,0.00014089326328925388
Source,0293423cdebe76a816eea3c8697b15ae8bd702e19e01798cd7641d5ccdbfc79fa2,0.00014089326328925388
Source,02939bd0f036eb127a726b7bd3c9081c36c9b769a94b3a3f74b53ffc18767acfbe,0.00014089326328925388
Source,0293a87341870580fcdc7fccd875cea3bc91f888e6ee3f03324d1e24b0c92b31ca,0.00014089326328925388
Source,0293bd82b16f9a1f05ddf26b24a6763a86a5c91de7044ccc23b871d4e170408039,0.00014089326328925388
Source,0294967f3327884442de266e865f21c2812d5bce7c1081d375c55f6e47322bcc72,0.00014089326328925388
Source,0294fd19a1c89a8f69a90a5a0489153a9d2f9ec134a84199e87c47304c4bf2f221,0.00014089326328925388
Source,0295455c9cc7cdbac4ce47e5d74290ffb26d6872340f98ee4bca922326382d017f,0.00014089326328925388
Source,0295a3588b52f7612b4f07f4c8257991bdb608d4eef8e474d87ba9879bce46f32a,0.00014089326328925388
Source,0295e9c42c208205285a5b8a42d44ac66729fad017fadba51fe23ac47b2f9bdf47,0.00014089326328925388
Source,02965189e2bc026c023685c51a505476185e9851c907c1ea895a7ab31f5cff3c12,0.00014089326328925388
Source,029664347c65b71900ee4edc585f39997faa6f93f744a976b2f720f2ebaa94ca4a,0.00014089326328925388
Source,02967658e461369f01d929a14b6e7404b461a6210b183a060429944bbf67db2bd0,0.00014089326328925388
Source,029775aed2dd13f493fd7e1ea0a198e726b633e188c3c0c5c3465acad15fdba3ce,0.00014089326328925388
Source,02981baecdd0bef96c366967af6d15f111d4bf8fef8fa40d545abc3b9d728c40a6,0.00014089326328925388
Source,02982d3a34caabf69f5c2ddf241878e8e685b463f70ebbf6c048588463be35d37f,0.00014089326328925388
Source,02987d39dda86bfcdaa3f3bafc3563e186ead9968d5ccb82f7cb7bd262a5c0aeb0,0.00014089326328925388
Source,0298ee08a8d3e93fc6358bf9e3ad1ed76225be0447024c754200bdb7b548561efa,0.00014089326328925388
Source,029a1316bc91eefed16e51de41db5ac8237758ae725486fd3beb5dd0501c32437d,0.00014089326328925388
Source,029a5b4904dceca408a4334cf7c3ffa3e5ec51ac3bb5ba7023a94876b8d07ab58b,0.00014089326328925388
Source,029a63c501139273b679f0d0f5feda9b7acfe096db975457414720367eab9de0ef,0.00014089326328925388
Source,029abe5ed9812e296379c97976428e06682465774a791089cff0fdc0bc04714bad,0.00014089326328925388
Source,029b5694bdce8dec3ee25168485932d5275963633d7f897dadfea1f0ab682d9e36,0.00014089326328925388
Source,029c1f31132d20d8242a75d09cc96a77fbe88026acf292c63714835b2b6c42eb1a,0.00014089326328925388
Source,029c6c8715a33d417fc753d5c824e461b11c0dcd8b354e489f9ca3e2c7a515462f,0.00014089326328925388
Source,029cb5d877fb65761c9edc2810037b532631d22cd0e2b696051cf0d07d6ee218c0,0.00014089326328925388
Source,029d40776fd9fb60f8cd3f1cf7168a8af46c08ea75fdf15a3fbade987376315e31,0.00014089326328925388
Source,029d944b8dbc8696177663c800dec674f98c909e6a038f79f7d8c6b2b5f1c3b54c,0.00014089326328925388
Source,029ef2ce43571727104099576c633b2233bfeb8dc18b476f93540a32207da9e9a4,0.00014089326328925388
Source,029ef8ee0ba895e2807ac1df1987a7888116c468e70f42e7b089e06811b0e45482,0.00014089326328925388
Source,029f430d501c4b8f4fa3db11389f84be4bfce455ad056df87c8644c66cbf85d05e,0.00014089326328925388
Source,029f5e1a32f80ab0714deee369024bdc373229eab5843dc925a7ac72975ca9eb38,0.00014089326328925388
Source,029f670766420210850a6c388b109d3a356896ff3adba3a0e262d4d8a74f225ff1,0.00014089326328925388
Source,029fd76c8cd95dbfda635be7314c4eb4cb91445d006ec99afc5f6d0798770cb3f8,0.00014089326328925388
Source,02a045759558b72d5d843d2269d1fb5fcc38b0abb685201920b1684c5d53d06899,0.00014089326328925388
Source,02a06b8470199c686194b90a31c6fc91662f67861c2cfa3f299915151bdb7e7b1f,0.00014089326328925388
Source,02a14c5c4fedba011d5a822f44bc4cd968484b94d92810872971ce498f278e34f1,0.00014089326328925388
Source,02a2139b791b673c99ddd512e2c84eb2c4c36400418053d58ef6065eea5d423a0e,0.00014089326328925388
Source,02a268fa37c84022f57c82e11aa854e7a5d973d5f831613eadd3686404886dd697,0.00014089326328925388
Source,02a2e2e47fa0b981df4653223621b43556b3c5e6bd4764142bf87b4a9a18452ee5,0.00014089326328925388
Source,02a347d06a30244c3b876e20996ce1622d5ab3a88adddd8e02b82ef2c610cfefc9,0.00014089326328925388
Source,02a3a655957625609d12e8defd4e425a353f36f100f4af7d3358185ca9d786621b,0.00014089326328925388
Source,02a3bcfbf123fd931dc7f7bb0b1aaae631d7a126e3da608d58f041a56e3bae1282,0.00014089326328925388
Source,02a4be6e6bbc1bee17a8c4b706ff9fbd276f7aef44aa18dcf9a12b7bfa703b8a3b,0.00014089326328925388
Source,02a4cbded5edaa2b174502f6f481b16d15e52f22ca8bbc0b5e288abcb3788b29f7,0.00014089326328925388
Source,02a4ee943caeb847398960230bccc19937dd04834e768472b711a4ce0e2c77cd98,0.00014089326328925388
Source,02a5d90ed9b0d41d2fc7afd45356c9fe8ffeef1794ba6c12fba64e1a5c1f11e931,0.00014089326328925388
Source,02a5deaa47804c518bb4a1c6f04a85b92b796516bd32c4114a51b00d73e251f999,0.00014089326328925388
Source,02a624a8019bb184d208045c07e511a571dfd6d9f1fb6c590c0f8ce5c424748f38,0.00014089326328925388
Source,02a69381f0b9c5b2faa794aec56bdc3076a450ec46e65e33018ff09dc8f9828083,0.00014089326328925388
Source,02a714a0dcad8e311b49e6fc438c9cb839fc48a8d1702cb84bfa3a6c08be54ea20,0.00014089326328925388
Source,02a7225838d63a99cf7f967805624d915775cfe96a5dfdd95f23b63ae157a63a70,0.00014089326328925388
Source,02a75dfca117a626896bd1299a96682cff28da0b62ba7ff05781054f726cb34a91,0.00014089326328925388
Source,02a7724cf8815d185d292b413349fe3df3b577871c8eb29803f379409eea53adc4,0.00014089326328925388
Source,02a7f9c7f87d03be03aeee26beafed72f1a8323d111fa1ca7d11faf16374e38e35,0.00014089326328925388
Source,02a80106b6c510c4c145d83bdc7882c70dde9401b6ad19160a76c84c24990a2dde,0.00014089326328925388
Source,02a80fbf917ef6f6d47fe764114bae9799807e0169b3d919ddfe4cc49ed0406b88,0.00014089326328925388
Source,02a834395d10072268931565a89164abbe16a5194b28c2e9295386fa14edaacf59,0.00014089326328925388
Source,02a8a5851029e18cedd26e6d44ed39984c16eba8af753cc633ed0736a178c250af,0.00014089326328925388
Source,02a8e00f0b1b42897beaa5fd37560b1ea1b0dc3c07062bf5a458d11020c81cb314,0.00014089326328925388
Source,02a8faff8ce2b909e1f91257aa6168a1a80c0e8b32d71e425957ec16c7d10f8ee1,0.00014089326328925388
Source,02a905d39d7f97d2aa74dc10772e41e18061462c4501b8e4d7ce24c38f2188a513,0.00014089326328925388
Source,02a929fab5df472eb8f8b2d5becca4b2cc4b439d10d46651db1921739186afb0b4,0.00014089326328925388
Source,02a95cbf567844e9de906aa5764bbb03a9a4e7dc43c0336ae2c6581b93959a02b8,0.00014089326328925388
Source,02aaa6b229cba65b540bcf0d7d6eb1724a9ed72e632f66ac2dfe6e7b3c2275fd93,0.00014089326328925388
Source,02ab72f8eb147cc62fbbcf551d26ea27560c60371d2f42e34ed5e48d561c06f805,0.00014089326328925388
Source,02ab81bee578b3b09b636fcc5960c8628605532724cb0bdc52f48cd5271a5a6070,0.00014089326328925388
Source,02acdbc78c92df2ca02e77af77a87ddf7d2a64d8ef8ae96b047eb2343cfb306b4d,0.00014089326328925388
Source,02acf2640da11bb9f3e817bf5a15f741eedce24a4343696155f05d1db4f3f70bff,0.00014089326328925388
Source,02ad74cfb336667e8b57b63023294b2aec2610243435b900fd9ff6e47b6106542c,0.00014089326328925388
Source,02ad898fce14604311ebe871e1053fa248a25e683803a8e599f168fba79bad5f52,0.00014089326328925388
Source,02ad8a5e571cf776a2b13edbcd95a301b363aed96c9558e2839598f6195ff144aa,0.00014089326328925388
Source,02add360b297570778c23b8c74ec4bab5612c690d4ae5871842d5bcf314a8bf8e5,0.00014089326328925388
Source,02ae6cacc5ac841d8833603749114fc378fae4540f5047104a6274428f59a80219,0.00014089326328925388
Source,02aec9e41abeb523be04d71cef66d7eb319ea584a17a3ee90deb24ee0f1a39592b,0.00014089326328925388
Source,02afdde5063894c0883e036493781e9e1dc402b1dc3fe780ab5147221b1c27a875,0.00014089326328925388
Source,02b034945378ef698ce06dcc9ebb5d5023013c9de1c94b83b188ee3ad9f01b443c,0.00014089326328925388
Source,02b1b75da8dcf1c20f8552cc8a80ae42e01b3e78d68ca351574782ae20e52ab30f,0.00014089326328925388
Source,02b1e53f6b2873d3c7f05791ae205621dc08070ec6b63b2d8e3c8dd481151e9173,0.00014089326328925388
Source,02b27ad518cbe2338558ad2a616fe0d2f5d633428533f4c2c219749c2b6e1215b8,0.00014089326328925388
Source,02b2e12caeae8c2a90e715ee556cf2bbb44ff15ec2afb6e040cb26ccb4d9217cf5,0.00014089326328925388
Source,02b3969ad5458a63749020af4185cf2e7511ca99626339028dd50e480cbdcd0a8b,0.00014089326328925388
Source,02b437d586e5824b3f14ea8960897ad02db88dc049c54f25cc44a582a9cc228198,0.00014089326328925388
Source,02b4a5955af2d3b0eeed574b8e3313a9f4b671e1b555926ff62181bb9d512ac2e1,0.00014089326328925388
Source,02b4c4fb80ecac3908eef31f390cfd5423434598142f254bf8d1c9db19d8e6f0dc,0.00014089326328925388
Source,02b5ec403e9a298a43b3cf025e4e46b2f30ab95cb26bcb5223537fecde247b97d4,0.00014089326328925388
Source,02b5f661d26668cbe325df698afede3349a1dcc2843ff5e6275ce90d70629770c7,0.00014089326328925388
Source,02b62333c0922fa5542906ca0f98ecadb24de9ef9e259e4a63ac4db33aee8fdc7a,0.00014089326328925388
Source,02b6458eb26f7997abb9be11c244bf44015f85c34710044a3902f3c46ed91f9d49,0.00014089326328925388
Source,02b65c2d121a229b3df188d3b90599e398bbca05388a1b4ff74f3c9d4ead20d0ea,0.00014089326328925388
Source,02b65dbae39dc11c2577c318ebb82696651377be09187b1a9b0364a417a1d96815,0.00014089326328925388
Source,02b667830be98cd914508005856dee6e5838724bf6927c140627fe7e1eb40941ba,0.00014089326328925388
Source,02b66c6dd7e3f8998730e789f7b8be4b606901c614fcf732a22448137488260a47,0.00014089326328925388
Source,02b676996c0c4686f175d040e915d2e962b19bd92d4da8cbd49e7c9f65dbccf5a9,0.00014089326328925388
Source,02b70c692008102e265f376cdc2d8a74f5b9ed08995a79bc75c87eaa83f54bfa4a,0.00014089326328925388
Source,02b72bcce369e0bb62d70c7eb1f1e7169799647a77eb7e32d3a920d4520c3dc7d3,0.00014089326328925388
Source,02b7c32c923a175afd01e86d9cee1bf268c46438b5acaeca05859f18df22f52aa2,0.00014089326328925388
Source,02b7da9f73401ae02d4781ed10b6fde598f567993d45dd4ee9fc03d5c8ee9d9bc5,0.00014089326328925388
Source,02b93ff3203195cd24c01eaead6fabff071f98f7cdca7fdc31abae279431f1b961,0.00014089326328925388
Source,02b94f8dd1d25ac262245c8d0b240e8e78c142183376b37cefe8edb6e0c6c8d640,0.00014089326328925388
Source,02b97f647df381d9495c3c5fda63fd872855d0c65242d66568f4cc9414663a3021,0.00014089326328925388
Source,02ba3eed9254d108197461de9722bc299cb21fe3b1fa680ab6d1463206fd8b0dd3,0.00014089326328925388
Source,02ba604ebddaf9d719fcdcf74bd94f1e9f36bd6f1b39c2ad933959ec6b46bf80fb,0.00014089326328925388
Source,02ba825f01f0b60b8148a3c3776ae729fdc05ee1fd45e286abe3c8409720b1c5a0,0.00014089326328925388
Source,02ba9663008b80b841389595ef64758f9eec868052570fb2a90eb6bd0549db76ed,0.00014089326328925388
Source,02baa725c94f2ff4c537772fbf340d47d9e6cbf12e3d93fe224713e18f5acfa8ad,0.00014089326328925388
Source,02baee819fed134d148df140b46185e35269982c416e7e47a3f78daf39a6543d84,0.00014089326328925388
Source,02baf137993ae5da2ba45094e52b4ccf72588b059d32a7401c9759a42d9b68f114,0.00014089326328925388
Source,02bb10aaa77a95a358cebb2d112c4de00e47c08f56e89b1acb4487ddd44cc98d6d,0.00014089326328925388
Source,02bb2a0357e93205eb891fec3fc144996a85389ae0b330954d1aa8b3e5cb3a1664,0.00014089326328925388
Source,02bc079534c5f19c8439b0f73b57c3c23d51b2304074e3b7454eeb6474803be1d6,0.00014089326328925388
Source,02bca5e545b5e6f868dd887653c16d57e8e177d433fe455e41db5b87d1bba7f317,0.00014089326328925388
Source,02bcc802fa6bda919a69250c25b6dfa2f02aa46503ed09e023bed6688b392216c4,0.00014089326328925388
Source,02bcde8f404ae85e7ac0e904f6ec2e2bcfe96da0e47379b6d612d6fb4eea64269e,0.00014089326328925388
Source,02bce5d05690d07b3ba639828ecf0ddac9d1b162aff64c5dc3386296f60de61c9b,0.00014089326328925388
Source,02bd826ba381fa913f191d9750e9bec8a5ca5ffaa3fd226f8822ac86664d9beac1,0.00014089326328925388
Source,02bdad1847051c04285a8afe76fec9495343cc9dd9e87e8f3cf478c3e64cc3bb63,0.00014089326328925388
Source,02bdafc0a837a5151c67bc587b5327d19a8df192488d0d01a5732a4fcf589c8a17,0.00014089326328925388
Source,02be99f8bdb0ceac55cb5ea64b0f4377e5ee5d06917ff55d38d712524af1298592,0.00014089326328925388
Source,02bee56e4ea4b0f3cf0e21b0fb68236a7c246a7856b803ead1f886ef528a8843d1,0.00014089326328925388
Source,02bf398ae45bb6b3d2fb1faeb4aef1f6f9e9b73a4d7acbc5dbf2fdb1ab3d734c18,0.00014089326328925388
Source,02bf457d8372ce18f444715e19324aa47bd1125b5c817428e43f1314db92cd13e2,0.00014089326328925388
Source,02bf595953909b6cc1b994928e2115ec2430c2d4a3eb0a1f0fe89b36f5b246ff4b,0.00014089326328925388
Source,02bff5302df7932175d07ed06843f9cec58382a40e9d6e08e3c4e510ccff4d7a01,0.00014089326328925388
Source,02c0a7f2e9ba3f8cc61c5b438b9bb37f0e0400445c6ca89c6cc1da12dffca27b70,0.00014089326328925388
Source,02c0cd59d003d9850c548e4c0f390d38c48271579fae7bbaea2c5cc9374a0dc1b0,0.00014089326328925388
Source,02c10d14cf5f67a0bd71248a789539112532a249d68d8efd46c695d1d3630d9abc,0.00014089326328925388
Source,02c12253b40b6bc44cba256cdd35cc77a7868dfa700cd8615ead9893f002cfa2a4,0.00014089326328925388
Source,02c12363b0f977f2a23e4b9bb8555d2fd30a2ba9649e3bd6d9b00aca9569d43f15,0.00014089326328925388
Source,02c13bc2685cfe48129405eb8a56a23955d08098b7dce96c3360189b177a5edd12,0.00014089326328925388
Source,02c1b4b5669288aa35a8b0b11466388e5c8cebe8d17f6477ad0ae60bca3fc72c6b,0.00014089326328925388
Source,02c1f09ec838d3125c9ac39bcdb0e71e272f7cd11fb0e4c8daa920df2ec119eb80,0.00014089326328925388
Source,02c22bc3371ca350cddf8fba2fef3919d10a923ac9c6bfb1f4ac3e49818d7526ed,0.00014089326328925388
Source,02c28080dcaafcf12d2eadad77b96c884fb28ae2a4dad6d2cf916df62db30e6888,0.00014089326328925388
Source,02c28872d38317b00526f84c7e084631c63a9414571a1ff18d6134f5615e7d6b5d,0.00014089326328925388
Source,02c2cc6212ea3b464b470e0269c1f1ecd6cf7f424d4cd06e085a5969f30780a39f,0.00014089326328925388
Source,02c2edddbdbe63639fbad420421ca7b8aa4f99f1a6dc12c4c9d1a578702fbc3dbe,0.00014089326328925388
Source,02c2f356abf89a5268a48f3f70f19fd903a793864ec34323f478e1f9bb3724a449,0.00014089326328925388
Source,02c33c8f4e38ea2986675edad9265c59c355024bcde4c5e10e30eaeab47c1fa39b,0.00014089326328925388
Source,02c3c398601d84400782e003f110184b398cdb4f6668d09c9ec786d1d3bd2dabd1,0.00014089326328925388
Source,02c43115328a5bd4dd5870c4c2e129f0f19bdb685ff8c1727c9320c0c6f5636a2e,0.00014089326328925388
Source,02c44f694d85f3bc013fa4de079b6cfd55c08a5e165649d09c6ed3a4bd1dae0d90,0.00014089326328925388
Source,02c48b179afd174184d316f910215776961abff135dee7f7b4b4da77780c70f26a,0.00014089326328925388
Source,02c5097bb37e94318b4e18a51faab68e764b234e9fb90b132397130e008d775d75,0.00014089326328925388
Source,02c51392ac92ef5120548469f6916407bbd32cfc6ffc8ab39fcaf3cabc0fbca3ec,0.00014089326328925388
Source,02c55b405e1d5afc8d59c38ad1eb089f86dc4a296767cf0bc10bc08f51fb382111,0.00014089326328925388
Source,02c5898bcbba603c536c0ffac22a4f32f67ee441b32d119dd74c55b362499da4c6,0.00014089326328925388
Source,02c5898e90424d4b9182ddf2d38f9349713a77c0f731b9bf955bcdbc0dd64942ee,0.00014089326328925388
Source,02c5b5972b05fba2cd2c2d9269a47bc478f73fae0f248a85cb1e5af60a07c1919d,0.00014089326328925388
Source,02c6732ab257ac180af7eb9788cf5cbe647b75b66a80a443539cfa063bf3e66688,0.00014089326328925388
Source,02c6f986b3c5a05ac6d3e1ca4d28e49d09d02a3b5963bc2a071b8b5cb31a250927,0.00014089326328925388
Source,02c73ab6e0a2b9c32503d2a3d8009bbb6f494bb36dc4d5fe0b8aea388c075f72e0,0.00014089326328925388
Source,02c7b1ea0deea10e794f2afaf984e0585d4eddb9f017aa5841dcccc483172cffda,0.00014089326328925388
Source,02c7c0a15ba6d021550ad4a39f5d99aa0b26df36f14e3e05ace7d1db838d3c5125,0.00014089326328925388
Source,02c8277f6893096f0f5fb230aaf2b69f9a5fce86c6c2ded9b5e4e57fb3fde7d9f3,0.00014089326328925388
Source,02c8b9a7278b6a55a45a6e2b2fd4ce7d400b792cd4df9257cba143f62d0d6f4c15,0.00014089326328925388
Source,02c928bc676d292ce59b698be45710ca93b7113af0a9726486ee3ae6183ccc3d1a,0.00014089326328925388
Source,02c94853a1e402c179d3eeb926c0229676965a80ebe9d0301b59ef57f15565a945,0.00014089326328925388
Source,02c948eabb06f24b0ecd44298d4195095e431ac8680a6890f291546de57632c6dc,0.00014089326328925388
Source,02ca29817bac5cac709cd90b5366abb4bd7a7cdae3b704163bb0d26a5114a1f390,0.00014089326328925388
Source,02ca31a1d88eef417b648343188137345234d56cfe7245a887e99b097c509ca8a1,0.00014089326328925388
Source,02ca3248eb460c64a3572c8c4fbae295cad74ddaee3a3814e08ba55d51111c0654,0.00014089326328925388
Source,02ca98373e4cf05bb1cf1f24df11ef33b6872f8f8c14a5561478c47fc62a263ccb,0.00014089326328925388
Source,02caa94cf6971801daa2a747dae96d87d0ca3cfc929ab301e0acb7d9883d6cdd95,0.00014089326328925388
Source,02cb381d0c49305c01f0ca1eba475e30606b24d3307a0509ce0f9135c8671288b1,0.00014089326328925388
Source,02cb5509d2eaf24dfa62ec7582cdad0aa9768ac808534cd439d45820d05850509d,0.00014089326328925388
Source,02cbfe92960e44f0edf2330c9353a623acd47496b061817f96917a6269ac3f8555,0.00014089326328925388
Source,02cc362ae3686e5a11a6a0cfcd7122c65cc98e4db830b05272ab796fbde6887402,0.00014089326328925388
Source,02cc9a91fd72e7d114e472cb9016b73f81e33bc5c8f39de9d5fb62cebf0f7df381,0.00014089326328925388
Source,02ccdd849caefdd2ef8360f10813ed8247a4d063fcfffc39623403885c9dfa39e5,0.00014089326328925388
Source,02cd0a415120f9340229aa6213cb6e2f44383efd826fb507b3a581959d2d4f8a65,0.00014089326328925388
Source,02cd41700af9a18915911fc596d11243e77dbaa822cb0925fa0566a454cd51f625,0.00014089326328925388
Source,02cd546a60230b5d5c603bf79ff344afaf071cd42438bdd7846a5de4595c1ef304,0.00014089326328925388
Source,02cdda98af6cf2d886cfa0940e35ecd8b3f6aaa8d9bdd0348ed6ce1e73a9886578,0.00014089326328925388
Source,02cdfbf22d57df11fda9fabea8b168f9547ffe3f79345d18346f33c0e1617c828e,0.00014089326328925388
Source,02ce3b8bb5ec1426d56bc5610ab081ff7f959042a7a00f4b7f7c62809d1854599e,0.00014089326328925388
Source,02ce3eb22fafb1097f6fe58d62f94aac50da8d141373219671974010e9db8de15c,0.00014089326328925388
Source,02ce9aa93943d73e988ca4d2a358945ddacc84e112f2b979319945978b538a1205,0.00014089326328925388
Source,02cec87edb7e4702d5466bb9686e38c070dcb78c0b19050faabeb5210becd22396,0.00014089326328925388
Source,02ced8314568af14bfa836908f8b6e86bae23ca6a1a3ad65c4be6367a03a235a87,0.00014089326328925388
Source,02cf27f75dc2ae173b4443e351c21c000803ad02374076847198ac86cd49c2a865,0.00014089326328925388
Source,02cf6919a70f3d09c487e59ebb08f801ec2691d10c5908033ab2ab917ffb29150c,0.00014089326328925388
Source,02cf9b8f668d133c4e37b8fd9d14b34c8f70377f3f47c6ed549a568d9c5beb7778,0.00014089326328925388
Source,02d0174302d68aeafc3d7bbf53db02cac059581a675af288edde5818347365dea0,0.00014089326328925388
Source,02d0b1a625e63c4bd500db80ac711ffdd19014fdf986998662c3e27005100fa8e4,0.00014089326328925388
Source,02d25fa564d7f6ccbc92c93abbd27b7c3b30aa311b88f76ff749e23ef47401ec05,0.00014089326328925388
Source,02d2db4bed1189e106f931732cdd26a1aed0ea937c237f55b40b65dace7df9ab95,0.00014089326328925388
Source,02d310706cf17d14dce6ab1855668420e5bd5fbcbf4b2e4794477baf11eacd83eb,0.00014089326328925388
Source,02d38871e8be8431cfcec76ed5886eb31cd9dd48816c9eabf3d2cdbd9a998b7428,0.00014089326328925388
Source,02d491cca4aacd8a5d82d30058a0a9dd7435d6dfdfcaf33b51c3421540c31df099,0.00014089326328925388
Source,02d4b432058ec31e38f6f35d22a487b7db04c4bf70f201f601b66f7b4358242b03,0.00014089326328925388
Source,02d4dc96f2a7c9e08263bd6476e78e9333b29e25cfeb9765bff69a2c1dc8b962db,0.00014089326328925388
Source,02d4ecd3cc314d355f31b01d4bb3ff29a5aea59183b82ff74d6eabcb117679d455,0.00014089326328925388
Source,02d5246fa6bccbb80732146e198d243c49348a29d847ca8486742f5bbec158744f,0.00014089326328925388
Source,02d55979aa02d8f9d596250478bdd1f0b8fc53fefa7289b1162c22c9b6da47c7af,0.00014089326328925388
Source,02d5850c9bed78d46763e863ad81b7c8d2d38c3462b5c80c6edaa0a77e49899f49,0.00014089326328925388
Source,02d58b8a27c8fe982cf37360ec053ebf672d0274817d77c0e9ceafb65deea9a5f0,0.00014089326328925388
Source,02d5cc417b20f3c158986f97f1cf3970bec05f1e26b52b234ee22eec517461e8a5,0.00014089326328925388
Source,02d5dafde5130e2a8463463fbd9cb72a26f88a8ed840e4c2b7ddca3539caf81122,0.00014089326328925388
Source,02d6b13ab15548fbf00a5884eb64cd7c8e364cebea86608e5a60257ba766041165,0.00014089326328925388
Source,02d7120e248bb90972e9fadc2a3eb21bf7a1295a50b8d1611a5b7c5a91200edcd0,0.00014089326328925388
Source,02d7a00331d21b4ed01315911b772e7b8f4f8f579db1b6ce69bf3c1957799444ba,0.00014089326328925388
Source,02d7c035eb4f87a40e5a2b1a14557e7e8c4636eef6dcf036e99b886a567a96ba80,0.00014089326328925388
Source,02d8862a71c2ed833139dfb32adb48b429166470c528d47792f4aeb35bac175236,0.00014089326328925388
Source,02d895399133d203fecee5a462febe8d42d26b8b4de2461ab43943a56755f3ca1a,0.00014089326328925388
Source,02d8cb80fcafd97d92e8a0bae889cbc823b4c49b0104621a6dfe399f5b24265045,0.00014089326328925388
Source,02d904870a5655101789211614af38508fe03e4d746886264a84df4f6b12155b2b,0.00014089326328925388
Source,02d93a3ebde8d24fb3ce7b00d63a9ccd160de2a40c905e842920fb236aa37dc3e0,0.00014089326328925388
Source,02d9496a1a5a0ff0ab5a27d3fe7fd0e441536595336b146d831d6d23a4876eda0c,0.00014089326328925388
Source,02d99d87428e4141881758007e04aaee3ee45f78f3b593a72f091f4310f9832922,0.00014089326328925388
Source,02d9b93301a6464eb26386503872107e03962a05c59f1d359e184d2e760a623ed8,0.00014089326328925388
Source,02d9d2c24cc3ff0fb34ae2e18ceddaff77d404646673e50b4ef9e2d61e786a2dcc,0.00014089326328925388
Source,02da5cd27b0f548e3c79988a8d302d04ef8ab2d8e76b510761188fed3bc5b4fb01,0.00014089326328925388
Source,02da8d5a759ee9e4438da617cfdb61c87f723fb76c4b6371b877d0347abe953a4f,0.00014089326328925388
Source,02dabfcece1cf3abb06076d60b8773713a890aaf88ac2161cb90d6a0043a7a0257,0.00014089326328925388
Source,02db6ade6a9a474d7352d0375dc50b3d04c306e3461ce9d02697306cea289b1802,0.00014089326328925388
Source,02dbb4579a0af3ff4e6fb456783b763ac5896f1e4397d1502a880c1dc9d6686909,0.00014089326328925388
Source,02dbd4dd8cbd7fee2d231cd44a17fb655bbaefe916757712036ff63f7d4ef73fa1,0.00014089326328925388
Source,02dbdb833323cf3e7713290f76d96089177752f34bc229b7560b494b52707df700,0.00014089326328925388
Source,02dd0714f9f1fd8b64ce0edfa0a6f0326ac48ae198b43c7f38485d6f38547c2278,0.00014089326328925388
Source,02dd6c405b7d7e10435805f07e8908e0d19d54d9d2061be302e210ec2e54c49c61,0.00014089326328925388
Source,02de82f7de84e51269ef048b38880b8a1f838e22dd7322471bb6f46221c4565052,0.00014089326328925388
Source,02de8a8a645bc2b01eae36b91d3c22580daa28e1f41e68131b5e9bc9bc2f3dd255,0.00014089326328925388
Source,02df315ed19636d66272e2ebbc1f413e460ac5a004810b28ef4714b30f33acf6b0,0.00014089326328925388
Source,02df601e84fb432da71c333e5ec65d137195442b28403325c190a700dfb8875d59,0.00014089326328925388
Source,02df939275d8c25693316172f2921fa9e5f1252bf9c3ab1b236421b6019b82951a,0.00014089326328925388
Source,02e0894ed742ec18fb5e0048298de76fb162d1ab1116257b63727bc1f047894d20,0.00014089326328925388
Source,02e09a5b87f3d9122c3f3056806d61a6391c1f6a9204ae03bf43b9d25768e7071e,0.00014089326328925388
Source,02e09a7d40fbc4876c47604c376cdc3a099152b164b343263e51fd6df046618166,0.00014089326328925388
Source,02e09dc039cb5a7ef42e202a3c71ba612d8aec5c283eec882f54079541659b6e30,0.00014089326328925388
Source,02e0d706e1e571988cc3ddd946ff429354251c9803165c568c6127a6d7a8617aa3,0.00014089326328925388
Source,02e0ee992ee12d5ed05f1a825483c8d514d1dfcede7fd336d4ac0f90ba278a0a9a,0.00014089326328925388
Source,02e105b09d9b07a4fd583a3ad10e02d8a034b9acd4f1f9490731bb6a0eb8d6899f,0.00014089326328925388
Source,02e15b1650f6d93633d96c3fbe213cabc4fe2bf65db33295e3f96354a558ab857f,0.00014089326328925388
Source,02e1a30f5761874a1f186cb9aaec08632b6a4e5bd8ccfb88ccf40f4db4f2828f1c,0.00014089326328925388
Source,02e228d01dde44d09ff93d8c8e7be034d7ff9f4ee1822796a97857a377924aa6ee,0.00014089326328925388
Source,02e2897c6f393adc5aee8e9dab308946703cbc219e51fec511147d2c5bd7cf831e,0.00014089326328925388
Source,02e29777adde8a4ca2208df209ce7ea578ad7b6c5ea4f02d00b3b1025df8e58a96,0.00014089326328925388
Source,02e2a9bda21fd5c43649128beb78cdf623472cb2ef83147254b78901d898f83c24,0.00014089326328925388
Source,02e2bf9e87c7ba0ea046882d9b3301ca9a3b049aa920dccbd836c4008eac32d4e5,0.00014089326328925388
Source,02e30cfee5d8eb3739e74bb631b5e3e2b523b8a52e92c27ee7137166bd2afbbdfe,0.00014089326328925388
Source,02e389d861acd9d6f5700c99c6c33dd4460d6f1e2f6ba89d1f4f36be85fc60f8d7,0.00014089326328925388
Source,02e49f290df1e8bfb7c995da5781f8a91575236623f704531fa85fc286f15d22da,0.00014089326328925388
Source,02e4dd56b394e9b79e967b442f4afb08a835b69d2c48e28051cc61c3c4bd20af30,0.00014089326328925388
Source,02e671c2f1c27a680e3876f59cb5b70b6f824451b3e37312b9d4d8e855068fce9e,0.00014089326328925388
Source,02e7163efc0595c8a25582aa39a8d477598084a4dd80fe11fca0d92a93ae6ae236,0.00014089326328925388
Source,02e71fd624c23fd99170d2138102b9ebc32fbe781bba675c0ec601718d9b2810a1,0.00014089326328925388
Source,02e7418aa6adcb97618f3c49e1927eca2c935dc38963e22e799e35d00a0fedaccf,0.00014089326328925388
Source,02e7a7d3c1e6055b7b7457d95e04d9bbd24f200fd4a58daca7beee7bc776e17440,0.00014089326328925388
Source,02e7b320bffaabb516962fec3b77e901b75454e5e62a24ca99aac0ac649d8b6900,0.00014089326328925388
Source,02e80f1f135c1999ebcedf8bdd657ac605eaab09c526c06b0c22f038ee111b135f,0.00014089326328925388
Source,02e8f4b19c80c517e7d771403dde07bcfe422ca60930cd529196a26ad8f2aa8ed8,0.00014089326328925388
Source,02e93cd0a13203d290acbbc7ec538c93c63cfd8204a8a999a31f5fa395d935971e,0.00014089326328925388
Source,02e9c9122ff3a8094eaa5d5fe77a58d86cf74c0255301ce132e58325a6e018fd06,0.00014089326328925388
Source,02ea01e2476f9c6c69f720e369aa302b43e5c101423d7a5dc9f0e5834d1b152fb7,0.00014089326328925388
Source,02ea39a81e8f335b4e8fb3cb7087ccaa10931af880223f8af32a6ffd5a73b8aaa3,0.00014089326328925388
Source,02ea63e45a8f201fb2884b9cb910f5b41cf7bb69ded286474c9fb27806c5c5dcef,0.00014089326328925388
Source,02eae5c16903ccd27cec355125f01b04010e6bd4814467a056017f28bcc2b32248,0.00014089326328925388
Source,02eb34848fd68058c2ed4fcf867c9485982ec37cc21e30aab0749be795f8d9addf,0.00014089326328925388
Source,02eb751d26ab0359e5c076e2c4821dfd4122966e1e78c456119435e781a2343e39,0.00014089326328925388
Source,02eb9aaa77bef4e919b1c14e2b91a71991a78be553e09f6fb4893983425515b454,0.00014089326328925388
Source,02ebb3b8a2316b3e876ea3f3d8124a3ab97f30b128f619608eb06b5251235dc2d9,0.00014089326328925388
Source,02ebb9c3b7265647faa9c6361cdf5d2a0ecf08d4040a6cb47b5372046f23cf7ecd,0.00014089326328925388
Source,02ebcdd9187d70ba32b50de3aa23e4b72360f285484f1cdf96122bbf1c10e8bdb4,0.00014089326328925388
Source,02ebe22c61a37a27b667f3e1a89287c0c64b96f93d11d066508672e3d65e995ba3,0.00014089326328925388
Source,02ece7e2b277d83154ee9c9098db7762d456e2aebc5f7206925d6b1f609aa1544f,0.00014089326328925388
Source,02ed09e8fb8f2d2de638159958a108b1c374830c55f3ff46275b010dd34cdfa50a,0.00014089326328925388
Source,02ed11a06820a79fb324ae3d9e206d92adfcdddc7ab87ff4ecaa43d21d4de89d29,0.00014089326328925388
Source,02ed13faca3b2e612018e768e2881ee9a289c3f5bcbc45443de668c1de1f12de40,0.00014089326328925388
Source,02ed588d777b8512f850eeb0b167e26fd2da2052fb3ccf7a3c3abae2c920acac80,0.00014089326328925388
Source,02ed7aff0826551947a359d9ff46dd199417ccade5848b2af390dd8538f5f2f92e,0.00014089326328925388
Source,02ed845240c369753c662e6514288a2c093811ae01beb3d2b50ba818020d2a9d6e,0.00014089326328925388
Source,02ed897dac171e2d9ddb8c80a2840fd253d67d22b42d4bb94fc3b8f7ca8525f91f,0.00014089326328925388
Source,02edfa2d922363bba99aa42557f82f880cebb806ae3c14d42ca8e196ce25608204,0.00014089326328925388
Source,02edfcce712afca50ccdd79e8d272ba03b784e8ec5e77a9096454587077ce8f05c,0.00014089326328925388
Source,02ee1fafcda7597297de305b88da52bf62db04a08599e7f8b2e6c86bd03303590e,0.00014089326328925388
Source,02eefa0df220393744685187d89e96f65a1bda730e477c628f79fbb539acddec8d,0.00014089326328925388
Source,02ef2a2144de419b66f490ab3e91f0139afadb5f7c4bdf835c9e222c7e576c2597,0.00014089326328925388
Source,02eff4053a30921dd739b5ffa6f9299435637206598f9240d7bc9c8df27cb7ff61,0.00014089326328925388
Source,02f06ad40a3d8719a724b9f89f7a48b1772d5a5d6778e761c4a18708803ddc41bf,0.00014089326328925388
Source,02f0b52ca841a2cabe8b9852e5f9bf34697330e5a9f3bb7df25844e309bc8f67bb,0.00014089326328925388
Source,02f167bc48f7d304013e09b9cc5bb50e2204f7a8f76b9280b0cdf9c3745ccb5544,0.00014089326328925388
Source,02f1962328552371769881a9f49c192c0df261f3e0bdf4cd68a4f6d449cc6fd4ad,0.00014089326328925388
Source,02f1acc53f20fbea9d73fed77ac70a555d2207dc2c3b371c63f8686d16a2174d6b,0.00014089326328925388
Source,02f1f060e9e3013804d6458b9f734b092fa8eed4c4b67ee67ba4af65d00d431399,0.00014089326328925388
Source,02f24b8830cb056da6c5b7e9c0f98aafc97c9dd864f6e0fce0f8e391f3c5ef7f4f,0.00014089326328925388
Source,02f2a6c3e0c70d946ee4ded2460b949b96fb8e6892d5ea1b05030a0d9889293dcf,0.00014089326328925388
Source,02f36b2e377bac08ef4cb6b228255ce8c7ca2d50f613f3e1f875463dfe22632c7a,0.00014089326328925388
Source,02f3db9e1d8d10a157740f6fefc5a0d9b5996935d90a57f748c62a4e50894a590a,0.00014089326328925388
Source,02f41b50ea42c48b1bdd7d4d75e27d16f93958d0071367e4f5960a755e0a2067ad,0.00014089326328925388
Source,02f476643b14036bb9baba345d61accc20f861583d68bd7840f146dd5deed4c81f,0.00014089326328925388
Source,02f4ddc559bc1796d3fe1064e637b9848f7817a82c9f73396214912f9d21db2301,0.00014089326328925388
Source,02f4e1fd5a6222035a30f0d0d077918576a9a53e69eda7208d34dbdc24c8717d2f,0.00014089326328925388
Source,02f50854610dc0d0ca2ec28a913df26a3a1368c2196c7ed39cce0648a968c7fe76,0.00014089326328925388
Source,02f54386746f6542e8449eb336ad162287aeed8314d65c9eff4fcbdf094e4e79b6,0.00014089326328925388
Source,02f5be5f3d54b66bf531b96f06327f59cd139f6e2c301cc0131a3f632025c2704c,0.00014089326328925388
Source,02f65366476f3b27284125104a028880c83d7b83fd7378243c85b731c8116d6931,0.00014089326328925388
Source,02f78ff74aa2e0a5aaaa86c71a8923fa3baa1d7b820c0453e82cd86f2a636791c9,0.00014089326328925388
Source,02f7dcc28e15c0b55238a0f7db02b2082b1c2fa5adf66ff96e79db8f7ae17fe7d3,0.00014089326328925388
Source,02f84866ab6e0545561c5ff510bcace31ac884af29c4557648aeba63c2bec7295b,0.00014089326328925388
Source,02f8abf84b102a61b7fac723fc4ec88eef2c1c5ee9c80ba747b82942cc2d819cb1,0.00014089326328925388
Source,02f8c6379fce7cc8eb2e0be16fe5623f6b93a724dfb7428004c51ebfa28ef53e39,0.00014089326328925388
Source,02f910e74c2666a909930cba9d63424df344c50141b70dad151bb12fca11702166,0.00014089326328925388
Source,02f990558f06c4167018d7d58e99462333bd947ce17b73770396fa1552564de3fe,0.00014089326328925388
Source,02f9c73c793ab1cf1dd14f9fea88b9eab37511d64e29c400c61059744663b98bfc,0.00014089326328925388
Source,02f9f614c55a0813e1460a08b86b08ebb87d543745c0535e09f684e681227f54b3,0.00014089326328925388
Source,02fa7ea1a406c8d4c809af3f06802263a816b2103b7f8b4d54e04075625fb6b4ac,0.00014089326328925388
Source,02faa3924c63fabd1fe3d924b8d13b60903e0daa0850f6dde0bf5f239c9cbc7426,0.00014089326328925388
Source,02faa4ab03242a287651931e7dae6fddcd7f65f01c17800b7edf6a1bf2a31e00fc,0.00014089326328925388
Source,02faeecc19423fbd8273bae9c551d4d0a385b98e2e2a1843bfb1da09ab65fcdbf8,0.00014089326328925388
Source,02fb2d6acce2b8605b864e98205c7d27dbf09b535ccd4731642d8ea550de96fc21,0.00014089326328925388
Source,02fb3a8392b49d1f02aff91cb47bb24b232d62a4b6ea2b7e7a5127e837b0f17cce,0.00014089326328925388
Source,02fb79c3a9121d85b126687bd111eaebf21aaaaa5cbf232e2b6c3bdf8803f40182,0.00014089326328925388
Source,02fbb175a01a328a57d8b9a707d519b75a818efc29ec48d4ff7507eeae66e53e04,0.00014089326328925388
Source,02fbd317aef57f0007dbb3acd1865c8ad9a6491c9e9d82dbee5d0d3d111fcf480c,0.00014089326328925388
Source,02fbd735ffb1c0ccab0ed05f5b4977130db0eb9154e777bee3fe588a9876e8080e,0.00014089326328925388
Source,02fc2e8e33b9a2e611c5e7ecf04dd97c76f34985c8baa3b388136078aa4b0449ce,0.00014089326328925388
Source,02fc845f19505d6207d0f426ce40cd3a43dc319af2f32674465f1f428821f5b6d5,0.00014089326328925388
Source,02fc92c761013321d1880b5c003556b3238519f21aa5661823e8de006849c4c9f6,0.00014089326328925388
Source,02fcc80a433aa1c5c7e9723ab66025c88fe5bc08725df067de917a2cf275a3271b,0.00014089326328925388
Source,02fd0dfbdd3301d82d4d3950eb90fae817b5e3a30dc6ac69480d67e155a1f4668d,0.00014089326328925388
Source,02fd2e662b4fa84610a513bd972db64fb48eb5efcb3444054724ed0197347765c3,0.00014089326328925388
Source,02fd2ff4e1e9398c270e59e4db2ad70ba35b55054d4bd4f6c79e89ada0a7e15da2,0.00014089326328925388
Source,02fdd97d7075c458029c76d147ed7187a1f667868d37417ac1bde2cc090cbd71a9,0.00014089326328925388
Source,02fe158eab31e2b84177fb378f2e07515e16856d179bacf746fa2bfd13ab1ab015,0.00014089326328925388
Source,02fe66dddb3f74ced0916989d5ddef13f8ed839bba67259597da501cef84898815,0.00014089326328925388
Source,02fe769b85f480823dac4bf2557c715746ca2646fae6cf0f212be0556ce763c7a9,0.00014089326328925388
Source,02fec65f49fa55baf1f0f58ba5b8d8386e1acb37e6141412a845c58723e08509e5,0.00014089326328925388
Source,02ff2c9a69ab2bdae7496e41b248663a0fe250551eaa79ccb5cb92257e63b433c3,0.00014089326328925388
Source,02ff794247957e4a73797ba3edeb00ad16f18009fd0556763fb4d2a135ab528e72,0.00014089326328925388
Source,02fff7d04272591730b0329bf72a095ceeaf3eef24b6a30da473b976e809d391fc,0.00014089326328925388
Source,030016650de79bbf44988e9ba1a826d3f605f38a400710b1fc460df5cc83c0851b,0.00014089326328925388
Source,030035ea59d3fc1b6f598dfb835260dc03ea3955207086b43273f4f7966e7e7381,0.00014089326328925388
Source,030059ea3a156fd36b4826a171989bd48fd83baf829864feab3fa807b42943b220,0.00014089326328925388
Source,0301421ad710a74cdcca5938ab9f0505a7139d5c19317a829cdbd6c131bdad8f31,0.00014089326328925388
Source,0301883405f47ab2ad69dcb2abe6f68c801bcc8093afd1d4b3adbac48e6920f85d,0.00014089326328925388
Source,03022cf8fd85cec30fcd705fd4c42adbce73105110a46fca29d108b5f88be98258,0.00014089326328925388
Source,0302a55bff0c4f02483bcdf602930ef94091eadd1ab42aa5aac2364a509526bea9,0.00014089326328925388
Source,0302dcdbf91e5bc2cf349d5be50008ae82cf4fa0c16dc8965367a43f0563de4eea,0.00014089326328925388
Source,0303aa2b59c4eb13945e5d5d1d742e5b27ed85e891b815efeb50d9984421c34da8,0.00014089326328925388
Source,030412a84dd6046a321d43f549ffffd557c8c043090cf18d77fda6ebba18e0fbd1,0.00014089326328925388
Source,030425cef2484bb833bd4d28e033c56ac7a4c665eebbacc3b1b7f1db6137117735,0.00014089326328925388
Source,0304cb6754fa272c00f4934e67a314d3c4d709086ea6b9990e740a393f35b96db0,0.00014089326328925388
Source,030545472cee5376806eb2765b6b9068eaaf04f4fff95006ff4defea2f852d823a,0.00014089326328925388
Source,030588fcbf2e1496a3bbc17a8b50b74a8779691d7be727f93e567a96c3d1053e7f,0.00014089326328925388
Source,03074a8b53f02246ea06898c5573b3e585bfd8b446022831b3ee3e767fd7a2b141,0.00014089326328925388
Source,03074ab83706de692a91b6e7c5db4def16686e40f0fe7ff6f8997706a604671ba1,0.00014089326328925388
Source,0307af0bb98f2cbdf027fa8833321214de69fb502b7449dcca428b82385fcd58e0,0.00014089326328925388
Source,0307b23656662d0a9b8c2673c9ae3347bbea401f0eb31d38a2f7a29047648087ec,0.00014089326328925388
Source,0307c479b7ce720062d031f3b6b5471c05f46dcaf099901cdf345d0309cb4a718b,0.00014089326328925388
Source,0307c74dfaf1823e177097d1ac5c64706845220bf70a99a4fbbfa2366f0c9c0926,0.00014089326328925388
Source,03084ac386ea2c20ee984cdd102828d7359b82580b8658e8164970385ef912de38,0.00014089326328925388
Source,0308ba223f2e9bf7577e9f37eb421cb28e93a4ff632667c6f858055d86581c2f40,0.00014089326328925388
Source,0309232945ba144f970177f6f9067ad127e879b3965f440221b94c08e748bee2f1,0.00014089326328925388
Source,0309372b1f822d4b6982d628b6d963fa51dd6c18007336ae4dd0b004467408396b,0.00014089326328925388
Source,0309506f816ef8c60bd9be263fae9df0818deded18f7bbe35887246cbbd29f96a1,0.00014089326328925388
Source,0309b984e585af52d4f95816d99eb9dcc62fdc1c3df4fd68865f88121a8d256170,0.00014089326328925388
Source,0309f02bbfcbad0dd50a14a7ba7a4050bae9f404f5a2c7306634453e852fcebda0,0.00014089326328925388
Source,030a0274ea8e172060973a34d0d81e55a67e8ce22222b0c50b626ac5dd5d8dbf5e,0.00014089326328925388
Source,030a3af967d63bbb0048409b0adb4f8999eeab7155c3e972597a71b03d369c0d2d,0.00014089326328925388
Source,030ac0f610b4f8e0863ec3fdf93a262818e9f26fbc9340ab7a54c3070f654ef8fc,0.00014089326328925388
Source,030bc9e8a4048ca8337ff48363f643840e3333fd31ac36316b55ede34ab9f98d19,0.00014089326328925388
Source,030be1b6c769b5c22478f6fafe1f689fd0ada178ffaaa4737f1375da710cdec6a2,0.00014089326328925388
Source,030c5e46cf2f62755fe597c47ad87094df54514a10da5af221357b46a8e8ca0178,0.00014089326328925388
Source,030c5ea5732158b3d7ecb15b4d4da35999d786f33c341a27becdaea4d2e7e09513,0.00014089326328925388
Source,030c90df49347aca5cef19ffe419c90ccad6655bcdfb10ba0d3eac609858e313f7,0.00014089326328925388
Source,030d0036c5fdfb850b38d6101d2e23c13976b335fd71a4f649a98cd35178c9727a,0.00014089326328925388
Source,030d60e08f418262cd2a9d65e2dff026760fcf2c8db5968dc56da004c11c94cf17,0.00014089326328925388
Source,030d7a2ec0aae5d52efc433df8903ace2137db96833f3b966f795f02562cd879ec,0.00014089326328925388
Source,030ddb132052e6e8ec608655e9b0ffe43975582b1c3b2ff837d5ba36af943d6580,0.00014089326328925388
Source,030e0078ed41e4920bda7025be1eeb5d7cda6202e1fd31bd32520da103ecc87d69,0.00014089326328925388
Source,030e3c5473d6fd21844958bf4c75f9ebbd751f7f3f9302f336594bf7b7b85c4006,0.00014089326328925388
Source,030e4243b8c8c9ba1a590f922a77f9fd8c1a49092c129f161752e300b415304232,0.00014089326328925388
Source,030e6af245da51ccc1d43d161c46df6d21099d14c6383eea7b49352e6e656509cc,0.00014089326328925388
Source,030f2e51d184c1aa37104e9d646b3a7fc14dc4cda7390982d571b1135c3093f3f5,0.00014089326328925388
Source,030fc73fbe3fc52f49fb2b9feed41b62689b53062696eda5a31bf4644cd1bc89b0,0.00014089326328925388
Source,030fd5ddbe1250f0d7dda0ae555bd8187abb3426190fb58bc8f95218f72828dd2d,0.00014089326328925388
Source,030fe1e426098d3f9423f18ce6aeda899672985e8ffdb13d84e85e16eb48a53c74,0.00014089326328925388
Source,03100616418bb059ea8a0fca0b251a893c09f86cb50f5bcd7ad0de9c4d6dfec4ec,0.00014089326328925388
Source,031043f3ece8f6ef0e5aba5e51511c51497df0747b05a1c6ef107e1a7717ea8890,0.00014089326328925388
Source,03104f31794cf38dcab59a1eb93125b2afef79a56a4cd05fbe533f492ad194480f,0.00014089326328925388
Source,0310a347c1be4f2b3b55e63f7f1e6a27fc3717cec5e256496fe710e973d8f40001,0.00014089326328925388
Source,0310a4762503eba286c094776e0461845da6a0b8f48523543f2a422ea2830a8fb0,0.00014089326328925388
Source,0310eb6b041b5e8ad0b19f321683e1e2d4146153d4b33392c02f7cc383e1f3aa02,0.00014089326328925388
Source,0310ec8a7d5067a4a0554c851d311731b244e0a9e5ebcd442a37f6ebad1843b3f2,0.00014089326328925388
Source,031138a6e0a5d58bc144dbaa61daef305a97c6d3d8946b46675d26e92aecdbaa89,0.00014089326328925388
Source,03115b94e6207d2624272fb2fba0596e31053ec9cc6bd5ad91762fc091fae5769b,0.00014089326328925388
Source,0311d229cba21a421c623c8d880c15f6e4b45b15d6ca966222407b9550b2063ec0,0.00014089326328925388
Source,0312d61bdeeaf335423453dfb45bb9f091f8fa1459b7e99c21d43d47e5fe714fae,0.00014089326328925388
Source,03134f6d79996eed596535152035bebece13dd65460c4949cd507faceef156db96,0.00014089326328925388
Source,031429f90b6abb03eb3329199a58434a491faac7a2294f4ff43dd0a3d3eb4dcc8d,0.00014089326328925388
Source,03145bfd9aadacd3fe67265c4489f846f7fffb63879049a50e6134d3d13fe937e2,0.00014089326328925388
Source,03145d7bf5275e814d082e0d0a395f7a93ecb5b87f59aba5a21a4da53281dd2b72,0.00014089326328925388
Source,0314a114bade0bc508d3aa6b0971821935932a45aeca71b504fe6f08c4058f2f30,0.00014089326328925388
Source,03159a0177a176c88a6089cbf06630eb0cf6c8288606495eb3506e50d51d93dee6,0.00014089326328925388
Source,0315b826ce97e99d2b9c9734c57b575e74be2d56eb219779858a338f5247307fdc,0.00014089326328925388
Source,0315bcd52d1fd69aadebdb0f43dd14844c6a0d8118d8ecf078ac6b27eeb244f372,0.00014089326328925388
Source,0315f59f515dda83fa0de6df79d631dc7dfee53422a5f80abf6e87b87e419427fa,0.00014089326328925388
Source,03161920646c732c02d1684b28b2548c28d935ce81266715cefb5707e192781e0f,0.00014089326328925388
Source,031671ad09b7133aa271ef1ecdf697308569b3e2b2fe754d3cc7c45798fe7b4d36,0.00014089326328925388
Source,031746b3f6d1676ed7585ad83a357367760fe3713b0695a9e6a66369f104d7fa4b,0.00014089326328925388
Source,03175dd66a8519fe4f8f80922fcee05e6e4ab99dfd32fa66acf8bdca051bc70ef0,0.00014089326328925388
Source,03176e7cd539d4918c58419c6eaf36dba282b9b96157d670973e6c88ccee823c60,0.00014089326328925388
Source,0317967faff954b5c3aa3bfd2841618742f84cf263495d8ef11db4bbf64e544355,0.00014089326328925388
Source,0317b6b5d63d0bb0b819d94782be6641af46297c58bc9ac72ffc70786102892276,0.00014089326328925388
Source,0317c6cff804e69ae7eca45a059370f91b27a085559836fa93d56fd19fe41f2f78,0.00014089326328925388
Source,0317d96b4ac6fdfa3934632204498dd326f0da364d9d159d5d39f19f5b4668557d,0.00014089326328925388
Source,03182cd3f691d3a40c66e77910790b05573333e9d2d4b2465d47e2ad1cc630f5ce,0.00014089326328925388
Source,031898b33443892817e3093690d2a7b9bd72188170a0e8b77045e55c0d21a8f6eb,0.00014089326328925388
Source,0318f775d0b7624302ba448cec6e35649b68ed165bc0700d6cae43e7d35d17eb96,0.00014089326328925388
Source,03190c590909fa30d1551f1d5daae580aabdf6e87e3cc8297e3826eb38166892e7,0.00014089326328925388
Source,031964cbbb0242117267adcd3e04ced928db0a80c9beebe51856949825b2d61499,0.00014089326328925388
Source,031979fe6ce0e69ece6d99a4bc4a7b30ed22a8cb8703dd7dd2dfaf619e07127e0b,0.00014089326328925388
Source,03199ed0f5d35865453d3936aee5dfe1e393d7779286208b6b4733296e9635ec12,0.00014089326328925388
Source,031a029d20a88b9623fb23254e5a6e585ee633237f2183c345b0f57525f658b9a6,0.00014089326328925388
Source,031a6ae5b1099430135cc47aaf927f078d014839d97840fb20c6577a1f71dc044b,0.00014089326328925388
Source,031aaa39139979f521db13315658c9b1805b10e75dfe3edaa604135fb9c30ec71d,0.00014089326328925388
Source,031adb6adcb3ba0e0f5d23cbcb06e45cdf5363bc81c15c95ffe1ec8ae3831df66a,0.00014089326328925388
Source,031b6b704464781455bc2b2d68311fcc5649f1268e081b6d17e4279ecc1591f4fe,0.00014089326328925388
Source,031b8c114b93c162e8d8a29fbda7763e81089928b838436264509191702be2b4c2,0.00014089326328925388
Source,031b9cb933a3fd9e269049dc9d5b8e01231fa18752bf2eb1696c22d90a2fd5349f,0.00014089326328925388
Source,031bd35ffdf9efe9488eec8ae606f6aa5efdc22c2090f7e2b66d8c8e41189a877d,0.00014089326328925388
Source,031c447dabc92728b35d9cfc271842b6c1173e59e5c44c65c245446bfa07945916,0.00014089326328925388
Source,031c624b716f0394d73ce76549a81ebd19612ed4426312205f0cca4dd2b3a0da05,0.00014089326328925388
Source,031c6d6d6f241e253a4b7702a1cca1c3b822bb2ef1c99919a22c093e1a3b1e7b10,0.00014089326328925388
Source,031c88581f20575a2eacd0ddfb42ecc89831f16c83534c03cf1fa02fe26f1c2398,0.00014089326328925388
Source,031cc118afa42b3cc411ff4cfca1e83fa98ba6513e0c32b5a275e4394efbe57723,0.00014089326328925388
Source,031cecb697b2fbdcd265d233fc65442fdf8a3522a61ab1c727a9d6be673270cbfa,0.00014089326328925388
Source,031d1d31d1e6b6610b41773ab4602c96e5347651d19d117f5d2fbc9fc98f7b9e6e,0.00014089326328925388
Source,031d49ea984bfef0be80f2c0206ff508882a912ff7914d03dfc60e3f712e0be8f7,0.00014089326328925388
Source,031d5e427abad6a2aed64fc790f0aa424831cb487ce64d74cc17759d2c8e59bb4c,0.00014089326328925388
Source,031d9f1d7e81f7e9cf17aec7f965b420671de5b4fee0cb72274408a9206e09ba7a,0.00014089326328925388
Source,031dbe26c99e69fcdada847e56f3fa8ee6751e9bc61f8808245f4b2cbde5f37b7b,0.00014089326328925388
Source,031e3f9147b199cbfedc973d8a0f8a46b4b3d7751f09c1a964b31ffefd9a07db84,0.00014089326328925388
Source,031e54cc958ab7867d098c3e300878eea05a441f930f7f3189d3731553d5247b89,0.00014089326328925388
Source,031ed8dfb565fb4db6d856c158dcb7501847c5babbd4d1d23cbebe4112f91fd1cd,0.00014089326328925388
Source,031f00ac5d4eef4896b19ebf44ae604ab95e70b080ceb386d4c20240ebea62992d,0.00014089326328925388
Source,031f164d5811b6af103b815195c5428694bad2c71665b25321cad498818ac388b5,0.00014089326328925388
Source,031f684117a3003d2603f6fa913147fa316fa2ee719c11994c64f984e7431af8ea,0.00014089326328925388
Source,031f84495923de9cad4521b7d1ad1fd115d8c6fd32fbc6df688b940deb2c3142e0,0.00014089326328925388
Source,031ff1fa0ce00bece0879270798ee06d29a54f54e9a4ac632beeddcc74f000e217,0.00014089326328925388
Source,0320087f97186e6eaac8c12620de71823680076f5407ac3fc98cd4b8ee3f114bf4,0.00014089326328925388
Source,0320471748b2b3461d9d0ea26a2049fa84e3ed56b77f61f7f04d10adb05c325f25,0.00014089326328925388
Source,0321349b94d9c240f69062238b46a8d87dde1aec7ef870f57601b569dbc702650b,0.00014089326328925388
Source,032175977fab393be97b8fe81db01ea0efe5fcaa9f707f5c5e8983a7e831e2484e,0.00014089326328925388
Source,0321bcb5ff9f039348e4522f47dea1cffb823631f3fe8bbdbadf349376b12fc087,0.00014089326328925388
Source,032246096fcfbc787bdb826bbe5ed7c5edc2516ba5cc96728944a6e386655b3283,0.00014089326328925388
Source,0323275aec51c5912be718103d2e26d239c477bd7b8a24eef59bcbf85c50735ce2,0.00014089326328925388
Source,032381f925743e86cefb90087d1f20f7bf2a338a4b5dc80a88e0412c65ca7af534,0.00014089326328925388
Source,03244a339bbd76df175cf9512e16f19604bfff655e3f1651f9134704c541e90637,0.00014089326328925388
Source,03246f90256ddadb3cb861a0beeb5c20d5c4871c1cf6b3a742a544109a0d23d75d,0.00014089326328925388
Source,03247f548316b1f29d6df47672695cdf911a4291a885137804f80a8c61a031b429,0.00014089326328925388
Source,0324a2e360fd6bd9c5bce793cf1a7ba799353c9684dd5f57bf7430ff3559a5fbb7,0.00014089326328925388
Source,0325ee6e037c9a62a927597e3687e90b671365618a4998f17af7265eead92251e8,0.00014089326328925388
Source,0325f5875721d50d55e96542a0643b34f63b1e9594eb5d7f55d891aab7def1a4fb,0.00014089326328925388
Source,032616381fa4654d1dc85f060cbd9ff3ee6f416d24dd0ca5a067e19354dcfe3cee,0.00014089326328925388
Source,0326c93a05d99722c5b7eb4c1ab8ab0cfb9947cad069286d1e2944c7e9e16ffa49,0.00014089326328925388
Source,03271d44374fae2581810d11342472764ba5e838601ecdb8ec7c8e60ba5f8e14c9,0.00014089326328925388
Source,03276dc6e15c326b9bd243e327d1c71787312384c669ad55797e1ef7217acf3f87,0.00014089326328925388
Source,032774926f388be5d394c5bed86b5ecedb6db826d87c07edc45e5e914ed090c861,0.00014089326328925388
Source,0327e580b90bc1ff5646bb7e24af6c71e8ff093bf5002d00f1fa334e1a9650b251,0.00014089326328925388
Source,0327fab32a4f349fd8bb729d558688cc74112363ea6c1443af0fac22d731ae6ccc,0.00014089326328925388
Source,032842adb8bcc9e1fbc41ea54950a523744d2b834af0c089b9dc8884cf809adb11,0.00014089326328925388
Source,03285b65f21af4eeedfd3f7e270eda80cdfbd237c7313870a5f522d3acc169d32f,0.00014089326328925388
Source,0328b5d9d56c4f4192f4687611dd200765157d07b721343b2247472d386d551cda,0.00014089326328925388
Source,0328c52c77b8eb31820b3f0411fa67525d3b6634e3fddbb9b224175f7eab720735,0.00014089326328925388
Source,0328dde826ad3d00b8160eec8ff946c206f8289e9544cf227a04b425e0ee7f3488,0.00014089326328925388
Source,03294dffd7bb073ed26173f05ef71f27d2b30d64e03aa670925220c8ce4584422b,0.00014089326328925388
Source,0329975881824b49dd9a7a9f8b5106cee4ffe4d80575596f0fe318d9859c6fb100,0.00014089326328925388
Source,0329a46f4739ed70b1821542606a3b2a0e947f545968f62ac9c731e9036aa744a3,0.00014089326328925388
Source,0329ee32cc545d5509149b4b8cfcd6b152b017c9c05f824f7ff70c9fa078533227,0.00014089326328925388
Source,0329f5884afa9c6167a11f8f50892c88a9d047adb65069cae436909900ff056cf3,0.00014089326328925388
Source,032a3e7c39432f4609b0bb7f35630ce2abd5e0261d5d9d8b2311c6b8a05c84d5fb,0.00014089326328925388
Source,032a4e05b909452a8a21a4b9795b6de44785ae17dcd2ad5b1788f689f36c1cd84d,0.00014089326328925388
Source,032a54b1e9cd2ff8ec5f58915a749cf074e957006e8b4da9c8497fed4b6c6f88dc,0.00014089326328925388
Source,032a61e216d5a0baf9d597aae9ee20645f280c6903841ba2b2371cac8c0591d1b6,0.00014089326328925388
Source,032c0a2a29dbf91f7a7a5aaa3a6bc700128d398a715bb87453e218092525e137b2,0.00014089326328925388
Source,032d4257f1cd676b5fe8ed678178448a185aaab2de729062eeda35a99345e763d1,0.00014089326328925388
Source,032d976796d920976182da5a691b2370907110fba27d264bdaf04cff014b70de35,0.00014089326328925388
Source,032e1a65164397d45991ee455b19daa7ee2652a2e7f23d7b49863cd310a1f16076,0.00014089326328925388
Source,032eb211947385644bf94a661f84f6979a3f9c4f1dcdc963bb70202553e26c449b,0.00014089326328925388
Source,032ee01185ebe5895ab7f1250560c2def539f335ca79d0b58b1ed4cdf9b2adac1a,0.00014089326328925388
Source,032f46d1e9a0c0db99cf788ddfd86d815be6e9d752af37f4cef5a13a5276af7004,0.00014089326328925388
Source,032fe722d02f64cf1e9877e157cf5c1106f21ee414c2249d1b64a0fef20db2bbb0,0.00014089326328925388
Source,033033d0a3279d91c366c22932d1ef6cbc906ead5cf6d1687d81bb79217bdeca68,0.00014089326328925388
Source,033057f1498dfa2d199d58b50f270871de6b9a53c4fd0ecc7200650e342d415224,0.00014089326328925388
Source,03305a714e271bb6cd931d7bb0277113a5052d2411d6789fd5e71dd0e5c3610832,0.00014089326328925388
Source,0330741400986729410dbed8dda38564d3029db7119872f34f1a0a23750b46324d,0.00014089326328925388
Source,0330c8a24bb4200a8f3b604f91c6d8f6bc7957596c01cbec4093d8040808e35ac7,0.00014089326328925388
Source,0330e0a4e314681b739cae329cf93d5f56469b256b46f834f599eafceb8b081be5,0.00014089326328925388
Source,03314752609894ad71ce9eeaf3597dd8013c3569594ade4ae36f1172a0f8f4adf4,0.00014089326328925388
Source,033160724c4f2ab8bcc303137e8430906cc9a2462fa02d5d769bec2f4cd5a6b1f7,0.00014089326328925388
Source,033187e026f12077a89e8f296b792825aaeca0ed077118f5fb5c6f2fc4e319b740,0.00014089326328925388
Source,03318d01b8f87191be2c718d1e5716af1906df5f58d7eb1b7750d95a80501eddcb,0.00014089326328925388
Source,0331d01a1311f87190cb7c8407ba7c3ccaea1bb350e9fda0237b12a1741fcfc847,0.00014089326328925388
Source,033244077e319718db3eff7667fe1abb35a70461be6514b9ce42a3889d64b256c1,0.00014089326328925388
Source,033254519c33b0b86ad8796c44cd8a04b3333149881d1453ce963c14e4af910099,0.00014089326328925388
Source,03326343fab76852b47c7cd3f6bbef0f622326bffa446fa2404b0e8d9e14d280a0,0.00014089326328925388
Source,0332c1aaf0ea171e5d8c7c0efb9f82b3008481a773b42c3ebd0f333bf9e5d80fbd,0.00014089326328925388
Source,0332c3d8f33ec5b214da6057010b6208b26cb0ec756a27eb20b9d0c188ff5d06a0,0.00014089326328925388
Source,0332c9009dcb7b452d802b013488098f491d938521b45f3779ad0befb369dcb641,0.00014089326328925388
Source,0333b7764dc5e2bace3e9eef410cafcab17e19e9bf48176d7474d0f2b8e62822fc,0.00014089326328925388
Source,03343c35d88647671592aecd37f445b15b4a12d4d9560ba0f765c32184d9ab137a,0.00014089326328925388
Source,03343fa29764058b0f0dc1afb202faabbbf46332f48ce42e39ea9a9b569bba1d57,0.00014089326328925388
Source,03357f33428bf6a9c9006a2be737ef2bfebdb11a7f451c3beacb40739f8dcb1625,0.00014089326328925388
Source,03359cad9e58ead8d665af91ebcbc868f9267d4302664cf155cdbb4355ce9b7f2c,0.00014089326328925388
Source,0335e4265f783f37378e969c6a123557cf5d22cc97ec42ea3abff5dfaa64afea83,0.00014089326328925388
Source,033681a92e71ef203155ab0a336c218d541697bfc69d32f070beb7845d879f1ed3,0.00014089326328925388
Source,033734899b470511a56566606cda9ccd926c58571960dfc569fa9412197ce62541,0.00014089326328925388
Source,03377f891367579d0cdfc2833bc323a1d01514eea40d48cce86d31e398223e0cb3,0.00014089326328925388
Source,033864b40a0cacbc61f3d489aed81009120c92d319ca5d4f7ad02f889bd2ff500e,0.00014089326328925388
Source,033960371f5e94a9e6fa6d5bc73bc7020f33c32aa1efd106a1a6daa75fc19e2917,0.00014089326328925388
Source,033a6fadf13d7ac90347cdbc9b47b980d2746ddfe86bec86f0f22c9b5579263e52,0.00014089326328925388
Source,033aebcf40b7c3ebe1a051a85c9317541536b29ae8241b9528725905095b24f03d,0.00014089326328925388
Source,033af5090e5530aec789e32e6ba160a2abb1e567d4777bd3c7b6fb59a92154b841,0.00014089326328925388
Source,033b1f6009f68afafd62c567b81233d56b56ed0ea7007eae61b7768106850b0aa7,0.00014089326328925388
Source,033bca8ef6e320ada397b0d8d008bdd7fc9cf1485ba29c52dea6d055e1a09a757c,0.00014089326328925388
Source,033becef4ce0a0c08052f7fd53c46f98166b74e8a06861b311f5158120b476e583,0.00014089326328925388
Source,033c4f1aa398bf286e3f0c90f37bdc0704d6693149885d690500a006ba9fae6586,0.00014089326328925388
Source,033c87508fcc89d7a01dc9a8a0c1d91874a9db257a7d337dac10cc9c33e9084317,0.00014089326328925388
Source,033c951032f501f20abe22f35296c1ce0455af2a5d8cf699cbf54b5fe5f0d43e5f,0.00014089326328925388
Source,033cff8e80cb004501f93ce1b45cebd08fae1f7cd2152187e3c055cc1f40fe1bfd,0.00014089326328925388
Source,033d3c4a60dc0b37d06ffa61078e8b21113adc3117d417889929823d37e5782551,0.00014089326328925388
Source,033d69e63a6aaf87d59b6d96497207c90c3cccd52853f8dbcaab16d111c64abf86,0.00014089326328925388
Source,033d6c9b2da94bccb4b7b74131eb21795bcb3acdf191da1095b486604dc0219ca0,0.00014089326328925388
Source,033d8c5e401b0e66a64dac12b68a575a811d295a5ed5cd5527b612141ecd9df38c,0.00014089326328925388
Source,033d9ba0963408a8d8f8c09adb0176b3fa33fd8228666d8b500b01bcdc6879ae3a,0.00014089326328925388
Source,033dc4a3db8c558203d47fe15b0409d18ffea90ca87071b88560f87330e794aa74,0.00014089326328925388
Source,033dd6e3bed83b1e233f816aadf6f930ee657c9cb7342704797810c79133003dae,0.00014089326328925388
Source,033e000f7c6a0e34a1e50f470a038eea019cebca4314d63eff1aea250d8e4b61e0,0.00014089326328925388
Source,033e7ce9c4d6fa1133792eb0da8b7309b48de6270884a24ab9022dd06582e4771f,0.00014089326328925388
Source,033e963ae80facfebf0702c041b25d8e03534c30e234e99f67fb5aa9eca3e1f867,0.00014089326328925388
Source,033eeda30f7738c9c80629fe61d0bff246f48c1fcbd383b36a99f1abf660c8b5c0,0.00014089326328925388
Source,033f0c0084b07c480d7bf0c808dbd940ddc124dd5fcb21e0476a7e6764fa136357,0.00014089326328925388
Source,033f481fe0e9344228b58e0297162bfa8d648d5043c12b6323df5eac61bd39094c,0.00014089326328925388
Source,033f6152ad78709985dc9bf7fbbddf2ea0255dd60c97205bb1dcec2db4185baa1a,0.00014089326328925388
Source,033f9f71f1b8dd7060c287a17fa9de26d8fee81df0f811b4a2c365631fa3485621,0.00014089326328925388
Source,033fc3c54ddb3fb70f5ef0414ffbb6d779e6ff750b9f75433cfb1e58400fa662a9,0.00014089326328925388
Source,034025d58117f4808259dcb9bf6b37330b2bdecefbedaaa47a0bce4ca79b97510a,0.00014089326328925388
Source,0340564f388bb95eaefaaabc755ba4d8ad9bf0b052bd6cb55d16bcccb921f2929d,0.00014089326328925388
Source,0340c67d7ff2042071763c54d3074c5d207efe2eaf4d133fdb157d272ad4f136d7,0.00014089326328925388
Source,0341d0f04f9e309b191430a34ddab58184be611c2b9d5e6ae31f487cace2439414,0.00014089326328925388
Source,03425bb03614335589b053c57b82884adb6256f8a5fceb0787bc7fda125560c9bd,0.00014089326328925388
Source,03426bc660a4facb676490e6423f6b25a4be087a4e8c0003220dd1430c88c5e907,0.00014089326328925388
Source,0342984b67b36c1cca27c5e63d06df0d6cb850b1f5374bce362f7a688c5e19f8ca,0.00014089326328925388
Source,034325d1f0149405ac38de4c3504c8a113dc67d79038968f9a311ff5d6e474b9c4,0.00014089326328925388
Source,03433dadd3bad0c00c0a50504eb8b4938f6689e9d48e60feddf78256effa20d68c,0.00014089326328925388
Source,0343a47780ac685e337f3e12c707b2b36646df867312b4a6dec9d8a4d5f17e4ddb,0.00014089326328925388
Source,03453b5ef95c3b28c3013d708933e94db06f9356b9f198d545bbf9537e245dcee2,0.00014089326328925388
Source,03456e34aa176a6b4e3764b1fb656f0e8fba61db158c728a29d44109bacf4e614f,0.00014089326328925388
Source,034598c5beadf46d4f35bae5ae86f3c4cd02dd264232f4746d66d1539fe804c9fa,0.00014089326328925388
Source,0345f9d15dff2021d7cb1537314022893d3976a85bffd9ea828e0eb673fea4b27d,0.00014089326328925388
Source,034745a4188e25db811efae00ed6428ee83dd840fd6c6161db4865d5517b2ebfbf,0.00014089326328925388
Source,0347693321653ae3fc0f051c231c6ea80a0c12190d1c7f8a72b31a3b79b2041c5f,0.00014089326328925388
Source,0347790b31b10e8c0f176fa3f0486ce1877e75908a82073e487dad1d1ebb1a0487,0.00014089326328925388
Source,034782c1790bf795dc3e4dc06926a6b74f8d690e7512db864a980b82606cfa88e2,0.00014089326328925388
Source,0347ab327d7e573416ec0628f1edc77c3dd5d1e3b51a2118fe254b925f543ecdbd,0.00014089326328925388
Source,0347c12bc647f61f74cde6364cafd6cf1dd722dfa9b3b531c7dd2e9c8f5e0b5259,0.00014089326328925388
Source,03490cd9ba5cffd4aa2d446def79f000c38ac7ece9a7279b06ebaf9870efc304a3,0.00014089326328925388
Source,03493cf9581953cfeac6f19558bd5ae593971b8c8752104ce8d7f78f348c98e862,0.00014089326328925388
Source,0349697734dbd497aa3139fe099bd5dca259f464751d3daf6cf72e3c7c7faf68e5,0.00014089326328925388
Source,034a3f448d5911e531e3862c37c949dc41a4f94f8c4220560a582326d264b983da,0.00014089326328925388
Source,034a67ca719d0373ea66e1bf6f16242db228a7af109a69518b4a8ca865e9e89baf,0.00014089326328925388
Source,034a92e825053e858f7bff0e8d6608cf520fa5da9d1a3d2c8502f69068e02e8754,0.00014089326328925388
Source,034b0a2d6f0a95ea05a9ebf1dd602b9367512eb3d134c606bae7ac2fb1457b7827,0.00014089326328925388
Source,034b0bd81b4a8134b054c06858c9ea2695ea8f67ae0fb30eb6b362868987bc1c22,0.00014089326328925388
Source,034ba5fc8291fd22622fefa7a74ad821d7d184be482a5115da1a4b07b10e205441,0.00014089326328925388
Source,034bc385daa9b1dd6dfd9ac65711d5a1d53a108713ebf8f3b83523690e12b9314b,0.00014089326328925388
Source,034be84fa9ab4ea9f04f940d44ac6111cc669b4030cd78dc33949847c654fec672,0.00014089326328925388
Source,034dd644c5b06f0e5845cd483bc8fc39ac3f4c85c7a73d83854324a3cd15a9ca81,0.00014089326328925388
Source,034e59dd95213f4469e0b5fe5f066563b14942ad979a85521b1e6967543105cea8,0.00014089326328925388
Source,034e8111d4c0876be06f6333020ba86c61b4a2d81cc14447542644bcac93fdfa8f,0.00014089326328925388
Source,034f39773a250bd39a703eb67ab3dc296ac83e6f02adf4941de3249ec30e513f16,0.00014089326328925388
Source,034fb1f39d2161e078cfb6c53a49d758469f69342807f73e576dade06b0f5d7603,0.00014089326328925388
Source,0350ba80f5581b5b4a5dde57771e8fc1345b1091c435c43450b3f74cf264cb3677,0.00014089326328925388
Source,03518cfddeb18d50db01fc316984bac961a6d978115a52259cd5d2e47fbe363e94,0.00014089326328925388
Source,0351adee2a8206b03073f20c865f707a335780ce1254cab9da4ddf77760a6c1641,0.00014089326328925388
Source,0351d1372b33f7db0f2888e96be4ad1979fb2e17666f20dbeae66a34ac2ac566c9,0.00014089326328925388
Source,0353081d41a8607e1bb8c56277b09bb4082722cae4b0a2339aa8b2b4d45618cbfb,0.00014089326328925388
Source,0353fd0b27072d5d994470b65506c5df926641cb0db07f7032dfab44977e22b99b,0.00014089326328925388
Source,0354e8d36e51d285109ba15d20432ea25dde34f90068f9d8201ee99099b56327dc,0.00014089326328925388
Source,035510dbd1d58e9031fc37f5805c6c58e1763d33ab5a406f4007243a8e75a75e24,0.00014089326328925388
Source,0355157b4260b70c7f407a720c527a84e9522cd948e7a8ad92ae00773be52488e3,0.00014089326328925388
Source,0355809648e6e1bbdbfab0424d590aaf3d2fb4964c6fafc672ae1e87bc844fd16a,0.00014089326328925388
Source,03561d4dcc14a587323afd29704f702bd51d30903a208c4021360f0e124ca31dd0,0.00014089326328925388
Source,0357774008d681e1d98245c521e5ff1f929c9be7e49ced303d17a68f870795e07c,0.00014089326328925388
Source,035822a521c25ad307e64c0e4437031a04f2766b490391cd377a8a0930f112e18d,0.00014089326328925388
Source,0358f59ff1f65add6939f82b96448bf612bfb94464ea08940e027159d7c4663c49,0.00014089326328925388
Source,035940fcacbdc1ad61e5480e8c8cf156df5af12aee92b98ae8aaf46d493f2aa785,0.00014089326328925388
Source,0359a361c177fd16096e6d97f2c0b1ccd04ab722056303c6dc1d1b97cc4fb49670,0.00014089326328925388
Source,0359d338d993fa339e21c0fd0320219144e3fb17efb1075d63737a1f99cbc22a31,0.00014089326328925388
Source,035a1a3e5fb6b618fce65a1570e7c8b3ee4db9db8860531ebbf4f2a4577909c1f7,0.00014089326328925388
Source,035a7161b3f8101eaf34981caeb012d332afc03e4586bfab8a26b331c9b2b844d3,0.00014089326328925388
Source,035aa029eba55cae1deb97b39f6a8ef7754c8b12aac2e6ec7e081f89b15370a5c0,0.00014089326328925388
Source,035ac18540bf0856be33f764d745d657cfcd5399a0f6b4baabf1ca4af36762384e,0.00014089326328925388
Source,035b19eb912100253e4f4b83445593416dc73447788f828fa79a652447e88ba3fe,0.00014089326328925388
Source,035b241ac078a67e2deff6c73569816261b65c3125697149ba9548b1713d4ecec5,0.00014089326328925388
Source,035b733d94418b1a7626c76681518cf56d05584115a264309304d0742bd1e979be,0.00014089326328925388
Source,035bb0859a50a15aa8977b973cc71ad1f54adf719f14af87f8e2d006554de5e8e1,0.00014089326328925388
Source,035c03874c6116312afd210dc0ebda5edaa5164c2296ee738937d10ff2a45916a7,0.00014089326328925388
Source,035c99ce410f124c08d7218fa6b9fa8d74d52e361f5c1648d3db1c0ae8c0deac6a,0.00014089326328925388
Source,035cf880cf0ad052d0f4fd2ba54c1d15d22b97951b15194fc4e27e485b977a0b91,0.00014089326328925388
Source,035d38b8c2b7c9debd6828b514d08fde8d7c23ef2f436bed70f5c1ffc4415cf954,0.00014089326328925388
Source,035d476ec8f6572c7cfdc4fc4d81d61e1baf834138fb088d825a6cb053b566a495,0.00014089326328925388
Source,035df40d260523db32cc90dd178176d60965e23b6abe076861909c40aeb56120ff,0.00014089326328925388
Source,035e9e326c3d1979a2d60e7e648f2a3b6ce2d9855a7bfd59d9fa159f469358be76,0.00014089326328925388
Source,035ebe1bc65fb589bece4df419a07a48897dfb39d09e506236b6257a09220bcc12,0.00014089326328925388
Source,035ecfa18f08c079ba58a410859aada06062ac31ca60585bfc878ad60e6a490448,0.00014089326328925388
Source,035f264f10ff47be33cc779fdc42e48de3f9a6ab9975e7942548dc065623dbfc40,0.00014089326328925388
Source,035f3171b63ba20e4063f6a214195a532de53aebbecf44d62d7352e74448e144a8,0.00014089326328925388
Source,035f8eb867f7212f24565ff144afbafaef7ec1c44d3ba141dd80892f57bfed1940,0.00014089326328925388
Source,035f8ff4c24ef12042273a08e83c4de31506debb86c31b39056fb5b53039f74fe6,0.00014089326328925388
Source,036006e9eaa2a4e1f878c3ab0bb9ec7f7bda498ad081a303cb64c888d5f94e7271,0.00014089326328925388
Source,036023cca9e3d05a46eba1f6aa33627c34714a6de5b2841869c6f11fffce2a7f3e,0.00014089326328925388
Source,03602f32b12ef408fb7ef38cb15933ef7b1597f040c916ee3178e4333cd942039c,0.00014089326328925388
Source,03603e2f56e66587848ce2b04a6329441e516e1cd62221673b7952cc8f176017b9,0.00014089326328925388
Source,03608c3a8979b6a1d2418d24e9b3172814a13af9d21bd7a4a1b2969478d129c6ef,0.00014089326328925388
Source,03608d129098f701677611ae8fd0e5844e76f349aad2ac5c1756ee66e325e0457d,0.00014089326328925388
Source,0360c5a6a875886b1b3141d2ccc0ca77a61130107d0eb13c7a0638c5b21a046872,0.00014089326328925388
Source,0360cc97ba752099eb1080c6ccf33e3abe04120ece04c1ab087760ccf3bd36531d,0.00014089326328925388
Source,0360e1c7d6046aeea22d9200e2d9fbcb76e9cc4678dc4cfdaad4e292bbd886ac26,0.00014089326328925388
Source,0360f50e9b79dbe6dba04edff82385d6e4edcb4ab4ca4b87e0936c755d666f1bfa,0.00014089326328925388
Source,0361e3cca1fd1ba3d44f0c8db3f5e426b74ee5d2addda2aa4ba31fb729a39661b3,0.00014089326328925388
Source,036226fec3acc7b4d3d05563b59c6b032f81541847e6c9eb7369c50e070d2f16eb,0.00014089326328925388
Source,03628334a499105a1d6d6bf07abccc39d8514f613acff3b626e4fb68f9d3147c00,0.00014089326328925388
Source,0362a0624fa28c230a92c77e09290f51a3a0f15657e443620d32b333dd2d280dac,0.00014089326328925388
Source,0362a4372375bd24c5b8f8bb2ea85ae2ccf783808477e68cfb06121694b34d1927,0.00014089326328925388
Source,0362a9ae09629670a825a8a461782828ec5819f1c733ac96696f8b7f1c1b0b31e0,0.00014089326328925388
Source,0362d19cece3c4ef124e7f3c8191d9bcaccc37daa5a540e2789f95e0e67396dc30,0.00014089326328925388
Source,0362e330afdf043766a48c4bbfd1c6f8fe616ee4f2b0595c00982e09e2e79d4a83,0.00014089326328925388
Source,03633a00575eb8a6e814163f1b84ddce3ec187495707e8e7b9928dc5cba8240c68,0.00014089326328925388
Source,036360986f6673fd63711d6153841ae613e040bd1f7d32d648a1befdfc6ce4a702,0.00014089326328925388
Source,0363d4daff0506649f6099872f08979f1571fd94c6a828022ea1f4eb7c8516f244,0.00014089326328925388
Source,0364356cf136034814e9f7a0c542286d65d94b20c72afaca9cfb1811656de609b8,0.00014089326328925388
Source,0364e154e015741de52158c2498c6e03b57ec688ef1c2d953f541636968c5cef83,0.00014089326328925388
Source,03658e1736c420c07e4636eb2a7521d617dac34ad7599f6f9e5cf6dc028ccef9e6,0.00014089326328925388
Source,0365bc9f5bfa169fb6efe53cc7cc840274da3cbfd8fca4e1065d0f1794dbc5448e,0.00014089326328925388
Source,0365cdc4691906370e6ea973e31d200c9977151f297fb90bd49cfc479a5c9f467d,0.00014089326328925388
Source,0365f057d4e318222eef732cab95baa57a06c0ee0d814de182490f912a56d9f026,0.00014089326328925388
Source,03665c37edf641aff4606db510774a502798083e4d61bca09baa0b5e49772cc869,0.00014089326328925388
Source,03670f006b8efa0f789fbfbf25799371d2a4d3feca4935c98614bf3bd50112bfb8,0.00014089326328925388
Source,0367390e3a95014a713e8320f4d454a2d75be37d7204ff710319eee2d38299258a,0.00014089326328925388
Source,036754ace92d5c07c0e278d5c87dfb2a12f36c96caf16f5659076959ab0ea51e03,0.00014089326328925388
Source,03683eb49daf605cf5a1d558a24813b03638f9fb9c8b9d1d246bdffba07ce3c7f5,0.00014089326328925388
Source,0368607efcd1aad74835fb3aaaa0ac5c1c29995a1a2f9aba8b0dd734bded251977,0.00014089326328925388
Source,03686128db3100e8a66caa3a50943aa72b80c00b3f8700ec01f3bf2e3657d69d54,0.00014089326328925388
Source,03687d61c88c23491b5e426b43f3b49971a718a1e106755821f34f1d1a1f691c5c,0.00014089326328925388
Source,0368fb3946ad428085cd394f2b2f983f9f6730ca7af8861ecf20b604c4cbb07536,0.00014089326328925388
Source,036a320d0667dfedebaecb02833a60b58a59a60350a4958e87411b1f4c2ae5d871,0.00014089326328925388
Source,036a67c7d200918d2a917f535c25543c9b76ef15667c711fc19f2ca4889d66c04d,0.00014089326328925388
Source,036abb1d2a350188a9c48c9fc9eb2f16554d4d435122a7470ea37dd9c2c7689719,0.00014089326328925388
Source,036ac54a55189e853c5c22bb5dbc3261d856b508e33e725f1956d64e51be48f7c6,0.00014089326328925388
Source,036ad2da9b057d4ac40f911bc4faf21ffe43bb84802e6cf948e447753488a7246a,0.00014089326328925388
Source,036b3b201d2232f9f9305011f5f539bbaf66cc2145ff74e0de0de85df2637a138e,0.00014089326328925388
Source,036b4069cdb1c0e9b16b2e8141d45c2750a9e494a91e302edb92f85737b0166f37,0.00014089326328925388
Source,036b40d18e6d0fcbeaddb4afa6f0ecdba32018d8ac28076e51bbbba415266e3471,0.00014089326328925388
Source,036b45b031fb34295a45a0ccf99a337758f55ea9650720248b5bfe73159adee4e4,0.00014089326328925388
Source,036b68a35fb90c15d1499829bd779b61ad9966cce0e5115c5783f936826d30c834,0.00014089326328925388
Source,036b98894240f9dafbdf052dca5e0e0c6dcfe823ce3d59bffa57d3aa7e0dd4dcf4,0.00014089326328925388
Source,036befbe45816a771ce6958bbfe28f6a9585a66f8ad6471edcd6d6db4cc95a5294,0.00014089326328925388
Source,036c5ef5a5acd99a9a0a36f417a31c3226f8626bc37c2befe7e85d1a1c69c3be90,0.00014089326328925388
Source,036e0721b94f40b66c0aeb3ba9ea646cf865aac339dc70ca4361fd15183418f58b,0.00014089326328925388
Source,036e84a061346d6430f838a431c16895905ffcdbda115f0b763451995da5347b1b,0.00014089326328925388
Source,036e963739bfa62afad807c9ffb195868a1a2ed697d74ffc2d80f556e46f98c0e8,0.00014089326328925388
Source,036f1adf8460c8abc7cf7c4316e77eccd05bd0ce474aa624afa1b93e33e1597d15,0.00014089326328925388
Source,036f4fbc924c877c7d1fe6e8b97d99751a16ea62697b6c29043017c5e45ccdb325,0.00014089326328925388
Source,036f80166855c6b706a9e59e2f41a276ecca464bef08afc48d364720231a4d6ae6,0.00014089326328925388
Source,036fdf30295c3d9c682f294de07a11c65c40fe86a721cb04b061e7248542b01eee,0.00014089326328925388
Source,03710fd32f9722395ac453afc4b8eeeb145ea9afc3a41174e18af96fb62f38c8b1,0.00014089326328925388
Source,03718bbb44877232a672ef2a8cbe79d357fbb3f506b646f0a0741da6f0618bd1fc,0.00014089326328925388
Source,0371b9ff705aa4d624d32e1323a3b0fe2aa989a399a529a2628e86b519f3aa718a,0.00014089326328925388
Source,0371e771520a5ace7d49272d943652c816388f17938ebaf712b26383769045aec9,0.00014089326328925388
Source,03724c589256bcdf0b3ab75de2862bffea891c22076e806bb1b395f2514223cfef,0.00014089326328925388
Source,03729533776fc0269a7e6e7c0b32ad746d9207237d89cd9d6f608d54341ac9c69f,0.00014089326328925388
Source,03730c89df450469df06cdb4c34e5744222edcc10772700934f98486d980310a2c,0.00014089326328925388
Source,037368a9fc7eca41b290700d56e1e5390b28c7a3318d8944a1f2e8812a4d1e7bf4,0.00014089326328925388
Source,03736eabf99d772903d72bfc8b2e9792e9f408f3c0456a05267737fec607a9d3e4,0.00014089326328925388
Source,0373ad758a334a0160177877b20df3f5a27667a75fc13b0b0c6e8e41879f3ef9a8,0.00014089326328925388
Source,0374a0c5616119ca260eb754218e7866c2940476c138a6b9e9e5c16fd383e438d2,0.00014089326328925388
Source,0374fd7bf28122a8cef4eae815a9ee15514c3f349ee7eefd68bb6e602283461732,0.00014089326328925388
Source,0375008f1149a604181698a79766c261daedd453296ed66a7b92a203fef6dc4640,0.00014089326328925388
Source,0377c9f9105f3decdd06962f164001982de9f26a28b1f21a1a9ebcc160d13e6574,0.00014089326328925388
Source,0377f04cf8ddee20a0f0bec7835a8849f22acfeb342301512c30a454712a823ad8,0.00014089326328925388
Source,0378015105d688db09c0ee702b54e33dd6ddf269c66172c5512112b0a9e96a3e50,0.00014089326328925388
Source,037808a32be71ce0201ec04d1d975ef1fbba5c2a8cf83ff136d580ddc08b396187,0.00014089326328925388
Source,03783fe0ad682e695e1d132df84222066d483599b5b49b879a7c6aeb66f57adb56,0.00014089326328925388
Source,0379207b7be86fb083c56aefe6b1f7c5d7c1f6d3310037b8e75b3eff263ad506e3,0.00014089326328925388
Source,037932df9242c99de7c6dbe393798d5982bffcccccc8e6dcbf84c87ead888dff7d,0.00014089326328925388
Source,03795713f1ec4261acb727761e0818699ebf3848c3313e8107fa34e8cc8f543a1e,0.00014089326328925388
Source,03795b7703c2b4f53dd9df44f8023d75a2dcc0b6cb9bf8452b960bd03ca9a5aa85,0.00014089326328925388
Source,037a3de793ea6af80c6784836a7b86139a1973219a9958eb9f12570a617de62aec,0.00014089326328925388
Source,037a8369c864b51039af9fae6cded7d58046874e8af1a84a30d1cba848d2d195b3,0.00014089326328925388
Source,037b10000376f6f0250d5c2b8f0a6ff8948bda0b140870067e789b2d5f00f8e8c0,0.00014089326328925388
Source,037b561d57f97b67c29f894d61d5312238d30521f7f4f4c21462bbf6e2da814d50,0.00014089326328925388
Source,037b61ffd0775bfb485bb6e4849bc6a6516bd37a7cc228cb893d1acdd36185634f,0.00014089326328925388
Source,037b722e082579d9e05aeb1f2a34bd5b0941e5b2998da37e7589d749e8ba56ea57,0.00014089326328925388
Source,037bfd5ef44d99a401dd8358e192a50b0f980622f57261424a3ec6f9bb431173c2,0.00014089326328925388
Source,037c3e478246066301f381ad83b8e6abc0105332dec4b8538d1708a18c77089d33,0.00014089326328925388
Source,037cf3054185aba0bd2889800c7d5c67b4cc08deca1686c24f98b15ee46d7e8fbd,0.00014089326328925388
Source,037d1ae7759fc07370a764dfdc32d6b21d43bd4aa4096e4ccf5271745e9d497b4a,0.00014089326328925388
Source,037d3bb0edd3eb5e22aa0ece7ecb2cab7323ca2e768717023c015752c47267c7de,0.00014089326328925388
Source,037e8b1af65a511e3baf38e45509fb1bfb8023a6e5e2555774998b9ce91a3c58b6,0.00014089326328925388
Source,037eba2193fe30b8f875cb2f8ab6cbae20fd71af8eed7f5dca09974f2df9440529,0.00014089326328925388
Source,037ed7ac857a34baffcbdfff77d385b445221b18b4b1aa3450225ebfdd895c902f,0.00014089326328925388
Source,037ee4231f148b2c9f9771779843c0883a118909f73d408d970068870900a1f20a,0.00014089326328925388
Source,037f52dbc69d5a7cd8e93c0a9da1e983fa800938d935aa9b8662f61fbd9c7fff7f,0.00014089326328925388
Source,037f627fa45736c5eb23b8a89f2301ebc6c857df2cd4a2bd8dada05aca8623e180,0.00014089326328925388
Source,037fca9c7303e42af0c6d2934b24af23a2d226ef58a3a44c25bd86a565571c4be9,0.00014089326328925388
Source,037fdfbbc714f42af06b5effd24fe1ff7de5d91ece6d9a83489d8c1441f1b56d98,0.00014089326328925388
Source,038006f90c58842c950f503d0fcb423517ec9cdbd2fdc458c5e3139e0629b71ec6,0.00014089326328925388
Source,038008290f6272b6717c49eadef833fd6ee6bb29e1dce367bdf7ef0595fb2c084e,0.00014089326328925388
Source,03802f08967cdd0dac6b008ce27881695c2decd7c91392c97fa4fc067fb9d024dd,0.00014089326328925388
Source,038039907cc717ffefc2d8c12c1e4bae3112543f822ebdda94b170004387c7c2f1,0.00014089326328925388
Source,0380a492921bea0522ef85d8df6ff83d0943e43712e6120067091a0ab4ba2bf65f,0.00014089326328925388
Source,0380c5536d70b81137cb72fc71c262f50a3ec5a6fa9e517ef3637d889fb0b7e3db,0.00014089326328925388
Source,0380d617cf863bc5c0a4b0bd25a3d330e38a0d10c505d5f8af8e1a70b62c18b022,0.00014089326328925388
Source,0380eccb4d0c299ba0cafef20df6c43298fdbc2c7c78c11efe467d43960be192d0,0.00014089326328925388
Source,03813340301bf1db3ebeef455b0f07fc9ca4ac98087465732afeb44ef57377e62b,0.00014089326328925388
Source,03814103e9a95e0a1991fc7ff590e7ee8e6ad75f7348f01d30ee58b71546b3c942,0.00014089326328925388
Source,03817146c7cc11163d7110502657562e0b9033d062c4a785f9369013e477bd664a,0.00014089326328925388
Source,038199a41dff255d181371a735823a78429632051fa3f1e722c6ac20d89e1ce9d7,0.00014089326328925388
Source,0381dfa9a8a490f9f8699a831364d4d465c2dda2c035b15f7d510a5c599db33f8d,0.00014089326328925388
Source,03821e0cf58e76f6d763409ba9a115537d44b12c46a5249a60256965bd4473abb2,0.00014089326328925388
Source,03825052101cd5402c7ec0bcb814141229b60faaeb0019f5aa599fb3384c909d28,0.00014089326328925388
Source,0382b9a7194d38283bf97566bff2f4c0c8c16646478541a87f30af14cfe3661222,0.00014089326328925388
Source,0382bbeaf6920684efd54608b307d9168ceb450d88941b55df8df88dc6049ec297,0.00014089326328925388
Source,0382cc8f395d43bc2b7c8f539b5ade513724d4653be4334421af87638830cadbe3,0.00014089326328925388
Source,03831262b0cb086ba6f2360a36757e4283347f3f67f01d6f24f54c3eee841e29d6,0.00014089326328925388
Source,03836c54f1dc73dae4a5dc66e63ccf4ee56d36e54b5bc26fd2178d8c229405a7ef,0.00014089326328925388
Source,03846b1ddaf23b4f1319cb1fbe3286ad24655824fbd6322d18f7aafccc6a9f45f7,0.00014089326328925388
Source,0384b220ab8701207f6e4b3576517c6390276ee9ee40b1d0c97e96579190e5c946,0.00014089326328925388
Source,0384b713f4879521634586ff2c1c6e0438c4bbcbfadd1e3addf0b40e2c4b77d01e,0.00014089326328925388
Source,0384e9a13236f14854d7ede62a764fe4b9d4122601ca62a89b54f9356704027104,0.00014089326328925388
Source,038545ecb3c80db999140d82e457ec903ea4f205bdc64209a983cfd9d63787da0c,0.00014089326328925388
Source,038557cf45ed950a0b18534acf9a417911ff941ea3d00389940016f262155e779a,0.00014089326328925388
Source,03857f8a9626a9f20a0bab096956abe50aeeb3a67fa33735f939d64df5eeeb7cdb,0.00014089326328925388
Source,0386aa645e9abc21e4989e69047eb4da750fc6c5c458ab86433d76e0e7cdf30b80,0.00014089326328925388
Source,0386b0dec9e07db8d78d6f40d987e2baae8aceb0bc5fec1e18eb5f606c5bd65ba5,0.00014089326328925388
Source,038777ce4015f987fad34a4ba8d3bc6f43e9d0c4c040073302be69ecea6d106e44,0.00014089326328925388
Source,0387875d3a8de01bd83124666ba078d9ec610c2971c5aced02b648179c5b29f80f,0.00014089326328925388
Source,0387955f67913f73fec57b34011568aead2d8b9902c94ff7770885452bb9acc842,0.00014089326328925388
Source,03879a464c9017b7c789556f1721a7b9ce92d6572b02f790b518d1dff38a1dc489,0.00014089326328925388
Source,03879fd6d982be84a369368f5ae0f0065c5c3dc15f8b657ba8ab7b25de5b428d34,0.00014089326328925388
Source,0388648475b8e5d2a345c1c8f8a9028e7cbcda2065cf41e120a9ed1507ccdf3529,0.00014089326328925388
Source,03887fb03e24c4f0e5b43868ea707ae4d5a63747b1564dc4b5869c4cf7139500cf,0.00014089326328925388
Source,0388f89086bc5f4bb1283a76bd27b0f35392e467a6e9411086597c01c23c541d26,0.00014089326328925388
Source,03894bca92c802a5130e00aad6d6cb211af2e5d652d9290aba8846b9809c394b8b,0.00014089326328925388
Source,038a249a063e5e991992fdaf439441aa8e085b1eb02f7c596406c7e85203966e2f,0.00014089326328925388
Source,038adf725da5c1f08815cd22fdc575bcea8e59b36caac89b1818d2729294fa792f,0.00014089326328925388
Source,038c7b2931f0de49a5aafe40cff04f11b3d6cf8382af64416eba1787fb48f763d5,0.00014089326328925388
Source,038df68f8275e38fa0a53a84f13d4ca0c2574a2e923a41e14771352fbaf4701e5f,0.00014089326328925388
Source,038e16b5d779735810ab39c95d4de01649c79deca3228e396ef0887409c0554627,0.00014089326328925388
Source,038e8396a8ad339224c7bb055ed0f00490b3cd83775351102d88de2edce3621dc9,0.00014089326328925388
Source,038ecb7ca4dfc44d5bad17e2a5fe88df9272fc93c89797566b3d4dd5092f52d91e,0.00014089326328925388
Source,038f3723ff347c1b521c77ef587d965ee6fbc2b67e31518328110562eeaca8fd0e,0.00014089326328925388
Source,038f5b2058e1435f24a61ff45c3c0c9ce8901f0e970744a3231c7248cb1552ac0d,0.00014089326328925388
Source,038f8de9f7d7d7459f55547ebd2452998e24e6ade073ca07630e68fec7f2132dca,0.00014089326328925388
Source,038fbe52aaa975a7eb78e36afce6bb5b609c8f8edfa4619b87dd4c3118acb92c65,0.00014089326328925388
Source,038feca33faddc90f9a62076ad33a1ec3c7d260849434b89848bed0125f3e518e4,0.00014089326328925388
Source,039021a5b9801f925b4cfad70cca14aaa257ea265cd994233439967311a55fa6b2,0.00014089326328925388
Source,0390301bf12b20af9ada917711715232fab50900c3b2f6757cd188359ef2c6e744,0.00014089326328925388
Source,03905e28dee72947e6c599a0e5f0b83cf60840835c27bf15fdaf1829001198e87d,0.00014089326328925388
Source,0390822c16135481647a5ad352ea60aa43542cad9a9bc54429e7e01af6c4304c82,0.00014089326328925388
Source,039089d6af09b1aa403b65690155670daf50c8e7c4843de575a5b28c3683e12880,0.00014089326328925388
Source,0390bea638d3af110069c49cd6a96caa6aab8323d0659f5308d090adf3f67c474b,0.00014089326328925388
Source,0390d350f4ed908e42d7f7db15c751904413e8ffc61e3ae0b667906d71516dbe48,0.00014089326328925388
Source,0391574fcdb49dcbe1f38e27abf384d03a445a8c1b73ec686fa6d0d473787e39ef,0.00014089326328925388
Source,03916fd08d729ca61b149577c7f2d94109fab87ced92f0fdf9db488f1a402062a5,0.00014089326328925388
Source,039170120cf7502e10c5d83f109cf23708ebe00a38ff3ab83ce87088fd25d811d0,0.00014089326328925388
Source,0391c73babd29fb3ce40ef634f6479fe1c3a0f85ad0c0e2ced26563b172d7e1270,0.00014089326328925388
Source,0392243c08c24092167ab89c95c3ae3ad2c0a67158df4598597b3aa09b3d4859ff,0.00014089326328925388
Source,039235c2fcfdc758b5118edbbe4b70535e0a68650954b535b3fc749c522dc8dbd2,0.00014089326328925388
Source,03927e57d98bd16ec79240f40a53a993ea320d9295efe7333c343bbbe93cd0f40d,0.00014089326328925388
Source,03928b4b7cb8199d11b5e0ddea7fefbbb33796a763ffa1837f875cda5c7fbb08a9,0.00014089326328925388
Source,0392c1bfd44ef31a5989f95a01b421fdf6a83d927eaf0be58ef74e1503ff08da33,0.00014089326328925388
Source,03930e706cb05af0b8e12e59c1eaa2958d7393bc4250a7581c876f65f211062328,0.00014089326328925388
Source,03932179f4e20fcd850fb90dca6297cbfb2a1c1ffb3b3a8a10a2894c9b15a75fd1,0.00014089326328925388
Source,0393990dadb1e26fea7975360817545e537d6c1794dfa3e946085cdfdae4b66f89,0.00014089326328925388
Source,0394879d35037b72f19ca075f8ceb1363b3a04a7466ade9af56d83d26301a3a824,0.00014089326328925388
Source,0394972ae58841345dce46a0050f39d89a0c8fac3379f16c482c0722c0e4183151,0.00014089326328925388
Source,03949b847fe3d4296aca994ed0fec4c9b0efa82b427f7fb3d20a1f4e1a6e487040,0.00014089326328925388
Source,0394a8619decee64ceedf54dda0fb06f3a912fff236824d3b913d3a4e8a9f5f703,0.00014089326328925388
Source,0394b4c7fc6e2ecbb78b0fe4825387d4d5742a8c4240404110377cc72473ed3689,0.00014089326328925388
Source,039600f149e81d78c14b2aecba9999ef773266525fb5ac8174ccbef6e2cb9c6166,0.00014089326328925388
Source,039627555b1c62168e206ca10a196b9d779e6b0b6dcdd3e1ec24f7502ed9ff8348,0.00014089326328925388
Source,0396361c74640eca3afe8a48e2c5c0ff4a9adac24091d42c665852a29e7b7ddd79,0.00014089326328925388
Source,03963bf932039bbb0e0fdd28b7901fe85f71983fdb2b5ce6de140419d59cbbd2fa,0.00014089326328925388
Source,0396cbb6ad2d46c372693ad375e2b1cb22c5b83046b712cfb37319ae3d26548193,0.00014089326328925388
Source,0396f67efca57912e65ab1d7c877e11a8ed7d78242bab70822db6f6b6cc8720736,0.00014089326328925388
Source,0396f85d0826607b5ce1c8eaffaee0f30cd224349f2c75a0ea8dd87d00bb77e59f,0.00014089326328925388
Source,03972c8fbc8cb22d1d0dbbf0c81aefb0f0fe3d3ad42c28505da4e1e53cf97eb12a,0.00014089326328925388
Source,039780dd55eaf595381d23d16e438d6003269bd8fcb3823be528b66209e82009ab,0.00014089326328925388
Source,039788dc9308b5905e77826a4d9c1b7e6cd7851d23397d0f57e3ef0cf12928d733,0.00014089326328925388
Source,0397919767be2ef36abfa8e0e42830204c89fceda7decc2c755a915eab3993367c,0.00014089326328925388
Source,0397ea26c5da04733b9699b30bb9e7c0b3d9f2583be1f799a28c7db12f032b0daf,0.00014089326328925388
Source,0397fa8e17a9a1bde9513acb39f2d35ad069d0be0a3ba1fcc67f5e5bda56784e78,0.00014089326328925388
Source,03986214fbaef475ee1f1b48858e752f4a0575ba811841a3a82451cd119ebd6b18,0.00014089326328925388
Source,0398884d8bddfac789c13451a29fd9cd2de0feddcaf5b94a7d3d755d544aaa2154,0.00014089326328925388
Source,039945eaddb2788f1e9422cc6b2ffc2c75027a797842d3febbd33ddfca65432c5f,0.00014089326328925388
Source,039947a98b84480dc6780ca4953c6fa7a5e821db86fd593ce249466d5d26cbb987,0.00014089326328925388
Source,03994d4c9051a52687262f46da8c5f3994c0fa31b8d51325e7989bbcf29853847b,0.00014089326328925388
Source,039981e0686cf786aa78797525d018a533c4ee2a420bab047391cae19ea449c307,0.00014089326328925388
Source,0399d94ccc0c5500335aa7c6fc8d0ed955cd6951aff926b8a4c2c9b3ddaedf6740,0.00014089326328925388
Source,039a2a77b9a1ee9b57a201e4230bb16b07b0d8654e10664710c2ab66e66568f9ae,0.00014089326328925388
Source,039ab76496a8856dc195a102e5edfa1ed7551df335dc009860309addebd3bc4283,0.00014089326328925388
Source,039ae7832f08885625e9e59cca373386c0506bb7e7187ce262ed8e9745b6428d89,0.00014089326328925388
Source,039aeb49d81cf764691fcce0e1b5a0f43528f3d65337c2156d9baeb564daea3e91,0.00014089326328925388
Source,039b1e8092e8a992bc960376c01287b3b3c89c502084d233e2881f0cf911bd03ba,0.00014089326328925388
Source,039b24fdf823583c918effbdaab3d522e8814722847f01a4a1ecf0f19c604b0587,0.00014089326328925388
Source,039b8666dc2b2e69e2b226c314c7e10bb9d7a17fb5d3f5eff1142c57382d4c2271,0.00014089326328925388
Source,039c19c8c90544baaaa98fd7435e7989b66a0a3c057b34762cde05f3985472ecf6,0.00014089326328925388
Source,039c1a98666ad4cf4ee5e7441a220a12a838dc8d5787ecfed29824280b7ccc7852,0.00014089326328925388
Source,039c1cd58831668e7fd2b89ff2a96fe868470e360e813f7fcf27f170374e6115d1,0.00014089326328925388
Source,039ce84f34205c2a730dc5c2a5fdc8d092b9f89d253d6fe1ac03a9ae8b6c47291d,0.00014089326328925388
Source,039d5b9f5afe924dc787a601aff6e87a89f6704f91ff90bdb24daa04594cf5b4e7,0.00014089326328925388
Source,039e0a9759d66ed39b4d0fc152ca79aea948e3552aea5faddf3ff4df3c1a7e1751,0.00014089326328925388
Source,039e8c6b83e74d0bf4db1e930a6e19b6a3bdd3e551668188b694934320993719f4,0.00014089326328925388
Source,039f7d3dfb2c7abea836ed924b2c06501f610c38af70ff7ee78a3d5acf9ee49e35,0.00014089326328925388
Source,039f95a09199ea8b7e4219e27cd779d44832b58ee85b8f7d86965361456d882dc0,0.00014089326328925388
Source,03a00049175db3b3eb61c446ee6bbf6320610b048f028f472e29fecf05ed0ff05d,0.00014089326328925388
Source,03a06420ba90b084cb7eb73489f3a4343061b1fbce51c495151c8d8bf0b133092c,0.00014089326328925388
Source,03a089032b601ac23b773516dbb32f8eef4135733865bfa4d2a618ca9f4fc63d40,0.00014089326328925388
Source,03a0c41fecdcfc70dd4212a8dec6c290415b8f34134237f474c7d1f803621bef35,0.00014089326328925388
Source,03a0c5423f3c437bbf0cb7b094d53d6aaabc5bbdb6c1e29c57ce2110ac6c7ff030,0.00014089326328925388
Source,03a11d273c65583d94799862fd6e13b445af1d6c86acc437b0be26274ad9d0b2d5,0.00014089326328925388
Source,03a1583ff60c27c634a44cff66124c71807fc38e0dd861a6110965f2f985202e19,0.00014089326328925388
Source,03a187e92d850d81d15e5791d4d773940d0429fca5533e293d8cbd093510187fa5,0.00014089326328925388
Source,03a2807e87f2dd84193a41f8c289e9ca4723dd9e27b6d814f010ad8da5db03830b,0.00014089326328925388
Source,03a290348379a936196de128aa9e0258572bd78f117764fa90b255c6375551ce12,0.00014089326328925388
Source,03a2d0d87c0ab21c9cad1c5077c2372abe15db694b6eb41c4bb8d9f9f8fe7d0496,0.00014089326328925388
Source,03a503d8e30f2ff407096d235b5db63b4fcf3f89a653acb6f43d3fc492a7674019,0.00014089326328925388
Source,03a5c63b7879b42e120f2e2d690d8b8d8ccdc83356789fbccbecb1c9f075331938,0.00014089326328925388
Source,03a62b4b722d0804f78a9b7a151bfc690a0f80b1602061050b9b04b3436a46738b,0.00014089326328925388
Source,03a65d69fcc81cdc6a8261b26471269722479e1760a0de8de89dbd41898e546d97,0.00014089326328925388
Source,03a692458aa3357c5dede272b1bd4502209531a8fc50cd6d416331e557c04aa5c1,0.00014089326328925388
Source,03a6daac0ca23f681f86f7a3dba5674ae5eaa5c171571ab1ece5bf10c0ad7b4c4e,0.00014089326328925388
Source,03a6f5bd2224cd15cdfa57df6a5d532c86e5605e2c973a63bccd68ede992ed3836,0.00014089326328925388
Source,03a724d1749f388c8ccc4114c031c02553003caf533cae77dc2001ba655c4758fc,0.00014089326328925388
Source,03a78a1656c92706b4a1311eb72cd96ebcf566764cc451bdb05d8eae5f0db5c864,0.00014089326328925388
Source,03a7acad9d2435feaab67abadbb6a0ee2e80cca28686945717832fa7aa04b78a88,0.00014089326328925388
Source,03a804cdbf925012509789cfd373b96234c8ae8f38cbd6c852c685f118d68aeec7,0.00014089326328925388
Source,03a893c133cbb14ec3d402212c5b69b507d0f23e601a214f526277b11d655b79e4,0.00014089326328925388
Source,03a9197388a32311454717f9044ce2751e116b6f03facd70f49522b1f592087060,0.00014089326328925388
Source,03a968b17f2cbde50978d627c376d7ecf33101e951c14fb4cd42bd4bd955d2dc07,0.00014089326328925388
Source,03a9bee7638c96a67333f9cefece0e80c9e16a90b7c2fa3b041616e5d59f7bc64b,0.00014089326328925388
Source,03a9c8d5c68befdae5c0583e51e876bbe27a260024036a7dc8da0ffb3383388f65,0.00014089326328925388
Source,03a9f14ffab794e38191a9bb676b490740d61ff27487df3d0d264d62eeb0b9ee22,0.00014089326328925388
Source,03aa47045c4095baa0a4d69e3c2f304859abae35dfb453407dc28e8a31943b19ee,0.00014089326328925388
Source,03aae3f600d7355af542a368cecf67cdcb0e61c5503b7893f1c1c65f57740cd93e,0.00014089326328925388
Source,03aae93a71a3211cc2f2238e68617eb315cae7d34fc08d6fbfc9d46c39cd177c97,0.00014089326328925388
Source,03aae9fe9aebf495ab565c29c498e9219a1d9694c379f67425b39d8400432afd67,0.00014089326328925388
Source,03abb38e5aa1a85cf18a77d0e60ce908b47b86b8b32eb83591a0c84357ecf65cf2,0.00014089326328925388
Source,03ac2f74e9dd0801891647261e661dccb0e641e75bc953c923228b806360a0f289,0.00014089326328925388
Source,03acb45f93c4d10c1df39ce3a303dcdf2c7e963b671a74ae8d5423b6bc6ef58639,0.00014089326328925388
Source,03ad29451bab0d63d75b148e579c5d9b54ecefb7398499bc2809822dd519cc2240,0.00014089326328925388
Source,03ad31e19c94c5ef331aa30047252d9b173b0d5fcdd07b9340ac7e828c8a239cda,0.00014089326328925388
Source,03ad5562c0c8e6a49e2efb595ff8fa13a745133513ddbaf2d2f63504f92a475bc4,0.00014089326328925388
Source,03ae19786884da33c7e3220337fd01b4f5d44b8a920af310779863072f35ba25d8,0.00014089326328925388
Source,03ae30aa8af2e1c34a5502ebb8a2f3974644374d6b239b2943af1e902a8d3d2322,0.00014089326328925388
Source,03ae442918e39be539be65d61bfd383e7b958202cc3f754c9970656265f3722622,0.00014089326328925388
Source,03ae546c4a08383f2eac3d0c91c12f8d2b7665b6f3d260a33f37d7a4f96233df6f,0.00014089326328925388
Source,03ae5e2427a98d54c2509010a78274c87952c3d024ec03ed63d3ff093d4dc7304f,0.00014089326328925388
Source,03ae641aa89c4d2c0034b31bad23a4f80f841d593ddd52f7f35cf7896d0ef8a594,0.00014089326328925388
Source,03ae8a63996a54fb8c2e4ab745073e745d9654ef6b76e128e415874fdc8ef338a9,0.00014089326328925388
Source,03aee1c8e5b11b25934d5a4e941aef143af279c033e95abf2e36596bb072e35dbf,0.00014089326328925388
Source,03aee568d90684e97f754a0d01133ff6412c5530a7665856abd0cec1f3f1fabb86,0.00014089326328925388
Source,03af6b6d1b2c17e803f5b102cd042f2ba62977418e7da2ee5416931ed8a944bc94,0.00014089326328925388
Source,03af7471dcdc308fb62e72ce1b41e40ef38e9e4a31e711f3f6124489095fbe372f,0.00014089326328925388
Source,03af9907b20acda85012d855de45176e1a204214d59c45b7173729a6b8379222b9,0.00014089326328925388
Source,03b014c3f5159debd6e7585c23885967de252b25c487244fca07881cdf0ad19f13,0.00014089326328925388
Source,03b01ed82152ee1d3d7288cf14c4fa09f15e78d270150e7187717f33330662a295,0.00014089326328925388
Source,03b0bd9afcf51d7de20c5cff2eecd6b64be765d911bd765e6ace506bc02e677488,0.00014089326328925388
Source,03b1c1fba361b72f3a14127931cecb21a4100814658f756a157a6e84f111d9e266,0.00014089326328925388
Source,03b1f6e4cd30dc195ac471db66aa0a85fbc9494c41e9e1bf5b6447e07fe55750cb,0.00014089326328925388
Source,03b2041843c2fe2bec761a473f11f4dcd590e5d0e037731f4f1f3c40057fe65e37,0.00014089326328925388
Source,03b26f7d9708790c7947c59baa2cb185a9a24a3a1b320e76b646dc94b5a52c28c8,0.00014089326328925388
Source,03b28291001487066ec6c77aacdefab18904ead41f951d329d50ea3a4512ee98e0,0.00014089326328925388
Source,03b3268f7157a30c050fd97857f071ea6bd411bd966a7480ec9200d71d329499bd,0.00014089326328925388
Source,03b3a32526f05c45b70d02cbc98b475503c3c97e13d9daf15e5cb632b8adcdad9c,0.00014089326328925388
Source,03b3ed8696e03f36e98cc054ed9cf8cf0752bc86252784651e5783b3e159956266,0.00014089326328925388
Source,03b49f814c44c815a480d8dd3ae3f61a1f5d844cb2270709f16584cb446151a1c7,0.00014089326328925388
Source,03b4a569785e86378eaf6b685f649ba336be14d9a32a8d7812dcae3c81a7e26d84,0.00014089326328925388
Source,03b4da98855d86b7cbe359694f93aef7b1416037d3bff8ea856a5439b33f9d7c7b,0.00014089326328925388
Source,03b5006b578f5b113d8031c6a671ae1e135e0de4c010087e26ee7442e10cb563c5,0.00014089326328925388
Source,03b5205679a18b4ec927fb828cee744b5e2feb1981661bc652bb195493164a0f02,0.00014089326328925388
Source,03b58efa9e3757c48cd901fc6a7277e9ef6efecdf3f24ddf6e67de8280debc09db,0.00014089326328925388
Source,03b58efffe1a9e73390221863d29d3d1532963c01ce527500de0d7cfa9383627dd,0.00014089326328925388
Source,03b5dcaf8d988e139cbed65c3f48fb553ad54b4565e7c2531ab0319b156b69d715,0.00014089326328925388
Source,03b62be17563c3ed4b9f15b0dc6d4fed01e3aa77a970b821c9f89404e1a72954e1,0.00014089326328925388
Source,03b7205c4c8e87d60db8cb80d99b9ec9a9678485b45864dc51774c1a8b5fd42ed7,0.00014089326328925388
Source,03b76e259972f448fb6915c0287463e52576df1f972fc63d34bd7884421a46467d,0.00014089326328925388
Source,03b7c661f965105e9e8220fbaf4bf3e70f24f30a384a2536e89acb5ebbd73e6633,0.00014089326328925388
Source,03b7fc0de1b295d5df9fed256b945b89ec77843cf3f0f7cd0572c56469ac1c68c3,0.00014089326328925388
Source,03b8253877a515c3b6d857c5a482df815e70a84e933b5fef040854e6fca3c5ed68,0.00014089326328925388
Source,03b83404feb66eca08b2343579c7ac09eccb1035ff07cee30a0551e071a9c26b0f,0.00014089326328925388
Source,03b847485a3a2cf7d9d162d4069b73ed86b7b4c517043bf13357874860e20c3515,0.00014089326328925388
Source,03b8acd7655a1ebbbe9b1ff02fa3871bc6f2d7b064bd31f90feef7a951460e1b2a,0.00014089326328925388
Source,03b90d6f20cbe82e930b96acf2b6b6806142b43d5bc6d969d310958d3c71a2438a,0.00014089326328925388
Source,03b9ac17154c6ddb27c05ae8c830a142f4742a3de280941988085ae2fc711ef2aa,0.00014089326328925388
Source,03b9b238a9e07336d4902e007f14d6597363b8563fef2316bbe98250146d0bd9cd,0.00014089326328925388
Source,03b9de7a7d7e8a474b859a59e314cf2a143ae9c569ce78c46289b3ad16cb8c03f9,0.00014089326328925388
Source,03ba54821a4e1178df3b4462085a4aa7c8a3768b1a2b6856dbf89a3e407c217acf,0.00014089326328925388
Source,03ba552f02f323bd962a0131cc5eaaded5b0b03ce1ce3f0e828c991239873c3948,0.00014089326328925388
Source,03ba55d04cf42f4dded663d046ff11f1ee44dfcbf284e1bf8afe564af41a172a3a,0.00014089326328925388
Source,03bb086b83afa45795c2265ebc76dcc749a590bcd83ba244c27d4f47b1102ffc60,0.00014089326328925388
Source,03bb7206e2e50e7b2aa8c263f08d994ea6c3386b1bf2c124acc3568e077c4349e4,0.00014089326328925388
Source,03bc2f182ecca2be6c76f3f3b07af40b213c0f31e78de228eb8f8d601d93d57021,0.00014089326328925388
Source,03bcadbf6d18681c99d6cae4364456196a0adcacc77aede921e6e40a38b12b69be,0.00014089326328925388
Source,03bcee3d0911944cba06aff72c8b05e22e8cf5d2d74a92a337cc510749460c9465,0.00014089326328925388
Source,03bd3e94eebb9d7297ac50a7149b44212348f6f7aa0cb1fe7d4da3ca572ff65e60,0.00014089326328925388
Source,03bda4dac5649f52904fd2ec23b45987e968649bfc9be728a58eb7efe48c464013,0.00014089326328925388
Source,03bda9f56ef2866886798fbf897a51e293e59e504fdbf5591635856ad549d75bda,0.00014089326328925388
Source,03bdfb1208bab9b4808192ea16ea099c14d54d6d2f92290dc7ad0a8ed31dfe36ba,0.00014089326328925388
Source,03be06c29b8b891b9f589c346aefbd4f73d09bfb73944b7aecbd91739d7ad5b575,0.00014089326328925388
Source,03be9d2a0276df1cf7cb56b3514242ec6a4c16526bfe7b0513247d40c2c4cde49c,0.00014089326328925388
Source,03bed0844615730934cd1db1db76e10f7a5cca955b11f23ac02ecd84575f3bc56a,0.00014089326328925388
Source,03bf8061805149f6a6c1f77e5ee3a7fa0e898f67b57927fdfa59832979d57ed0ee,0.00014089326328925388
Source,03bf85d154d32b7712b3d7b0d680373928da828433ec27b756135f4f0c27ab9c22,0.00014089326328925388
Source,03bfb32d6ad2bc70bde78ce9ca96e0e1cb4efecd10b04a344ec73361db77292c41,0.00014089326328925388
Source,03bfe283e94ff0d6df5a9f9ff4f6d7cee6b4b84f158d8cddaad639578fada34485,0.00014089326328925388
Source,03c0073829f66fedef74735d159c3528b01ebb74f2d4e663ef388bfece17716862,0.00014089326328925388
Source,03c02ec99cc9b0989b373e94db9cf209250ad0c0ad2f64de2a68cc8be365f66c69,0.00014089326328925388
Source,03c032d577923910db0dab0d2f66b5f1401f4a628a125535beb1e6cba78c231f8f,0.00014089326328925388
Source,03c0d27a6d52571f23b35676fd1db4d46a7bfced44e1e824758f24fa2e6b94350d,0.00014089326328925388
Source,03c10d7c9ad24fa5c44a4aa6df3c1c97f079ede5d0f94c81d001c41062cfefb588,0.00014089326328925388
Source,03c16b1a0066c93f05dfefcf11d79c3c729ea526c1a039768d3de8952da57aec89,0.00014089326328925388
Source,03c1d4f9ea6dd3f5531a9ae876d9826eb104aed163e94baa88f2ff57384ef3f0f3,0.00014089326328925388
Source,03c2abad46160f5c51acdd45292861d48816f24bbac93dad85efe0690f6231fb55,0.00014089326328925388
Source,03c2b5e97173e2ff7baea106a34a165e0213b6c5148441ea97785b35a78a506299,0.00014089326328925388
Source,03c2c55aaafd3af3d6b7eda7c542c1969a206ce5ae34061a2ae3504f2030ba30eb,0.00014089326328925388
Source,03c355b9b90d4f6b85af4624d728a729d67e04c39d1edf7393492e5eb2e0f89543,0.00014089326328925388
Source,03c37a99544279ba9b792b94991467774adfa96b9dab8e8dbc9babac27b47d317f,0.00014089326328925388
Source,03c38c9abb6694747ea04bf7fdd008a413c7833b338dc79622a29e51bac48b5bd7,0.00014089326328925388
Source,03c3a9630e1239fbf113bc34d043d105df9b75ca9621fb72c8ea33a5c45853832d,0.00014089326328925388
Source,03c3afe708af86eb25fa27556695d477af98ab0e8eb60450910d4415271d238568,0.00014089326328925388
Source,03c3e9f55581947e501c63aff341cf91bfa6f9b9a31b7581b6da6e0cf6f738aa8c,0.00014089326328925388
Source,03c41fde73d7853d07c0b0baf110e91c5f54f768cc94d58ddc0d3e947fa7d27e29,0.00014089326328925388
Source,03c43123aefc252401a256caa4abdf2b41eb7d4878e37aab539602307a03c67985,0.00014089326328925388
Source,03c43b2bf06cad74849e599a8d3e36ac54defad9569751b49866f08b4f7ec52ccb,0.00014089326328925388
Source,03c43bc4f842d85676bc69223ebb7d0b5a7a7230d66b1e8a81c4009714918e7e1d,0.00014089326328925388
Source,03c46b35a15e9ead3068c8fea06463c72fefe59ec87b3323fb9b4137fb2ddd26a7,0.00014089326328925388
Source,03c4d87d83f965d3e4258b411b9c3fd34793bc9570bab67beabb8d1bab67eefd49,0.00014089326328925388
Source,03c4e5b2b1e789f7916ee3d1aab38b92cdab044ca87e1b8d483be7b2de85fc2a63,0.00014089326328925388
Source,03c4f44b26dabe7cea67dd6ece6e683fdc942f130119ebab55dbcdfef799d96736,0.00014089326328925388
Source,03c5720f019dc9697fa26e2661f5b6015e93b2d2d912ac1b587d0200526be75d4c,0.00014089326328925388
Source,03c63f25b2b991f0e8253eb45054be6a47e0467b9532c02c779b204a87004ee7fd,0.00014089326328925388
Source,03c65f59676fcb31951fe4c610f3a17612dc5a5c35d1f03733468e19277aad6f6b,0.00014089326328925388
Source,03c6c207b280f47d5508a0c2ec920502f5e4dce56d45e115f32ece73771e53ef7e,0.00014089326328925388
Source,03c6ca14385508d7ff3349f84521a4117f47730f1477f8790601f75f2b828c60bd,0.00014089326328925388
Source,03c726365d5e1613fe1289508bc494cc8d67a8f25793b22d543707e3bd090a9404,0.00014089326328925388
Source,03c7b393cc8f948f675e7ee1d222b4a7ff01126a66b0872e3f15a81becbea93ef1,0.00014089326328925388
Source,03c7bfbffe406f771f3cc4eb45813b68215b52cf55c23a56decb239e847decd72e,0.00014089326328925388
Source,03c7f13d2b8be26fcb555363f9459db305d568b7683f9f7fe66282f8d670aee5d7,0.00014089326328925388
Source,03c867a0ac34008a0436ccdd8f8a51365e7cf70e4534e82d008f3e55ea6514fc35,0.00014089326328925388
Source,03c8ba74efbb09b4223746e19bdd96ea6b7cbcab06e1cd51f363f9be7b8b444b40,0.00014089326328925388
Source,03c904b0128b355a9084a0caeaf1c5f628ac410a1d1ea0227f912c859f513ae288,0.00014089326328925388
Source,03c9419fc4ea899cafbcc993daa0a26d1ef60eb4098367893619a6218f78b049f6,0.00014089326328925388
Source,03c9651327a31793919508669496b83f1a4ff87ee9899b04bbf2e2c6e7ca532625,0.00014089326328925388
Source,03c9899d5325f08ff6d1d711a1832041172cf0c11014d1010d8e0abece3a7ad278,0.00014089326328925388
Source,03caa1c155bb74a3f68dfe6a9970aa2bcac6a5a05457d72694c6865d5c3882e581,0.00014089326328925388
Source,03cb05100616209768d3cbef43ceba65fdda724582d6c8a053625a484d2386e85b,0.00014089326328925388
Source,03cb89337b773120bab0afc8c02c9dbe6862e6643555b45175d5d751d72a15ce31,0.00014089326328925388
Source,03cb8d1a782babd2060cc0bc953da81616ad6c413b4550f9027df70e79cb7f77f2,0.00014089326328925388
Source,03cc3bf1e3eca891c2cb4b60344f62fe7021b7e0d530a4589a51252aa1c051f7aa,0.00014089326328925388
Source,03cd041b1b39e4de40eb9001d3eebf6cc27a2528973e363812e5931a3028c5c7ad,0.00014089326328925388
Source,03cd09745d8cd8c58f51538f55444abab3c3899210c52d1fa5cb9301f88be0a097,0.00014089326328925388
Source,03ce3679664eb3210fe74c3a867ef03ba31fa33e8fd523bbc3c9c307397ca5d874,0.00014089326328925388
Source,03ce90d72b44aa7220e79e60436062f2b686cdcae8a3a8f805fb56e028229cdde1,0.00014089326328925388
Source,03ceec727344da88d1dfca6201b6e4c188c6ffe8a1a829744dfbc2d832942d1daf,0.00014089326328925388
Source,03cef786778cd26a2a839d822f0d16827a2a26902c35dee8d12e2a79a1dc3ace36,0.00014089326328925388
Source,03cefb509dfa1c7d1a61e673546794d10e1de427d7789c8b135651dd259035ef71,0.00014089326328925388
Source,03cf0f690b296b1f3e0de7ac568fdd9a00029adfd8723a4121a64f6d115fe04a2a,0.00014089326328925388
Source,03cf2c6799c0342b11887ce5bfff1492c2295754fe4c33b0a6b86426adf6e4bda0,0.00014089326328925388
Source,03cf99d284674ea9d07235a6fd519ee25fca15247046318d94ad82ccacb7b856d8,0.00014089326328925388
Source,03d0a721d9a13d15a9fda3f456e815afc680e5876695aabb0987ab9c151033c2e8,0.00014089326328925388
Source,03d0bc874630ccc97402a58223b3e34e4efbac3b7a2107bd1485f30d16a5809ca8,0.00014089326328925388
Source,03d1534fbd4cfb6e41b3de0765088c6add555fbe0a19b8c0dc127c17103f5893c2,0.00014089326328925388
Source,03d15bbc0b4ccd957183834adb1a04e8b28fb5c5d78d07012f753b931544df37d3,0.00014089326328925388
Source,03d16eedc2c4064c0691d6948e56ec58468e622330602113797519a6819bc8b49a,0.00014089326328925388
Source,03d1ae5acbc2819539ff4d41d1c65683558fa9551ad6156e60fa215fa6449c7791,0.00014089326328925388
Source,03d1f177dbfe2ac9223b46b15fb0f92bdc6ff454cd48e80c75ff9901654e03ffab,0.00014089326328925388
Source,03d20cea620c2e4c7995cb05ad9587d67ea6f054ab93b16c25df43c82238dfe672,0.00014089326328925388
Source,03d213f4115a55f0d0ab185434fcb6d3f119fdede11e901fe57f8b91d57ed316e6,0.00014089326328925388
Source,03d2c066c4b99a14cbe341658c09bcd76de7b819a5972500eac2e07dc35fe7fad4,0.00014089326328925388
Source,03d2d9b865127074632a6b8f8e67c977e9618b55ba0e7d9c005011549bd6ecc302,0.00014089326328925388
Source,03d32827cb2bf58ff1568ebe5396017cd0f23df56b18610cb3df9113d5cb71d0f2,0.00014089326328925388
Source,03d38e5631647c10d7bc930dc9630348bc92a2c6e09b64df7eba50f910a8d35c50,0.00014089326328925388
Source,03d3bfd79de6a82c1ebe79530596de3f7acf3564165f274bea6e4fe0d5f3617c59,0.00014089326328925388
Source,03d48660e4d5b595b6de6781f8b2d90793ac279a02b65f29c80faa137a7d2fa147,0.00014089326328925388
Source,03d4994371df21fd75a049421ab5b1e3a66d81fb4a22755b2a3db9b290f14c8464,0.00014089326328925388
Source,03d4bfb8b8ee6daa76ccf8990f4db5895521c6b8675061f9d405b434a7823762b0,0.00014089326328925388
Source,03d4c251912853b05a5b4ea35e31af5e4dd1193a6cc38a3b2930c8ee35b14028fc,0.00014089326328925388
Source,03d4c462c6cbf5229d8a1bfbf4bd1de649ca03e68716f033025948f70cc3425034,0.00014089326328925388
Source,03d51a1ef33999f08756d9340254418e1b2b0c499c58ccefbde3021d05657f7f7f,0.00014089326328925388
Source,03d51dfcaa0e0e362a047185d0f018dbfa1660f12308e4ef6babf61b1a0a71473a,0.00014089326328925388
Source,03d5855896faa6d6320e408f11e18b16831f0dddbb3ace4cee79f039d0dea528b4,0.00014089326328925388
Source,03d5b4f2301352bb28aa02337f654969af479f0d3b58c4aac22a0d5b86e496c6c4,0.00014089326328925388
Source,03d5cc8fb20d1a95c06a63348ee35cac8a885a6e10b2259b9c8a2d17b510500b49,0.00014089326328925388
Source,03d706b2586962d41dfe1d81451ddcb2f18b47a619dd3f706426cbcc5c109fbdb1,0.00014089326328925388
Source,03d73316bc75a10e97b538618b132e1384928471009b87af7c27dbeea20879e3f6,0.00014089326328925388
Source,03d793d2dfacb241ea8847e271e8f38a2cf0aa16fca0df137409e8c8e0845e12af,0.00014089326328925388
Source,03d819bbfbe2eaa7085007bb291ea841504e8450ae883335e878f0064f0dbd3f4f,0.00014089326328925388
Source,03d8205bac19c2371c2fee1f7212dd4de6a615d85bb6ccaf0430e9824b4da5eea3,0.00014089326328925388
Source,03d829f2a214473bd6300f3b829c8dc5755583f2113deadf4b75dc83da2c4ee149,0.00014089326328925388
Source,03d8658dcbe7ebb274bde030ac0f6bc62b0c6d95310f5740f5be45d3a3e9efe234,0.00014089326328925388
Source,03d86a51997203c1f7b22552befd9fe7ea78d6ecccfde658ea0042e8567b6906e2,0.00014089326328925388
Source,03d8b719201d55dce51454b15c2f75c666bf9057152e3e39dbf5fc8edb0c6894ce,0.00014089326328925388
Source,03d8c38bc942da6042c5d299275c46cb12eb060808eeca9fedf81ab6a3013b783a,0.00014089326328925388
Source,03d919aafde3dd26b112d45fe2222aab874e88bfe90e1a21f21ae87d402232d707,0.00014089326328925388
Source,03d921b4c9b5a5f155e70be01b340d99117896c4fab9efdfef71ca9999d059862f,0.00014089326328925388
Source,03d92b15fe182940c677d0f8ce616aa694217f5274e17fc24fd4e02f5f12e3ab59,0.00014089326328925388
Source,03d9485f27c433ff17fc103b925dfe1385e77728662e65b4e5373eb408386c4c66,0.00014089326328925388
Source,03d96cb09f7eeb841bdfde0bbe5c68efffbc66f3bf17889054441c96c8582bb272,0.00014089326328925388
Source,03d982db3411528c4a951dd6168d66eb978908f6ca9c1223d79e37b68fe33d3a26,0.00014089326328925388
Source,03d9c9079be4c73ea8d5653613cf2ef20ee414e3d335474ce64eeb780ffebf79c3,0.00014089326328925388
Source,03d9cdac959597685966e2ffce31a00dff02d969c5382839648c700bacd913408b,0.00014089326328925388
Source,03da0d4d5945bb3742fb5c07c22dcf6b36e17f5601f302f97e2e129f6099967169,0.00014089326328925388
Source,03da5b40408bafd195d3b1534dd00a198c71c725857cf1147a7499746f9d6de655,0.00014089326328925388
Source,03da8b23c27462eb7011f2d17945aac723a54e42102ae06cbaae1e16144de38b82,0.00014089326328925388
Source,03dab86982d5f9d605e4ba0e04ec163268dce1814ef38a563620608124b469241f,0.00014089326328925388
Source,03db73d5a53cf889e2520c449a0d7a8c3da99bec15cb544011a006f8c702a16ce9,0.00014089326328925388
Source,03db76f0e63150badacf4f1cec2328a7d3c386ad8aa1e622dabcec9f6605004fb5,0.00014089326328925388
Source,03dc2d618c677cfc6cddc77c3b4891eff8582a9626cdb79787e09ff7f8ed20bfc8,0.00014089326328925388
Source,03dc3180a32b1278c15e1756627f54bcf0128b3e6dcda10ef6c1876b55ebc976c0,0.00014089326328925388
Source,03dd1b795652debf811f93142ea4e7015889929e43220966e2431b38f74535dd23,0.00014089326328925388
Source,03df257120256b5f0b87d25659946d42067a094c765bff830eb66d6ffba6f4d5da,0.00014089326328925388
Source,03df87b99d597f1982e3ae89ea3ba7bc266536269326647c73acc056f9923c9ccb,0.00014089326328925388
Source,03df89db564d0def2c980503e3cac06bce21cee409e2bdfea35146a70c049535bb,0.00014089326328925388
Source,03dfd4be058b0644849112ba719d895233f725b6fc2238445615e7901e57e0b27d,0.00014089326328925388
Source,03e0214c8ac4fa7580cbc2ddc1d71da9ccba6b3f62b3152bb0d7ef0bde90e4327c,0.00014089326328925388
Source,03e043fee083718d631444023f3b548713fdf152b99371edc986144c54c033f1e9,0.00014089326328925388
Source,03e04f62803231c60a9777888e467cb0351347ff95837a74cbaabc2ebf130f0151,0.00014089326328925388
Source,03e05de453195c9b2d10458a810b4fb49d356e1269a5f182e39253afae8e05f9aa,0.00014089326328925388
Source,03e0b4bb27b9466ad58640805f7dcb370dc46998eca2f498ea2a66271e869f806d,0.00014089326328925388
Source,03e1a9ecc1b00c79000e59d8e4422e4aa4707d9d13b9aa60a758455b425a9f241d,0.00014089326328925388
Source,03e1ab9d0010aadab7b86e2d09ffbcdb9933acbc441e8a8fec2784dba3ad4640f8,0.00014089326328925388
Source,03e2311a59e8c4e16e85929dd45b8cf12fb4f635f9cff9d01eadef92d8cc00db24,0.00014089326328925388
Source,03e2700107ab7d12173c3e3e74fa7796c8a14536ee59eefe58a79d154e559526a6,0.00014089326328925388
Source,03e33bd36531d14f1e9cba22c3ee158a070e27c6c17e367725168fecab9f93e362,0.00014089326328925388
Source,03e3a316db3f5fcb614af846edab9a4a73f58fa3eec24c6276bb5fe34ee64ddd5a,0.00014089326328925388
Source,03e40a2f5123066436f75204ad0c7c0af0481040e126eebb02d85dea213def0be8,0.00014089326328925388
Source,03e4356de7f0e46806e9eeee1d9e9deb90da4f0e780c932c0bd97016477bfcb167,0.00014089326328925388
Source,03e437df1443336c647f0a61e03eb0449972a486863acf2676410f308a27df33c2,0.00014089326328925388
Source,03e45aa39c2123ad5c56ca1b3768ae2367014d5ef2762fa891f9cd5fe0efbe52c3,0.00014089326328925388
Source,03e5c00309b869458f79a2f264423752ae14fc1b2f180ef53a0eca9e03c347e6cc,0.00014089326328925388
Source,03e63f11e55fbb2fd54b9ede43300eb3142a4041971bf494fd62c93999eb6abc5b,0.00014089326328925388
Source,03e697a1899a17611255edd8e3f43858a0168b1874cf50b8c3d4baf1ea1fecbb05,0.00014089326328925388
Source,03e70f6c4c538d1857ea33e65146d7a0f51d801c91fb74779c2f7d238a425ac9d6,0.00014089326328925388
Source,03e7360ec83dfc9bb7de16b146ee0cc17b84d0fd510e3fc61d7e1747d10d91972e,0.00014089326328925388
Source,03e74dbe3ff65cb6b9d7c82fa23ba17f1c34bcdf17121a7541b48f8088d3133d66,0.00014089326328925388
Source,03e7805f7db464ff922748182bf5ab66a74e4439771e5d090c4bcb1aa8c84d7fb3,0.00014089326328925388
Source,03e78423c7a744550bfb7c02978badf59302a4feb33c7b305e67e6f4633cbe5744,0.00014089326328925388
Source,03e7882ce549d3f8ddb24b6accee327297795fd8d7151f42943cdfc1f5eb87fe9b,0.00014089326328925388
Source,03e8099849c38e036c82ab4b5a128210379a34e4da7abfde2420bd54539f3626dc,0.00014089326328925388
Source,03e81888c35e67cef9c9e6adc0755a70a9be5486a4ccfc28c7370536b10cadbcf1,0.00014089326328925388
Source,03e829b2ba953e433bb6867f898ec24cd6763bd6490df1985aadcb7904b07b70f4,0.00014089326328925388
Source,03e88b9dc27c42f2d5c252baf25d49996780f5048d68cdddf987a4452f3c590297,0.00014089326328925388
Source,03e8c48101365133aa9cb248784bedb1abaf3785ba6137beaf4474b20438f4a189,0.00014089326328925388
Source,03e941369cdef7b0afa3ee77ba8aaacc486dad218b5eec3a0ae6b2114a46a78df6,0.00014089326328925388
Source,03eab5a765e59052de58f439aa955b23aa187b47fc21439f62896886949bc4e58b,0.00014089326328925388
Source,03eb554f5faec894e443d7777152a115ccb7aa0be43e4726b9bfa18b8c6cf87bbe,0.00014089326328925388
Source,03eb979b85e904dcda0766c55a0745c6191b1e9f57d12847eca9458b3c86a96d1d,0.00014089326328925388
Source,03ebc575bc5385f589ba396801d74fcaa90d3cba067315cbf3fda6e4b864e6af47,0.00014089326328925388
Source,03ebcb8cf02338a86ba79af7f7b7d449ce6d72512762c7f55a012830c5260b494b,0.00014089326328925388
Source,03ec0f5e7d84a5502afdc0da026a9efd22fefc3bd33727f776225733090d01d35c,0.00014089326328925388
Source,03ec4be080c34aff5aed17daaf5e31bde047373a0c5baa94cb2b5e63ffec48d23f,0.00014089326328925388
Source,03ece2b628701fd5f44ba866704b0fcf4bde05adcb3f91e724dca2fd4b044297fa,0.00014089326328925388
Source,03ecec065d9a286f3ea0dad7479223e619d439df227ca178d47c19338891bb66df,0.00014089326328925388
Source,03ed41643f4d335104ffa066458ba4690595faa63fe4f940e73a5ea5d713e43fa3,0.00014089326328925388
Source,03ed8f846e8eeadc1d2e59d4ec86507faba5061326a634e4e4897c81b970c5eaa8,0.00014089326328925388
Source,03edaa7827506a7627e73f5ec632ca3a10e186a7b3b4313fa3893c2c58dadce52c,0.00014089326328925388
Source,03ee0445de8b91acfb05688e3b240f4e061098ed4841564ada9b299a980780546f,0.00014089326328925388
Source,03ee42cfcb9540159fdace61e085a9bb6f27b272385f640f0be28df73695ed9817,0.00014089326328925388
Source,03eee1d38ccfad3d6bd934614cb9fca8aa7403e3c4ffb72f84b21ea6cb877dc022,0.00014089326328925388
Source,03ef3420364513e991b33c8d757647a14f627e2acf76828b188cd8e5cf56f481c4,0.00014089326328925388
Source,03f01cc2d156a164d22924d8bcc9fd793952fdb891a3b9edf681c4862fc2c99e06,0.00014089326328925388
Source,03f033236fe5af5942175eaa0326fbd493abc3423b2416acbb1b41184bb1019718,0.00014089326328925388
Source,03f0383bee4dfe3f6ecde1624d707cb50cd93e5d13d080be270e27cb753866cca1,0.00014089326328925388
Source,03f100591b9cc2d4fecdacaa555712c14aeffc281de160b6a4906547aaadb2ee61,0.00014089326328925388
Source,03f10c03894188447dbf0a88691387972d93416cc6f2f6e0c0d3505b38f6db8eb5,0.00014089326328925388
Source,03f155f9e23f608e3eb825428124050376bcefe43087fdfd067e25eda9f56a729d,0.00014089326328925388
Source,03f1b36c1fbde8fcaa8212bbc2c36f3f77a71c4925308b5a8aba4aa75be5e7d922,0.00014089326328925388
Source,03f1c8aa7d41bc52f28407cb284ce7dcfbe2f587f67c126a3dba860fd47c94ae61,0.00014089326328925388
Source,03f23da4fcf14c87121b3ae7b7251bfaaa7fe157638ae293a806b219d42966df17,0.00014089326328925388
Source,03f284baa8b2ae9f0a6f70ba20f8289da0c39ffb63796c9492990ec1288f5e1791,0.00014089326328925388
Source,03f293d12737736d6aed764167f6a815811c225f21f9fd94610b00f44afc9f776f,0.00014089326328925388
Source,03f2a728c47095026f68bb85716e98ff504b7295816947d0823f8d792dd71dfba6,0.00014089326328925388
Source,03f2e1a52f35cc0bd3cfda53864cd663b98345688458761cf039d57f22d1c4347c,0.00014089326328925388
Source,03f3657e3c4f586169002cdb68505d4a3250fb5ed59ebb4d781d64dd558d43037a,0.00014089326328925388
Source,03f4d2fba5aa0ca3857a1a58ef86e08eead8185ca21957413e052bf3a456a927d6,0.00014089326328925388
Source,03f4ee45cefe431435fe074a94323eb1df1d2af85475e7518d556bcf0230395f08,0.00014089326328925388
Source,03f537c6e27969ea9da7665c51e153b558a890d0682ec47f9056e5c81b08dfb366,0.00014089326328925388
Source,03f54c3072e69b2e925f3bb42b24146983b111fc7e3fc0fc86dab257f5f79cb4a4,0.00014089326328925388
Source,03f5b5620bea104d91921b1effafe83bd0921d60b084b4e738b81d2e97e61f415e,0.00014089326328925388
Source,03f641f79a344a106547ebbbb2889e0873d82458b2e72531f4dc74509a6b66241a,0.00014089326328925388
Source,03f6ce53dd3ef26fa45a87784359c5221e3d6a39be7bcf9797129c117ac50ced59,0.00014089326328925388
Source,03f6f25bac07efea6c7fdbc5fcdc8a813ac6517987b4ab4a212eebd5e325b24fd7,0.00014089326328925388
Source,03f6f94194e20bec90ecbe21f992a9e20ff66973940b71b2267d5be540817a89b6,0.00014089326328925388
Source,03f7cc801b3ddfc1ad5b445f084ffd61fb0605a7465fcf50b6ccb389e50b32262a,0.00014089326328925388
Source,03f8746bc9b95599300755ab9d62b6e5e4c10ea9509c5f4edf44fa498f74f95711,0.00014089326328925388
Source,03f8a0d401257c24c3a6128589d4d7f2a4fc5f3eaf62b57bce8583fff315970fb1,0.00014089326328925388
Source,03f8a4e7cd9242109db317e6ae82b0147831e0d40b7bb4fa06367a6687155d4b55,0.00014089326328925388
Source,03f8a926f1c53ebcb3ae13c34e0f5968d9c666ae81911548c00d7fef6d4189e9b6,0.00014089326328925388
Source,03f8b973b8c576e93d5d4b1e1c5c8384fe1f89aa9de198fbf5619437889b21a644,0.00014089326328925388
Source,03fa362244af5f2dd4aea4dfb6d301fe160fdf65f7061940c6278b628d5ccd29e8,0.00014089326328925388
Source,03fa52a19c86f24e923a6d44744800b4d354382efce0780136e16a4f5ba5eca2b0,0.00014089326328925388
Source,03fa79fb7d88d250a79976000d6fae4d47a4d923b73bddba042474582b7dbbe076,0.00014089326328925388
Source,03fb64900a7647b4499a88a6c30976333074dad3bb7702d0219bd84dc4ac4a241e,0.00014089326328925388
Source,03fbb38f7e5df72e39ffc20f0ca5d7cee508ccb8bcf6bd054ac5c2c1a02ff3a924,0.00014089326328925388
Source,03fcbf00a68484c8a4d09cc22241360b698e139a095514dfd9356c1350c9cce237,0.00014089326328925388
Source,03fcd190c8473cf877b356f040f4319e2dc475a6d2e801b2d31125b9966217a060,0.00014089326328925388
Source,03fdb1e514b0ad22a0a86d2ee7dd0ccf484c4162de72f75649cd3e3bfba9164199,0.00014089326328925388
Source,03fed993b272aad9707f55b56e4a3da2b33d871eb5e1708fee9c6b0903ef18741b,0.00014089326328925388
Source,03ff1d4bca094d1f47729a7ca7b7580d6274dd6ab87cd953c4cc38090d1cc87ba1,0.00014089326328925388
Source,03ff8254accfed217b86979443346dcee6673ffb06eb7942d0ef14f568930625b7,0.00014089326328925388
Source,03ffa28a78ea6aef060594a66ce9209b1fd6201b7cbf1063a45381f180fe161cd1,0.00014089326328925388
Source,03ffc72cbb54a9d76d89f562bdca16fd81e05c6651490bbed90640ca3ae86da7c2,0.00014089326328925388
Source,022387c7a6b5ebbf53960b56e88fae0ed0aa8cc1fa58158492b135b703c9a2cf97,0.00014089326328925388
Source,027d70a5c102fdce3df6811fb260d0bc41d0aee73ce37376068ee76ce40d34620f,0.00014089326328925388
Source,02ab38160e8f24f9cce8d851a091ec927748e78507adc7f7ee01664728a981a597,0.00014089326328925388
Source,02b941b5fc941d53e828535b18eeb9f3549c07cbc35748da2733786d63f0eb76fa,0.00014089326328925388
Source,02ce014625788a61411398f83c945375663972716029ef9d8916719141dc109a1c,0.00014089326328925388
Source,0325b28ceb0b964d645a8767b95be8d25c4588c5b6ef3d15cb95f7408ed955ea40,0.00014089326328925388
Source,032d5e37d2aee14face0488c3bf43e01e933aef199d904a1f513fdf381c41660e3,0.00014089326328925388
Source,037c862ec724bc85462aaeb804dd0941cd77dc4521cabd05edf3d0f23ed6b01f09,0.00014089326328925388
Source,0384d37ce01a3950be609156dcbd3ebcad6a8107b11d796890521fde06508dfc4d,0.00014089326328925388
Source,038d215545aa370dcd6af63581bb205496113d4185e70dc5af5fb4ee0c499910af,0.00014089326328925388
Source,039aa549480303cd8af5f1041e3109ed54f096aaef987801a7d8411d6437243239,0.00014089326328925388
Source,039c4249e620202add3c61cccfb406d4d4e56900ceaae12b4d2d298ee3e4838852,0.00014089326328925388
Source,03ada8be80b6f1476dbee7f0a85389908df1438a6934df1146cd95a1fbd0da6971,0.00014089326328925388
Source,03bcf1f73199ed4445a8d6c033dd8cb550bb5205a16982ad2e13359e3318498c02,0.00014089326328925388
Source,03d9d537a422502f38c7439de1f4438c2115d0571e9222d3c6dde59198cfbbdc76,0.00014089326328925388
Source,03ead928663ea403b6feffbb1290202adacfcda3b49659c20b241d3316e998c884,0.00014089326328925388
Source,03f360457d29f50a1fe2d5b2e603207377f1676b335546622c182b086259615755,0.00014089326328925388
Source,03f8c4181382df1d33a4394a4d3ea13868651ec9ca722a3912b2b7cff61b8e5199,0.00014089326328925388
Source,039b31301fa7a0f36194327071e07c43b6bbb12b0f01e6caaa2cc9e330f21eb9af,0.00014089326328925388
Source,03692ebcc6e0707ec371e1ee2fe375c35be73e7e5ecb77573cd56e484fe59e0e4c,0.00014089326328925388
Source,020c6270cadf142104d8c6274543a017a2c920ceba3384700795932b816ab9d5ed,0.00014089326328925388
Source,02758d961750972030292701d85c90e332bc1b7d8db0e705df3f087d285f9caf06,0.00014089326328925388
Source,0302f6666eadd1911521b50454c09d65418fea1fb1e129e6d7a69f3d58cd68fc4b,0.00014089326328925388
Source,0379ead124a35685d2f1509f7e4f55070ca36649deae61b2981d1940c768f21c0a,0.00014089326328925388
Source,029a566794ad73cc857330d995e2e43961142ec758372e3062ba179efa5416fab3,0.00014089326328925388
Source,02baefa3f0346dec11b6fab292ec8ed9aa41886647c4c47710a719fa1af6ae1e6a,0.00014089326328925388
Source,02071ce929b58266c895f929226c00da19e14dd4783bef30b29829f0e6e2ff4bf2,0.00014089326328925388
Source,027222caea9c1070952bc8c7a05a6f75f26f3bffc37e80e627cc651d50d50eb268,0.00014089326328925388
Source,02b765d017f3ac7149f1ca2beaced0415953c556eb4aede1458ebf9918157cbc4a,0.00014089326328925388
Source,03114ac5e19a7b9a13c0f0a3a08ff33bf72163ca25f2973a7e1995eae7550f8907,0.00014089326328925388
Source,031312f56daf1123e0acc7d5f81ec0a579cea0c145b85435caa52a03385f43434a,0.00014089326328925388
Source,0393c66308ef1ee0b689ce50c8c2aef6417893fcb319f40365a961ab9961646b87,0.00014089326328925388
Source,03c1001018a66630780915c71aefe3924d945065db01f8c59d9f04dc5ba7e92242,0.00014089326328925388
Source,02ec8062aa442b23ea69f446b74289781fd0399a587b7affb7efcaa7707aa7bcd9,0.00014089326328925388
Source,036e9fd40de81670a61a449160c48a6b6d9ee9e7bc6484c16899a552225bb5653d,0.00014089326328925388
Source,03214d3213d6da40265099466f500d8f4812ce2c23af027b994484dbe932444b9e,0.00014089326328925388
Source,020e7a55451613174e6feb0622dd1859b1d08edeef9573ab479b0b6c8463cdd722,0.00014089326328925388
Source,02615b617c685994d4197d8505437dc5a7e3fd4c445850c2b7b23490a3edba829b,0.00014089326328925388
Source,039751a7b62fc06165d9611866eb72f185db659dbecfca6e569027b7197d7b74c8,0.00014089326328925388
Source,03d4516c895c508502a5cc540bbeab426eec9e0b5f8f95505beeace6686327e49f,0.00014089326328925388
Source,032261d6ec5fb578919e2455f2061d27bd93df57b26d78cdf7bad38f1368d0531b,0.00014089326328925388
Source,021c97a90a411ff2b10dc2a8e32de2f29d2fa49d41bfbb52bd416e460db0747d0d,0.00014089326328925388
Source,0289b70b52a04e951446674bedb571336295a2890ca0079639ebc067076277d571,0.00014089326328925388
Source,02c197ffa4c2aa4105dd4c4b7279ba1b9061b22910ebbfa759b0001bed9ee48a16,0.00014089326328925388
Source,03b4f01dd3aa400ec19e63fb52aabc86d48cb54c147525f1a04e6e9d128fdb1910,0.00014089326328925388
Source,027c093f1cca968f33e177380303cf140d96519a1ed602d507b485afdc930f9e6c,0.00014089326328925388
Source,02a9720a0b85a74f1e47c5464afce44660eab72faaa7f5342ad559d23fbf1c75e3,0.00014089326328925388
Source,0287999a6c89a1720085dfba7a93bf5c8f8782f1ec3dd2d10524df426a5aea468c,0.00014089326328925388
Source,029ab3ea901ff9ede599f1ef5a5665f8cfb07f34bdd35eae4bb20608da8b3cf1e5,0.00014089326328925388
Source,0301412ec265f59906f1c08e5742374913d906300e7609637c9476e952a886c4fb,0.00014089326328925388
Source,0378cc9dd4a27b0defb91c094c6c534cce1a560be4523fa8da8ed7caaa7cd16482,0.00014089326328925388
Source,03fb52f79917c1b4868cec6b5a3904a458f91f20a0d7fec0379720c6f1a28d7130,0.00014089326328925388
Source,0276499dd9775f36cf95506c16e14ed6ec4cf230e8e5d341a441e1190d3f9e1e4f,0.00014089326328925388
Source,03d67293bea1d531353a5026d752783628ef15f285fb00207b4eb72185674e9ec5,0.00014089326328925388
Source,0274430eeb8642b761b0bbeb57f0af00a0243878045a2e9c51d80c172d098595cc,0.00014089326328925388
Source,029221ee9b72b7b1be2cb09610839bef2ea286ba1d7da9fc184731abb789a8fed0,0.00014089326328925388
Source,0202b5d54467d075893d46b6205067bbab2bcbc632513cd15661ad803d2dcb4ce3,0.00014089326328925388
Source,0304ce547809e86aa0afd31b9b1c762142ca598b5fea05834a996a107434e2c693,0.00014089326328925388
Source,032312e5e15e89211df36e473d76af60672e3efebfe42a9b2113acbb456050b502,0.00014089326328925388
Source,0351fabd839e93962826ab8eff7f86795b66b7295a2330773938d409a725aa8176,0.00014089326328925388
Source,03c91650dafc58f35cb862c3e5b67d281b42b2b0f2c36251c017c9aae0821c841b,0.00014089326328925388
Source,028f7ef05453b59bb74d449c637554393f78de10dd058361e5cbcbbd5fc13ada1f,0.00014089326328925388
Source,02bd87b47c03654eeda9d8ba96ae2f1a73543ce703721326801d2945e5ef173475,0.00014089326328925388
Source,03d9d49902a1218148feabb510a1053fa4b0379d37c3fe00ab3c08d9cd3cc3369d,0.00014089326328925388
Source,02f3d142710b9e3cde809be5205e060d9bd500062d813242d2d0d6f8c54c43d7a4,0.00014089326328925388
Source,03a5927b64b1ea8657d5b770d61a3e2d0554fdb5d568773e0d6a92907913ca21f6,0.00014089326328925388
Source,03ac804b7268038bb9e99bc8c5c0c21f6145de8ef3aa3d2f91ae5a8fd803de919f,0.00014089326328925388
Source,03b1be68b8f564fe53f5456cf4bec901ba968fb72ed7291279ab0c87e0d22f1f49,0.00014089326328925388
Source,0297d87ce68d2f621b4be69b23957aecd8f19ae5c2dc64775933be38122ffb5e64,0.00014089326328925388
Source,02d55e7d3271abc86bdf0b8185f976b84fe38d3b01c1c88f74527abf2593806c47,0.00014089326328925388
Source,03fab7f8655169ea77d9691d4bd359e97782cb6177a6f76383994ed9c262af97a5,0.00014089326328925388
Source,0269f2f23576d16bf054a0d32c21a318926e79d879c187846529974df56de197ae,0.00014089326328925388
Source,03fe9a1ed94c100e96b0347b3352a5a0e8d4ad1b0a2ad715c0eaa4dbd841f8e78b,0.00014089326328925388
Source,024ee5d480d68ad569c6cebd29c6bc0388d4345111c1aaa49271db695a595566b0,0.00014089326328925388
Source,03388ca1c623d5fb9c9983bec0962b43c26a0a7793f1e60be508d040811247c4e2,0.00014089326328925388
Source,0236735c6685f13fac6cc0aac6b63fc525e3b5948975eade24257f5cf1f4ee52a2,0.00014089326328925388
Source,024e20431ff4baf5a7702c11efe1324b9631b4c2352217ff7c0a92885d18fd0a05,0.00014089326328925388
Source,02909f5257f53cff3a04d070b23d89536e73d5cebbddf610100c7bce25c88f1542,0.00014089326328925388
Source,02a2777e10b11e57c643aaca5b2a77adb0f0644ec59ab161da2bd5adffd0cb86d1,0.00014089326328925388
Source,02a27e30aec1e835576e66ea809acdc97f39a9181afca8d1309105b14f42e14804,0.00014089326328925388
Source,02e296ec5b6f9783d7b61ab4a182a0783389855e7dae60796fef6a5e1922c1abfe,0.00014089326328925388
Source,03425ed466730ad379a9fe05cc020f5127b3f0d4fb875ef8df3e79ca28cb8ee547,0.00014089326328925388
Source,034db5521043e56f85dd4a0cf0e2424adbdc7bfa2107a58c5b75a80bbf86a46e54,0.00014089326328925388
Source,039da2a14818e57bf38e9ba7b05e4f61db1c0f7029daaa7dd6c951ea42233f9954,0.00014089326328925388
Source,03a6ea2d9ead2120b12bd66292bb4a302c756983dc45dcb2b364b461c66fd53bcb,0.00014089326328925388
Source,03b4b865ce6d978064ce98f239254e71a8f76c3924c7d79f59f22dc93ae801de35,0.00014089326328925388
Source,03bcc87d81f5ea55035617b040e1b2bc36ebf549fb6e4b544027b2a4604195f0ad,0.00014089326328925388
Source,03bfe6723c06fb2b7546df1e8ca1a17ae5c504615da32c945425ccbe8d3ca6260d,0.00014089326328925388
Source,0230c0c36bb74fecc1ae1cf8c913db6c48a340aafa013c607aece76570d5814724,0.00014089326328925388
Source,023b05eb76dc19e9f86942852b8ef317bd29799d6626ef2eb20c4641d17d996b18,0.00014089326328925388
Source,029de70952726208233d08b3fb01c854581328eb56dbbc3e26a5a12b5b47f81adc,0.00014089326328925388
Source,03216ae99d2285ade2748d3fe33ea6905caf1690f61d1b7b3fe35eaed16baefb0d,0.00014089326328925388
Source,0359fc8a0f5d4f124b25949a0acd38e6a0768a92888b5cdac65900e3e8b5d0dce2,0.00014089326328925388
Source,03b0c837964010a0db15fa4baa5e1680c568c60b4c06277ff7ac81f1579579c512,0.00014089326328925388
Source,03e5c863e4890a78bdcb89a017dd6a10a5924aeaf7929b87fc85b189f21791e992,0.00014089326328925388
Source,032070588c31da61fac91e282bf17eb90488785a5e1e6fc89276e729e13bf15e09,0.00014089326328925388
Source,038306422b8217fe516bbd80cd8bf3a90c85cbf3689c6b1f28d239c97c88f7134b,0.00014089326328925388
Source,0240248a7bba5cb1e3189ab95f0bc888e86e23b37ef75c9742021860208b3d7d97,0.00014089326328925388
Source,0254883e7efb8ca572853a921821f148ee5f2ed918df036f23edbce4287b06f3e1,0.00014089326328925388
Source,02c071c8bbdedf41c892982a09d2b97e88bfa0b1c58772afe85f417b198bfd22ce,0.00014089326328925388
Source,0362399d0c13ab3e66793c6c37ed9bfce78da72d2493ee30b2f564bf8002ee1eb9,0.00014089326328925388
Source,03ee154108b339cadaa7e3e4335f2463544e6e48b4cf43845332bdc10850500560,0.00014089326328925388
Source,02690c77012988a02a5dc3a9be2e43b1e71ced3be34b6c12222d6776a3858f9cc2,0.00014089326328925388
Source,02e669a49c965d3057cdbaf328ee7c6ad81cccc5f43f7dcde75ca4c0143934666d,0.00014089326328925388
Source,03d43e927652662ec3129fbd831d74446e7c39a205d0d09591132af5405b7a9bee,0.00014089326328925388
Source,020b81d8d2ead71eb1fbec622e6f6064ad579dda6d47fa36ac06e0904b70f3d5a0,0.00014089326328925388
Source,028f0ba97584eb928c2746bde8fd48e83ef2bf845412251618d2bbfcf244357c1a,0.00014089326328925388
Source,0378243b909c8bc3210c75d2ec25a2a67ef4ee4e006f0315e71058437eb0709629,0.00014089326328925388
Source,03815a864e311ac32451938585228156779d6d51479482a1d87f168b47c1da49ab,0.00014089326328925388
Source,0387de4ad5d1e8b71406b6e9af8f4f099220e23373713d3250e5c31da9ebf6fafd,0.00014089326328925388
Source,03929f54880391fc75b88678fe4388a2f067911c9e75a5640fd9e52a3165efd444,0.00014089326328925388
Source,021f548a8ab5eb8e7cf91e4c9777c388463e213485ece9a1808e3c6850084ee630,0.00014089326328925388
Source,024000082be4fa75fb36c873f0fc89ace105dc51f8cf5fba2fa471d345e690be1f,0.00014089326328925388
Source,028a4fae55019bd8922d6b0d093ff2bbe2412d56475a032e90bbb10cdcac8e7968,0.00014089326328925388
Source,028eb5be336f7fdf2a4e40c57ff55d3d5d71277bb4197ea14957f756bff249e623,0.00014089326328925388
Source,02b66d7caae1acb51a95e036fc12b1e6837d9143141fcff520876b04b9d82f36d1,0.00014089326328925388
Source,02c85c34b89d4f5b16f60fe6f524862669ddc34f8bb7f8ce9ec783c1db6c8da857,0.00014089326328925388
Source,02dc0b0bf7588d6dc2222449257dab187311464ec44d8c8aaa60f1312832518a2e,0.00014089326328925388
Source,02e190e949c2de0ac2a7c796655d3a26478a1ce99a672b1943a31209b556d7698a,0.00014089326328925388
Source,035647cca2c79c57fb3a471691c14b3f9d6a220c459708f6a83d04aa9691a0780c,0.00014089326328925388
Source,03654d55c6bed17571938f1ba46b3b2622c52fe19faff74732eafdd16a1cbe2334,0.00014089326328925388
Source,036f6218c29cd232fb2fe31be48c2adef7df9a5fbedd146d1108fab4e3e451c6d4,0.00014089326328925388
Source,03d3efc01d6e099277d602f6f961068c0edc3d5c2e631906c2c6abf5596540dba7,0.00014089326328925388
Source,03d937372ceaea5f57462a845c3bdd2b0254ecb07b8b9f9a30a605043bee178c4a,0.00014089326328925388
Source,0206ea71e1d599b322ee30b06ffee8b97bb4dac48637a02e5a71de8e378d4cc8db,0.00014089326328925388
Source,02df3610eb90e2adbd91d8f27217b591b099d9b89cf2366df1aa3045f24f180bd3,0.00014089326328925388
Source,020a1048b785608fc5d4c6679ddf8aac8a4f39159951d33526782e19bffbd9ce54,0.00014089326328925388
Source,020c04edd80a8846a65b7d47267e4637a33f3f0603af70069361089c93ab3cdf97,0.00014089326328925388
Source,020e39403fba22a1ea18664ae0bb767f0787657e728fad7b1d7864dd24feba0db8,0.00014089326328925388
Source,0214864906f3688e4a071f397897a3dd5cc9859db81d8351290837bbbff7be44ec,0.00014089326328925388
Source,0215212673e903a18c095661e7985b4c7f62985e745be4de6327d3499631bda1fd,0.00014089326328925388
Source,0217adf3ce05a831ec4f852031fafd6bff240af1257bdaf8d674dae6a32b1aabb2,0.00014089326328925388
Source,0219de90c50505f9e22843cd757c7a1e34ba4eb3e4d5696c3fa91d5bf8c211e610,0.00014089326328925388
Source,021c1bf286a5057e58c0bc3f4c022c052a717f019091ddef78c2921b72fe967096,0.00014089326328925388
Source,023c72bc4a317659357888ad17ee2d8a3bd2bc0bbdd4e3dbc2d7c6b4ba75ceb0d2,0.00014089326328925388
Source,0245b9e825cf41c32882b2481e55a44aa1a5b57a7ef9af0f32ff09cce663687af9,0.00014089326328925388
Source,0248edd467575de8614f8cad12dba14e2f027ba44680049e5c9957486d532e34f4,0.00014089326328925388
Source,024fa8c4240059894878bd6df862c5601e25396c3f1629403388eb7bb231e98484,0.00014089326328925388
Source,0250d8fa4f0a8ee6a74e792e83e9c98eed1ff060941526b562112af47c0931db08,0.00014089326328925388
Source,02564cdcddd88e6a98f76d81cb817a68cef1a66a6333b295aacd687c2d04c56e58,0.00014089326328925388
Source,0276641f8fcf2fa3413aa7f7ba59408331197d56cfc8364f0940204f00dd6cfd46,0.00014089326328925388
Source,027ca09b8a1e21c2ac194f6a7fce223cca2d5585754259eddb5d7302de894a45c8,0.00014089326328925388
Source,02805472eb224f2c9556f8d3b60e70dac57a5d710630284cf131ae9f46e8f11032,0.00014089326328925388
Source,0281f1a1496d9deb18dc356ed08f10e1f8f27cf4e376bfb48c80a511e797fbebe9,0.00014089326328925388
Source,02882d46f06dfcf3f8affb1043b8bc069f5ce45d28dfc74e606494e3763e7b0c0a,0.00014089326328925388
Source,028c50e32cedd3ba99c23d848becc5918c3918bf8969131c92ae112d3c4bfed02a,0.00014089326328925388
Source,028fe82d8fd44d22ac6e5f39e8b8ac63c994a628d06fc84425ffbbfed74bf488fa,0.00014089326328925388
Source,0291ef5251735e5c3eb99eefb1183b78593af8c4511f86b8a42b7acf210595aea5,0.00014089326328925388
Source,02a1fa1290cfd45a6ba4c689ad8f78b6b8e4b4b4e1ae035fc927f59e838e5bd1a3,0.00014089326328925388
Source,02ab583d430015f3b6b41730434b5fac264901b50199f0b9becc0a98a365f581a9,0.00014089326328925388
Source,02af1c6605c82161759211609f2edb92f0e8a6a937af1c41a583080f514b315bfd,0.00014089326328925388
Source,02ba1ac2a3fcdb7a7b419ae1fd9330a86c40052540a77fc548d834e0a09692bb9e,0.00014089326328925388
Source,02d30aaa6f5601d16718561a8b77a4ef8f9f399ce7d3e0273be99409c81becff03,0.00014089326328925388
Source,02d4fe24aef06283af0fb9dee28c78b634daebba40598cda8207d7c169db740214,0.00014089326328925388
Source,02d853f2b410bf1b8fcca67bad62e6a8d3fd773fffd3778b0e8788d146f560a6ef,0.00014089326328925388
Source,02effb81ef4ede1bf89b135f24149c45216bd4bf6c9716272ae1a0350344a35044,0.00014089326328925388
Source,02fda0ac0ac76498b5be23652bee525521768cebd9d3eedc174bc9548d9d2850c8,0.00014089326328925388
Source,0300375f9252aca2c0cc1250ce4556e58e4291b4fda6172e07bfc9cb0e839b99c2,0.00014089326328925388
Source,0304002e761414c0cdae643ca675a2dcc3ce68a7dc8158b1487f284669c12d89b0,0.00014089326328925388
Source,030ae4c62d6482e90b9d3fb86b030863e05315b9d27108e1329e8c20bee1673fc9,0.00014089326328925388
Source,030d1fba863fceea20eb18835580c9f9d6056b5bf973a07f803d24eeb89dd9c7d1,0.00014089326328925388
Source,030d34f72ef3a7e70ccd215a8443c625f858dca2020b1d8fe96475651a7a45ca4a,0.00014089326328925388
Source,030e1ccb7e02df24a555c571ea36fdea8963e409653e1c3ecde63930b6fe26e24e,0.00014089326328925388
Source,03120ac28af913889cbc3cb86d7aff12bc0abe939f1fa9fb1980bdff8483197092,0.00014089326328925388
Source,031355b5ccf84b32a8599c7ddd9af8f656bcbfc3bb1910ee0a7234659365a841a5,0.00014089326328925388
Source,0319f06a3f80414b91d4cc6ec18a2146b3e8177d21554ed71841cd4e46079fd293,0.00014089326328925388
Source,0325b8df7c4d0efac530239468061c8920919008298b8b0798f33afb3073a5228e,0.00014089326328925388
Source,032f0510f15bbfc4377dcff36a8f878aec9d53f6fec998e0c455dff0d8fc03ad2d,0.00014089326328925388
Source,03321d7878b002c6e6c29143dab1c7440c2f94f5963c9669acb919bc66bcc1a996,0.00014089326328925388
Source,0336b49fa395fdce71f83dce3ee3e2b209c04d79f58e125953ac3a149234e7a6a2,0.00014089326328925388
Source,033ad73e2b185860182ffeb3cc66ed5b67986449a01173915e0b6eb4d450e30c6e,0.00014089326328925388
Source,033aff3bfd1303d1fec222d15a1f7d1d39d18befa3460af3c8a14b19edea8c05d8,0.00014089326328925388
Source,033b194362bc73f7a6d14dd2473c55ac010c80c69071264772b597c4503936eb8b,0.00014089326328925388
Source,034d96b3c0de2bb522e56a11979862ffe88777d0d56622ff4d56f78cf738719b57,0.00014089326328925388
Source,035918cbb1a10cafaa6eb2f57750de0a653b981275370645820730a7f9a390454e,0.00014089326328925388
Source,035b3133c7e8a1dec84379da6c107225a0c2ec808517a4133169195184cb6f6e27,0.00014089326328925388
Source,036ba4029ed32caa83dd530c374527acc68139319ee3f890a526c5414fb32fa659,0.00014089326328925388
Source,037444f28b2c7118c3c6f62d6b322da5a433b5496510f35a327b2fb5d5cfa8149c,0.00014089326328925388
Source,0377e0ad2f11466d9de54b8095747d9dcb0d479cbba342cc87288187b9cb7dab3f,0.00014089326328925388
Source,037c6f76e33c726eacb15ded6b3b10555ee49a9f51bc0cce3f866ce81c4169f581,0.00014089326328925388
Source,0382d277c46f2c07c984e550605354721a65fdd04c48c860c0a4883de37a848ab9,0.00014089326328925388
Source,03896080ef107e617c61bbc24423f113869af27a86f910ea28a5684781836bba75,0.00014089326328925388
Source,038acd435695a54fcbf2af81fec723abfd3085dfea3062d5d7cd46f23a8511b6d4,0.00014089326328925388
Source,03968d7f8825d1e34e7d38993617cb6a861f7bcf78e6fe1b1043272350960d1f51,0.00014089326328925388
Source,039bbed4e84f9060ebd72ebcee96458d252a8318bcdc022751844c77b1c1c79e12,0.00014089326328925388
Source,039f9982a011f7968e242de71b9918515cf3df095f92f5eaf4726ac3db1d2563c7,0.00014089326328925388
Source,03a2785f6b8589bb906333ad5210a947fd4f47223d5231703dc5e3cdcff9ea301c,0.00014089326328925388
Source,03a97a8f6f2bd2293285474a4be48e8d971f333aa3183c95e51d0f704fd42fd92e,0.00014089326328925388
Source,03ba716460d1d3c82d7b48f5e546c5c945e627c8a227a43c5e0017a562482d98a4,0.00014089326328925388
Source,03baa70886d9200af0ffbd3f9e18d96008331c858456b16e3a9b41e735c6208fef,0.00014089326328925388
Source,03bd2693f5866b5869a2a4ba57b9ce6bed208db4637f62c2e2c9f2414ec6b2dc6e,0.00014089326328925388
Source,03c45cf25622ec07c56d13b7043e59c8c27ca822be58140b213edaea6849380349,0.00014089326328925388
Source,03d11f1b25c5eaa92cb9c8b7fcd797029da592ee18adff0c39f4b4cc971bffd508,0.00014089326328925388
Source,03d63ba019e0a49eb83b51d856fe8d71fa344d7909e563cf7b80861a3ff4aa8b29,0.00014089326328925388
Source,03f459c3650345f00b7fa34a405693fb7995028e014231fdaf867edb9aabd6b36b,0.00014089326328925388
Source,03f475f4fc2e0b38b71e6ed9649c43480777242b72ad6e89a1d69d350723b24add,0.00014089326328925388
Source,03f99306c4b39fdcbdfbd6829e88d73df1731e3c2f83bb56ad4c6772329be9b0bb,0.00014089326328925388
Source,027d2ed13c8e355730ae316f3fb193ea149977460f857699d926f806ab5b04002a,0.00014089326328925388
Source,0368abf86f9b10c15d6c929d67f653a454755b991ba5cb7ac66bd8ad28de40aeb1,0.00014089326328925388
Source,036d2ac71176151db04fdac839a0ddea9f3a584f6c23bb0b4ac72c323124ec506b,0.00014089326328925388
Source,03a3e113ae2cca01f4d565de0aa252e9c2b43827f2722ac10bb31abe342bf004c3,0.00014089326328925388
Source,0328fa633788a0792d0e6f81f3bc7f765363e3b8c0c40806276e0c2b209d866eb9,0.00014089326328925388
Source,03facfde6cc13310d7c20a8eb69baca8ba9dfbdd1b5a49f647e6914e7cfe0f4ec1,0.00014089326328925388
Source,0200424bd89b5282c310e10a52fd783070556f947b54d93f73fd89534ce0cba708,0.00014089326328925388
Source,02121ee49356e3955e9e5e3591d88ccf91cfeec15191d264de3400e74eb3c79c40,0.00014089326328925388
Source,0213093763199bea82edb1819b8d81717f5ed197e3d21637c947f974cdccc2559b,0.00014089326328925388
Source,02184b9576af55df1f24a2f3655d44f0b381d3183396bc9886aa8b9e40a56d1381,0.00014089326328925388
Source,0219426a5b641ed05ee639bfda80c1e0199182944977686d1dd1ea2dcb89e5dd55,0.00014089326328925388
Source,0239685fd73647f5b14b74961312acb92519d471b1f3ec81da3d09397bcfde3776,0.00014089326328925388
Source,02445567c03b3e2feb0deadff5bf1df5f308c0ae539c0d742dfbc63860c69e1c05,0.00014089326328925388
Source,024fb3ea19a974bf04565a0c1b5073b3795598c8ae45ebd4812230d755d777febe,0.00014089326328925388
Source,025783454d516b9706b6c8293d8b796c5ecfc474d13b71338469a0f58aec8f4511,0.00014089326328925388
Source,0259f952fd243141d74473380c0a5592e456c0fbc942faa6aaf098d1a69a185d76,0.00014089326328925388
Source,0276423df4b19f85a8a72890a7866aed398fdbde8dbd7d29c3fb58c7ffd685a270,0.00014089326328925388
Source,027fb5a31546c43e28c637483808de01bde7afc8f9016c6a994a818fa2b396e551,0.00014089326328925388
Source,028655dbf042c851ffe9d3c327af5d47a008cae43feb79a412bcfb238eff605dbc,0.00014089326328925388
Source,029350deff24a4eb582f163db998e478afc0509465bf81b8466406dc698b4f838f,0.00014089326328925388
Source,02aa0919936cadd8e077bd57244d6ff9d018acd89f1654565e74bcc31b5ce15fc9,0.00014089326328925388
Source,02b14061dc842da637f904010b0857a44b9609fec67e81c9bac71c69c72e0402d4,0.00014089326328925388
Source,02b5c359c2f06b62661c49ea7463a69cbb8cad472a0999544e455fe853aaf42e78,0.00014089326328925388
Source,02bbbd5d3b147af5b90093e48749c8ec21e4166be65b705c68a1a3f6fc317c41c9,0.00014089326328925388
Source,02c4e76deefb30a0f92b98c30b43a23b7d5e9e466033345e2bf7b43fca4ef67f65,0.00014089326328925388
Source,02c9ab41feddfb2035ee21b50ea44d20897fa0ef5282ffc107f8f3cb31877571f0,0.00014089326328925388
Source,02cb362551fe31d4081d0e9784d8b4c776c1bbe12b7a46d6b3204573cebda10c98,0.00014089326328925388
Source,02d62e19414264a332722914c6fec04adba22eda3363a22a45bc3b237d6625f35e,0.00014089326328925388
Source,02e05528006a0b51bb72a13d81b06520486ccf8aa69b3116a9797aa6d81517af03,0.00014089326328925388
Source,02e29bdbced8dcc3b0bd6a09412da701a74d45185ac83977cff08da24c16706f65,0.00014089326328925388
Source,02e4cff955ae84e3575861abc2c63ce87505ed8e8eeb86ceb2f8ad05b07a7b9234,0.00014089326328925388
Source,02eac5a6c5df6ce547d39ace2f71c17457ca15432497c5ed52e89e02d5592b8bd1,0.00014089326328925388
Source,03037e8d29a12587c1ee3bce09cec069b19543de8a76bb3764f794ae45c78757bc,0.00014089326328925388
Source,032c78a80f3b162fa6e5e54cdabbb9d2c9f788c96bc6f43f3fcba0b4917b04c756,0.00014089326328925388
Source,03340bdaa60a2162192eecece875a76d1900337d5c4599b206f0ff2173f2da2770,0.00014089326328925388
Source,0337f92865699eb055272db494fae90da39ed583ac6e1e0cc06f9897f0ce12bfe7,0.00014089326328925388
Source,033fd3e16bc450ea25cad365c8422f5534429c084a2f5e200caaf5fee6811418e5,0.00014089326328925388
Source,035e3830484f74d867166f9efc7312a104e1fcf7daed9d3c8b20d7079380626e43,0.00014089326328925388
Source,0362eb0939975dc5bb53da4bd02156ec779724226610433eebe536ba8fe5e3ece4,0.00014089326328925388
Source,036c15307bf2096815e41d78aeb5af8d0061b4b3670148c52ef67905f8b970d2b9,0.00014089326328925388
Source,037c8b71d6bdd56e2c6e51643c91877ad9703c09a774049fc66063eed0539c9b55,0.00014089326328925388
Source,0384417e479afb21bff425f467382f9c064ac08bd422ea36542fa6799e026d77e6,0.00014089326328925388
Source,038e45be382603e062b43a1ac290160110aafe8f94abcedd6cabf90d8df55307e4,0.00014089326328925388
Source,03912b30d00a403a280038ef63335cc65ea965f7221ac4a868565a58e91cfdb28b,0.00014089326328925388
Source,03ab2f6c79cae3d9c02ec1422cf2fccfe8c9b3e11bdddabf099348d9c0cfe164aa,0.00014089326328925388
Source,03b7be74409ad3be1b6e4e0d89809b3a4185f12fdce1df5864823d5a1d7ddc6812,0.00014089326328925388
Source,03b8936f4128bafe95ce557470089afed0b9ce8e869265ffdef65ef0fba3fa1586,0.00014089326328925388
Source,03c5b05c93a3d143832541be02e655922196e01b3e7492d9bc1c27e3a9aef841c9,0.00014089326328925388
Source,03d0fa0845bc81cbf10db1204ed20979701a2f54d939e432d8d961833c2e8f1d1e,0.00014089326328925388
Source,03d17f740b52cc88d028c7abefdae8196de629e6f9920f2e27bedc8d091c5cd9a0,0.00014089326328925388
Source,03d7687853b54008b00b04c2d1844558c61b19afe61991ea5eaea7c96501de0a53,0.00014089326328925388
Source,03e08816a37db285b7f65ad0fd50f1d3e9fff79f661de10c64843376d8566dde05,0.00014089326328925388
Source,03e3ae247eb613ca670d5b58dc6c5e224f79cb7de05940fbab70d9b40213deb31f,0.00014089326328925388
Source,03e9d9c326a1a9224e03c38a34326e2b9e1645339edf6f3625b01fbb383ad38ef1,0.00014089326328925388
Source,03f7fdb300f9a2c51da9cc2f18365a49daf968d30e52310a8f1f0bef02936b3dc3,0.00014089326328925388
Source,03fe3569b0e4b50c1c616563aec6eee52eb81dd16bf2ba414c333ca7d0ceaaa6a4,0.00014089326328925388
Source,03b8b817582bc29de74def67713895e0366a8ee81713e3730031290e62d030860e,0.00014089326328925388
Source,03fa3179f8f023b022b39286dd7e4179e362acdc295e32f522f053209da5dcb415,0.00014089326328925388
Source,03c97fa6c17f9bfdcf75971f3fd00ab6da54f903536cabb4e3fb9d918a1e453e85,0.00014089326328925388
Source,02685697ab29f0076fc888368c0981eb3c305feaa6f6dd1c4255a5504810711756,0.00014089326328925388
Source,03c1cf3c3ba4a1b28785a5fd47c93952ac6474042b2af696b26a7007a22bd653d7,0.00014089326328925388
Source,027891ff6ed0f28a8a06b42a379a921b83b9a689ef7802c8108dc28de4a31c7dc0,0.00014089326328925388
Source,02a45def9ae014fdd2603dd7033d157faa3a55a72b06a63ae22ef46d9fafdc6e8d,0.00014089326328925388
Source,0310570e9d1f40d46404a551c447384f5554e7ed601f7c76104062421e7589b563,0.00014089326328925388
Source,0314da85ec42da046703ea16f8ffd3b69c181c09652138f517af87df92a64502e8,0.00014089326328925388
Source,0336f76c8d1209135699fb1aa3db07634c361c4482210111285234eb28b398fe2d,0.00014089326328925388
Source,036476b59b23f7275552ad2891f2a0c81f82e9074feb8f0b8f48f354ff6afccc39,0.00014089326328925388
Source,03748fb4b918f57f3268714a1fb706c053fdf117cd14ef5b64a520ae30cfc6db3a,0.00014089326328925388
Source,037c20dd6ad41f288b448d532093217eaab756aeefc9d30f526886fe0c4eac7a72,0.00014089326328925388
Source,02049b00b78ce74f0b727c7864de81d26ca3bcede6f38b78f773ca8fe4a6ddb2c1,0.00014089326328925388
Source,0211ce12089e45ee7a68d0e94ee60c938c72a5317cc78f9ca456b823378501f3fd,0.00014089326328925388
Source,0230465203e24e014c0879067908f24cee03ef708e5a1b6fa1c2f816c6a5d41edf,0.00014089326328925388
Source,02318d0463d5c45782d61a762f36ba486bc92d3186ab81e853e6345a72b8ea7fb6,0.00014089326328925388
Source,025b37a511eb67d30306fb15a9bcfb9eaddf3a55a60675bb68f02707651896ffe0,0.00014089326328925388
Source,025de1ab430106fa6033637d0ff2946b48808c718d3202bd8183558119df98f25c,0.00014089326328925388
Source,0273f4141a2eaa5f963c800293497b4b049a36458f967b0ce5b6e5dfb97ccaafb4,0.00014089326328925388
Source,0290ed68150c33b96f7369b4c10b9680fbc5130421ffe8c2ee253603ccbec4732b,0.00014089326328925388
Source,02a0a9ec6da7f909fdd38a7b2e33cdf96f4646bac3c0f204353be0b6a1d3ad8aff,0.00014089326328925388
Source,02b18785dcad9c511c83b13341b55396dccbf73624d6a88155274bdfb1c9954bc5,0.00014089326328925388
Source,0318699ca5783384450c6e4440f1182a3cae6ad7884c1f0e95fa3c38995521ef6e,0.00014089326328925388
Source,035713cc3f003a00b6aec8e0b0341d0c5668b4285d20dc46842168726c565f23d3,0.00014089326328925388
Source,03728053580578793c83d47f235b187f513dcddda4135e7764f53e40c6d2adea69,0.00014089326328925388
Source,038e5c1c9b3892149c05bfb6980c5f250a362691ada5330b6c45f2e37ba5fc7ca7,0.00014089326328925388
Source,039b4b3110d5779d75c5573480caaad5d842f9e1628eb52408d2dffea2eb7cc915,0.00014089326328925388
Source,03eb56bf2cfbb4ab54035ff8cc6a8a1691ff7a150b84011cb38fcda6a85745f3d1,0.00014089326328925388
Source,02d9c6b45269a39db88b4a1d10094edc078c3e3b4b8bb7b5a228aeb8f621b6d1a1,0.00014089326328925388
Source,03b465d6fcd7305c9fbfac523ec6c4a179756ad03e0400ed220ee303161bedbbf4,0.00014089326328925388
Source,0304b7f5ba050ba5354943ae7809041602e091e8ab070f7b48c2436a1c2a4b37d7,0.00014089326328925388
Source,0348b112905d19c4707aaaa0fa5fab5a89e1555b4981360b06c0d22b928880c1fb,0.00014089326328925388
Source,02048df9126b46ab0c12617ef5a1ac0c8dbedd7635fe0b9df12387e3ecc417e7b5,0.00014089326328925388
Source,0207becf725871ecdc74cbf3b3aec06a0fdeb9f64a41d149069989c4ae6ef1fc4e,0.00014089326328925388
Source,02214448836607586d32c42e46f555092e82363c62bb4dd06b9f625926f5f4a739,0.00014089326328925388
Source,022fdb377ae839d1fef689c771e134a20655663d0aa874ed437ca8e5153b8cf7d0,0.00014089326328925388
Source,02333952daf3613ba138ae64bd757546af486aeea3c21b52d5b748e63ea8ac95a0,0.00014089326328925388
Source,02391075fbaff5b7daab0f7aa4ad8ad70e07764c853574f20a848235594490c6ac,0.00014089326328925388
Source,0276a31defb82997290f3a530caf3c3f2217ace6f67ad4af285d6b870d68af1708,0.00014089326328925388
Source,027cb6c8d61a4112e88ea3529766b827932eae86fd42da5fbc3c5b64828f22cbf9,0.00014089326328925388
Source,02818afbc3340153001af019c8dd69a559ec8764be1d57b49d98c2eb34d07f87f0,0.00014089326328925388
Source,028717084338dfbc3575478a4ca076e2d3f1463e2dd3a0e75d209303ac1a1b3eb1,0.00014089326328925388
Source,028c1f8d907879ee8691ddab3547e93c5ec2098cc0f38cc39c4ee989cb3a10ae71,0.00014089326328925388
Source,02954bd8b1c091f7c945c8fcfd4fd218cdf9a4a07bd35630d9beee8a22205c80b1,0.00014089326328925388
Source,02a1849aeeae8e71fa0487d7229957da6d0e1f927266b5854ea800f6b7a323a423,0.00014089326328925388
Source,02b9931934455b5e976b55cddfc8de2109f7958fb2c636f0073e96ce7f8176d1d8,0.00014089326328925388
Source,0323c9a99f61f07f2a0037ea677c2676b1215de53cf7c39ad06c09afa73d4642de,0.00014089326328925388
Source,03327399e7306254a81b17a5f3343ea226116d512cb37169c7489c2ded3a8fd5a1,0.00014089326328925388
Source,0337ee57e2a21764edd3b6dd5b161a7fca56d1bcb77396174cfe9ccb2d70218317,0.00014089326328925388
Source,033aa3659eb255b9d97f40d4e41eda8ba2960d06ac9ee782b9954ee6360e85b9bd,0.00014089326328925388
Source,033bb906e0c7286101e65a74e4e43627ead4ff8df1f5f05fe97f1962528849837c,0.00014089326328925388
Source,0346fbeec57927a88b1f32ef3603b25a56a2493d594d8e1488a4d47e8a3bdc23a8,0.00014089326328925388
Source,0348bfc5151fe34a9190271e8b6cbf160826ec9d3f9e39aae185eed1bf1d835f70,0.00014089326328925388
Source,035640a15c3e73007466cd2d1dbd499361cf57dcbc17c41ccdd82777b036616141,0.00014089326328925388
Source,036a7894a4eb2483f2d62ad86e0bf211cf9538e33227ce65430edf687f11411394,0.00014089326328925388
Source,0382a201b71dcfcdd9e9a35ba6ad0aa25dde8a6a322c8edf000db2a31f3f31f0a3,0.00014089326328925388
Source,0399cd9a37f87b2ac5b8f336e46490d32ba85bc763c09e3ab07429596292a3a1e8,0.00014089326328925388
Source,03b8f642448eed046b0229ac160e5ce3aae4dbd98741c84be5c40200af045a881d,0.00014089326328925388
Source,03bd7009f1e909e1358a3792a85e335e68c3be9bcf666f1e132756c280d6db6197,0.00014089326328925388
Source,03d07e5988d57c139c7070589c4aa6152303b60178cb18fb44ee4b40f82992b0e7,0.00014089326328925388
Source,03d48fb286122af27b973a4a11fc525b75a9c04e7d3cc706782d89de6af449c6f6,0.00014089326328925388
Source,03dbd8ef074d87608ea6ceb905e54cdc5bff505b649b34c695850f27beb815bcaa,0.00014089326328925388
Source,03f9ceb115a119594b4688ceed35feb80f33a3dd0f5cf688a7493c1a7217633931,0.00014089326328925388
Source,032b01b7585f781420cd4148841a82831ba37fa952342052cec16750852d4f2dd9,0.00014089326328925388
Source,03e5517051478857e4ccf6be1a3cd8c61d43fb83594f4d44458f4b0d94ad32504d,0.00014089326328925388
Source,03fbc17549ec667bccf397ababbcb4cdc0e3394345e4773079ab2774612ec9be61,0.00014089326328925388
Source,038dea9341a1be887457b117ef70e8a4a87ca03163e0cda3f1e2254e2a7590d3ac,0.00014089326328925388
Source,02276a279d493715ec9f1471f7751c36b467d41967fda3d2f0c663857c0331894c,0.00014089326328925388
Source,026d8619ef583104f0ba4810a12f3e9088993c3dce521dc428affff57abdfdd0de,0.00014089326328925388
Source,02e0042ad7c6cf68342399d56630bdd06847bed64fee32082688ed0b88b0755ee8,0.00014089326328925388
Source,0321cdad58119596b3ac37c15cd6b72eb5167ca15ae0189fbd7245259b58388621,0.00014089326328925388
Source,03b6582f3165302030577e0e963919a1188133fe057ace5fe7705c0951c06d0957,0.00014089326328925388
Source,03c5ea66cae78faeb2e701e1a6afb0a4f08e71ded17c8751561aa211efc4f4f063,0.00014089326328925388
Source,0224dcde5675d6068e15b84cfafdd51bc6ab4d341ca373859b665a48d028dd51d2,0.00014089326328925388
Source,022fbc4ef0270838c28c3685e97dccc22a0d944cba44286b38bd825eca5abdbb48,0.00014089326328925388
Source,02312d14ab219840b13b91e6aba0f299806f2f9c8cc4190d1346f3820ed807e5d2,0.00014089326328925388
Source,0254859936e46201aee438db79266a73c6f7ef5a926432660d383fc62f28fbc64a,0.00014089326328925388
Source,0262176d779232cc94762a741f72317050d01400282b5dcfd9d74f5b74eb48aef9,0.00014089326328925388
Source,0269abd3e6f77e73d478883b968c8293f88688d22c90bd8d60e81bc2c237c0ece8,0.00014089326328925388
Source,02721e87ab12a54f96ecd5749379a0349fabe1b8187a2fc726fb40e9a356ef71c1,0.00014089326328925388
Source,0279213a94ab9a2077377a4851c740da4b32fd8786d9d070b0454fc15a71e14afe,0.00014089326328925388
Source,028491f2164a5ccecdd90c2d9aa307bca2cbb506eb2cf630b1719a51dd664edda5,0.00014089326328925388
Source,02870c077874b6c294f6351511fd2eb239754ebfe91f6c9eccc980c94cecd5fa07,0.00014089326328925388
Source,02963bcba3a4a49276afaba663b33a98db0afb57319dbf9e61cf6b47c696f024f0,0.00014089326328925388
Source,029c3396e9a9e0b4622e205318618e42cc625895fa94b565330774517a1b38f180,0.00014089326328925388
Source,029e68c255507ccb3ddd1d365ab1f3c3813d40589ff3759356273c172b8510684c,0.00014089326328925388
Source,02b2900a6d56c3d0eb406243b6900d47649aa6ea71c2f33fd1974c508f603849e3,0.00014089326328925388
Source,02c171e89ea31d1acf8b2d21457cbfd5c1a21c00305d3ffde530af48131caa56d2,0.00014089326328925388
Source,02d8376baf802dca35b454610336a7a04635f991f8df7b0c3cb06e975d10f120c4,0.00014089326328925388
Source,02d87036e7657d8247af43ff0f6a1bb0ec9e89825250c637d0cfcbb743b611a017,0.00014089326328925388
Source,030b525fb57ab0d24c4952dfa5d0166f57dd39d873b6eba2715c1496a27f23dd4d,0.00014089326328925388
Source,032f2cca9b3a5aa809b07aa153ae14f7fd5024fa4959b64b29953eb08443648354,0.00014089326328925388
Source,03345d99a94e2fc8a69698f8bbec6bea5a4e8dbaf8b313085bb9710f6014765e45,0.00014089326328925388
Source,033d64a51724bd7705b7b7a8b2f4523acaa4a322214124a8b79b93f9edb2ddbfa7,0.00014089326328925388
Source,0345034a672aba185887f217dbee2f416cc9c5cd612895b23ca49a82154545d649,0.00014089326328925388
Source,03545c51d746aa26b502d1c0c41ebac5036c71a7033511f3808c79211ae11b956a,0.00014089326328925388
Source,0356951887163ae2ec67b851bf2a130cb16e2c6d2089e032854f15afa044a1120c,0.00014089326328925388
Source,03717f60ecc2736fd81f36f8ce4a27cb805c3767adb786eca370afe41a011a8360,0.00014089326328925388
Source,037dcacbf266b88f0b5408b8b7af10bcafa37244dccfef351d16d18c5e98c01b7b,0.00014089326328925388
Source,03a6fe7cfdc2124aa931dd2cf227cbf225d650e736437ae45738ff983a0a424393,0.00014089326328925388
Source,03c362b4b955254194b835e38012f8aea0b384a03cfe90e9e18f20a8ee8804aa54,0.00014089326328925388
Source,03d916d5a35d4b93c93b12f3c05cb7b420f8512f24650fe1e2915b224969f2e26b,0.00014089326328925388
Source,03f16ccfa5dde86e35dcd1a2616a53f948f9a095ee2f4952f6facc92c144d20202,0.00014089326328925388
Source,03f5f0694288845e5549e007ccac7c1dfe4eb1e838c621782ddc9e732f7329e9aa,0.00014089326328925388
Source,03f7476a733bb53354bfae7e8573009b0fd50e23f6fc2044605255cb18bfe37b49,0.00014089326328925388
Source,0255edcfbe0c1fa639bf51b091f13fe7a2233ae0cc6136570c389ecd204d5bb5fb,0.00014089326328925388
Source,026286c3cd678fca4f2532c1529a183444002bc1031711f258479c4a920e547fc4,0.00014089326328925388
Source,0271bc9ade98f6369f8ac440ffb54937e1116c7d30476108a5d55a93897dbdd73d,0.00014089326328925388
Source,02abb5e57ff442770d9dc1d1ab66f45b015ac7aa033e4407051d060a471b71b08b,0.00014089326328925388
Source,02bc231171f4b2844a47e7f33529f5c66b6c38a4382dbd5ed8a3495b4cba82fbc7,0.00014089326328925388
Source,02dd5baf59e07668b61a952bad9a6ca2e185c01da24af237585cb1e24a68899424,0.00014089326328925388
Source,034a502a31aede7f9bd0487a8b2ce6a4a76e0dfa4fc909093c3c51121d2f77b8f9,0.00014089326328925388
Source,03a230e62cfbf9745d9f6b0e2c079493d27029c3175988a17809c0aea35be524db,0.00014089326328925388
Source,03e725cfd805aa830fe19939888e202c5b7e795106c06af88645d71b91eb90f2f5,0.00014089326328925388
Source,023fb615be259755aa52c2677059355233a7f65c2dced7244bd070df6f81afa65b,0.00014089326328925388
Source,024bda1ec91b277d311aa60d04b1fb856efcc7897c876746b680c1f985fe973f73,0.00014089326328925388
Source,029c9e543cee3cc57d4516fd5f38d1b3071ec03a037cae050fa916703d1f546529,0.00014089326328925388
Source,02c8d9068ecfd41c9114a4a5a25036f39071e2c75e6db75f13521e6db393facbd0,0.00014089326328925388
Source,02fabe20f02040dc6f2e2927633f77b5f7a83d7dc665372aff970e2269f6771f45,0.00014089326328925388
Source,033837ffd75e0945ae1e1f95fde18bd153c20584c748870582a8bc3b9addaeec0c,0.00014089326328925388
Source,0348a10fad996778d6894a0df8828d7cccd67a208603e3f499969ebdb3b405a8e2,0.00014089326328925388
Source,038e9eeb318e4d6c5009e511f300305e3a848bac649b516fd5ec2c80358c408e4f,0.00014089326328925388
Source,03b78bf228507f289b47bf45082e1e0412a6eca98181e6c95d9821e62831b6a3b3,0.00014089326328925388
Source,03cf316ebcf73d9fff7bda859cf2e4f038a34ace48b325ad1efd4a644b7327c844,0.00014089326328925388
Source,02b83fedcf102569f33c8c906eed642d6d5387cac955922237991747c1e14a8dc7,0.00014089326328925388
Source,02bdbb20c834e669df344ee772acf1a91292befde2ca52bb8b18976a2690430608,0.00014089326328925388
Source,020485f39d68484e617eec6a56b2bfb456ebf1cd9b464ff0cf5e7812669c2df276,0.00014089326328925388
Source,0248ee33797d522b820d90e9cde5e24cb90aa18c50fd65472e4ead8962decef9f2,0.00014089326328925388
Source,0285a9bdd8f6e510bdd48a5d680574abdfe2a3ca3124367d33cb13c1ed9872023b,0.00014089326328925388
Source,02d1ef05a2105ad3eb66c78d9b3d751776d975ceef85d09593737e39d54d2a8b09,0.00014089326328925388
Source,02e0529c4bf3e0d40a6d5e8228c7b5da5d34173716262ea2106b9fd61aa012c321,0.00014089326328925388
Source,03d6af71d489c5ea37237317d066b2ac7d1fb14b7f23564d6438db904662447e25,0.00014089326328925388
Source,03da5e26d76534bc012ec44326edcfaaeb61df147fd8708936df647ad1727e9826,0.00014089326328925388
Source,03e43fd1d8c1870c2bc518eafadd78394a0ec67c2ef8e2c5218ec4454be5e79739,0.00014089326328925388
Source,02b4c9bcd9140037c2425d03ed7f8e76c323e571ef101fbfaa363b0f6790e78d44,0.00014089326328925388
Source,02cf7712c7dfe3576c9b96b5a9b01be67d5a453176949879cecfdcee8b7eb816e5,0.00014089326328925388
Source,032d1c3868b54e524b50c7e906b10ebec5cca39eff580d9836786580cafbea234a,0.00014089326328925388
Source,02c589feb3611bc234fece0c0dd4f06b727da1c288ec0f18999bd264d39dfb7232,0.00014089326328925388
Source,03a0c26d1c675fe46ded3c1a02ec340355d39bffa41378d9a481d3b79bdc680429,0.00014089326328925388
Source,02c2b264b88ab95c0c406288fcc06732de4e369a93db543ee90762c37ffa0a827d,0.00014089326328925388
Source,029e4efe809b4f0acad6f3304c0e43a3f40fe661745fc41d9ae91d4e187857bc94,0.00014089326328925388
Source,03876e87fcd9b9503bf900edfd5021200a740549c2f4b0d5436ec13eef6ed8eab9,0.00014089326328925388
Source,032b9c6c9fc336220bbd223b9da22f4d044a559fd6a6f8527223934f9db2c1cceb,0.00014089326328925388
Source,021c673f0f6bf02e51189f77d6b5cf61344a01a575796da96d328486ae854a68bf,0.00014089326328925388
Source,02778f4a4eb3a2344b9fd8ee72e7ec5f03f803e5f5273e2e1a2af508910cf2b12b,0.00014089326328925388
Source,0279c05bd30d495b0d9dd7d5efc832e83f4d1d2bdf1257a28704475d3ed1a3a35a,0.00014089326328925388
Source,0387d57be12709c8745bc35ac3dfc22611a944a12bcc1fe49a55d7c9bafea335f9,0.00014089326328925388
Source,024a4aad26583790132c0b5a45885e9441f8a5ebcc3aa73ecf365c037154d9980c,0.00014089326328925388
Source,0361dcd61f2f04237d58405bdfa888d91d67b0f8c07d480219210d9890c811d2e6,0.00014089326328925388
Source,03b5021598e2d49e9cdaa6b48f76066c3e0d5890c43aceb9092b968f763a3cdbc4,0.00014089326328925388
Source,03fef777d58a529df02a3fb267690e0c9033767b555cc1c63844bb2d3498789f91,0.00014089326328925388
Source,0235d6de3420dccc45a927ae04b5a35611a83fa0485563eb35b2bb7cf1f2812a40,0.00014089326328925388
Source,03e429a4cebb6f19b5f41c6c3733268dacc2c27d0c1fd8e1bf1c9531c1e99d0109,0.00014089326328925388
Source,0203953114c37a47fff2a2f78a4d4fd86a2caf43e1dbc49a84398e08b5d5b396e4,0.00014089326328925388
Source,021e3e26824c38c36cf2c96e48f5f3b3366567f907322aef604726177616ffddb9,0.00014089326328925388
Source,02443de4e699ae2ff78498999f21b824203ce33d2f19e137f313acbcf2576d3d5f,0.00014089326328925388
Source,0247ca1eb1edc77ce750fb87cea23c7b954b542f5e97ecacfe72d0bf4c1fb4a7b6,0.00014089326328925388
Source,028d9bd0cb880f413a906b79be449b422874326499cffb9f3b4304aa1ea1988fa1,0.00014089326328925388
Source,028ea7f722869fd5272d5157ad9049510109603fe12705407745854ce86e134779,0.00014089326328925388
Source,0291160f2339150eb56569708f05379a81ccb2834e729f05b16bf4c93b86694694,0.00014089326328925388
Source,02a36d7c74c0f7bbbc617b6c285d44bc107282b531c319dce89f711aa342f5a22f,0.00014089326328925388
Source,02b8b55bbbd5935694b9f9c0f49cbcfc68cd28c01d431db5cef614ec4c55d5782c,0.00014089326328925388
Source,02bcb38a8c33bc3a7577347341f51e108a37920179c40a84997c2f7a0e7ed96eda,0.00014089326328925388
Source,02c9585a8b5131ffc3609d9051db18ad6d09f571c51235853931d35cd9ad1bb01b,0.00014089326328925388
Source,02d61a1f92a361f3096c0cb80bdebc6cdc6b3f28d4f165ffa1d6a4d27a3ee45836,0.00014089326328925388
Source,02db0e54f6692c1dfaf2298a7900d4cb315835572f07f34c157090c5c9c91e3f2a,0.00014089326328925388
Source,02df3516074a761c01d4ee3f14920dd6577eab3b0da187e24992ac42c5724f1478,0.00014089326328925388
Source,0302f6122318b58d15fe00763e4ed8164337480ddf6ec156e7e4d6dda06d05efc8,0.00014089326328925388
Source,03107cee6563e2765c91571b8b71d8389921aff6ffcbdf5c46a382f510a75ed28b,0.00014089326328925388
Source,0335dd6441032ab9879d4085edf5399eb041fe74974d5e5e6504db200ca0511fad,0.00014089326328925388
Source,034189bbd3ba24c52edb762e13f9efbe54c1a66a8339d2a3f89788ff523553954e,0.00014089326328925388
Source,03420dc9c504f6dbad0c8c6c3c1fc97becd2e1999db02b90581ba695066b8beb3e,0.00014089326328925388
Source,034a8946cb3fd6d3c6e4ab3335e9820747286a4efee6dbd1e11653849e18aa6e57,0.00014089326328925388
Source,034b4bdfdeae0d01459bdcd5b5a88322ab7d351a4dcd6d107a610bf59940a979e4,0.00014089326328925388
Source,035798cd01cb4a16cb4903b466acc962571ad684aac24ec41f49b0c4593120759e,0.00014089326328925388
Source,0367e6bb4ce5f5ee58b723bc933b7fd3bc1c4b3ec7e8026521c0b03b6653ebe13b,0.00014089326328925388
Source,0389d3b7df88796a449b5bdb57ff295e0feec35b6ef5017a15cfa825f403a1a359,0.00014089326328925388
Source,039e34380a003e5bfc97824853d0f0cc5a8e67a8a5a5c2035089676ad5eaf71c36,0.00014089326328925388
Source,03a6a3b799fea3336f39730370ddb788a81ae7161b5fc73a4cade701aa4dc08f65,0.00014089326328925388
Source,03c5cf91ae02de911821c560bd65c46fe30c498081c5fb89fccfd39c6f129cd092,0.00014089326328925388
Source,03c96913e1c77ef22053cb36b21e8102a9e9e3c89621c421d58d68275596c4cd16,0.00014089326328925388
Source,03e5d53903af500e41332d7eb48e755c8311120b0e48d41f9100672b7aab974541,0.00014089326328925388
Source,03e9ad89bb63605fe7d9c0a0824c674cd8ec63a7fa7f7a3e032ce8bca1c640e06f,0.00014089326328925388
Source,02c37dea9b95d71b6e4c5f2803e3ce43e2e2ac959efdd8701f61c8ca18fede13ea,0.00014089326328925388
Source,033a7cde65ca1cc50daaf8781d65a6e9bdaf404d7249ba76e31f66e2ecb42fe3ab,0.00014089326328925388
Source,03f711d6945252f6254ca12d75fd090e16e829104d26e1df65b15773a580c59a5d,0.00014089326328925388
Source,0372bef46fe51b58e7078eca7b0b8914ef6dd79b3075cadcb0a2029daadf743501,0.00014089326328925388
Source,03dd431709404589ca0e32fb8030125d35e5910b349ea57b675c9119a0d4bc6360,0.00014089326328925388
Source,02a4aae2e021b0785f2f2a7c9dc9089361995085298598992bf69f11302a5dbd2c,0.00014089326328925388
Source,02b2bac4a7f1d2384a45a10614abca91b74b59f7fcd2be48234e385a0836ed2ca7,0.00014089326328925388
Source,024700001dd2f801c6489983b528ae4895e0815b34b60729affd68c4e681ab9f4d,0.00014089326328925388
Source,03a46be38d068c2bc5af3fc13da840790ed5643f3d6d27e5e34d67ed2aec16ce67,0.00014089326328925388
Source,0373541bf5247ac92ff242b4be494d2d9c94f86a9d80e6fd90b755957c4bb32342,0.00014089326328925388
Source,039e892b523f8a65f471c3358ed371157c374db70ceb761559207c69e37afae85c,0.00014089326328925388
Source,03f4a78292682704ebbdbdf5490fc23830e619b12bf0d9c9f234332a9b3ead720b,0.00014089326328925388
Source,02281dfeb76cf67a252e50e5765f2c6ecddf2aa726f99be8eae8d1316ba2990f79,0.00014089326328925388
Source,027b3281848f5d30eceb51162b8f2a6c9027201edd8322ee4122e5db670a7c130b,0.00014089326328925388
Source,02a98c86ef366ce226aad6e7706959456e1701058915c3cbf527b37da143bb1441,0.00014089326328925388
Source,02ccdfc63e16c64f415fa9ba8d8c8dfabb532b73455c031f2c63ce14eb06f08627,0.00014089326328925388
Source,02f83ee71678b12136c6605489d779a9c4aca75faf421de872aa701ebd89e5269d,0.00014089326328925388
Source,03acfee0f039dab1ebd7eb80e3dee3d29dc06decfc6a5779771f8d9d3666ba31ce,0.00014089326328925388
Source,021d4c9322ae4a9097243f725f9acc41a1e35039e7a0486074969485102746777e,0.00014089326328925388
Source,030a834fb6851f0db97f424a46df3ad19d4c2a73e99739add84bec408fbb43afa7,0.00014089326328925388
Source,037c3ddd8352e63b654fcf8813a989c87fbc0a98e32404ff75908b96d260a3d04d,0.00014089326328925388
Source,03c48cbf5e0fd226327089c2ed42962b06eecf7fe756ffe2770f52d21817eac3fc,0.00014089326328925388
Source,03dde60b6d632e20198e99dbe7f500b55d8b422a5d73c02486f159f1ca136b919a,0.00014089326328925388
Source,020080a6a379cbf6f2d6a0231b274f311899b1f6568d73d7ff4032536b394df3b0,0.00014089326328925388
Source,02154bf0eb878140c4ae14bd7cc6ce8964a56eb4ac2753774839db1948c30f10d0,0.00014089326328925388
Source,02c7bb6f29f09d92d40d62d64443b688891259dea324406b4678df6235794f24bf,0.00014089326328925388
Source,02c92490a595e6191f85ccea5de61601ccf3e056a74c3bd712e6aa960709ccc69e,0.00014089326328925388
Source,0357d9de9caab281d82742cdea478e4310f49e70b7d2ee8a3d6f3ebbddc127f0ee,0.00014089326328925388
Source,035ad2c954e264004986da2d9499e1732e5175e1dcef2453c921c6cdcc3536e9d8,0.00014089326328925388
Source,03d01ae1548e4fc8168fdf85aebc8f36a7e361e26d44d1be35d087e3a5461814fb,0.00014089326328925388
Source,03e96269bedd6e457a313daea3b9d6b0e7a5905384d1c00e9a9ae88d06825abf73,0.00014089326328925388
Source,022d02cb93edec9e72548dc636bcc0a710f82d5d230cf45dd0005a2d4564177192,0.00014089326328925388
Source,02bd47ba332d992252baa32edfe6a50565bc27dd40b3aa4d83509d977ad95e4ff2,0.00014089326328925388
Source,02fb51afb21c6a80c45b0f097c579a02e02478c7c294a9e6b5baebf45d47376bdd,0.00014089326328925388
Source,033d7e7054f29818f9eddc9b7960dea7aee7d58b23f36f10fb7103247c82e920cd,0.00014089326328925388
Source,0304923a1e577038988d8b90c3f96ec1954b3245ebd9933caeb1823886472a66e9,0.00014089326328925388
Source,033f0783a9f0523ce4d0f4c96d75f3cea81a42d237cc9504a978d46fb6c93f0f9e,0.00014089326328925388
Source,030f191bed439f9e54e8458dc0629aeae66342709478703539d58af09a25efd9ef,0.00014089326328925388
Source,03151c3e5d350d14b4c9e0a1faab06a9549f962fc6e1b45753bd1da3765aa8d42f,0.00014089326328925388
Source,027fc09b66d1a61982f9841376bd09e9b3d062fcca7186c620cc93330d52be6ecb,0.00014089326328925388
Source,0331304d38f74e5bf8f9b0540e3dccea99113b100f2526844daef4414e20d56626,0.00014089326328925388
Source,0264a62a4307d701c04a46994ce5f5323b1ca28c80c66b73c631dbcb0990d6e835,0.00014089326328925388
Source,02fc22cb2dd9c71b39ad246ae206259376e0127cce2192d4061abd0172b53f391b,0.00014089326328925388
Source,030058aeb4a7f6c8a3d2973369ea8c19a98b18a61874bb21fdaa9c56be5fc59a95,0.00014089326328925388
Source,031627ae24e2374c95a39d21c3153a4af7c711495ac77573d284cf73f207e9f3cd,0.00014089326328925388
Source,03c9b47af55d8c13dc4c764e5d0e6a02b7498160f7533f015bf0c107dec00c008b,0.00014089326328925388
Source,03e94ba3ccd44212bfd3ec3c5feffac8e3cebfd1d7238d31896cef8d5cbce0c8f5,0.00014089326328925388
Source,03eb6028196aec563d55a632417426b53f072d7206e1a35c7ccdd68a8d9050db21,0.00014089326328925388
Source,03867d29631510e7a84ab06c520660d0a4c53facba726b29612d22e8b9aada3119,0.00014089326328925388
Source,03c1f2781c735c0538745657447f546f50d401ae44cbd9d0fbbe6538337be14ba3,0.00014089326328925388
Source,03295d2e292565743a40bd44da227a820f8730877bc3dfadebade8785bcf355258,0.00014089326328925388
Source,0200420ebfb0c6162e7dfcbcb5ca23df9f423ceb0536617d1b4549fc4efa6a15d5,0.00014089326328925388
Source,021cc0556cbe15031c85158ea5ad7c702773df48dfc341887449424db5bd6d7685,0.00014089326328925388
Source,022a7dfcfa3195ee2956cfa0bdcd532613af275bda3820cd6da9c0bd25134a7529,0.00014089326328925388
Source,0262fab779013c3db8ae5df55181c5a0696d39869f752d3c775736a7437eed4f13,0.00014089326328925388
Source,02cb471358ea308f306da4c3e07d74d3d9376dd5d82555a847fa34b838e7e37bb6,0.00014089326328925388
Source,03449f7a53a92501b0ed80da24d530d525b0d08121a7bb97c370251780b75e11a4,0.00014089326328925388
Source,03bbd4af075415957884548b977db06bcf9da45a967d8cff8cc40fa2d34f0c13cd,0.00014089326328925388
Source,03eefcc2c803a4aad64d92a5633d8c6f75d6b72827d099d9cb31a82a0615dcc767,0.00014089326328925388
Source,02611e10fdf321ed44e2b87f0eaf63e2e94879834da95a5ec164f5bdea377dd6ed,0.00014089326328925388
Source,03c1c8eef8e86c4bdf61067cf7d33e82532dc371f703e24207101e70989d3034a8,0.00014089326328925388
Source,039553592807ceb7c4c0427a5434eb64a1bffdc590478c97b20c189780ae7beae2,0.00014089326328925388
Source,02f852a968c58d5b642a6ca4aef4ed4fb89cdf7a7ca1c09170c3a94ec82265d13a,0.00014089326328925388
Source,024ff0d07634390efb131904b10a64cf2e3300574b51902d493a360fb522f486fc,0.00014089326328925388
Source,02931272beceed03250c4ae8c1b3f7d3235b7b1c0e79f304345e4cb8e449de5e0f,0.00014089326328925388
Source,02a8adff3920ccd876ad6f5a1eac7eb47844f03aff6bf37a06eac9fa6caf4cf973,0.00014089326328925388
Source,02e4bc9af91b875014f4b23a392376cbf27366aff530bc1867199cfb492ea106a5,0.00014089326328925388
Source,02f98080a5426a5f5ea94d0286fd291700872b932a8d80080bcdf5ee394fb8b298,0.00014089326328925388
Source,03111134808e9440e1d4d689f7616600d4d75351abc2aa6ab705cb3e8caf273271,0.00014089326328925388
Source,03a6a7b9ce90e5cf19ea031b25fac20b4a038be6cf44d7095ca5081427421b3e49,0.00014089326328925388
Source,03df7bae6720ca7b0a2a9e8a4214e8d480c8816c57022a9c435d2bc057266852e1,0.00014089326328925388
Source,0381099cfaa9a0f4010f3f7fd36ef53ee47a64033a7463127cc11c101dcd5fd4d6,0.00014089326328925388
Source,03cb995f953ea349c84fedf951dbcdedb5f31de9ff0e402a820b492be9be46ca82,0.00014089326328925388
Source,03a961ab70c0011eff3b91b6a3afb81967597c1f27325a51dbfee72a692f1bb237,0.00014089326328925388
Source,028e47e50ec2b1c8d0191eadf640a75a1897e7099c89853801592994e82b9f6a0b,0.00014089326328925388
Source,03354dac293ca70ce5867d9e4d1457713ac2da77abbd0ae3ef0f33c731a178503e,0.00014089326328925388
Source,03676f530adb4df9f7f4981a8fb216571f2ce36c34cbefe77815c33d5aec4f2638,0.00014089326328925388
Source,035e943500c30775e078b3c530eba4b6cc9122fed9f15cfa94e56b48dc6bcd2acd,0.00014089326328925388
Source,0381c5cca2d47f6600e244d81246ffd2f12d3ad0ddeb066d9bc11eed038b7ca296,0.00014089326328925388
Source,02a615905006f0348217a08b8eed33d816d877bea46685d5bd7243f6538a360b84,0.00014089326328925388
Source,034a550b66d0b57726fda3802695b80a2bfccde88fb4a6acef425f676c9c9b1999,0.00014089326328925388
Source,034a47176fd70e241504cc1b86b6a0011c1b89673e3779522d97b522d2f882377c,0.00014089326328925388
Source,03dbe3fedd4f6e7f7020c69e6d01453d5a69f9faa1382901cf3028f1e997ef2814,0.00014089326328925388
Source,02bcf5a79decf6f700808a5f6d00edc4d597199e1f1cc09149ae42ebf334e4da50,0.00014089326328925388
Source,0203aaa91fc3ff1d15741c0738423b80228f89cd4f221a5d31b23f2855efd53c22,0.00014089326328925388
Source,0206b633dd458a3db3ce7519fc7ba3d6a83010fabc1a940381d5495f75c520b1cb,0.00014089326328925388
Source,020a2258c518d60d4a88386238140e726a510cd7b76ac2c4b03cb4fb627bfaec65,0.00014089326328925388
Source,0218b0e51d7bcc5ab19bc0aef6476c5ee9a3bd1327924dee3ba73965fe3ae96a09,0.00014089326328925388
Source,021d6195315e550686288f6df088b6cd03b33c4491f8fe6c2291f8bc6406d52fc3,0.00014089326328925388
Source,0220e79a66414f7ff28a371ebd31792659a2a97f376e74b657590c5947ebc0e60e,0.00014089326328925388
Source,02216462273ebf6fa220adff2a903f16dd78585e99b522b71c980491ae7a6c54c4,0.00014089326328925388
Source,022e56a21034ce320b3cdac26308e1809755f2f7cc8d00d3b644913544fbcab5f9,0.00014089326328925388
Source,0234fa692f7ca39422d15008c4fe638245cb5357843a13a6945dec9d88ed8913f3,0.00014089326328925388
Source,023761cf5af87785d452cfdc43cc758b47cc98993b5155ae25dfb199e0689fdd34,0.00014089326328925388
Source,023a7377f9f6273aa8b460809e164ccb5e8920df10657d3ed3485104c2bc9d1aef,0.00014089326328925388
Source,02444459ea1d00d95279eb0d8201bff23f73a3e898b1d01b34741f16be4d2f81a9,0.00014089326328925388
Source,024e1f276cfe0e276dddb9237697df00e40102d427580366bc4ad65ca3fe7e3814,0.00014089326328925388
Source,0253fcc26ebe93d130c29a9bf39e161fe733f7a219425b14b3f81ed00bcafb05c3,0.00014089326328925388
Source,025582297026c4ec58a76aa04bec08d5ba547d762ac5d5049ae5121529d63eb939,0.00014089326328925388
Source,025b55f9b1c0c2cb627e82189d9ba5a4f1492eb0a0651a63acfae031baa124f605,0.00014089326328925388
Source,025e3eeabd8a1da1fc4033820edb26d6cfd2c824d3ca3c7c92df43e87468083a13,0.00014089326328925388
Source,025e8eae31df0430304f5123b8966da74c4a580d0c841dbf38d9a2d66101106e1b,0.00014089326328925388
Source,027a36c4e2542f232ef8713118422b92ea1ebb8c41ebf82812e66e048742999374,0.00014089326328925388
Source,027dac96b420ada7d3bca897c221a5c7634deff4cc305173816f4b709cfdd63660,0.00014089326328925388
Source,0281a2f33584cc0800eb6c1fe98059c5036c290c4cb83fbefa7bffad6760457675,0.00014089326328925388
Source,0282aca8542e9ba1cc9cbb73621abfed1c2b23a0ae10536864a07c2c42fb751469,0.00014089326328925388
Source,029b224c09daee3075db6dcea133d8bc20513cbff2706628dc6d6d11537868a678,0.00014089326328925388
Source,02a143302e67f9b281f8876a05f6034df153a524c44ed9d4afbde4c33fc1bae684,0.00014089326328925388
Source,02a2f26392e4f9d2cd1d1e2edc371ccc7ce9e404c8c06fa7d96c7f1cb8d5487795,0.00014089326328925388
Source,02a93ee3cfef0e347a09795d4499bb6bbffe9f9fdc0710171907460e665b6a4d0c,0.00014089326328925388
Source,02aef8c78954524ca578e908553e1622a2fe5417c535308898785203634d2b4ffe,0.00014089326328925388
Source,02b46c6bfb71d9ef4b4609cd25f91bc53261630e7a3ce28a5ecb9a9c3512355e83,0.00014089326328925388
Source,02b5bac5e0907b6eb9cdf52f36bea37e56c10904498675c8cbeee845e1b5e4c95f,0.00014089326328925388
Source,02ba2272bf6e640e7ec752e57dabd8ec61c49b543bd3a766e0e77796f44429b27a,0.00014089326328925388
Source,02baa370066c4adc7cb27f88ba7a1291c27f516a9747a617ecffcb6f6ddd249079,0.00014089326328925388
Source,02c5e562009cc7985457e505cf7a5477c8f68f180a68e01d61323e901af7bb4865,0.00014089326328925388
Source,02c62abe39838f5c4c4d95f748ee10f83b3ec3b76a40876ee64c2f3cebf9d4810e,0.00014089326328925388
Source,02c6c9d46d1c8b46d3a647b4e86ce6c563ee02b5f8a4c7a047db06220fd9ae94d2,0.00014089326328925388
Source,02cba74196265b18ba6405f5238177cc92783b1f7336eabf2207224cba375de024,0.00014089326328925388
Source,02cd06ad324566aeffe0146b70783e2e49435be6712dffa09bb9ca045d64e8a9f8,0.00014089326328925388
Source,02cda677eade330032665f2da11db5308e21fb7909eb8c30bdcd16b16cddaa56b4,0.00014089326328925388
Source,02cf28464f89859064c57f1b71bdb62dc21052460bb4581c008224aa877752ba7b,0.00014089326328925388
Source,02d06b8cd93ab67494b7260ea3ee8ac42390803f666c874c51e7cc53305ac7e7fb,0.00014089326328925388
Source,02d6ae7721627959b25087a00a8645c4be8f1e570c42a24b0f2395499c560e30c8,0.00014089326328925388
Source,02d8a21e0240bc406f6c3b04c047b22bb4c13670b284939a4d14dc95c53c47dbeb,0.00014089326328925388
Source,02db1bca3813fb63b24785fcef429c5d73a089704556bee1bd774bae27f1b35c80,0.00014089326328925388
Source,02dff41e67ad1204d66c8a79ceb1909707b425eccd4b926dd47e3864385b9af9a3,0.00014089326328925388
Source,02e165c6462df2e2364edf1a65e2b9324093bdcbb91246a0e45ed3ad2aa239a09c,0.00014089326328925388
Source,02e198248e3fc87522902c9cb98a42e110416566a998368944b976135bc24e79f9,0.00014089326328925388
Source,02e264502cf68714e0750a912110d851ac64e1289bec85a922c71ee0464793d743,0.00014089326328925388
Source,02e6017126c1fed99c29d560454767638a83ab7be4856408274a78c087e62cb6ef,0.00014089326328925388
Source,02eb478d5d5dc394abb9d2ca566a8a97836d09d27ddddd9868d4e8ca7ca9cba0aa,0.00014089326328925388
Source,02eb53d55459b4032a995f729693f6575030a44ac3313ad509b6c3ae0d5c8c1a68,0.00014089326328925388
Source,02ee9cf02958c5a40b7fca60f44694cefd25203da9a9d49f692d110b6a8e54f2c7,0.00014089326328925388
Source,0307c1e745f9dbd85790e35c3dbb61f460b33cee7c3be84fc558c609afbcb64961,0.00014089326328925388
Source,03127e3883601de72c45274d9138c05ec4b511efa383da027732b3bd4d1fc725e3,0.00014089326328925388
Source,0313bd8a483610af84b473f4df9774ff99771c009eb759022e212dc75c0bf31c05,0.00014089326328925388
Source,0313f27569a5ad177ffcaf56a3af9d70d5ab7173618f12b38d2d34539965bba490,0.00014089326328925388
Source,031403102f95ee8d0ea2ccb309ce9deb04781ea8d5a336d1f5a3a9d280e2f512f2,0.00014089326328925388
Source,031b5f54e58e617c33391f14e5c95872a04ec3d83254ce8ea9e37f42c6a52ca092,0.00014089326328925388
Source,032138583b77f262a70a6c0d888c219ef014a245325c0e39b3244bef6d474721f0,0.00014089326328925388
Source,03236882c1c8efc33059120198738eb5ebf93915f8ab296bb75ae2625af7668780,0.00014089326328925388
Source,0324d46dfcd912b49f3a0852f76b22ca9587cedb6c0a7f3e7e6586729781ac19b6,0.00014089326328925388
Source,032c71c7ca90b58994ac0b39188fb5b2d793fcd5ed367d521748188fc9afb99442,0.00014089326328925388
Source,032d3764c0a0cc7a8967267aeeaaa9963c88af73402541fd0e64dc5de0542316e7,0.00014089326328925388
Source,03356ce0acaa68979ced3046cfa8358b29993519ded2697c97692f85c0e54c4586,0.00014089326328925388
Source,03377e3288af77e08952e2529ad3e9dd305cef9e10c25452c634037ac27678d882,0.00014089326328925388
Source,034735085990149e4a721fd8d192e1431f89975e55b3652e806dd4fb87883b601e,0.00014089326328925388
Source,03534c8e9a5ae623a6190b78a7e292d92b7359fcbcc38452e1d6eee4bb08bb3870,0.00014089326328925388
Source,035fb4ec10872928c4a5febdf5dd705e63342c88c29d909b1cd4b0aaf581bb7754,0.00014089326328925388
Source,0366dfaeb9b9619e1e8933726404a37aa3c4ed884020fbc6e1f166b125e927fcbe,0.00014089326328925388
Source,036a1a7d4e07f35ecd32a3af6740161c8560623570c93316c116f40d826a233664,0.00014089326328925388
Source,037ae5d9b88f6e99c252313dc93522f0ad20f5e1708b59656d1b288033a3e9e98e,0.00014089326328925388
Source,038298685f183645f9da0c36315406efe32bc3f888ae45ff269302ef3bf5a8d197,0.00014089326328925388
Source,038867e48734239e47c6fbfc2e873984a8fa4a772402bc28ef4d33697e657dbdcb,0.00014089326328925388
Source,038cf9941bba6517ba6d2442152715f5abf220e83e1ec30d28c9b5bbaedbe15ed1,0.00014089326328925388
Source,03a3a7e95b3187b92ff928f17abc1893105803fcc327fe7c9ba7030f4c26a6bed3,0.00014089326328925388
Source,03a7d4826cac38fbd063843265f74aa769afef9b434f3967c6752e55006531535f,0.00014089326328925388
Source,03ae2ae8d3e183d620bb9324272e6d011b6514498567f0dcf38cb4470a5c7724e6,0.00014089326328925388
Source,03b471999703a912c5cf8a1a3430a84a6a64670a96c8ce579b36cf932590e6cd22,0.00014089326328925388
Source,03b9ee8e4b4e74a3481213d4e8834ae8d5b8afe6c01ba3f311fe383afbbb1e1544,0.00014089326328925388
Source,03bcc0b7e468ea0268206f4e75381932c9f891723aa126569d6531cc2bb83fea2b,0.00014089326328925388
Source,03c216be63c727726e6bbd4c1d338879b322bfa8a8f57760c13571a502bd1d5bf5,0.00014089326328925388
Source,03ca6d16f1a4ab084a843a207758f75a14be474fb2541959601b688670a6dff4d4,0.00014089326328925388
Source,03cd7cb252ffb3dab815ea84519a1f535b682f3f3e2e8ec5d47d2257ea72509b09,0.00014089326328925388
Source,03d32f095486f664e76896288312242e566dd5c4b16fa5f32e16a460e53c74892f,0.00014089326328925388
Source,03d96a45b8d24b52e2b85140ef374ffe87486a93d7617eb4afd03769a29ec3b45e,0.00014089326328925388
Source,03db005d21783a6d1bec38b77fcb3e781109c6f49ccec61e2f67197510a52803f7,0.00014089326328925388
Source,03dbf6faad6625f2ec394fd3e4d8fa0f3f754d33383a8ba92c671c4ea81c8ab13c,0.00014089326328925388
Source,03dcfc498130f208ab93f3a95236250ab6a7066ae55632207ed69b59f61bdb2943,0.00014089326328925388
Source,03e8a2f4cd46cdcd651e408888e7c84329cb10976b67afa72d05fbcde2fbebd9ac,0.00014089326328925388
Source,03e9b9503a88f6f5bda05da4e97fafea2f5394043dcd90f6501875ec8218f9607b,0.00014089326328925388
Source,03ea162a746088f03eae97433908b4dcea67f392c5cd21eebb0fdf0d77de40e716,0.00014089326328925388
Source,03ef11a178368d66150067ca2a8977c07e7ffc5ab542adddb81b7bb0aef5619938,0.00014089326328925388
Source,03ef9a8b0238bfb0220944645b5bb0c0a599031a3667d0b8312065762ba53f3374,0.00014089326328925388
Source,03f5649fdd77528a08a4eeba8f6135cac807136769cdc2ac32ac6277df5ab38991,0.00014089326328925388
Source,03f8c5efbf9f49921dfea4b069c8fe5872d3f4a8a6e2513a4fe573005f24ab465c,0.00014089326328925388
Source,03ffa26dd3b1fac29880e1588a912e5bc4b3a520345b1ab67fc4acd432a40fb23c,0.00014089326328925388
Source,02357700d9bc7ac4cf91d6a46195403e0400085a01f9787827748d9376e5e7b3cb,0.00014089326328925388
Source,02d39498e1875206b2bf8fbd0ae2dbc97d39c8ace18c7c47e99424db0c3e25dd3e,0.00014089326328925388
Source,02b43612edd01dd8af637aca7150790051b59931179e65a3c348f43004f2e3f6b6,0.00014089326328925388
Source,033046b3094b66c838c715d2d6bdabbb1d9cbaac86fc88248bd6e6badfa05f16f2,0.00014089326328925388
Source,0219212d31fc4f5cdaf254486182fe8473552c2bcc1185de22735481ec73742e39,0.00014089326328925388
Source,024b343ea9282d63aa9339fcd08ba297c4b636ee60b75352a2acc0e7e3dedb4cd0,0.00014089326328925388
Source,026af0e71993e528c3dc7140cb6d08f0e4741eceb97a0a87567e39e50622f587b6,0.00014089326328925388
Source,02b6b2dbc0539b6146403b62631430243a9a5dfe3a3ff75eb509a3f9d0f7c9db9b,0.00014089326328925388
Source,02b79c028902004ca41261fbfb1243989980e578740b8057ab34efaf4cffc71cc4,0.00014089326328925388
Source,030174c1ada5c661aadf673e619f9d38c85e10d3bc1454e33d0401b985ee2bea6e,0.00014089326328925388
Source,032de88272be7051315bfa688ce3239c4944aad7929bd9e0cf00f2b2ec03bbf317,0.00014089326328925388
Source,033fcd2db5e7086fdcc46f363d080e591bbc51c58748c06f6a3d816ddce4307a8b,0.00014089326328925388
Source,03523d0682d157bb1b49e997f42618f4e06abf6091465e55235ee4716ad23b1100,0.00014089326328925388
Source,03af1c22a1720b74238bc9de420760d0d496bad2c83fd9397b479e7883fda945f6,0.00014089326328925388
Source,03b66de089829f3c06ab9722f93c3636d7a1ae06e5f9dc741ba4d03ced27fd7758,0.00014089326328925388
Source,03d2f1fd15211b436037279ded0cf74861635cdc1d6faa3c5ff7f9e179a01d72a3,0.00014089326328925388
Source,02f838cef5684ff7ebed2b2ec7dacfc074b3c715ca7268768bd4b8b27b6e50d5f4,0.00014089326328925388
Source,0256bf97644dd1d839aadd76e2351c1b6bb8173bb9f5ea4affb07075f880e52302,0.00014089326328925388
Source,032bf09d74429835918161d8ddf067684d23e01393567043a3eaebf18efb205d1d,0.00014089326328925388
Source,03490631b84821d500dc9eb7cb1c1e35ef5fd47a9f75a23dca8a510ac0dd3463f7,0.00014089326328925388
Source,03e1ebdd47559f695cb79c73c97c6b29ccbd17d939e419038ff28ae9d4d6bef1e9,0.00014089326328925388
Source,034efe9ae4eecacc0a2d7cdff59852665398968cfea347185479cc049ccac5e8ec,0.00014089326328925388
Source,02bfd1b9cb827be690691a7141d80748b983bc0ecb691e71260bd4b00da712a2ee,0.00014089326328925388
Source,03f4bb3dc55adf5b2a30fa5a47f2c2a5fcf3447f426d3d705a8a8fc391c357296c,0.00014089326328925388
Source,020e42f399df4dde6c1ba2289538812032c7d2f7b55d3b8caba46c3756efb34d9d,0.00014089326328925388
Source,0213331154d3314ebb58b985ea9a32d65c5667381ab4a3d7736327bcae5a98ee13,0.00014089326328925388
Source,0230610b5dc0c7a1f88461b8372216b4ab489e68e70ec6d859a8c385501d7d2d00,0.00014089326328925388
Source,0243d44b1baaa36a6e6fd342b6429472e2b6136d24dfe08eb3f132b977ebcd7fb6,0.00014089326328925388
Source,024c1781fc0f5de98ba537f0fffc967ad031a476858ee3e583b316ffb18216cd85,0.00014089326328925388
Source,026a234736dcff012b18d6ad4f4ba044cd13b5e75fe9e38c6af4de8032e837f7ca,0.00014089326328925388
Source,026ecf8fb50c1f482607f48fd570406efba3c5a5c78507de6692d18519ef085969,0.00014089326328925388
Source,02b32f30ed40f13f639c6505b9f4d539c6ab5a929d93997f38d31490ae298718da,0.00014089326328925388
Source,02c7fb53cc062b38f3bdb0350d2492624237dc86751018df90817818218f543f5d,0.00014089326328925388
Source,02c8d69329412d06c0b73f528fcf6ff23994aae1f6c38f184134804956657054a9,0.00014089326328925388
Source,02d2c60ea3d056c7923d49acb0d39c6309fc9f2ccee79ac79cb2283500b94d58a5,0.00014089326328925388
Source,02e7c46735a6a2fcb438bb41cac06414de04d13dadfef261d57c91dc40e2e11119,0.00014089326328925388
Source,02f96a7178eb8ab15b1046c3bc12b8068d30d058bbe6ae3c1864ef6e2075b42634,0.00014089326328925388
Source,02ffc75f4f257178eb33dd524e30bdb92aa9db7bba9ceb0aff635ce8f34733c129,0.00014089326328925388
Source,0301149e165db6c71869a147e75be738c45b0b9702acf7920ab87b6104beb02322,0.00014089326328925388
Source,03077abcb3f4626cf52037f774438acede7fe546fd2c3e2da26ccca520c3996046,0.00014089326328925388
Source,030d9cbd22f0189373d71db9b3635680360f92cd4d155fd71f6521148d7a580214,0.00014089326328925388
Source,031df9367377758ef6a167f218023c5a1dcf3994d3e96327d32f0f008548fe4236,0.00014089326328925388
Source,032c2cb64ef0b6d5f4fac7b474712517b461fdf30ca85c32ed8d9a35c752042fc9,0.00014089326328925388
Source,036b3353f25266c31dde205ee31d7766de5615df6e13ccedeb6a119e365a292d2b,0.00014089326328925388
Source,039c8dc0edafb41215711b281be6802e1b044f342328d6fd3e6a55e9cfd95c7bdd,0.00014089326328925388
Source,03a062c3783ca227991c202880f8804ac425196eef0bfa0a1978970bae215ed80a,0.00014089326328925388
Source,03af77cc895bd9c397d8a33f6346ca1b3711111a0c1ff8903801c6a8434771b4ed,0.00014089326328925388
Source,03b27caf887549b9fff3d1df887b3d9fb9c58b225221dba98f2b6749acf419ef92,0.00014089326328925388
Source,03bef49e6e3bfcd8a6b5762406b45fb93f86a97289bf4c866adca386b3ad985b7f,0.00014089326328925388
Source,03f48a5554ed4fbfd591dfc6a4fd1a1b5f89db5ac4bccbc0bfa071b70008117880,0.00014089326328925388
Source,03fca46cc2cbdebb85c4687e33995c577474c45d66c811610ad256312dcc0e1a28,0.00014089326328925388
Source,03104a869365cf9f22ff37287d6a830a87b6bec8febeb7f08360c09c3723488c62,0.00014089326328925388
Source,03f2e0bcbdfe16595d03fe3d02534ef46320662d73faa5b8b126a96adec4ed1eab,0.00014089326328925388
Source,03f6af4cd86737ac121d732d1fe6070785de274a41fed51490d21d812a148426d8,0.00014089326328925388
Source,02293125f15fb02de36ed7006126051f2ae05b777242b679a748dd98f362e68223,0.00014089326328925388
Source,0271e5456c8afd452d42a577266f171c1d95c85dc02db54c57e0883b73a4ea2f04,0.00014089326328925388
Source,02b2f4e8975649fe4aacdec4a45d4fa08fca5e6f43345b602cca038e6d4d14fe5a,0.00014089326328925388
Source,02e8ff7cf72482fec25e7d07f2d1c0f880ec4d0e372da0f9db7c42c0025b919602,0.00014089326328925388
Source,0237f18cff17be37bb0acaa1f9e8fd2e8df68746b822804a002babb42067392156,0.00014089326328925388
Source,02a6adac0244ae92fea654b8738d491d30d9d173bf4fb219ae449e059fe272b594,0.00014089326328925388
Source,02cbb2934eb8f3baae0fe1e633a5f34b2a2a1a59c32d522774efc7a7130a756f43,0.00014089326328925388
Source,032f7dcbeb5a37105352186bc5f255fffeeddbfcde8e5c02bf88a06de9a415eaa4,0.00014089326328925388
Source,03072337da12c5752b82d04a09c3d7c0628bfc3920e92ba592d7d2e8e6ad1b752f,0.00014089326328925388
Source,02e69dbbb6a6367ecb1231d1e76eb0a0536e5533f4f12cb1edb5ba987e06cc4021,0.00014089326328925388
Source,03ac167b1c488f19fb964aa400da874b1a6e0067e4c256b52172a5fadc52be5007,0.00014089326328925388
Source,03fc8b5c254d4764d145b98a7a823791ed1f37c9d965d8068468f9711c44a76cf5,0.00014089326328925388
Source,020d06a56bcc6428b48b02c8e514b73c4bddceba844570abda2bcc46bc474425ab,0.00014089326328925388
Source,024570df1d3cbf8a08537515b980d09937f5c9088fcd9af3e7522aa639f20d9167,0.00014089326328925388
Source,02e1221434a21b8ce5818e92c6ec76301824dc87ed94b4628242e4b1f4a6ff445f,0.00014089326328925388
Source,032621b911400ac60a2c46869a97c9595c2062ea32a7604acba8dec1979f2c510a,0.00014089326328925388
Source,0360d6fdbd6ae2f28ed3b33f0c0a58b521999d19a46f24ab6d3edd4b4dd5d14d90,0.00014089326328925388
Source,02c94349316d24ab825252767b7bce64e9ae9f985696d3cf622cdb1bde87a13c30,0.00014089326328925388
Source,02031c18e92e9104fe1ef468cc011908ab7f7a5b69022751382acc538ba9a09635,0.00014089326328925388
Source,0251f123e056a6be1f1cef15895a99e5bfb4ebd230dc45ee19560889ec57bc42fa,0.00014089326328925388
Source,02abb73c0b01d919ec1aa01f2b9b1cd08c7f17ba72219f7a93606c2421ef17cd04,0.00014089326328925388
Source,039e11ca3db394c55df63780e321dfada6bee93705dd7d7ea9d5b9fd5690b45d92,0.00014089326328925388
Source,03ea14e331727ad3267f2591a6e9b7294eacd68b4e8cf2e27f5f5b33ad3f048c72,0.00014089326328925388
Source,021f9e0eb1f9ee6fce867298cc4ee3e389881cefb352579b57c2affdcc4724c3de,0.00014089326328925388
Source,02e440f78d01b317eaeae52e5af6fc501381b8867069c5a9ebaae293bd5ce3fa2a,0.00014089326328925388
Source,02619baf8b4aca4392f96da326dfff4ac0e962c79cac6ea1ae1949254003c53d22,0.00014089326328925388
Source,035062179b66742756518d315109eabe4d6dd872efacf5dfcae3161bb6f9d08a08,0.00014089326328925388
Source,03d6a42f068588e1df28efb079771bb8438cc69ea1c03573624c8893024a1ec346,0.00014089326328925388
Source,0294774ee02a9faa5a5870061f7f4833686184ad14a0b163c49442516c9edac1db,0.00014089326328925388
Source,021a51ca1f15a5d31f78afe4e920cb01cdbfe36aec60aac4ad45374ce05b49c5da,0.00014089326328925388
Source,0287f133e28fd369df3295c00b07486b15031282d5db5632d68ff988987506e263,0.00014089326328925388
Source,032bfc44f5daf0b41262ef17ceb17d988f95b53bd7bc87268bf3fb7101dcc73178,0.00014089326328925388
Source,036e157ff9118ca032480f4f873ece4ad9c5d0aba2079a3215809b137a6e24368a,0.00014089326328925388
Source,03946282e32b8fb6fb8e66a0a4198a60e81841867a5ce1a85674c0de3a5f19646b,0.00014089326328925388
Source,03b99d5aed3eb17ec8e68e9111756aaba989c00d747f05b59fb4905f7b2ec34068,0.00014089326328925388
Source,03d85df94810002c2c9b69d9e450c7d106f9156ed9239e70dbb2adb97dacab3e1d,0.00014089326328925388
Source,029390e8b19c4d133bcd2af46dd64459e46f868eaeebe99953c1647b6e492d6821,0.00014089326328925388
Source,02bd3f46f05535512669e2b2b4b6774f0310b34c657854744d5c008d1232407aab,0.00014089326328925388
Source,02d2cb75cb5ed3d21244eaebe2d22ce0fb4d7e49c2bf3cce76619ecde37881c27c,0.00014089326328925388
Source,02fd0f07e56961683a106e5932f090d75a204f97476b191095b029d7c106ecf6c4,0.00014089326328925388
Source,0302453e77e1f8f0eeb415fd9b5a0cead22f546cd45a5ca565236df44a043e3d29,0.00014089326328925388
Source,030c017368abcc15dedaab759348789a31699326af78e741d8bd921a4f7272f764,0.00014089326328925388
Source,0325e2b89adb0f64c00374a5265d038ebb6e9bd37b4e439f4e2d36c8659453463c,0.00014089326328925388
Source,038d064ee998daf51fdeb2480d86f0c5013f0687b18a8f807ed88d9520ce44f757,0.00014089326328925388
Source,03f615d1064610b51244e59900ef858c632b6621562f2779fedddf6b558e070cda,0.00014089326328925388
Source,02a9edda359d2b2f0814cdbe80a10ef815931d68bcbc4bd5498e109187b34ce310,0.00014089326328925388
Source,02c8f3c2e9236375dc2f54b74976b42e676b838d5c2edfd3bfd88e1448b06e1d4a,0.00014089326328925388
Source,037566e8832daf71c5c9ae230918058d210609e0ee3d2180d653a5c367efd6718f,0.00014089326328925388
Source,03e15bed387c1fdead17d238e321191c8c994d869c274865f912ef964e58169fa9,0.00014089326328925388
Source,037074e315ade887ac91d7156a6ba9962ccf120c124ba9a9051b0bc7a8e36b76d7,0.00014089326328925388
Source,021b0896ae139e9edb4e5e25fd20c045ddfa129cae85a156d68f598a78cdf7e50b,0.00014089326328925388
Source,038141f9cf7508a1d2fa1206d9f7ec3c64e6a9269bdf9bff9aa53bccdc2d75cc96,0.00014089326328925388
Source,020ce77c2cd2c671dea61a443f9e7eff3bf1d84f6b37ae9f8ef66ad425140e4027,0.00014089326328925388
Source,025e2e07ee08af3d5c9b04af84e09f1181759a8cc6aa6477157ce633c120eb320d,0.00014089326328925388
Source,02c75dab09b335fd852494f91bc85085e83164d1c5f5f492bc17b8c7817ba57680,0.00014089326328925388
Source,03037d09b39b09863016db94eea3fde1f2ec7f95f2e3a56dffed54c908eff49df0,0.00014089326328925388
Source,031e624912c9df995aae6e548b3a49d22a133cb2e063185b7ca3e2bca138b6c25e,0.00014089326328925388
Source,03443cc44c3a44f5b2fa6387373ccea389e399e7bee6f625b2046dabb863f60f6e,0.00014089326328925388
Source,0373b2ca94adf4bd0765dbdf5889b44ea3d46ec47b8dea2f96e26092be52d0dded,0.00014089326328925388
Source,03a2bd98904b6b531dfb6a3f36a77b9ce28772eb40400bb61412d4f8ab0545da69,0.00014089326328925388
Source,03b89b8f369f8fd7facd3b1a665415052838a5a40f99534141d1dd2805afd0346e,0.00014089326328925388
Source,03e7657f2d89b809e94e33d0c7f5866abb593d24eeaf8adc19cc82f1add2488fc1,0.00014089326328925388
Source,03fdb6ec24147a12a71f9890b7df7ecb2af3a25a4993c093cae14f85207b18a267,0.00014089326328925388
Source,02def5d3729689f518fd27df41197bb0c846840823539e761fa5dcee80f0ab7a56,0.00014089326328925388
Source,021dc5e3b994ef7f6f4d65ab619f6485bbd512d9d6e3986346ff3665574f2c4d69,0.00014089326328925388
Source,02398b614028892474fc95ed64c48791f994975042d0bd7e9592d0ec4128bbace4,0.00014089326328925388
Source,02760f859f9064e3b06c300e647d3ccafeea5a38295d029e7bf658de7fbf32ef30,0.00014089326328925388
Source,029c20772e97f6ce82d2dd15f589182d4fd1d15c582819fe017da7d8215f534dc1,0.00014089326328925388
Source,034a19cadfb27144f7c031e342651ed66a98d1d16545cf652e4f4d75558839a285,0.00014089326328925388
Source,037c3bcefc95c425136db6fbb90a103a8f6e98a95a9d6d4b74731e3d40d5c3732d,0.00014089326328925388
Source,0247a3f934370a078013077879b044f0250f62c7915f66117b3addef1de9ad252e,0.00014089326328925388
Source,026bd2cb9cb3ef55ce5a49c83afb8afcaac404d28d3ec49934042598d2183874ec,0.00014089326328925388
Source,0337579aadc81356ed7f32587565e4c2a7f8d1561be8cc3bd976cbc6a409a4a71b,0.00014089326328925388
Source,028c8c9b0b588d00afabe905799aee0225a9315cdb63d7646b7ff7cf02fe4bf643,0.00014089326328925388
Source,02208e802b3c514bfe67b3e2190b1340e9172b7556db31d118ffbe68afdf89f103,0.00014089326328925388
Source,0255c2486601d90c305021fa738c9494f5658cf11691d3f3883130f9db51fb5e86,0.00014089326328925388
Source,033aa6af6dd132f1bd4cd905b46d226c357651e17dc5a7124b19c2eb81a78a762e,0.00014089326328925388
Source,024ffae29fe81aac2dbe8aaa702488fa2b378d3d1f4bb16589a335e1e84ca51263,0.00014089326328925388
Source,032156fb75dffb5bd19edd99b459de31eeba48bf174d0fd5c22a24962266809d13,0.00014089326328925388
Source,02311d654cf5ed89957750578373fa000fafec034dc30e68a53d9667a2bd72b80f,0.00014089326328925388
Source,02f039960cfb8e4ea619d3091ae83030cfac6ffb35321de039e2af359b34ea0faf,0.00014089326328925388
Source,030b5680af650490c4f78554f167e6bcd81538d48ebb6f5ea66a854ec523656d41,0.00014089326328925388
Source,038f17fe425f76ef337429af4a0ba8895f7b278cfa89cd30e60a8be4f6e82da4e7,0.00014089326328925388
Source,02195f59cc56aee9266d4d335e08fe7a548b43e9569385ce9ff23fcc982fce60a9,0.00014089326328925388
Source,038aaadd1d3c4349a093464a253893dcad33cc07afe94c5986fa0342af63a82b82,0.00014089326328925388
Source,03dd204927a5fd79e492f4c947c7660bb29cbd8f1ab9412659a35822c769faaf19,0.00014089326328925388
Source,03f311f6bb92443e93ee75af7b8cabe0b8bd49f7eaa2757086124c1a75cbe2bfcd,0.00014089326328925388
Source,032832dc53ae371c02ca769aedd075f3d7f8be6f738b212d5437dda07bc2159495,0.00014089326328925388
Source,03724647a03d0e71c7d57a36ed13df1240856f2a7ed6fa37ca61a3f88623b66e83,0.00014089326328925388
Source,03a55c7537333045fc8fea43cef6174f5c5e2539f481f0952c2a322280362e9d03,0.00014089326328925388
Source,03c1d1e87bca173dcd7064bb6701056a1d2b3b04ed5d6962675fc4b5892bb70164,0.00014089326328925388
Source,02e4aae1d5fd5cd75f4155cdfc4f02c7afbe4856dae3d5bdc7c05584c8bd2fc152,0.00014089326328925388
Source,025227a3ce655427812a8fcd81525d9e94029bab8a374f4c00000c04b06ac403a2,0.00014089326328925388
Source,02fe3bf758f87d9b0cee6bdafa52d04650daea8c48f7178358b130b62e132c6f5f,0.00014089326328925388
Source,02f79d2fe0ebc0346a404153cceb76f4797c362e522a379dc80a8daf2e248b104e,0.00014089326328925388
Source,0341a7227fab90a8ec55fdccc5c3d2dbb407b0924f7ccbad2b594f5891ac4a1c9f,0.00014089326328925388
Source,0229409ba371f55f796d4fc513d53ca01c17b4339e2d68f671ca297531a1c358aa,0.00014089326328925388
Source,02172e2e50cfc846c4230901728f170631a65aa6a9129853cf0e7b1d647d68b03c,0.00014089326328925388
Source,034519d1e151e9f3d5d9f5ec56f9141697038686b0b47b557a8b1efac1fafcb476,0.00014089326328925388
Source,03846aa88ae8710d0bcd881382f6164955b92600d2d25a3f9f70e897bfcc22c424,0.00014089326328925388
Source,02101a6cabcda2c796ccc84648ba5f7a2d344d345f5191b08164be6c9919c3150b,0.00014089326328925388
Source,02536caab47609a17b505a2af4e8c6ab55f9aea9078d230b5c5a2644a8fe26b53f,0.00014089326328925388
Source,026e2431d529afc6ab7144e58ebd492b25a86972aeb5159fb1157f6285c1a42320,0.00014089326328925388
Source,027069c28875b1be1394b6607a52723eb5c31d73238ef7693746895facaf2f6eaf,0.00014089326328925388
Source,02a792ef32163beb3265b6d86be31123779d92b92657edc092aeda1b74ceaee5c9,0.00014089326328925388
Source,02b4d654e8a04b97af88497013ba5588309e3e835c0071cc87166e5c8319c7c5db,0.00014089326328925388
Source,02d731b338fa15c27bb321d1f0491ee3c5cd48e0f86374e1dbd1d00b3635443455,0.00014089326328925388
Source,0341f23c3623f5ca4505a65d2229010beb540f3024e8c537b122d4677074a76511,0.00014089326328925388
Source,035613b5841dfdd7f41dacecacb2a4ecc60bc7bb4f88b3a345f6605fb46cfcdab0,0.00014089326328925388
Source,02dc4628552c3223e9861f7609c905c2d83b2b5d7e1a6f9ce704bf381711d47963,0.00014089326328925388
Source,032788a0c8639f99f605f55203378a3aefa060e650912885a02f3fc42e29b3a660,0.00014089326328925388
Source,03457c295a1fce1b2293fd0bc13b373660ca6cb4f9608a03299657b2204dbb43a0,0.00014089326328925388
Source,0209025640c32cb6dd8dd1644884fd83a13a1a145110351b4adcdec208a90bf20b,0.00014089326328925388
Source,0267b5000c1f4e94f4acdb0638ac5d6963afdfb28ceeae3f1e9dd16371d5929e25,0.00014089326328925388
Source,028bdd8a109836f30d84f6d1b37502b93a8164ec6f967f24f36440e97867c3b292,0.00014089326328925388
Source,02957f46fa1ffd7d63a7037e86303e5c726324acfbb8e3e41814b4eabb88ff12df,0.00014089326328925388
Source,03483f16dbeb1f89123717e67a31c8c691aa339cc411850eeb6df79742cabce78d,0.00014089326328925388
Source,035cab6a65eaadafcf9434bd6c4b613f476fad47d4144e1e62b450d9dfa966304e,0.00014089326328925388
Source,037e138923422cedd2d6f8ebbfff476a84fbbf7ea972f8a164b5887e8044deea4a,0.00014089326328925388
Source,0386d9662040e9af6294d8a1c64cf98c7c6ef043e5e31af8a9362a3d300b52f500,0.00014089326328925388
Source,02d419c9af624d0e7a7c90a60b9ffa35f4934973a9d7d3b4175cc3cc28b7ffcde1,0.00014089326328925388
Source,039f4810072883d59c9b7b64217abca4fc455d7a101abb868850b5f919e824b9d4,0.00014089326328925388
Source,0291064b89dede4c7c7b1f04b1c1a3ef090c77d24ebe089d391f19b53d8ff57d49,0.00014089326328925388
Source,02b17f2b37199913bae0303719b5bbc4dee7c7e7cf8573c60127813b557ceb2c25,0.00014089326328925388
Source,0342643d329bea96befc58e65579c333a9f20eee48eaefa8c76d9bdf68a18d6220,0.00014089326328925388
Source,03736d6a5a4c501e95ad122490d9cf509348a2178eb54814d4f057dd488dd3a417,0.00014089326328925388
Source,0396808485657696f5ff3f21e5eb24070dc971937f77b9251dabd431cf12a9f5de,0.00014089326328925388
Source,0221293d43180728bd0f67f0ab980430ecc810215b7a718011779836b7ce78a00e,0.00014089326328925388
Source,02a3fd4506bd85f0b905d34a006aba428859b2dbf4775f54e681def59da08335d1,0.00014089326328925388
Source,02b12d03d897d2d8fe8fa83b3234e92b79cde4beab24406a232ebdf82515906776,0.00014089326328925388
Source,02baa9e4de19e3a072f484e674b728219e1700e422c4374b9fc65ac445cb698c4b,0.00014089326328925388
Source,02bfbbf6ec32275a93a34cb2c4b95d775f993b1e4e03edc0c03bc12aef18781bf1,0.00014089326328925388
Source,02faa397991fb58c67dd84b09271a12cfb4d9e24a7603fc2fa75389b0dff0fd821,0.00014089326328925388
Source,030fabcf1218082019f581693108ec92a5665bb6a891e948bfe9049b19d7c8edbb,0.00014089326328925388
Source,035800b63b41fbca2fed0a01501ee2019036b05510f63b90ed1579a4f4ca2c561f,0.00014089326328925388
Source,035c42ea716c7ffa3c380a73f1de7ba82a61f0c8af710b175d6ecbdb6b64edda6a,0.00014089326328925388
Source,037d16cb55105a50fdf1432a3aaa0eb198ac72b406c9bd305817cc150377493c91,0.00014089326328925388
Source,038298d44372208fff4349f673f7a40418518dac357ff79d5158c5773ecb06dc46,0.00014089326328925388
Source,03fd3d50aa244f50221878f7226003ef6bd97577c4c9dbbc6ac246be2bf3c30c1a,0.00014089326328925388
Source,03e20ae8b749c3e5e8b96c66c98141177e7b75571b90cab80c9085af7c80bd3852,0.00014089326328925388
Source,0203cc3f99c736d6b21f269bc23ffa40bf7e195fd3f7e13bade84b44408a009b60,0.00014089326328925388
Source,020b57f11627f1a22a3d7f5436a5d8aa03ece406daf45ce66c37f8914263edc726,0.00014089326328925388
Source,02d09963d2de16bd6e1d71b124cb7d8d894351a31099576ec1cb2821e69c6b02be,0.00014089326328925388
Source,035ac3873a189d6ba1d45d3637c624bbc47cc07a66abc4d4a5b736d2b13f77f059,0.00014089326328925388
Source,0390ebd99b03654f4bde3f4bc77c8e49e5f720432cb5be9bce3698d97d4fc36bb9,0.00014089326328925388
Source,0226cb84fa2e57255784811a7133cef16f1ffaa696ca7912385305cf00d0a2e4a5,0.00014089326328925388
Source,027dfa1ff20466f8e3e6ca999b415fb98c9aef7d5569d44c9b7a15d51b8d7e0e58,0.00014089326328925388
Source,033b786516b766552bca5742aaa35cc4d11675bcf91fcfea7e0c22928643d14137,0.00014089326328925388
Source,03475efec99445e7d15ce29a60c27556d959f6baed1c54242a53d394c57dfe8108,0.00014089326328925388
Source,03b554becc480b412ae3a08fa6a4b81e84d2e2737061d0a5d5f06de37251d2f8b1,0.00014089326328925388
Source,03c7a6c848311b6782d5bf1aae6a7b09206eb785307f3b1aeecea55c7fbf57dc7c,0.00014089326328925388
Source,03d6c37a2ffa38459fd3f09dee88b4829735b01db80d64807860932b3dc7d60374,0.00014089326328925388
Source,02212f04c9de6b46d48578192d360050694f512486fe52d94ef3facea0d0d830c6,0.00014089326328925388
Source,03e6c2b397d13ade3796babfe58330a3087b08f534b78a97f8e76e85973ca6ab81,0.00014089326328925388
Source,03c96bdfcb9d4c107385c96f1b60a3910f4f28e679fb119d8ee5e243217f717bd3,0.00014089326328925388
Source,026fb6c223caaa76b8ba447809f4992bbb95b36bc1f928426c47bc4f0e4b731202,0.00014089326328925388
Source,02efbec1a6b44bcf07e260130dd7dafa0aae586b128a7d7674553558a0640b22ae,0.00014089326328925388
Source,033328260071d0dca64af19c71fff947b894026e33cafeedbb5b41e87e752075a4,0.00014089326328925388
Source,03ddd9232d0d17ec396cb79d166490351d39d2ddf1196eea3ea1216247f666a58b,0.00014089326328925388
Source,03ec1e497819c04d907853480479b09350cc90843f10d8972533ba912d35f0b100,0.00014089326328925388
Source,03ff4992f2a981340d3d9a859f310dc56793c07676923fead17cc6421fd56c5507,0.00014089326328925388
Source,037fd79605d69ea46cf933c2c4d21c793f735f476271337a54436f0a2dd8a8a31c,0.00014089326328925388
Source,039c8d006b150a2e02ce6149b45415148cd9430c3ff80080cf1a76ca049b162b5e,0.00014089326328925388
Source,03a48c6b99c0510b3065c48a8e3194f3c4131371251611b861301eaeeb2b70ff20,0.00014089326328925388
Source,020fd06b0cb2b7cbc2d58de0091c68f653d7f9a316d7d0da28c916ecaf0e4d1321,0.00014089326328925388
Source,0259b771e6004c8f55665dbb54524b6a615c1cb4c50129c6c8058d3d1e32544448,0.00014089326328925388
Source,026c2cad89b39690870c13712db01351682579c3523aa47041bf5d3bab5d71a14b,0.00014089326328925388
Source,0297420a961d552739ce1e4fac87136a984dd357b7c337b9db03c103dd38ac69fa,0.00014089326328925388
Source,03cf21f22b4fba02465b07ee8dac66f1029abdad6cb5adadb10699bb5d4e66f6c8,0.00014089326328925388
Source,03e18892b70da265e79a0170825d358a4dfcbe93e15070a937959275e638bef503,0.00014089326328925388
Source,03525a26e79adf5793bb9e2747ea7d0d925bf8157362148f3b5da6e1c855be07bf,0.00014089326328925388
Source,035e542163833a197fc23e66ee7f0b42dcb217c5459d94947ed702b631fffc4513,0.00014089326328925388
Source,0381f312a9695fc6f287bb9ee52ed7f346291d0de1e858f7d557c456ad39f2cc84,0.00014089326328925388
Source,03b0318fecc7e8165c49053a944e5ceb9d4feb0d08a5db78794d9230c8c8193513,0.00014089326328925388
Source,03d034d753ba0744cb8ea14c63ead8f71a772fd7bf99fd979b7cb2cb9e0ae247cf,0.00014089326328925388
Source,03d0d38ba0f8b5d59d98fc17d1f3fbb5a88d2e94b46a1374208fadbbea1942e2ee,0.00014089326328925388
Source,03d886a2152b42d99c2bb56f8c1da2fde6d04c528ed73e1ccf54f6f4e107f3ff2d,0.00014089326328925388
Source,03fbceea6554714aa4c94648a64d60860d87ac758ca99bdff20e7dce1b0764696d,0.00014089326328925388
Source,025759efb4d7c2eaf8cb14be2844b841756b9bb967bf533e4751b352fec0b019c4,0.00014089326328925388
Source,02722b054aeee226ae1916906ced793a08cc2afa14af0f31bd1828a5c1e4c274a7,0.00014089326328925388
Source,03ad1453c46080ca0ae9fc94d24f34edba236a1035cc66fb945a4a257efc306cba,0.00014089326328925388
Source,021cb32426ed1a6be9533801e7c56a70ffc1c360a3a31819c3ae0a72e141d78000,0.00014089326328925388
Source,03a76b80027d7c067e0da77da95880faaf89e9bf87b73a7d57bd4a3f2a124b764f,0.00014089326328925388
Source,0245a247b3557ff075fbb5d8af97db6e18d14ec99a5e16fda29b958d10f3be4eeb,0.00014089326328925388
Source,024ad115ba27cf24f9bede658b9041000dfcbff2968156e884902482f625e8adb7,0.00014089326328925388
Source,0274f089ac9a100701b3c8c5004e34f9f0c0440850a938088d7b6207c9ca5ff4ce,0.00014089326328925388
Source,02dc1e428e4ed9c6246bc9263f85103be2cd81bb4081bdce3022e576786edc872c,0.00014089326328925388
Source,02ed622fe2a747c0148d5bebeacca54754b2881c4023a610477ac69d37408693bf,0.00014089326328925388
Source,02fe58e788640b0cf43ea1568d0d2354ecc3d450298b4779176e1603681a777a42,0.00014089326328925388
Source,03219f14babe59d42375acd43d2c6ad4e8a37be25f053af30bb29963b81009f3f8,0.00014089326328925388
Source,034b7b1b6f9d6c98c5db180a65987f407d46da3bbc706d5e7e326b1167310cd542,0.00014089326328925388
Source,03e4c2ab1fe9a25dddd254612613b1f9392d6531dd941e10d9433e46e25d5682d2,0.00014089326328925388
Source,02b15361e2a7f2d10dbb28ed95f66f4a2f96ddadef864ae42f4c5df8240c3b23e0,0.00014089326328925388
Source,03e7d756e01e8c94b7858ee106b8f5802c6fe6978d49199fed578799318744032a,0.00014089326328925388
Source,027542d7f396b05119cf200bd85ce7aef7855259b334d4c22e9712d01f4a646cf6,0.00014089326328925388
Source,0280dc3b8f79eed9cb1f10ba0b31abc50a0f19ecd219bdddd788555c25a2009e9a,0.00014089326328925388
Source,023e0c71875a1830384449a130a6823e234b5bf1079c5245fd07c98686a666cf48,0.00014089326328925388
Source,02c75ea34304029851769b13e9ccfddf03166562cc045023d7565aefdd26d74a6c,0.00014089326328925388
Source,02cef1e5f414d0b11bd9819ef93a17fbf8178d36b83ac873e0bddd55b7c5853123,0.00014089326328925388
Source,037ab1b15114a2653097ea935dd24f7dd55b297d8291bb3a9c5ecd631ef5c80757,0.00014089326328925388
Source,02d5b831d18995ab85f454016cbfb9082352dcb9f64da548fa5cb8c8aadcdaa9ff,0.00014089326328925388
Source,02a3f915aeeea378fd24f36d9e533a5d6798e3b7109cc17921a622a82f85596f88,0.00014089326328925388
Source,022155aa58b783a3ee32afce4add129a99f9878633464f73d710c58925bc02c61b,0.00014089326328925388
Source,03e0e2117e28b42bb7a068a336d625ad170adfd556171861a1b29cc831dbdc288d,0.00014089326328925388
Source,03275500f6a144da7450e18a27cfbb185acc087f9d524aa086d79956f883c112f3,0.00014089326328925388
Source,03d7582343e179601979ba7e8ca61e35668992ac89326da1b53bfa60537f935957,0.00014089326328925388
Source,032e60320fe7ccfda6880e8ca639f5f63a1c5aa130270931e841fb517728ccb483,0.00014089326328925388
Source,0262fe62f16fd70795fbbceabd767f3d504b99c1d76ec8169478428d8ee6d00440,0.00014089326328925388
Source,02c6bf0a0edb5b8637ef2d116ff6d446ac886b6b4186f30932df1471863598e5cb,0.00014089326328925388
Source,030ec18131e77085b4c6cab39addef54ff9cf040415509ba24850a9ef19c68d5f6,0.00014089326328925388
Source,032a299d750aa2c7a1f5809122320011ceecfb9803cfffc69590b7f21cb2dad58b,0.00014089326328925388
Source,033d388dbf5a81a0c793fc8f78390586451345e44c18f5e0993c26b5e7e4909313,0.00014089326328925388
Source,035eae934a20ac4f063e0118d02f13e190af5330153a8f118e3b3073316899ce04,0.00014089326328925388
Source,0364ad9d53f12f89937e59af0641ba9d724ea05de159e91f3ef825bc8acb3f7d30,0.00014089326328925388
Source,037c0d428e37236c56f181975ce12ae05fec9d6acbf780a56ec457e1806b1f5910,0.00014089326328925388
Source,03fdf18dfb3aa1f7097e23570a9415364236d7b4100cd3b64a4e8090a00595fae6,0.00014089326328925388
Source,03739cc1ecc491622e2ba47fc52e3157bb45bbe825c2f406257b6d208ae4654168,0.00014089326328925388
Source,02d456e1829f6258bf74a757fab5fdb856f81a3e1672faa4dd9fe42ac7a8961aa9,0.00014089326328925388
Source,026cdd57b249558a24022eaa1244d22b326cf362136a48c09751072501e395ea50,0.00014089326328925388
Source,03249567b62f1c62faead31ea20f7a4809e659db3036ec1dca930e9014fdd86df4,0.00014089326328925388
Source,03d8ab2bfc32534032d8263dc3dfc5cf82b4099971cc2de9489ad7d3407e5b9df2,0.00014089326328925388
Source,0275ce9c5bc8af9111091bf139a8d9d9773a57b1d3164f9d2751c4dfd246e8f2fc,0.00014089326328925388
Source,0244257136d7ca0abd7a3563756c07c981f0a4ee5bb456ecef10c226f47defd30b,0.00014089326328925388
Source,024782abc1c13802508f4c7b2c2c8b1f5ebc2b596bee0b2ff338c382e7ca28df77,0.00014089326328925388
Source,03d537795588c8b855844dc482ce4eb1eba1011729c2501223afc709a6bba66f17,0.00014089326328925388
Source,02cbccc8e466c9af1c5fac902eb90f22ce438e2de0ecafc555a890df8bb170e84a,0.00014089326328925388
Source,0366401bf255adc2c865009cec4c0627c48d8e648733538aef654615d1e8ac3944,0.00014089326328925388
Source,037b6d276f7a3c5835b43d0e1d7c2204d4344feed775d865643c15f1ce19f5e952,0.00014089326328925388
Source,03e0dc946d303fe83e8be9629d3a020abf3509e9c750a02dcaaa48ac68c43e0e13,0.00014089326328925388
Source,03a9b9b4d5bff67fb90d7deaf7db842e3aa5e3abea58fa488a8af3d163679107d7,0.00014089326328925388
Source,030eff4eb654eb903a295d41cc142df95ec5000cb46b173bece13bdd55c2e81f85,0.00014089326328925388
Source,0384d67fd4ebb08b23e7a2a06f0c6022ae0ef72846b49b434417922dcd5ff6c19b,0.00014089326328925388
Source,02d6160cef5d5bbc7d4c1ce5304b9db595f8f6a867d80a114f90460756d52e6f75,0.00014089326328925388
Source,03f0a7ca4db43e1a3ef3bf3817203cb67f7e3ef3b64746116ef98a351e8559c337,0.00014089326328925388
Source,03cfcc48492ab8c0d6bf43fff8a92baa1fece625e8754369c21459c30563d21431,0.00014089326328925388
Source,0320cb6b071d07c28ca5bb19cd8cc638c42f602e798a310a6411a023f1ccefebb8,0.00014089326328925388
Source,03ae1f846a9a97ea3dd5c227e7010225c96f31bb8a57cea6750fc03109a0a68e8f,0.00014089326328925388
Source,0208064a31c182eac4bf717932a0f84ace8da3449373dbaffa4a6fc77b9aa5c7f4,0.00014089326328925388
Source,03f70406e11db75739f475fdfec65c37c9f090882d6002b9134d0a3b20297c0f20,0.00014089326328925388
Source,025143035e06fd7ac5f29e18ac58ed1d569fc4b7a97f58caf00bb523fa8842299f,0.00014089326328925388
Source,0207201d77e23774443d2c37d0f66602f07cfc4ccdd468a65540bda2948b6e3fb9,0.00014089326328925388
Source,020b79c9a231e28673482fb66c562ff0186ec88a04a62dc8e7bd218d8d6f01145e,0.00014089326328925388
Source,021a37e2833338d84c82fd83be954c793341a6f8683de6f96a1c87c57b7c6dfbcd,0.00014089326328925388
Source,021f814e0837c28ea26de9d53e4c6f44ea0582e68b39feea477c50ec986f5c1e12,0.00014089326328925388
Source,02244fe322f8b1c5e7b09eae5d3f76b9d36b88a37f7a87fcff6b7f54b5fac90221,0.00014089326328925388
Source,0229e89e6b7b8d9f7b4a2c9a613e92a7a5cf4b683898388cc6d7f45113deabec75,0.00014089326328925388
Source,02324936a19ff162f5a5809db9e4d26037f21ff5b076728b9ba483ea21f8ec5d15,0.00014089326328925388
Source,023bdbd6c4ae424561ad37a5b9c981e77bda0e21ef7f5f23ea5041bd37baa327b3,0.00014089326328925388
Source,023f7224e19e950af289f9228f0ef3b63c539ec01e0aac30bf7935f4554d036a54,0.00014089326328925388
Source,024406d198eff2aa382672037dbaff05e4680ea948f8251a39f46c36d30264ae13,0.00014089326328925388
Source,0244defff7e990653eed4ac1cb90b043ca7e282c643a45830b9de8951ba0fc6429,0.00014089326328925388
Source,0247ddb6affb2e7164e1711c957e4323b350ba58038ef7a21ddc3ab99088f7025c,0.00014089326328925388
Source,024ac8eb2fdca28c8b3a1487476bbc2812249396aab5160e752941b84a5ff2faa0,0.00014089326328925388
Source,024d711a5530d787d6ee253fde8cbb84c8b57ef7bfce50bbac4c10c626f8383c8f,0.00014089326328925388
Source,025ca4e37c32405c539f618d12c460cf82e4b1663aabc6edf7de36757733638506,0.00014089326328925388
Source,025ea658c7dd2fadb92a15f02f8b55e167f84653772ff6cf6e4b097def382ef14a,0.00014089326328925388
Source,02670ff427e7daeeb4d82f99938db11555507ca722a72040d483992cfa7da406e4,0.00014089326328925388
Source,026ee3bae1bdca44042232ac9159cc711607c2bc47be71783d20de2ed6ad51977e,0.00014089326328925388
Source,02722a644cf912d9b113b7186a2293441689e53541637ca0ef5a5e6f918c63296b,0.00014089326328925388
Source,02790ae3def0ae9e9e2e517d66b52bdf44ca976df11d78cc0334ff5bbaac04baf9,0.00014089326328925388
Source,0287840a8f61673cbe870aa5b636a1fa04b6806d685427b39387da98d26d21b3db,0.00014089326328925388
Source,028e52a9204ca65def1be9ba56e36c7291e1bf2eaffc93d7850294bc2630eed7ec,0.00014089326328925388
Source,028fd658af0da085d8db39437d8e5d116b585e9a8468a61868b987127be2335bb8,0.00014089326328925388
Source,029a5e7f2ca0faf585872b07357671c2fe1386dd03e3a4aaed01851d4c6ffac927,0.00014089326328925388
Source,02a209432db157f414e668dbce5ee0f986dedd7b9ecbbdb4cf9a47215e85f70d5c,0.00014089326328925388
Source,02a33d3b1689513856484494bfa72c8a29307434d1fc184b116623d159622f4635,0.00014089326328925388
Source,02a373fb8208fcee29f78ad345d32874173cb77359da2fc72c0cf401b10ca5309c,0.00014089326328925388
Source,02a96e580071f2dc5a065e75da3f77c272babc4004c85988622f9d434e4069c5b4,0.00014089326328925388
Source,02ae1fc87d89430197d4364d6f79fecbe8621339f107e404658a4d6167725dd416,0.00014089326328925388
Source,02bae18e89c9a7604c5ef222a5c670607025dc83bd6bb5625cbbbffb7fb8fffd26,0.00014089326328925388
Source,02bf11204edb1b7e0ccf614911410520503cb95da58d104b817740f68ec4de9a47,0.00014089326328925388
Source,02d256a6f93e3d4f95db0d9b3e85bc49f8c61a15b6e9c59e946d1b2806a87f6eb7,0.00014089326328925388
Source,02d4b8821a6c383483da8d1c71e6de7d1432528239b332c85417a2ce8354b3f885,0.00014089326328925388
Source,02d5b58b1672f5c958854c92254c102c8d41f2c3051e38d34dddfbac4317cff403,0.00014089326328925388
Source,02e67c65d3e6cd0627c78aa6acce94484397f32595ec20f5b6516d09f5251c7e05,0.00014089326328925388
Source,02fc1b5b940cd4c396c2d7909100437250d5d3b4ca73e7a966c97e7819a218c91e,0.00014089326328925388
Source,030343045e9c2cf4e8da72e2d3f11a103457e70c97f833a4e44836498b99f5f733,0.00014089326328925388
Source,030363342a470ccd77e91afc45b9dc6a492f921a9a0a34ce96bcb3b024f3f32cb6,0.00014089326328925388
Source,0312cab1a944f0312874e6962547a26f6a9ce49b22ecbc7082c577da6f24fd685f,0.00014089326328925388
Source,032f3ed51b6e6591a358410f194e46cf9cff336ca60404ac236e258521ec8cbb35,0.00014089326328925388
Source,03363e1038939b5d37251b3e51d24637b8fffdee1a5b73351e139049f8c7f87958,0.00014089326328925388
Source,0336ebcc0703d6ef7fdb4843cd7341227f22cd94b53453190eb77ef2b5f2db85ca,0.00014089326328925388
Source,03409f317416148d7e82f4b71f3d142b8d69af8c7997e3d0dc01df3884c863db4d,0.00014089326328925388
Source,034ff8496066474abc3419794287b6045400f3fa379818356fbb524faadbaeeaf0,0.00014089326328925388
Source,03576d6f7a662ddb3ba20bf25d6983606e5139f537998ae034a3895bf2d75d084e,0.00014089326328925388
Source,03740ea02585ed87b83b2f76317a4562b616bd7b8ec3f925be6596932b2003fc9e,0.00014089326328925388
Source,039389a69782c16fae4d52100a618db3a3711bfc9b9bf65476a1b2c502443b67af,0.00014089326328925388
Source,03954bb51625f4e68655722d514fb8b008295a96969e50fd6405ead2c4ed542540,0.00014089326328925388
Source,03964bcfd1b7ca4a539a5169dcf646867b79cdc537208478b7bee7fcbcedb41e71,0.00014089326328925388
Source,039aebb11dbb986ce6d5ad3d66b43e93b3e483f78236619b92f4a576145dc19892,0.00014089326328925388
Source,03a2cb3058309f7a0355b9583fc4347d82b251ee94997aec4d4e5573b181a49657,0.00014089326328925388
Source,03a6190301b86a9647f37113f8314c02566691258d1e1a6013f7418335e0d604f1,0.00014089326328925388
Source,03b48758c0ab5d115d807675de15c1387d192ebd75f54ff45db94a5d7b17f9dabd,0.00014089326328925388
Source,03b6eb44799a5be859f6dca5eec39f2b27aff850289bee06705c6c61a5ff48e5db,0.00014089326328925388
Source,03bb88bce4d3488dcb1ff29562f8c7526ece2f8968c432c7950e71c92ee328a092,0.00014089326328925388
Source,03bddf8cdf4c02f601ef670cee2a34bd7ca0710fc0641c47f16d9c3cb00e9664d4,0.00014089326328925388
Source,03c865a95e7749a2aac4f6568f3fb1d1aeb012746320ab5572e9ddb5395efc1acd,0.00014089326328925388
Source,03d034de357954d7fcc2ba1195d891b9ea21ec1eae5373178634e9d95097219349,0.00014089326328925388
Source,03d26729e81cd72c0e95b1d7fbf5c9c6ab74175b860c1fca6699c9847e923be59d,0.00014089326328925388
Source,03d66da1bcae6e38ea2427f5c9bf23fb6484315e4952d35f8a72287fdfa8944a3e,0.00014089326328925388
Source,03de0a9105f2eaafb601f238f03bb0fbf70fa57e246799b29ce711c79fa5b89a54,0.00014089326328925388
Source,03df3b998533a072aaf6296195610264738fbf0d9f85d6a7473ece9a80d31ea478,0.00014089326328925388
Source,03e119c52f39e0eb8f53c3d2c6a0d8d1e41c62345edfc18b10640fcf3605eb4e90,0.00014089326328925388
Source,03e33092a70e669977bca9ae7c1678f1f5a064482e57df7d54da8f876625811cb9,0.00014089326328925388
Source,03e99848ec884c4dc5fee298e205a7ee8e014a16e137a73cf911dbe9970f923024,0.00014089326328925388
Source,03ed61ea96b4072110e5a8efec8e2ff9654e1e7178c07a4486d32f268324d6e0ad,0.00014089326328925388
Source,03ef944f2cb635c53a6f76ce0d87501cfb11374a4f5fdd7e990933940f782c5e9e,0.00014089326328925388
Source,03efa70b9d54d3f2534774cb76d3fda45d6b98cf63e8591f6ce67de7c856b9d08d,0.00014089326328925388
Source,03f64acc17693ee0432bd22784782daba327efa859936b28cd9610258f2cd29c68,0.00014089326328925388
Source,03f95b85f41a99aed3f453c0c26f4a185c82a45c1941eecde7d7f3b832a937449f,0.00014089326328925388
Source,02ea02840fddaf49e9c6e515241adbcc8ca42518156cbc5b815905452a25473b85,0.00014089326328925388
Source,02676c2c36366a3932ef65f859a5376196ae9a1e403856ec95b25b8e0405b5e517,0.00014089326328925388
Source,02774ed0162fb157ef7c31a014c91ef192e574d0aae5837066a376747ccfc8a32c,0.00014089326328925388
Source,02c7d67c0f144c90ac2f4238f36dabceb56099e2775518f71ae947d029eeba34e8,0.00014089326328925388
Source,03bfc2441c7528adea8610212211bf9a0bdb10118bd0e90ec0b1feeee49eb912e8,0.00014089326328925388
Source,03d833cbe77c638fc4e23e5da3769f601d33ce5e9312eed67424a98790ccab86d8,0.00014089326328925388
Source,03ffdd7fd4656a55a63a4b6e154325859681718ba2fac40e51cb61752506bb8c7b,0.00014089326328925388
Source,02b97ccc823616e84a9920d82a8e13e1851d2b7444d45c1a5b039f28109dde7601,0.00014089326328925388
Source,02773a492ec5b5428d7d4af174c1df37193590e79e0273b482e6ac82bd00fbcd84,0.00014089326328925388
Source,029f88ea75be1385456ba793fee83dd64ad04b8d795698be59be0abd145f17b8cb,0.00014089326328925388
Source,02a4d65ae3616ecfbaf66d40d71fd43647af7b9aaa5c9ccf38c66f10a6d3816e1e,0.00014089326328925388
Source,02e48fa379deeef66dd8cc9c6e60581d5467eb13ed8bb93ad06ee8de064b0134b9,0.00014089326328925388
Source,02feccb305e44702f99443abf37c7f6b52fced56c510d861a8e5d680f57b81f09c,0.00014089326328925388
Source,030b7b5e6fead4bf02816890e18c71bab6141904cf51e3a4a7371a100462325982,0.00014089326328925388
Source,032f1114f90df2e04f553e1716b651c91f04482a5dfd6f60c837e8de87b59d935d,0.00014089326328925388
Source,035508820a67f09c39c02209438680cc64bf71bb346f3cf54bf41ca2937936da70,0.00014089326328925388
Source,03e2ebb0d324d9b6e64606219de798fbeabb9992bb663676bea34fe54c45ea3318,0.00014089326328925388
Source,03f80ac42485f24b4b41c58127572d4cfd70f7069dbb2765bfb36e51a0ec8b9c78,0.00014089326328925388
Source,02cd4a296dde142779cef218611e81a6dc107dd822fae6f207ffb89632915f4df6,0.00014089326328925388
Source,02e2865df3951fe01ca7432821fdf749eb18273b06c91451a317a43bc588a19a2f,0.00014089326328925388
Source,02e987a19351830c043fcc0d9e0dc5467482d0d24b9f7d33350ff8e1049b41bb18,0.00014089326328925388
Source,03ae63c1e752f957d61f4829c8da0f742a2745888e15935c0995c462cb8622706f,0.00014089326328925388
Source,02e0566e16c6f6440256f377c4abd5ad3413679501e09e2593e1b77f7b322b0419,0.00014089326328925388
Source,036ef36155fe67b679a29dc62aa6a2e8cae89f77e3bd33f36af884de87ba6e5834,0.00014089326328925388
Source,02b1278809d2853516d30b9af8d7bb3b1845d1beeed18ee22a9ccaddfe7f30a794,0.00014089326328925388
Source,033ec6048144744f0475c03aa9941a643fc59ad154418ce20a66ca7e5278faefd1,0.00014089326328925388
Source,03b872f176f101ea0ad85c16024b534d8c7d9caa93bef9fc699060d28b11d31c58,0.00014089326328925388
Source,02ce30cfec62972185b8d365f4d51301575376355b86f40c716900de5962fbadc4,0.00014089326328925388
Source,03032a9a3c66e6fc68bba3caa764b022ca2943575a4665e468e917b1fe3db98559,0.00014089326328925388
Source,02a371038863605300d0b3fc9de0cf5ccb57728b7f8906535709a831b16e311187,0.00014089326328925388
Source,022d420a0f91e3f1972a468285d86f322b5538ebacd040ac613cc536b9b7118ed6,0.00014089326328925388
Source,0286935b9eda84f5ea3b7284df19f63eb624ab0f08aeeb8bcdf4409c97d718d572,0.00014089326328925388
Source,02ced1a684af490c58ef28c198013f60b0a32ab984cbfc3eb7aaef3240e89010c9,0.00014089326328925388
Source,02f514046d041c7d1087b5d6c84eeee9ffc8280596a51a71b4fa7ccb184dc0e68b,0.00014089326328925388
Source,034fb90121b991c9581f550f7e2add7b759d2a10c81c7e6e800894c172162f7e84,0.00014089326328925388
Source,03d10a8a71d7a794142ae049ef60eb710f0f6c7be181d767642eaa5c996d74c44c,0.00014089326328925388
Source,03c7f0836acf651ee80bec07275681b427af1e1c73138141ce15830abd07066bb4,0.00014089326328925388
Source,03f6d7e19069227a4cfe3780aad414954d499459c8bec5e01ee37f2219e41c86d6,0.00014089326328925388
Source,03d7d9a5943b3f651a1b6fc160db9a8d35ccc0aca35d964d9c690d5aae664df3aa,0.00014089326328925388
Source,030b30be61a8c2d24b6566ce5cad66b1ccd1a5107c719a6550d380bee19a743d65,0.00014089326328925388
Source,0387b20e1c59c5610137c3de84c4f13d30b7dcd38f24528a95d40903a458f69d0a,0.00014089326328925388
Source,027f7a560a87e326a7fe213bbbe0c2943057e2c713f9a291f4f2531f0035cedf63,0.00014089326328925388
Source,03668e08fefdc45f91d21dada56f7fed9424dc1092390b88e34a4f119fa4a9e002,0.00014089326328925388
Source,03efccf2c383d7bf340da9a3f02e2c23104a0e4fe8ac1a880c8e2dc92fbdacd9df,0.00014089326328925388
Source,02446119856cce766eff2c678b3dcd2767ca3e92d01010db61f00ab0f83d07dbcc,0.00014089326328925388
Source,02f4388ead1a014753b81b3c80fc480d4686e9b50715e54d622820f3ee3a38f1e0,0.00014089326328925388
Source,029e9473e5068479e7323ab447f24468cfa024aefc642d63caf711321c4f59524e,0.00014089326328925388
Source,03576298deb1196400382153bcb05ba72d155683c9be2e65454f42543b49e6d886,0.00014089326328925388
Source,020a82e92e03853d71254c7c0e3976dab069a340a04cb0f6799d706ba4e4e26f46,0.00014089326328925388
Source,033035870d69d43fae1c8019d1f31358768e0b67fed2f68ce7f2cdcf603c891488,0.00014089326328925388
Source,03fdc5e23f5ca9c0c73f29ed5fdf816d024060e1b1a0d1892cc0fd93c93a474f4a,0.00014089326328925388
Source,0331fc58a2c74170bb30fbaa3f621cad1dccd3f08e4dd73b70821c8d08f5413b85,0.00014089326328925388
Source,033868c219bdb51a33560d854d500fe7d3898a1ad9e05dd89d0007e11313588500,0.00014089326328925388
Source,02df484d45675c159994b52ae104ae23d9d50c383167f959cca00f390ef95f2911,0.00014089326328925388
Source,03e28223dc9b962d824c4a41dd6a2d178a72004594b87aa28cbfdf63e551fbef33,0.00014089326328925388
Source,03081546bafdcf2ee7dfc7c77d85862ff7c5bfcf28fd23a904a7e0aa6bffe1f9da,0.00014089326328925388
Source,03b5ca2ceef3572eb4b8acfbc7755dab0dce24ed790e6945339cfcbe631e838600,0.00014089326328925388
Source,03f6f111d729f04e22537d258e92cbffb345e36a0a98f1c77c6fa80b21ecd21967,0.00014089326328925388
Source,02d6aa78ab1a72271a3ab778d84ddf73b73ae01f88f9f2658b229adb3b9dfb43e8,0.00014089326328925388
Source,0379972fb4965f1c511269f30ffd1fc91731e1c3e8977ee5bba44b1ee9338fc69e,0.00014089326328925388
Source,023233e57c71a003a83e7e60e7071214a1ac0cc467a02f9979b9019cb9a3e23e00,0.00014089326328925388
Source,0325dbaf76e0f0d2fa34c675fbe2847a516b4acb24d5c8b79bb9c643a9344bac09,0.00014089326328925388
Source,022396286ddf16421364daf7ca4dadf9ccf502aa588d922fbd672a23e5b2f66c26,0.00014089326328925388
Source,02ad72ac8f33efb72f1bd2b9775c513bd81f818998fccb02bd72700584b22cecb8,0.00014089326328925388
Source,03a1af8f211de57208bb8e720a9ba074c3c70ca6e9ac08a6af06316914885acfcf,0.00014089326328925388
Source,02308ba8384204a969133b5214b0d7567e474cd18dad193242a90cf7be282283fe,0.00014089326328925388
Source,023cf0c93638b942b501f3af14b761b83cd560a65098125124fc336ce4ed962dd0,0.00014089326328925388
Source,02442daab8294f13b8fefda442e312804bd488fc6c025a59ec5de2a89e13628157,0.00014089326328925388
Source,02e42e1ff6ba74474cdbc1433fb9e23f061d57f4065b66e5cd6626ebfdaa2fbb2a,0.00014089326328925388
Source,034b8a7505992a8e670426af1e38730dd17581433ebde3a23179a2191b15027519,0.00014089326328925388
Source,03b0bb7c6ba7fd4309851011c0c60b061ebe70a6b8d4a6852697fc799ef92146ca,0.00014089326328925388
Source,022d6f7950717d20184eac6607552227b04fb6686e15dd17e404e4ddb9964d712d,0.00014089326328925388
Source,03df528f1f36cc09ac5b97db1bfea100cfccef380f14fdf5808de4ed38f687e22e,0.00014089326328925388
Source,0217ffe7c7cb1236c2cef92fd2d05fc0c741b873127898ad173dde7c2578d9dc83,0.00014089326328925388
Source,0266f77cf9bfd47bf52aabe347a1fc2f4ef7866109c69ed35d25e5e01bf1a5e521,0.00014089326328925388
Source,02acf41cb1c61a115f2bddb52574d947e0224e2e15128a668201906913680b5c79,0.00014089326328925388
Source,0302bbafe95b98d072ff6a3e96c3cf473699a8795e5e4d98385dc828557c2cb8e3,0.00014089326328925388
Source,033d069274e16055780c48a1aafaf828c8ef546834e7360f2022a82dcd00428b30,0.00014089326328925388
Source,0246eaf6812013fb860306943f79a0e4fdc5971d5efaeb3cd58049545803bfb491,0.00014089326328925388
Source,025a596f3023eb914d6041bbb75d9d274b8131596aa9c6eecff72fa45de9927fbc,0.00014089326328925388
Source,035c709aae4bcb860ebf07da75e6454172ce27b0dc2131c7263479696e2f1fe6bd,0.00014089326328925388
Source,036cb1a035eb1c7f125c004ed046d329285bd57e4100f18b577af721659becd832,0.00014089326328925388
Source,027d56e56403970c33c96df3d2e7e90f3ea3d41bfc5928213738a4d703185749d4,0.00014089326328925388
Source,02306f3ac077dd683b88b23c151b459eacdb3fa69cdea3a287e9063115bbd30e2e,0.00014089326328925388
Source,028bcbcde14ea547466cd73107899892df8be3bddb8b3fe18f8ac1ecc4b6a1d97a,0.00014089326328925388
Source,029dc3d32483da7df37bcbbb3fd750ab58890cfde327cd6d731a5ef6c2e6021752,0.00014089326328925388
Source,02f10bc82b9165fcf16802ef5fd2413e5ee270b180d3bc8ddf9f50780ba2b9ef0a,0.00014089326328925388
Source,02f407106a9874283d0b0432fa70a036b81c5b67ed6c571021a785ec3c89c857ea,0.00014089326328925388
Source,02074cb114554d6f916aa38521df2e32f1f3efcbe335a8106b594d8ad38c6597b0,0.00014089326328925388
Source,0207b6076d08e71336aec4af9933651dc9894b89c13ff2c286a9cf3ccc233e9ca9,0.00014089326328925388
Source,0216da697c497d9b77753d80bf7a40fb19f71b37373fd0ab7701538b1975665d90,0.00014089326328925388
Source,02460c13988dc81ef1ad9d54a26af120661c4a7457cc88303a8381ce6d7652f15e,0.00014089326328925388
Source,0277efbff1b1f49527ee304e602e3afab5f05b98c2c4b512a0e5dd31b7ef2d52af,0.00014089326328925388
Source,02b289f93133eea9b2268ea62f2f0acdc8465aa0fdaa59f4120a961440dfec6d2f,0.00014089326328925388
Source,02cec4dee95aae60c3b4e1008be92324f349c5d2b6d311af5f2f44fa41b9587b1f,0.00014089326328925388
Source,02e8882bc38ab89963cea0718335e7f33baf79a947590f6b9d80b6ffb4da82795d,0.00014089326328925388
Source,0309caf5db1a7a1e25a814e662304efa2e60e88e0d70e2c60122c583d6dfb5744d,0.00014089326328925388
Source,0325b1fc186ffa68c0c9735991bd98275522c31124a373f152dbe77da359226c09,0.00014089326328925388
Source,03473a86bb0e6a8c3be53899a3a07f1cdbc438647f311482f1ab39801d0b5c950f,0.00014089326328925388
Source,0371513dee8725b7c4eae15c7a350e6559c5aa9c007d7d27ea436571acf6927e75,0.00014089326328925388
Source,03c7f7ab8d129e442506b088d5a2eaf986c6bd1142243f193a57359bd48548b213,0.00014089326328925388
Source,0201c0130bff6c44f7467cfc4d1343741521489177c24fd9e6fb346a16026ee978,0.00014089326328925388
Source,02669e1e43577c14a4ae796a38e0cfdadb548615058e367bd96bf825e62c0932ce,0.00014089326328925388
Source,027fe40fda644dbbce9b51fc7cff5809586d02bfc7c308d54a80002989c14f40de,0.00014089326328925388
Source,02c8a3999011efbe323f1bb0af373e7b07b0aa11eff866d48702a0653630cd5311,0.00014089326328925388
Source,0331a2398d2787f39af6d958994dd4edc3e809f567b717377863d4a23a62bfd8e3,0.00014089326328925388
Source,03fe5c808c601dd884d9f3a10873099ad6075820856e0a553d461202e64a642f0a,0.00014089326328925388
Source,02a96264f5a90c9702154e2c502741d7438fbbaf9c1478e9485a2803d854fd5743,0.00014089326328925388
Source,025119aeb5f002c95101bd4e8543cf971dd27de4c5c1098b61d35a1a9d64d82d12,0.00014089326328925388
Source,02e52f7d48d8acb9097e29d09a195a4ff7710408d2d26588b834a51975bd525a75,0.00014089326328925388
Source,02461983b5f28d178b6a0507ea85d546a697eb00845b144e1bc9240abf7fa3fa0e,0.00014089326328925388
Source,03923f59e572197f8beba778466eeb783ab214485548093ae5c096f7832eceb3ae,0.00014089326328925388
Source,026aa3168b12a52fa335c673e738ba2bfe86942c0338777fa4a95b740a266900df,0.00014089326328925388
Source,028d1264b655bb8f1e503a588414776b083b59368a8c83f77483afacd8de3197b1,0.00014089326328925388
Source,0296ce0eaeed26f0eb4e7623b33c6f064afe3ea3d9abaa7f349d2133bf3ee60980,0.00014089326328925388
Source,03217102c3a91590ab5081921df6509844434761a074c6071661729410f3672029,0.00014089326328925388
Source,02e33bbc81cceb098ad0fdab7893b7cdfa354289b73f11d90e857f749a0ea2b227,0.00014089326328925388
Source,03cc5ead9a19902dbb7cf0920e819f383f4ad0a916a6ea4d59f1bbb0660503bdde,0.00014089326328925388
Source,023fb48c091629d033c85116df1808c858e6570f500d86c6a553e44ba803152a6f,0.00014089326328925388
Source,02baa1cfcd73423f8674d5f5ca1778b3cb5abbf60e4649df6a961273ae963b9150,0.00014089326328925388
Source,0363c1c1547bd076a2d2e3e781ee182405949566cf779fce318cbf3403fa1e52d2,0.00014089326328925388
Source,03dc240900548ade2ffff338c3dadf78b2b5199d832a61fb542be2826d14126239,0.00014089326328925388
Source,032c4b954f0f171b694b5e8e8323589e54196b48cf2efc27692513a360cb11d76f,0.00014089326328925388
Source,03ce2ff3fd05e8da3b07ec0058f21e53de9d21de04b7908ba5b0e4764413b4ac84,0.00014089326328925388
Source,032e8faa455d3e45e24aa04e36634e23e8a382be6bfbd9184b23b2d8e7438d0821,0.00014089326328925388
Source,03e87165a3307f8fe35624d9f46bf6edd964a91adceb2a42889c48ad68dc5479dd,0.00014089326328925388
Source,0291a5a80ec61d83b8212b49027cddb8fcf883bcf64a1fd86b827fbc03a410777f,0.00014089326328925388
Source,026db2cbf3d8ab4a4c01eed2df432d20cf0a13136402097574209d2595cb9e9d93,0.00014089326328925388
Source,03dd95faf1d95ea38047ec9a81a5dadf7a2875ab50a51720cb92c09925189825e3,0.00014089326328925388
Source,03aa66e2a8ff6da4e9f431bbd89585ef564835a0d977b40955a92a68235e4f09e1,0.00014089326328925388
Source,0381de1709efbda38f9afd2d47399caa19a2630c0c795acd24755efa442685fc7d,0.00014089326328925388
Source,022744d4382c28988fea6f49cc337424029d8bbecc7236a8bcea97ce4f23332b2a,0.00014089326328925388
Source,02b3a3a7bac515ce3f39113c0876a6bfb566584a808bb64b3d305aef19e4056455,0.00014089326328925388
Source,0334346507fbd9c36742122414e3fb9b5b4db4e432e137633bb225b1926327b51c,0.00014089326328925388
Source,0326f1d06748f019ecd98484eb23ba7367b1361e0ee6e38234d73afcc976dfdb3d,0.00014089326328925388
Source,03d7a94bf7cde693299596c5559177693fd75b08193cf80769b4fda619b1b17c9c,0.00014089326328925388
Source,02c10ada6c6bed574f216d4decb799743921da2ed13dc51c410bc9559c1f90acb9,0.00014089326328925388
Source,02dba7ffa3b8e6414cdd47b89ad97c4f5ac1e0d5da29326eafdd779d91fe3ba716,0.00014089326328925388
Source,031a7781eb722f1200213906a13ed0286a4faafc3dfd7a97f8e3c05cec7b310ad1,0.00014089326328925388
Source,03b5d69c1e21c9f784fee29a5ec5aeb687fb9cfeecd4e1d15292ec08504e554ef1,0.00014089326328925388
Source,02e347e9d66b508c77f25d3271e0bcd1eb2c7f5db5c1b3e8b968885007e9b05168,0.00014089326328925388
Source,03c5b754955027273fc7aaa4b66a3f22b2a940bd837dc08b5dc3eaefe61c233c81,0.00014089326328925388
Source,03fb9ac3df4a41467f2f989d19e9d18f96e483a1acf05c8477ca1c64072932338a,0.00014089326328925388
Source,0261a9eac856f5a619a75fee39cd8c579bd5581ad1180c9a4c77c3236f38881a62,0.00014089326328925388
Source,028a83341af7631d56e68ded06d3e28e407ff100dd3b2362680f9e42a26c3cbf4c,0.00014089326328925388
Source,02cb2677db78e50a6d178092bf8c9b1f0e7d4b9a2bed918bc3f276c89c1649ba5b,0.00014089326328925388
Source,02e9fa6b495d07ce19796b06b5c0f51a401dbb48935c3aafe54067c89299add0ed,0.00014089326328925388
Source,031005495ec32c915c992930a0a9471e9b832fd77d133d8417729084779a308b1a,0.00014089326328925388
Source,0312bf5f0279d315fde0a831019ae0a47461e9cfb65376fee367d987ebc72b1e74,0.00014089326328925388
Source,032060a40a94dc7b848d02314e4ccebe20f451dc87f28c1ed685caa58bfcc3989a,0.00014089326328925388
Source,034593537dc19047de45ef90ec22b83243b184df595a613883fea6542caf39a656,0.00014089326328925388
Source,0366a57e383a6191064933765332a9c912066912ed21b3dfe63c3d360852c9082e,0.00014089326328925388
Source,0394396e6e8cf8d9f91de4269dfd2e8416b93b91cae6139057c7283b463e4bfa31,0.00014089326328925388
Source,03c766c806d84d6da0c52ce4ff8a0a3c4b869c06fb13e4fc352b44dd545e267dd4,0.00014089326328925388
Source,025df956754d7915a44cc3b1924a1762759a9593957f8da821fe5e8c6b40343560,0.00014089326328925388
Source,02d922ed08d534506e58458ab88024575d16f38777b168464bbd202a7c6374979f,0.00014089326328925388
Source,02ff12b70f1095ce240e109d108c39571d9a282b0e331d46e89a752db69a22ed13,0.00014089326328925388
Source,034f9a418cadb7ea350f70878fb42331a8f0e247967e2cd833842e4dc0524f6a57,0.00014089326328925388
Source,03e5fefa29743c6b44189f945527f6be2c23852f94450ab0a3a0bcca15633a4cd8,0.00014089326328925388
Source,034d34153d11f6e13189ef7425843c03983c35eb5a6a0aea5de584cc335122c316,0.00014089326328925388
Source,02689549a6727a1e6f8d9f2e4bf9d13bd7c3c6cd94ad605233850e040b8959a12d,0.00014089326328925388
Source,02acf2f7b80dada07286f77d1198cafec975d1644017177568626d4284a529a370,0.00014089326328925388
Source,02d869f8ed0c83732f0094586bc48ecd68c64e2b0ad0cfbb842dc0ab59eab05a76,0.00014089326328925388
Source,036a8674e6c853f835a91d8447722cf3ac5f2b1314cacbcb65ef2c898e8123a91a,0.00014089326328925388
Source,02e071f2e5b45ba3950e0f3bccc2b8d587da7fbb1d7b07d91044ef5827036afcf4,0.00014089326328925388
Source,03bc072a0a571b7635ffafcdec53da5c809d06f2f0418adfe41b40ff257e796107,0.00014089326328925388
Source,031ba5411913fc59409dd229cc8947aacf8572f1594e0c75d089e968ae7059ebed,0.00014089326328925388
Source,03d3f7d43cae4d3190c76536c03c1f0e53c439b9b73f5cf0a4aaddb43eecbe9be1,0.00014089326328925388
Source,02f5242b98d6670424cf7e0d647d8b71502cdeb2d547771be1eaef380dc51a0260,0.00014089326328925388
Source,02fdb5aafc8403aeff0a7696ec4150ba30ee131e995e0e179dd16af330d012ab75,0.00014089326328925388
Source,02f3a1520836a6dc1c2d6652225f28cec15e36fc8bc03578467921305b895c64e6,0.00014089326328925388
Source,024ebcf6154742352cbe1e95b3b1d2840bf8e75edff04ceab4381f3500c149a22c,0.00014089326328925388
Source,02b1d72f7d8a15a3d23f8ca30924cf43e4def8908db2bd72ecece7d2e6362c5f5b,0.00014089326328925388
Source,03655280379bd390d35d15ee89d2f59f96eb4824c49595da2411f4338c107c0e5a,0.00014089326328925388
Source,03f30922d228ae730080921044e09e867b6e99055e8173ba77cbbcd47e1836c4ce,0.00014089326328925388
Source,0312d5340bffdccce97f4ccf9e06c2220fd58202129b6220dc597eaacd2389e69d,0.00014089326328925388
Source,03c436af41160a355fc1ed230a64f6a64bcbd2ae50f12171d1318f9782602be601,0.00014089326328925388
Source,02b4d2557c18418b3c03a2e8d1e09a0bf9cd079705aee9575891024878fdba1267,0.00014089326328925388
Source,027c5166b40423795c0fc41fc18c944dd95e070582f514450215ed1dc1d98c0afd,0.00014089326328925388
Source,03281b35eab4577aada6196fc6fbc5658ae7975658a07b4d89fcdcf2d7d81974b1,0.00014089326328925388
Source,02da3c71c8c66f66a4ea13ce007de71f805b5642bea614a6acdecbf97048f5b46f,0.00014089326328925388
Source,02e11df9a48e7b15fcf8f3e4249617d508be2dc211c08a06cdd47b10ff053996f2,0.00014089326328925388
Source,03ffbe95fe8b14161790c6f2a22b488ede6644621bee28b68d2bab9e1fff4fcc39,0.00014089326328925388
Source,03e68d054e3260b051bc5ab802760e14c7bbc0eedfa56b824e0f5d16b5addc29f5,0.00014089326328925388
Source,02ac8905ddd63d49def255555d50cf3151d999a600e049e4159f6f46b9cda31610,0.00014089326328925388
Source,02c216694a4a128c62df47fef9ed3f290cc2dd7a91e303a6ddeb588f2c27b034e8,0.00014089326328925388
Source,0375579eb2db126f8773df5aaf3f550cfab997b04458f05cfbd7ac8a014bb211bd,0.00014089326328925388
Source,0388c24704ac6bbc21ab67f2739c4ffd7a02292002d2712b4a445604c2aa31188d,0.00014089326328925388
Source,022ce76cb9f11dc8c1e96ec90b06f7703b9c99e36fca0ef731ba8f90dea3aa1ee6,0.00014089326328925388
Source,02e36aa6b0c9afef437e34608519934fea82f77930185bbcc93c0a219e221cd482,0.00014089326328925388
Source,024b82d69859d63f9fce375041a34e61f4bfd445494b41d873ae7505322323d384,0.00014089326328925388
Source,0279f06eba0e1080f6a693201f090d0635a0e5dd2ef57d0207210e3d338133092e,0.00014089326328925388
Source,032394afb98fa3aa9b47401943bcc6d93a5c1b57c22175579068396520e2be2cb5,0.00014089326328925388
Source,02329ee8b584579d365304d523c0c1b4687f09f1400712c11fdf5c4f63c451e2b7,0.00014089326328925388
Source,0290b50fa40dc7a1bcd3735fd1b888f5c25a7916ae73b13991f8c1dc2327d957d3,0.00014089326328925388
Source,02e26f050f82c63e8895938ce782bb123de9580a3e1100531f6ec1cdfc7c25fe2f,0.00014089326328925388
Source,03861620293c59d53acc8871e22a609f481a20f04edf678c46469ca64d4de36274,0.00014089326328925388
Source,0256c22c0a7f2d65e83ae6afffe2765e158b8ae18dc47f34b2a6f72331a2845755,0.00014089326328925388
Source,032a5594015483860136fcb4b8be1e5a7c0c414d8d432d9cdda985b3426480f90e,0.00014089326328925388
Source,025fe3a393644b3ae2634087b284f131e67efea0f0ada18d7b27b0030f23f18a8a,0.00014089326328925388
Source,030ae24792fa213c3b022be71f7c76d1821e60b1d1c4110531abdaf5788fa6d39a,0.00014089326328925388
Source,03123960416d707cb60c5f659372367a31b79f2fe492ab69e305186db24edebc3a,0.00014089326328925388
Source,0362212b688529b3ed34aaad19b7c81a6233a6debcab70e5d3e8cb126dfb2e6c20,0.00014089326328925388
Source,03e87608a34b8d715c0e49c7e8a2adb92fdf496e40a9b1fab2f0ecb32b502714ce,0.00014089326328925388
Source,0288d409fd8ef4ab9d6f0c1dc7bf1048f3f7fb040886d3019126db4a5ac35b1160,0.00014089326328925388
Source,037db9daad1eda4f89970cc9d4cfa1869662b614880b73229909b8a4d6a2f59b6d,0.00014089326328925388
Source,02aecff209ee8e066e73df7b7881141007a72ab4055856b2f27b92a884bbf16aa8,0.00014089326328925388
Source,02d91a5dbb9202e724c3501338adb511c761e7851e004cba1bb413368aa54d394f,0.00014089326328925388
Source,03e2ecf0b8dfe81a3d2b52785e7695bc331a2d341e89a3234c769150903291bbf9,0.00014089326328925388
Source,02ebbaf9a9c74e70938a22e6b22eae47680891d378bfdf54059804ddf02d86980b,0.00014089326328925388
Source,03a26381cb9676ee1f953cda0220cfdeeab91230c670633ac69ffc1b229337306b,0.00014089326328925388
Source,02a2b818848c448c3cbd35f2d951971ea69ce3945b02779be991e0d3ea14b56171,0.00014089326328925388
Source,0252cc8aa0612490b18495fb56754f6d7a77ed15bd48e717db56dde3d299bbbece,0.00014089326328925388
Source,02651fa5f3f6676c6f13d88b3ffd3101421cd3bd1773d4af92242c46f0f902ef39,0.00014089326328925388
Source,02ef8e70ec71d50b876cc4cd82cb24f9c766a75e308c27c1d52e674c8c6276ad4f,0.00014089326328925388
Source,0343076c7bd9cb87c62cf20b1e15c4ab9fe19ed3270870937db6d52c52b8b67e90,0.00014089326328925388
Source,02349aa765b37ce40197e0009206373044e58ebabf5792e51d1b8da9fce1a7b230,0.00014089326328925388
Source,029c5fd64570f2d40dfc2f683865c81e93269dc032416142de5e2e2461359ae34d,0.00014089326328925388
Source,022e203f548f079f34e488518e597571b8d83a66e0d96ce4e2f4cdec389e28deac,0.00014089326328925388
Source,023673f28b99df4387001eab0a8fc060f8cbac78b2f99b6131464de6fd7e2e24f5,0.00014089326328925388
Source,02cf4017276487a73b5a2bab253eabfe37fdfcd7c75acd4fc90d492e85dc3eee55,0.00014089326328925388
Source,0396b08f99518aaad12611a28ef45c8f44ccbef7c49082262d6a4e9809be4ce61b,0.00014089326328925388
Source,0222c672f55d009fbc56fbae6769a37e95d8a3c962101f902ecbc0b9162d985a16,0.00014089326328925388
Source,0247a46dcf041a8d5499274702015a1d117bd5d3ec503d7c3297db3afb8e702133,0.00014089326328925388
Source,0241dc8c83c0b51f67d19ebb7a5c0d5cbfec594cbfef0ba8d600f34e79bb91ddff,0.00014089326328925388
Source,03ede9f3021cedc7fb416f2e8bcd61634b32729ff4979aae305e022d2b5941fce9,0.00014089326328925388
Source,034e3a3287e54f8fa82b1234ca5b45fe739dd0c35b67d43938bab0e59945c4ed23,0.00014089326328925388
Source,020a8aa81e4fa53408f573ef3d285e3f70cc3dd8419f9df4670a39376a085a479c,0.00014089326328925388
Source,0283065d6d5b1fbeaa1f21e62755b4b834c4fabd2765d9522f5a79ec216fec3013,0.00014089326328925388
Source,0306ac478a3d4a63f5226d6173ce600c9b4a6cac0da1449451c2b29bbe6e99f492,0.00014089326328925388
Source,0348e881b4474d71c1f0825f54e3d99e487ece8a41f3fbf1c4de469833ab27206c,0.00014089326328925388
Source,0365b3c06aa862ea0c67a656eec426d4132738788cc629c6873724e0ac4065bab0,0.00014089326328925388
Source,03a8334aba5660e241468e2f0deb2526bfd50d0e3fe808d882913e39094dc1a028,0.00014089326328925388
Source,03f86cc457090011282d8572a985f32d16ac698f0a1eb428faee02a46ad07c8cad,0.00014089326328925388
Source,03f93ded37d70d2e5e30143114bc9f132385d51d196b3bad09ef8e77f950f13903,0.00014089326328925388
Source,023c27029183fe3e4caedaa9a9ee4d9eca5ff44117b998222b36d1cd1db43db5d0,0.00014089326328925388
Source,028ca942be25308d5077811a2c2a3e18dcc25267d39ebff9081e3deb8124a45317,0.00014089326328925388
Source,02e5067afb7be9470214acc10d7b3ebc39e84cd7de57d86cc3598514fa6d821229,0.00014089326328925388
Source,02e2e7ae54d6a09de98118ef247046083908d98ce42a3332482fd1f643757cffbf,0.00014089326328925388
Source,0354d8382003663d8d825954224f80dcbd740b5031c5a588277a20c75586d41053,0.00014089326328925388
Source,03bfe4008a3dcf2f8f6d892d00e61086abdc23b4bdeae59319e9ad884b2038166d,0.00014089326328925388
Source,03d7b97a58568cf7dc39f54c115d0a2cdcc72aa505446adf63cfc17d740d89ed26,0.00014089326328925388
Source,03d91ffaf5c8ca34c8f01dfaba24654965f41b650ce67c031dbb49b0be1e965bca,0.00014089326328925388
Source,02b39b76e521ef420d232dc8bb2cd7599b06bf8732d91bb516ef7f1d86914145e8,0.00014089326328925388
Source,034ab300d9fe87b50d46e8eda166ef75a3f377cf4c8531f0c595924575f3485997,0.00014089326328925388
Source,022e25d4ebe02f42ed66863e00aece6c8672272935bf8008cf141cbfe06edaf427,0.00014089326328925388
Source,02a904ed842ac89c909896a668e0175c17022e333e33abe4718e836202fe9a2b9e,0.00014089326328925388
Source,02b75a411d60a1e848e3a80a4ac23d76d771b14d261a4b5acce335a69ab5b8fdc4,0.00014089326328925388
Source,0326e2067d2a24b738a419f8dcfdc5956d7a399e3566f0ad52923343bff57d7759,0.00014089326328925388
Source,033ddbb427e5b2cec65b329a369876ba1294e61297e14ba85f2d30715729b25959,0.00014089326328925388
Source,039daf6a6698cc60572dcb172088e3866dff2cabc0b47dc0aaa4b40cb48316b5a4,0.00014089326328925388
Source,02a192cd5278dc00c88c71d71e113360c3962e1f25bdfc6cfce5f71753d97d1818,0.00014089326328925388
Source,0224399e9ee880eeb855af068af2e1172f71c7f00d49cba223b6d7fde04b16ce6e,0.00014089326328925388
Source,023a2c128214988ff63d73bcdc5893bedf873cca655bf2e0aab775bee04efbf59a,0.00014089326328925388
Source,02edbab1f30224e4ccc4d70eae7dc5c06e742c1e0d79a375125ef9200592932ba7,0.00014089326328925388
Source,025f1534958544a90777ffff70eef59601bd7c990e7440aa2941cb6f12c6ae418c,0.00014089326328925388
Source,03c12bde440a3bda6e1e90f8d2cb184c505def3fc5ace1e472a6724f2350b24bc2,0.00014089326328925388
Source,022c271e1318a3b70eff75c6acf715769135c607b7f067929846459e35487c7bef,0.00014089326328925388
Source,03d9caa73541ab947f2944bddd0a83c42a660c97752f8951e5417c4a5f5d13c13a,0.00014089326328925388
Source,02afa5aae44e4937a2e651e059359fb4793bda70c351b31e0474be86ebd1bd3226,0.00014089326328925388
Source,03c4909cb262a7c7a4d88ad216086783985153b6bd837e99768b260b4a4d315c38,0.00014089326328925388
Source,03d5a8b99bdb355ecf0ec34fe299a4c062b70f152d44154a556d24266a28b1d308,0.00014089326328925388
Source,03db689207d4cc4ea44c13a55e3c0a3b9bfc0017d87b3257b56cbbcc83b6a9282c,0.00014089326328925388
Source,0224818c362a6e6886ed1d233047dd45dd78c329e1eb20af5de9b8cf6d279c2de6,0.00014089326328925388
Source,029ff1269468694a5e592f9236a47c8510979c26b71d8d75fbeef5e9e47bfe97a4,0.00014089326328925388
Source,039ac5c4e9c55b01f89a37d07620e8aba9cf56763b355e5733254c17802e709b11,0.00014089326328925388
Source,02025fda526d502061238b4b7359ea538d8f0ecd1248c8b5587d4e6ac9bac9aae3,0.00014089326328925388
Source,034481df15f3dbfee9a9e6761aec7916f20de4fabc3a1b98d6b99217e50dc41ed5,0.00014089326328925388
Source,036a7471e5d18836d3284cdbc0fb723dbbbf0fcbb7cc00f9f2cb9315f18a56733e,0.00014089326328925388
Source,0332d57355d673e217238ce3e4be8491aa6b2a13f95494133ee243e57df1653ace,0.00014089326328925388
Source,03cfa83324769bf02afb9b501b3cf4184621324d1e7e71995dd1cc6f37cfe16651,0.00014089326328925388
Source,023f8f3f80149858f49b14a41605e2273a86d758402fd31b1ba8ad0448e1eadc74,0.00014089326328925388
Source,037cc5f9f1da20ac0d60e83989729a204a33cc2d8e80438969fadf35c1c5f1233b,0.00014089326328925388
Source,0315c255c08f21cd43817f6a16805699fb011262c51243fc1123459ef02f175f89,0.00014089326328925388
Source,024a50674e751119b17273c8ce1bb61a2def16825cec9b6355da533027821bb8ff,0.00014089326328925388
Source,0384536ad41bea179483ee0c07ecb6c7480ca04dfd7f9d66fd7642be0a06a07bda,0.00014089326328925388
Source,02b6b8823495b2af39ed58fc368b5f5fa293e3a85dd7769b5701a2e1da203f4770,0.00014089326328925388
Source,0283c6656098b9c2d69f46c12068090ac8895d58c0218e0a40097d74cc9f7b539a,0.00014089326328925388
Source,02093ae8e949d4719c93f15c5ec35a81952aa94a679eab882f14bc8665ade5ee06,0.00014089326328925388
Source,020ec1b1be32061d3c5264be7e6d63a59a28b89e06eb7adc619590adabb080469d,0.00014089326328925388
Source,022536987e692b002191fc9f97638f1b27f5ef65488cb64fe85af2c89727ef0b9f,0.00014089326328925388
Source,02d79c968a2283ae756da4c2e5dc0b68f8f7e391379516f1c59306610aced1adbe,0.00014089326328925388
Source,035313b33462721596c01a824d61096196f5c1e759e6d8a52eb35804910d2fbf08,0.00014089326328925388
Source,036657f9cb57826d33d1ef85b3e983c365259143575fe367b0c803cbd068b5b255,0.00014089326328925388
Source,03bce1b91fce34ed76c35d599688b620cd0043b04416a9bb6cb7871bfbf4560591,0.00014089326328925388
Source,024779eb6d8e5d0b7c42a674c9e0d51f29aa2eca4f3ba79f31ad9e904d83ba39a7,0.00014089326328925388
Source,03f91a1a0613ba795d889c679aecbc75acd1fb00dc7b16a775b571682537b452b0,0.00014089326328925388
Source,020cd538f1af3f8bcfabcb27d0eb891f0ce7ac3a7704cba5a8f02525a9a0646c4b,0.00014089326328925388
Source,024bd94f0425590434538fd21d4e58982f7e9cfd8f339205a73deb9c0e0341f5bd,0.00014089326328925388
Source,02f5235e86262a9a8ab86d69d7b941bcd1762a215c307c26419cba70aeec0aa4a5,0.00014089326328925388
Source,03a5886df676f3b3216a4520156157b8d653e262b520281d8d325c24fd8b456b9c,0.00014089326328925388
Source,02a6bc45ebd9f990446e46770efc16eb408e7d717001887f84b96d246a5d794071,0.00014089326328925388
Source,03c11e1323668ba0e63afe77dafc2f42b030650e14413a7ae438abd4baf1b6c733,0.00014089326328925388
Source,02062a64c5d381c77f8ef679133e6207b995d33914c97c072f854eda8ef4e6ea78,0.00014089326328925388
Source,0380003e5f9c71f14aed84bfbda9549ce04b57a813de9f9471c05b94d561c26539,0.00014089326328925388
Source,02668fd8a986f2e7ddbecc26133aa2abb22eb5282970b25a799b9cc540e52bea1c,0.00014089326328925388
Source,03d141e35ea7943999c8580e023e5f7bbfe20b21c6e49c979dd36daa56185d5df8,0.00014089326328925388
Source,02d7bb1978df46d8f13c94e1b336e3085bf7a45d43eca8994a26377cf48a17a31e,0.00014089326328925388
Source,037f120d70f3cbec15980d0170c0524236e89ca7e7b632ccf2d39f50260896e617,0.00014089326328925388
Source,03a1df1dc121049b65af3004ddbc69d0a2afbe202958a85758101e0fee9ab355e3,0.00014089326328925388
Source,026888c7593968f1f151c40d730d0282cc5e6e6a1588448aa4e5eef67053449817,0.00014089326328925388
Source,03235ff4eaa14aa7281be59de6b5c82b1f6b8f09118ad8afbc3a4c4e3c1a2cec81,0.00014089326328925388
Source,02534a6ed151d216d014d37ade6508169daa83dc1c0c07d57ff3c1a4d7d6627f65,0.00014089326328925388
Source,02c068a9913785fb6215d24d5e978a448c455cbc7fb02cdbf817798cb7c1500f14,0.00014089326328925388
Source,02100f980765358415bde78d569e1c2a32ec6b8a5c93668489a45025615bdefd67,0.00014089326328925388
Source,02853b872b7f8d4e27e4a1643d6a585e509cf4ec2198b07cf6cada58dbd85fb98d,0.00014089326328925388
Source,031e41426d7ac75496d090a92f778d89edcff3bedc36db913b0975cbf112ff5283,0.00014089326328925388
Source,0358c8870b263e43c53131d2d5ed49e45bc3e1fca7255c13bf69a275ccf05c6ede,0.00014089326328925388
Source,035a6766383a9b5bf3684b14bc1e766938e4a4712fb75c91ebcb0cd91d90c42f59,0.00014089326328925388
Source,035e6216ba5e121b1c9e8285d1553034893df2cf32d3e216717d1b93a5069e02c3,0.00014089326328925388
Source,036fea2a1cfce13ad06022cb8ae593d76c9e9eb1c6dbbefe26ef3b365146b379cc,0.00014089326328925388
Source,0378e741889e9def95f488ad21d195d3357b28403527e5d3b4987e92e680b1ba53,0.00014089326328925388
Source,03cbb81178f97645fabf3c310197eda2ab44c00d41dcce55c82949bf482d4419ac,0.00014089326328925388
Source,03e0c11eaafb1e78f5c0e0c16bee7649828f8359e4ac275f865b1f89222e5b7f89,0.00014089326328925388
Source,02790248f74e750d495ab5a0fb4a5019776d19c9e56b0ad000a0df2ca93acd0480,0.00014089326328925388
Source,02981f5414c5031301b84c9e55e30c2dccf7d206b2a6694ed5934929ab702d710c,0.00014089326328925388
Source,03d1a8f7e6e3e4cc5bb56b896a8a9f1335eebe4baedc717fcc5ee11bec01c17de8,0.00014089326328925388
Source,030824b044a38e403484b7db4065ab0029e48ce3e377dce2f120f3cc26f7bbdb27,0.00014089326328925388
Source,02a225ef7077353b74179d8a74f1632d3ed45bbafbeb1ccb5470d02a6de79016de,0.00014089326328925388
Source,03395689d8e2afd48d223d5ea66d243c9ed89e7d8c30534ba43eec4ee960cbb583,0.00014089326328925388
Source,0288874b9510d93e476005ba1bb33765ac87155a4acfd232b821a6c7ee55159521,0.00014089326328925388
Source,02de5965c0de62f0a3a6464b7c1848510661d43df96caba5e868ed7520cc3fa437,0.00014089326328925388
Source,036da0201ba1f16a2089d1e17a8fe236114adef33bfff59073771723c60b08b4ac,0.00014089326328925388
Source,035b09226500946987aac38d1efea8b35cd9db5f1c39d46376d0e1fa8ab669f5c2,0.00014089326328925388
Source,038d8ad0e91f31388608435fe9268177db539802b9f3e325df023e2cbffd9a1cf4,0.00014089326328925388
Source,03b49e19c247d595d1642f334a2b985b16f777d9ea4503053c41994a8fc53cff54,0.00014089326328925388
Source,03d13347b580a3b27d3d532ca4571ca50789b92ed3495d939eb688559abfcf6162,0.00014089326328925388
Source,022a323f040f977acbe83e5d1fff01526544aae3599137896822740b8e77acc0a7,0.00014089326328925388
Source,02a5dbc008844d58b839365959d36f841e2498519e9cc5e8082b3ae2db0c1669ac,0.00014089326328925388
Source,02de20d6201d7eab9b3c23aab22b1ef981e54cffbcd1430ad30f7d900914052275,0.00014089326328925388
Source,0309b109317e8ca95416ccdc601a0c2d426a344148e1cf9e6136f3fc604777660c,0.00014089326328925388
Source,031e84cc53aabe3a2335cbc16881ae1ff98ef2f0559e76935ebc2b4a4ced1ec79b,0.00014089326328925388
Source,037898af4aa8419e2b3f9221626e3ac977b3ce0b91b10886e621ddb290019a1334,0.00014089326328925388
Source,039f0ad37eef3e1813ebe825d2d91908914a2c3ec1b2047fda6a9fedce3a6f63dc,0.00014089326328925388
Source,03e1db6388dc6a3c6adb4c6b78831267b80e26c3bb129c9e0d516c6a799bc29021,0.00014089326328925388
Source,02d8878b363b6925ddce7c698d6b5ea7536b5af8a8d823a29aaccee17f260a987d,0.00014089326328925388
Source,03bfc06285536c8f3f4ce8e68f720551438ff9a9f5334f274e8381d36e538505c5,0.00014089326328925388
Source,02ce691b2e321954644514db708ba2a72769a6f9142ac63e65dd87964e9cf2add9,0.00014089326328925388
Source,028524789b5688c47371d74130f8284c7c6bf53928c95d441d36018934f3b3afe1,0.00014089326328925388
Source,03486fcd9121d8015dae2e949b80d036c27e0b829082f12bfe4b6526b08bef0e56,0.00014089326328925388
Source,02d32da3c03476767c4c5cd4c7c8d5fb15bc35d55ae9930cbbaf51c97b86084f74,0.00014089326328925388
Source,0393bf2a16f1d4ed218815ce66c3f542aefa0e2a6dc9200a926ff13c1a2a0b9eeb,0.00014089326328925388
Source,031df95d932096fef74932f2cbc517d8575df07efa6c2372de7b866097eaa5a149,0.00014089326328925388
Source,03d997969a13d207372aa22f28749ffbcba53e68f1a3fe26cf20cf548afef38136,0.00014089326328925388
Source,03ec5195d03375516e09bee2a0ff372dfa636f998699adfd98d67649589d07af83,0.00014089326328925388
Source,02d61bd7d56c6256bea8666124f141132eadffdc25dd90684dc6d90b2fb2a62116,0.00014089326328925388
Source,0300cd18af20a92f7b9522c640be5bf56ebecb20478f4b2991a908f02d33b588df,0.00014089326328925388
Source,03c01a7e406e5e2125329a56b2077d7f6d8fe3ddecf737d470f9e9bbd06fad665a,0.00014089326328925388
Source,02143f7233496e7d71afabb3cc02d6ab112c3c1df6f0ab1c8d6b07ef74599925eb,0.00014089326328925388
Source,0326386e472a453848096ee452f894a8095a13b1576989a239cc663ecc9b328740,0.00014089326328925388
Source,02997098dbc04bcbaee1999fb8f47b06c1623d3c3fdbc5e0c04227ef4cb5991173,0.00014089326328925388
Source,02aff8c90b8fb829dc062c91c5f4e55a1ce3e207037bb2a9877afffa2e91363ad7,0.00014089326328925388
Source,03290ef2e6841fc1c30ddd8c3afe5ae208ec9ae1f6206225b0636d77b3d7532e20,0.00014089326328925388
Source,03cbce9d9920bdde78937dc3cac3e3bfb5fdc885f98dc47c586d3953c30492fb34,0.00014089326328925388
Source,02e027690dc8f7bc08b7d8a913dce725effd6164d1b96732e03c069849b2af5b4a,0.00014089326328925388
Source,039523f1a102d30a8b6c458d9a749158c16780c715d4dd23ebfc5776e0af58e3b8,0.00014089326328925388
Source,03d9aff3e3a326a7e2505775385a2fe41ca32b19ad9b84eb3bd02e6cd4241861ac,0.00014089326328925388
Source,03440f4dd43f5e30ffa0fd37eb99e2c27241d71e4fc5b3ea1e9c04a289a51c7ae0,0.00014089326328925388
Source,0240608e617689f423f854c6f72df0d0c2e01137e3b13ce923bb91f68f53350a01,0.00014089326328925388
Source,024b28e226927e4163e8b8da78ebeae41e83a73f8a9749eb7811d34008f6dbab81,0.00014089326328925388
Source,0257ddebb85581c58e288d825fc58b3f61af44a32a4a01d184e7ba67e21cfdd8e6,0.00014089326328925388
Source,02a12c635f969eb2615472f1c711dd49af5fe85e0dbb22a701e031426661e45ce1,0.00014089326328925388
Source,02aa9e50bcb8b36f5c472e4f4a237c36fdbc84525813898cda21ea394e3d2d2f55,0.00014089326328925388
Source,02b037dae4dc43b17de3a883d993d3cccd359a2aaa5f7f7b44ee2bed6fb8d4d510,0.00014089326328925388
Source,02cd168798ab42fc58c8c741cff510239e6b04f92b74d932d417a3893dc5a1ad64,0.00014089326328925388
Source,02da71101df3a6dc80ab52defd7d53e952d20c82feadcf6bb391f3fc87aee5c365,0.00014089326328925388
Source,032a9cce9f5497434395d0db6eac0f2769525a26d0d67b08832e87cc9c00f23ea6,0.00014089326328925388
Source,035c77dc0a10fe60e1304ae5b57d8fef87751add5d016b896d854fb706be6fc96c,0.00014089326328925388
Source,0379c41f28a38c49998fec42437db78a17af508fb19338e7360d7ffee2607ea036,0.00014089326328925388
Source,039d9bd1137bcf08d62ce9a9dc8c2a5decdd455de4c43b305d489c311b922cbd7c,0.00014089326328925388
Source,03a42428b2cd8a16c3f9819233745b0b149661f436e9e4a510c0b3c27c7200c27e,0.00014089326328925388
Source,03c8762c68499a9e528fc3c6a28bbc60e6be170fc1b29b4adeca314d9d268faaae,0.00014089326328925388
Source,03a7c61c056023c804c6d63693345e00ed8e2b28c8d2e0c455964bfff31128df40,0.00014089326328925388
Source,0251b2c9d22f3621f27188d8236db84d9fd84d42adac063b2633744638b81f34ac,0.00014089326328925388
Source,02690881543d633f3a16c8ff97397f3f2e8765a15f5ac057d701243e5adb7ba856,0.00014089326328925388
Source,032c9bab7bf5c3b17ad231c617315890861227a802b422c62422cf03bf4f089a0c,0.00014089326328925388
Source,0364b630575cf59e70f6752a86d6b818a586cad4e8ce52a6969e56a8fda9404d9f,0.00014089326328925388
Source,038b36a43c38f75cd15bb25394f1cd162f717df005585229182e62620db9d3f3ea,0.00014089326328925388
Source,039e17a8ce4659a402da972b1f3314fd0aa230a578bc0dbd669b23d5953fff23a2,0.00014089326328925388
Source,03c26d296e718114d512db1a40c8ed29914feb775efd563a0f038139369c4f5436,0.00014089326328925388
Source,03cbc081bea4020f23b595b813b27cd044b1245c63d2383efb36814fe3fb982733,0.00014089326328925388
Source,03dd80145ece2ff7d69114e2aa4b809c4e93135a869d5833c4b3d1b7b77294c5b8,0.00014089326328925388
Source,0387ee0f3e43897ef1de58f586fa54f6d70e885f77e1c5b908e3be6491f4ddb0e4,0.00014089326328925388
Source,02cc9dc37d9c1796ec70505e3c03b84b864ca835f92e91d377873171b6c0e18fbe,0.00014089326328925388
Source,026a0a7f005c46ae12cf8de3f9bae9c728d418c27bca8c665d10499b37fb83c572,0.00014089326328925388
Source,02ad921d465e6ecfe493e90864275ffcf1b70c6050c76e6c33701b0c3686d687b9,0.00014089326328925388
Source,027d18d6c4c9fb8e4c1fef6c95326dec22c44e819584028931860a9d58f235212e,0.00014089326328925388
Source,033c4685bba957878e7791a5062d6f0dd8978435521386bfcc9b6959b9d6e31db0,0.00014089326328925388
Source,03546c09bac98e93dfa3ec7298bac73b5071968097cc1451b7c04699f07086f583,0.00014089326328925388
Source,0200072fd301cb4a680f26d87c28b705ccd6a1d5b00f1b5efd7fe5f998f1bbb1f1,0.00014089326328925388
Source,028f65c949de5001994c4390ac0d81bc5c5d5beab5a4f32df36265a662922a7e45,0.00014089326328925388
Source,02a60e11bf0016cebbfc725386e12c4122fdc12aca8711e32bf6d568ed790d3e5b,0.00014089326328925388
Source,02414204a9b48c3a056915f63b01c359ef62296b1de3477575a9afa79f35fa54b5,0.00014089326328925388
Source,03b29d7cef566d29b106fe0f7b85820d0c64f753f30f85a5eba3f4816a538d7705,0.00014089326328925388
Source,03b64315b0102bd8e49121ff36ed1418bfaeb2a83d9d239bfe948fa7e442f63aab,0.00014089326328925388
Source,036557ea56b3b86f08be31bcd2557cae8021b0e3a9413f0c0e52625c6696972e57,0.00014089326328925388
Source,03b40a28bbdba09a27ce64478d2a3d8dd59bded1b1f2aa315e860d381542c2fbc7,0.00014089326328925388
Source,02bbb5e3b531da1d490c3696f32efc20e80cc6cc156327923364051daf61513beb,0.00014089326328925388
Source,02ee101be22a097eb658131b58a76b6850e3f1b87c9d4492f3c34d1b05089b8515,0.00014089326328925388
Source,03fe723fb435e7b8f67f0c02d93cf079ec00ce6667624948f9e29e6f1bbf459c87,0.00014089326328925388
Source,02bd8bb9503b9dfaee9b32d3546548d7dc18682d53bdb9fb1b1a7074bec114202e,0.00014089326328925388
Source,02b568dfb3cb52a0bde61b706f333a4eb4b77b0d38f0a9a591a338a05ae5130296,0.00014089326328925388
Source,03107af3936ee262a077ebf9e5ca3b0a7df199c783360f92e92d6e2c13807fffa3,0.00014089326328925388
Source,025222e79bf200873e16260af2b67e409f8740082aa25c5da145e42fe444921c9f,0.00014089326328925388
Source,0383cf3f5d173564045ce4c253214bea5859129c3aed48a89d5af64894c7ce5141,0.00014089326328925388
Source,036f248df55290d23ada487d38c89087ddd6d89aee0357f5adbea2b22e61314b4f,0.00014089326328925388
Source,025cf385ead5258a186db8029224f016264e6c0b183abbba040b82df74bf239418,0.00014089326328925388
Source,036f83009f0a455f15787d212f7ea82fef0a78380139dd86efd674bb6fa68fce98,0.00014089326328925388
Source,0331c1eb40738250955e4b4a649bec5b98e5020fe963e0e8529f384229d8d8a942,0.00014089326328925388
Source,0227432463b968609e9b122ddb1b7a8589a5ec9c89f439607fbdff467c7dbdfb45,0.00014089326328925388
Source,024cf3a444352ab13e7a7e87f58765a19fcc649b45474187e678e6e91a372c4736,0.00014089326328925388
Source,02525351b8c2172358638858f8968475dcd6c40344f4171d9537e6caa8bb41319c,0.00014089326328925388
Source,0267dd831e2a46dbe370da944e37e8feafc5740372cc3f1af439e6aef28c9e1d16,0.00014089326328925388
Source,0280bc79f3dd6e46cae85aec6d393cbf52e99610d00954804c4b9c76b37159d318,0.00014089326328925388
Source,028b480cc4091f96c4446f2ed0312923155d86167b6527d1b01b04b22b77c98941,0.00014089326328925388
Source,03b132b2575f3009df5b576dd65fe8ddee9072661c6ac152794c071a5d6504a37b,0.00014089326328925388
Source,0391563643a3e5121e142ddf5c9a374c02f171d14dacc8acc9751fe88766206f50,0.00014089326328925388
Source,032399cae304ceee435d458344950d75c2d29f33e2ac7a7998a50eeab5eee5e631,0.00014089326328925388
Source,025c2288ae7512af25f769eb358a740e69dc500c20d3ed9ccd4afd0583947bcebe,0.00014089326328925388
Source,02ed79cec5bcd7ca4be5aef94ab252fd03cbe3af7618c21b0591a4af205d6b546b,0.00014089326328925388
Source,0336b0f69a233f1b95b3352dfbb0e79508d874f2c4d427a79d7d72cab5123ab4ea,0.00014089326328925388
Source,02067a5b7c24bd95dd41c85fd07c604b87924185d973f29c33937e7ef822b10fb3,0.00014089326328925388
Source,02e7b39c5523f00357ff4ccc34fbd39ea9fc3525dd46f930fefe31756e8a97605e,0.00014089326328925388
Source,03b6ea63a56823b0442b5a9f9f3145c95ad80d6a7d14258bef0735eb7618a5a4fc,0.00014089326328925388
Source,022856b95cda4ff9b33ed7cc9c2f3548e9985f5e16eeeb1328fde1d4104aed21d1,0.00014089326328925388
Source,02219ac72a218a62108ec584f0dd74555e16646257123c02747a0f349916015d16,0.00014089326328925388
Source,03d98bffe14aaf187f7d462992b175c5538dcfbf0c6d10f3e60311bdd8f77a3e3e,0.00014089326328925388
Source,023b4948f45435c2a39a80792ef48fd2d9edc68ce7f3334c12248f42b91539c004,0.00014089326328925388
Source,02f9b694a7e6a6021a546cb2ffcbecaff3e310594e2995c1a380fe45b788696125,0.00014089326328925388
Source,03922d844b2b85ecbb94e655a3fd46e0544adb4b6c267bc31067909d5b46744a4e,0.00014089326328925388
Source,028edb80cb2a4cfa10dc72fc0942ae42575e484480bf53c6373fc4d46240bfec62,0.00014089326328925388
Source,0329a9c5cea487af9eb0209f4bdc5009aeeeb02730d5594488a97c931e726e0e11,0.00014089326328925388
Source,03634bda49c9c42afd876d8288802942c49e58fbec3844ff54b46143bfcb6cdfaf,0.00014089326328925388
Source,02c640d89a909c2aca263f382b03c8a891f4db89e1c217092f4643dcae77e61a8d,0.00014089326328925388
Source,026e67b4ac53236968cc3edd1cff310469555250e661c45b34d86099794d9d4421,0.00014089326328925388
Source,02a3f384ca60b6cbc3182d344a1dc3b6c2c7211ab686f16e985643b6e6245825d0,0.00014089326328925388
Source,023273796d3c52b57e665730edc2b6c27a57ef0346ac288ac1efa6f7286ede21c0,0.00014089326328925388
Source,0351eb8461e0778696f5620224804ddffeb2f34f4c8b8a70800b25d3b502aa12f6,0.00014089326328925388
Source,0255daa2997d3f6cc54a088a51b2f71bf43a4de42ab4a49fc2b73252bfae92e563,0.00014089326328925388
Source,03d640bbfcdca70b622d8b51a4a18289747732a744adbed72d7f48d07bfd2b5047,0.00014089326328925388
Source,0293db9c19a49309a0bfcaa1011eb49b91881c367e7fb1f6cdae963107eb577424,0.00014089326328925388
Source,031d93a4513dfdeece33fb684ed909fd85317e0229ade179b47e8dd601e91013c1,0.00014089326328925388
Source,03ecf8f8cc25005ab0e7ba3f28969bad6791e09551bf5df6421f35f92551d7d038,0.00014089326328925388
Source,0389fc62e846f7cecb65b6ae404968fa21a84c58dc7273b7869e73cd307127d7bd,0.00014089326328925388
Source,02847cb165063ecba5927c564c966206be2893bf9046ffb4ece8de6bcbc0d982dd,0.00014089326328925388
Source,032fa0f1a5875d817487207ce64cc4770cf791ff1287e6cb963be3db275091f82e,0.00014089326328925388
Source,034a64c58e7402b1b38094f013e895e502ce6e789fdbade64292db459387c59fdc,0.00014089326328925388
Source,02f8ed871fcf6f3be9507ee781e27cc0f0a3ebd5e53b5717432bce4a11f907e989,0.00014089326328925388
Source,02cc40fe49b394bec5a127da528f45279a1c3edbe40fa12b85e9c465ae3373b46a,0.00014089326328925388
Source,03244aa672f25d1c2ba7879a3ab87757727872698bf79c436f8435bd11e45a50bb,0.00014089326328925388
Source,034d7f1df561ad068b23722b7be8b16c6e1022c8eb1ff9e6eadddb70b3eeff19d6,0.00014089326328925388
Source,0387adcaa599a42f01c745ec4b130cf8ab8109d8b7ce5c7fbf722d8eb5bdccd92e,0.00014089326328925388
Source,0315b81fc327ea28521316f903dea7826d563891e8bf7ebed3a24e269d978376b2,0.00014089326328925388
Source,03cf303f01f62f62fab130bcc2d51f12a6db36e476464cec1485e510923a05d559,0.00014089326328925388
Source,03f0ee0ac3746c329cd074018a4be3e472eb3d17ef2a4eb59d515518ab5c5025a0,0.00014089326328925388
Source,02628d8e2f33869db7417c8da48947d441dcd839e0a3ce5e91f9c790d1131cf9f7,0.00014089326328925388
Source,032b9dd79393e4a31411b8e00e38917077f58c776ef420d8671531b948fc838997,0.00014089326328925388
Source,036df65e4ba875a52c027f449a58c152b5de5a4e9c0d6aa14f95022df01ec4d666,0.00014089326328925388
Source,03f8a6bd06b5085efed3fcad46db019e1b15e82d5578ddbde3607d13ddc68078d5,0.00014089326328925388
Source,03fef0d5d70eb951e55aec0b6c76c685def8ae1d536e7bef5ff17947fc2beba543,0.00014089326328925388
Source,03851ce7b1a82b99a9fa1bd397a63c6342bb0de6d651860af663f9dd4c34b1343b,0.00014089326328925388
Source,02b910c9bc07fcb5b6214bb10b55070800addd2c2dc9816d9a22352447b873590e,0.00014089326328925388
Source,0264c1c5c416b481f4dfdc9b2fbfc7b56008461399fd3ee009dd677fd4d11a551f,0.00014089326328925388
Source,033d607b6032bbb42375c5dbb78bf1bc9115263b8eba3abc5caf2e3ace4c4dc80f,0.00014089326328925388
Source,02c9226772df3fe5023b2f842fc646d606bda9ce6a06b7b2d958e02b16a970c22d,0.00014089326328925388
Source,03bc9ef0514760dc116a938ff7abf4a9ec71fca13168fb972bc64345d4b06ae83f,0.00014089326328925388
Source,02da7bd301ad17f97f8a07395874ac99a41030cc69c4273debd8c1468941bcd101,0.00014089326328925388
Source,03035d2b1372b89278cccf51ce42024c3b92632eb99db2d2f36411198505cea4a6,0.00014089326328925388
Source,027d5369f807773ed75dc87dd12c585210b72827263f4a1009f052e67c12ac92f5,0.00014089326328925388
Source,03163687a6e5f19dfbd3987ec481fa9e8fbccb9306f568c3223fc45bcdc9ff02d8,0.00014089326328925388
Source,02b72c8f9e24bcad72dabe380c8f7317e934e52556d05714e74e398cece16eee89,0.00014089326328925388
Source,031ac142ce2343f4652ea0f1286b95e780da72628f8f8b7fa9975c9bcd421967eb,0.00014089326328925388
Source,03bcfc26ecc326d3ab012ac7821f6fcec6cb75337ef505675c522e28d69061317a,0.00014089326328925388
Source,02e20595e79f818031149ce1f6bd634d24e5dee2864f4ca1969e308595b2de73c8,0.00014089326328925388
Source,021eb7edeb69263b874b2903b28f4ee1f24dc18e6cbc74e4869b78978faff14676,0.00014089326328925388
Source,02880570366d9e1ebc5f8eb01d277594e1943a1c80116af96331a4be305cb11799,0.00014089326328925388
Source,023c9a852c9d8c95893fe3806ab448d3da15bdef5b5a80ea789fbae32bf31dc73c,0.00014089326328925388
Source,029679fed1c5bbecc0ea92c8e62b172e218fe37321d16cdd38bad8dd7b0095d0ac,0.00014089326328925388
Source,028508ec44e4c7d1401acbe6cfb33a2ed0e38103785e1f7564f80d29ca85a4c2af,0.00014089326328925388
Source,028f267cf3c6af0e299d0a0fb981d31ace95a83edd2126f9fc0ce875b9bd833667,0.00014089326328925388
Source,026a23e9fb9214954b9dbff847119bd5606ebe3726f97274162f059a5d14337365,0.00014089326328925388
Source,03262d1322fdbba8d553c946de2e1d74c8fcbd7a73a4ab3b9d59a4893bccfb6c62,0.00014089326328925388
Source,02b67e8e5cdb3d80dc38736ec0f6378b6199a99d769aeded2c3460f548de8822d9,0.00014089326328925388
Source,024bd01f2abdbccf670e1b6c5e0fa33dbb5a32781d9e667b893bd37c72c3ae1fb2,0.00014089326328925388
Source,039a41344ea8949727bc7aa5fbeef0ef08726c0c9c1c064b07b0e18a3fc9bb5c53,0.00014089326328925388
Source,0376ed0d3822229932ff0ec434642add13eb5f2a885e921194649e3efd2eb945bc,0.00014089326328925388
Source,03a693a567dd53405934ae69b3f4b95cf93208d9488767602131c68eb3723e08d6,0.00014089326328925388
Source,02747eb3affddf01bd9e3e674075217dea06b7ae9e13be3b9d4f663511c3c42351,0.00014089326328925388
Source,03248115007084fa39f54ad2e649735c8bc94722fd0039a8569a194a62e3ed5a71,0.00014089326328925388
Source,039c73f53daad1050a6a72afb5353a2152f3152ee17168cd0ab28c2cb3e0050e36,0.00014089326328925388
Source,038ed03f759dc7d8ac3d28de23b3d5eedd8cf3b919f539d80f0ecfea075e4028ba,0.00014089326328925388
Source,02a2cf7334d298dd11ff4e299c40c519013ac2148afd8d4ae4eeb96460c81b8b11,0.00014089326328925388
Source,03308a80c168bf6e91184496e90466f16bd9eb5235228c925b22186c1b9aadd6cc,0.00014089326328925388
Source,03a561c3c156c03974726ebd9c6d763c5aec40744e7e9d53b062aa5db3be42f538,0.00014089326328925388
Source,03156db69ed28e34ed1fe00d87753cf52e1a1a8ad149331cbd68145426f349430e,0.00014089326328925388
Source,031a52fbcb6d408d36aceb21b2d3ec3d2d331e993102596c6e00dbc42cda43ee4f,0.00014089326328925388
Source,036e3ec07bcb2c5dd7b0dd81e372295582a68940adcc74e3a06baa263c454148d4,0.00014089326328925388
Source,02eea9662e7ff9f892cb2736abb90aac479b27e7d4e5b78885f30dc27e229e3f77,0.00014089326328925388
Source,0394614d13aa395f9499eb4dac9d82796353e10809cd610807d49752aac5d10cc1,0.00014089326328925388
Source,02046a6c834ce50f93f72f1cbf95fa60393d6a204ffe085deeebcc5f785504a31b,0.00014089326328925388
Source,0206dc51d32bf88b7b3a5823718e1a2c95f14d13800ab4a66decf8658a560321b1,0.00014089326328925388
Source,02b3b5b6d83ecf98bd04a1e2ca6933056f890abfa8fb83723c821ac1b6d0e8306d,0.00014089326328925388
Source,0226d61ac53502c7edeacbbae2c5d50010213dd2dabc1a9d8cdda07d9e21fba4b3,0.00014089326328925388
Source,03606d67d00ce06ad053de1f755e6f6c8185ae66a1b1e06ec7b72e2ef702690d5f,0.00014089326328925388
Source,03b7cd8caa00587646081d8a5d9c506f01c32857b5e58e6ca583191f5c684268ff,0.00014089326328925388
Source,0305867c45466beed224d10e3dfe72d141267be3e78a7561fb73044c75d6cf04d1,0.00014089326328925388
Source,03f0a9ee16196e1b1a9079ffde104169cfd4a75ef8a2c5d5453bf7ef35e3458162,0.00014089326328925388
Source,03e1250e9a4da224ced31d7d15abff1ea36f7b18df5926e81b605093ff1f78c3f9,0.00014089326328925388
Source,02f480d6f059e8b980d79370c351c1f638a1021abb0e11bdcbd1352a0c71134b6c,0.00014089326328925388
Source,03f2fec2692d45869446ae83fd3c22c8cb036d2c3f466a728daa05f4bd8e4e9ff4,0.00014089326328925388
Source,02229f94d51028fb87a1fcb5c77b520836c0443b4d3d9fe311591acc481712f671,0.00014089326328925388
Source,02d5da8ed7c0d11f8ce6004167887814f0af6988a124131a7d0a2a956825607178,0.00014089326328925388
Source,02f61f23c6f2abd2543d2bae3212cc0c1746983f72a39c1eedbccda89c9ff557da,0.00014089326328925388
Source,031b2456d16fee868c5ff164b36243bce2ed23be88d28b38e5f2aa96107f0a4bfa,0.00014089326328925388
Source,02407fa98bbc5b6e80df801635518c5acbae6d945a34cee46724e9df6775d556bc,0.00014089326328925388
Source,03e35a27fa8bfad8675aeb9e96530e7b00e6fa03b571d235f6b4e68cfb4ef9097c,0.00014089326328925388
Source,025ee97f817a7811e76b7f3389fba76c548cd29dbab5ac31c6eda1858ca85c8dd0,0.00014089326328925388
Source,02b66c7fa0c49ad71b6aac46d2c13dca8787bd126d306afaa56c4e1b3fdfb330ab,0.00014089326328925388
Source,039bc282033a91628ed7d5f8ebd76b0fbb80a50da56d8b494df54afab3397ae939,0.00014089326328925388
Source,032a57d7e327f5be21d4fdc12b171b49a75a19b34af428699a7dcc06a9889ffccb,0.00014089326328925388
Source,03a9747dd16fe61d8d6805e84f215f6a9d78f6c73c4cf87a25091bae86d8246d27,0.00014089326328925388
Source,039104f8194c6f181eb54086f04321a3a4534f918d1196fa9684ee4a6bf1358a4d,0.00014089326328925388
Source,027a67457cd71ce54b50f71b62b1ce312d1290efac6a3d89a9f5110046349b1d95,0.00014089326328925388
Source,029f6118a30a2479e2661cc65418a203c00be8bd49a12ba1746d85cc981a0c8b9d,0.00014089326328925388
Source,03111d3b62576b78e628d1519814a40ed1ce0ad0356fcc3aa8935eb2d3b2581836,0.00014089326328925388
Source,03217f3189f789acb5b149dfbc8e8a62a8e5ad345060a3aea16512aa235b84cc4b,0.00014089326328925388
Source,0377c1b95f169934e3e8d1d376deb963550a20797f2777f90ee90e7a3c6ddcde30,0.00014089326328925388
Source,03fe3d7ce22ac88d2f0c303af9770cb0a2254125a6d29b0a6a3e449a459f1287fb,0.00014089326328925388
Source,02a606dad5dec0cebca903f02c0bd304f1aa5d3728812185ebd92633fc1a299af6,0.00014089326328925388
Source,02b8224bcc1b2972aebeae479dd5cee88c90aaa2fa5acc1ca11b67724d84bfaa0e,0.00014089326328925388
Source,0228e0118a39a971bbc7095ee6c0eda9f674df9565965297eb628ab2b5008c2b15,0.00014089326328925388
Source,0312fc4cdf881e2e100c88397c4e640d3baf95902ef8aed8100bebad66196a30b3,0.00014089326328925388
Source,0385e9dc4601811a4aa769e6a50401580be2087c7162f8c478f82296c8ee6ea8c4,0.00014089326328925388
Source,0213f90b9d980f2ac11197ae6232e3ff9417a7f25e5b7aaee88c54b2d632076c3a,0.00014089326328925388
Source,028742b6b8eb7f28890cb232b2d490f007baf9ced2af1519f61413ba0bdae32889,0.00014089326328925388
Source,02cdbfd26ed048703467d473d15a558a1e40f2e27f717ce9b631e69b9b928d2f7d,0.00014089326328925388
Source,03952caf802b56660c2e5edb8e4d600a79894b2e30b39b05d6f001847bcb5c4c58,0.00014089326328925388
Source,03e4c0b6c21ed24d00cd3facddbbd89e265b166f11e33d6e2634d48bbde9548a5c,0.00014089326328925388
Source,036db98e10d72088663fa3b13e2176735353c17cda450b87f3f330afba696e9009,0.00014089326328925388
Source,03b49b91435139480c9fa04dce171de764808612ae62f66f37f7ab1c0d5e7f1560,0.00014089326328925388
Source,02c341f9a0140c936bd7be263a4b193f398f4f6c4c3c39aeff8c945455ca35484e,0.00014089326328925388
Source,03565ce7581ebe011244905e201626fd70fda836be6febdd50e9026fc02d95214f,0.00014089326328925388
Source,0252d82174ea9fdd38c8a4653f6d6352d8ffd4879b3e8490e4736d171193265ef9,0.00014089326328925388
Source,036bee6e399de504b84d916f264703211f94008665973c048fba9a0f865f8724b1,0.00014089326328925388
Source,03f9e560c14ee32baa4e8a598c0132085b04aee5b780cb8cbe94ad65c86319c115,0.00014089326328925388
Source,0394693794f93d1e9b1034ab6d217af57a0de3d8ab18e3489d07c6819b2a780944,0.00014089326328925388
Source,03c7bfdc9eea4e469f1fa75adde830b7901db0068f2ed4cfbc7b72ab1d447c3f8c,0.00014089326328925388
Source,027653e3bb2c8f4537dc222bd56b8b8e4812a0761de6c0b3afba5ad8a8a1a734c9,0.00014089326328925388
Source,031ea699f2f5e657473fd14302d00ea8018c67fa83403810544f5bd227b1cd2c41,0.00014089326328925388
Source,02d0cf4b46bca89eb81d1fc30131ca4d473f690ed1d3127da6485f844656aa3878,0.00014089326328925388
Source,03a98eabe0dfc5b99ad7a54d2fbf4ab94f0e938c1b92c6843ebed935a4a97cf875,0.00014089326328925388
Source,0319f83c53996cedc6230195aec002376cc619124fd892aa520eda4d53204d9176,0.00014089326328925388
Source,0358b6d4e10b3a232b7b6f4acee3aab99b5f7f4e9a9e69bcecc875ea1e1a147681,0.00014089326328925388
Source,02c603d30ea3711144d4ee44bc928c411248b6bdf3f3c32af2ddfd2fd06692ff3c,0.00014089326328925388
Source,024124e9461c62ddc60e49d4c3b47c524f40c2089a082c8f7b69bc09775ef9a20e,0.00014089326328925388
Source,0282d22a092407a974048e51531ea51a0ee8471a01c711fabd01db1e14d5f2142f,0.00014089326328925388
Source,021766246e0580d9486b764dca127182213ad6fbfda09cf87c3ec7d572f9c9dc59,0.00014089326328925388
Source,03fa3be3b4528c1d588e60060d7f10e37c38f5aa02f867632a5c7b816cf5afa775,0.00014089326328925388
Source,03a97fa5c075037b62c37224ccad972e8d0b8c1ce7e273117aba4bf9ed83bb26dc,0.00014089326328925388
Source,02d4b66b52870a9d786084336faae9b7fcc436487d8a3767e56b0b3f3a57d00cd3,0.00014089326328925388
Source,0255ff94583166afd90a0fc0a3042b73724feeeb4141d5218b00e96d036ebfa2f1,0.00014089326328925388
Source,032b38087244e6478c76818edb15b91760b531444398607d001d444ff11f72fe8a,0.00014089326328925388
Source,020e0b65d0a930893645d8cf0f6aac248111decb927cab58ca3ff9a70c80e02ca4,0.00014089326328925388
Source,021893db301f95d4def153b160f5dad570f7c9efe347a0de89afb6d6a1aa968784,0.00014089326328925388
Source,0237a57bb5be91c75597a1ef3fdf3f5dc03590f866007b812516a9cf21b7d36f5a,0.00014089326328925388
Source,0243ea3bb76b2a149e28d7c5d52b25532920fa8115e23c51485348e5f5dd0e16db,0.00014089326328925388
Source,02586a839d1b928b16164555377193f34e88aec961acf50c1b392bcab9029b1a21,0.00014089326328925388
Source,0266d3b32fc5982b904bcf3ed7bb303ea84862b14237c5e78fac60180c0c1227cb,0.00014089326328925388
Source,027cc4f7586870b76c04233ac066516c7186edd3934c7831e437b95a43bb15b1d3,0.00014089326328925388
Source,02876aab940d3b77f9ee22ee5f070586abb3684eb5497e9fdcde1bb2f20dc994ef,0.00014089326328925388
Source,028fcf33530b7d0a5fb84681f4aa55f147174485d9cb86f9597ca4c95464927464,0.00014089326328925388
Source,0295ea8a519a6f79a8b772d9365d14d3493a3ca1811667f134f09be8279170e053,0.00014089326328925388
Source,02d73b667e695a81acf63f0f393c8652c0cca47b31754627237395c249828526e8,0.00014089326328925388
Source,02e0ef5a247bea1b1febf249c1b10583266609d859ce63616f54ea145a498c9657,0.00014089326328925388
Source,03238a2390825bff5d987c3f6cd7a648969a524143d984e8b446f9695942bfbe21,0.00014089326328925388
Source,032e5717e09b291ccbd18dcece1a3eb9ef95946534591f2aabedd5739a8190a413,0.00014089326328925388
Source,036f25bec9d34fe453c232c89f47c8f382b7ddb64fc812dc8b24074986630c398e,0.00014089326328925388
Source,038c7c4e7283682eaa7802ce60fe7d7d71d0c9e9868563fc9468daaeae995c6289,0.00014089326328925388
Source,03a61131233237e06cb48effae2bc100b98f32fe79500669241002d81095c94812,0.00014089326328925388
Source,03a8174947b5ed6a8ca5addd2d0b6a18a10cb4f01eac265a9a47e7ca24d616ff97,0.00014089326328925388
Source,03b465ccccd4f0d4f5fb5aee9aaab282d786a7aa645b2fb3f585aea722e17db47b,0.00014089326328925388
Source,03d375cf25c9bd3fdda58dc154676f8775ae7616b5f3887eff9896628e5441b3cf,0.00014089326328925388
Source,038f41f4a910c82a960ac9c8e5cc9daf729550bfb0b6a13d86edc2f79bff2e89ef,0.00014089326328925388
Source,0222cd9cf400cbe9bcd1472281e436d071b672d8a33bdd964e6a3504c4db2983e6,0.00014089326328925388
Source,02cac066b51bddffcf1e350a3130a7e060ec3ca958be605f98890c2899367e7f90,0.00014089326328925388
Source,03310e62007ec27cccaaf2337461691d3293d8758761278577c238b61ed84a916f,0.00014089326328925388
Source,036a74dbbca4d5ee296fb34541ade008937d566f669605b80b92a7eacbc2f21d6b,0.00014089326328925388
Source,03b82a1e38ce212d91714a2a8af260660a73c207fe60ddbe852dcc9b39fd9283f2,0.00014089326328925388
Source,021ff53e5fa02a31978765ac0ecc9d0f9698f4499894acf16096fb7af89e661203,0.00014089326328925388
Source,022ef700bae7557ddec5e49a4cd39028de40d2a9a56202a57b2a0431da2713256c,0.00014089326328925388
Source,03a800d2a70d1ccbe1e214e84dfcea802d5fa70adc6c3c84c946804fcda57139dc,0.00014089326328925388
Source,0205823109f3d6e1ac5f3e5ab41ab88bf463ffa7b59a81d07d8b688fb737e11955,0.00014089326328925388
Source,020f2b226a61d8fb8ddb5f7430ad081e842e9f7960d32a2e8fdadd2c1fcd62ecb7,0.00014089326328925388
Source,020fccc5602053c438b13ebee7aa31a25e9c3803baace5afcecedff8db70543747,0.00014089326328925388
Source,027ccec61f4bf1fafb5156931da6527dc104ec3613dd4f4050161d89dd76ab494c,0.00014089326328925388
Source,02a6d96a2a22c322824e52b476ad1bdb930f96f736d889d98befa7621abb738490,0.00014089326328925388
Source,02d0f53a403a0b16efdec1983a082ab7645e35858f6a855871e489c9992748a059,0.00014089326328925388
Source,0332317f2fdeab6fe83675ffde9d8092b5bdedcf7ab6e6c2dcac62a149f8eae8e1,0.00014089326328925388
Source,03557fd11b58cb93d2ad4fab4dd4cff7462a97e21e8f6b7a712cb8bd27a96b9eef,0.00014089326328925388
Source,0397b318c5e0d09b16e6229ec50744c8a7a8452b2d7c6d9855c826ff14b8fa8b27,0.00014089326328925388
Source,03c7cad7e4ecfc741909b910d59b31b631e36afffc58e87389172c80702fddcbfa,0.00014089326328925388
Source,03ce15213fc42f04132edc0acb73d5830371970bebd7e25ba4a3ca2552d1ae6fdf,0.00014089326328925388
Source,03d301eedc0949238bf919452ee7ef5c45bda4adbe17faba4037170b3573841446,0.00014089326328925388
Source,03f47ba61341a704b0910b6d1fc8a938bb97152e8df94dfc142816d2721b5d5c73,0.00014089326328925388
Source,029deaf9d2fba868fe0a124050f0a13e021519a12f41bea34f391fe7533fb3166d,0.00014089326328925388
Source,035037f67e95f197fdc3473097d5e2948500079dd02f26aa8e89b7534bee4b5ec5,0.00014089326328925388
Source,022a2156e922ecf190106ca918c71d6ce6318852d9bdd101f83bd770033d88f291,0.00014089326328925388
Source,02aafcda66b686ea24000ce38d4b2a6542a3a0c1fa815a2e7ad50e96f143a84163,0.00014089326328925388
Source,03124d47c210a26ef5c640e5e9e46720fdb1a3bc46c5a50db7d85e39bf1a850dce,0.00014089326328925388
Source,02315c1942e41007fa1e862f0f78083f64e3c6c5be9ab23cd470d0837996dc9416,0.00014089326328925388
Source,02bd131a49153069624cd7e4ff71ce3af5b0fcc9498b6618ed18f5ccc3b632d5ae,0.00014089326328925388
Source,03a7c4b25df6a857dfc25e3af495609a3f210508e65673c9837fa7542a1e888b83,0.00014089326328925388
Source,02450443be6ce05447ec378a526dcbc0dbef6371d1f52363a8bd390e3ec19a6d21,0.00014089326328925388
Source,028bd1c9d34914de7b22185f85ded73f8997b85b5211bfd31f7550464036873566,0.00014089326328925388
Source,02d7d6121fc3237be2314f4b1ee70656253888e4dcaeaa862cd9210a41a088778c,0.00014089326328925388
Source,03113d4fc8687c804ac8c15c9966dc813edc13a4e8d7f0832056ab0b081a88b98b,0.00014089326328925388
Source,02f4e90814cf5d60c6a53938707e5b5e1a3500581dceae07ffe6657edfef2a0d21,0.00014089326328925388
Source,03e835781a45e4f9524f8c08f9aa25bfbf8863fcbba00298c7da2e1c76679db54e,0.00014089326328925388
Source,0269b91661812bae52280a68eec2b89d38bf26b33966441ad70aa365e120a125ff,0.00014089326328925388
Source,028e5b0b0938d07c0cd697b9bbf51fa3331571bbdf2828b7de44eb228b816f38ef,0.00014089326328925388
Source,03d06f929da4a01b40e2af72caee3526356ba6b670974e4a080559630cc4cebe32,0.00014089326328925388
Source,0260926a546fcae46b8382c2a3fa9de8b778abf26c8913b0f70670e61df8f019fb,0.00014089326328925388
Source,029a8741675c4c9078b577ddc4348d602d2fb45a12e6087b617925997a84f4c02e,0.00014089326328925388
Source,02841acc33b3e16fcc0cbc09787d40ee440f905025e43fa4ca825e18b002748ae3,0.00014089326328925388
Source,02fdd51d745a9b4ff0b73eacee386a826674af13aa737fa2e0768d7f5e7226189a,0.00014089326328925388
Source,021c147c87bbd5f570d48c043c0d90694f47f2fdbcef1153acc7aa83e8390706cf,0.00014089326328925388
Source,026459644cc397590afdb7f856252c936e3bc56ba1bcc7278ba617385df0871eb9,0.00014089326328925388
Source,026d291cb5d1da2b08afcda54987fa07d547cc87b76f1727a9a6421617a16c5134,0.00014089326328925388
Source,02bc3068585fa0bc47bdc7dc3eef38d4ab16db377c69be3e46a838bd53be14eb79,0.00014089326328925388
Source,02d7d817bcf0638d508ba4a4678528df555c6ea6ed99c9dcffedead06c7187f204,0.00014089326328925388
Source,02fbc88ad53418d0542831ab87f897861e5c3eb79123eb1128d6a20ec9047d7143,0.00014089326328925388
Source,030443f43f219d3d9b0ce3e85f8b5e4082c80ec82ba2e6f4b37a4cd2fbaa29e96d,0.00014089326328925388
Source,031438e033fe88b635c02d6acb98cfd2c86f50215e4e45af659245cd7086e23f6a,0.00014089326328925388
Source,0328bb126cf73088289a4472b846317ad10a04c2e94e5437886a7367d0571b76c4,0.00014089326328925388
Source,039275e7865f742431f2ee9136fa8bb6c9d2bd6affc5cdbe3ceb543a597750035d,0.00014089326328925388
Source,03f1cef603724f0832a6cf14f8ecdc1f915d852a99575b916262067c5f677d5ec9,0.00014089326328925388
Source,03f9161b74afa4125cad569dc53c6b345ffeeca555f30d360183ea00d2d0ef901e,0.00014089326328925388
Source,03afb9fa9d00e9717b17fa9a6f03fac32ef8cc2a6a7143ecd4f8455196c8d815d4,0.00014089326328925388
Source,02576fad580a229641351ac6505dc1086415d1162b150a63ec8f560115d60af3fc,0.00014089326328925388
Source,03b14edc2c0645a69d641080ff968a8c75fa1247334da8b6fdc9c3e90ca6f99052,0.00014089326328925388
Source,03b451b5f0dd46d0980d8bccfeaab79712086839e9e617ed93ce92e7cbf5237e2f,0.00014089326328925388
Source,03babda0912af1551c90d2ee6d5153bf9c2472e7308a667fc11850efc06fdc720f,0.00014089326328925388
Source,030c4438a39940cf6f866fc642f286466d8ee2ef1b286bffc58b5c5ec74300f2b6,0.00014089326328925388
Source,020d1cbb82676af152d87d5c2865f113936624c249bf9dcd54d4aeae52ffc8c5e1,0.00014089326328925388
Source,037eb17d0fee2d20bacea3d78940b40f4ac61a5a7040a23b6e8280c80d7ebfb420,0.00014089326328925388
Source,02ca16a1dcf909619ce63af162f3277d000a42faa3ad6fb0eb842f7e5005fb256a,0.00014089326328925388
Source,030a122ff132159784b51ad9af1910b22d3d7887bec423e8611c935410e3f3cec0,0.00014089326328925388
Source,03311cd0ee45bfe0839f70bf2039aaddffb6cddc5b6988a6d2b47ac906fc95a6b2,0.00014089326328925388
Source,035583ef6cc55e0d413c7d12eea3d53b6add5988485ceca8e92bd3ca01ec9f4d29,0.00014089326328925388
Source,035aef5661e1a6e370db60dc0455796800afd5b51fbc12a0a8b34836b15f5d7ef6,0.00014089326328925388
Source,03b6b0a2a5e8300e2645f7728e699606d1df0408492ad6c88631d569ebcf511151,0.00014089326328925388
Source,020d0801b445d07d8981546010519e640403d406fac5636e23427a45240318aaf1,0.00014089326328925388
Source,021779d56f6992431e959991a664d678a2f41054073adb48c5a351d791c9cb0781,0.00014089326328925388
Source,0219a49719b6ff422f2d11870c7c2a88e4879d2a2ff99f43ace6eba8bf53670a06,0.00014089326328925388
Source,02ed9102fe81a117b19f0c1fe0586536a04c962838677dcdb762aeb9804d9f33c7,0.00014089326328925388
Source,02f64aca3b9d52e2f2cb0f137fbe5101db6eac4695510f32ed46c50004b7ca1fa7,0.00014089326328925388
Source,0324957a5ab4f045fc02a492eb7a3ff375a4bcec059a6a31cdb6360a5aab7c53e0,0.00014089326328925388
Source,033cfe09030dff97391e08cd08c77834efcb44b706bee7ac7d0866b02ed67f356a,0.00014089326328925388
Source,034363e06553da98ceac17bd4fb1cdef9f69d6ba32510c051559e017724e2310b7,0.00014089326328925388
Source,03ce648061614b971a3a990e62cb5f782ac94e9576f2311256b2985bc05b5033e0,0.00014089326328925388
Source,02108e8231dad3c19fc2aa3d31f5175f89dff41f1a280de1289a7ec7fa96d1126a,0.00014089326328925388
Source,02186884f3175a4935f7ed48cd45bac81391073d4fc5bb706037d083bae3f18036,0.00014089326328925388
Source,024b8eec9c9a3bf66249396a43011e8a949ec8c580b33f63b085ad34b0dbefe1e0,0.00014089326328925388
Source,02513e59cd20bd31bd4c47f6af1be5760c26f6fa9446f648c7a73e17ff7ab6d32f,0.00014089326328925388
Source,028cb872871e840ff257e59f14e5b3a435d65a006ead2aa191787d2dafabf6b90b,0.00014089326328925388
Source,02a65c22a0e401a73b1666d03d62b52276b24950e2b723abfa419033fc581b937b,0.00014089326328925388
Source,02b19c4088fff675747e06cc7a565948a530a7acb3cb7c307b710735bc81d7322a,0.00014089326328925388
Source,02bb7805e3458259a3dae6f7ad0ce8c45cd34d11e1dea31e5a3aa1621be603b13e,0.00014089326328925388
Source,02bfd4ec033e053a08c7b4cd3c7e0718f3929da9413ccc02dd2a06797a2b848653,0.00014089326328925388
Source,02ccb499f83ee471ed28c6fb9a5d160872059d3f4bfc63a35f68271093b036f7d3,0.00014089326328925388
Source,02cd03c23bbef0068eba9b27b680f2da43e0a1b80e7e0438d842d17bc160a9761a,0.00014089326328925388
Source,02d716011c96c7fe63703f3c5e064df389f2237b2980c866f237be8f893edb65ea,0.00014089326328925388
Source,02e786f84721176822b546a9e170372b2c9c86db4bfaf68f7c12fb211a4a9ab10d,0.00014089326328925388
Source,02f838f774549eafd782016c7a18451d36c4aff0a663e3d1d44b8ef84c5debf8c9,0.00014089326328925388
Source,030474c6abc3ec16c163592480865f76a3c18ef206540a3554889973fbd5be6375,0.00014089326328925388
Source,030b3039fae0fb81a9e201b1eeef1a0cd45fce016d4f9c97d43f71850454ad220b,0.00014089326328925388
Source,031de60d9f2aa1356f43a3452197d48a0987ae57b1ab8bc08c196d1348050c3090,0.00014089326328925388
Source,0324f10cb994d70329ffbe9482478ffbb22246be593ce8aed81b2ef4edd528809a,0.00014089326328925388
Source,033f142bfa5185797a8251cfbe47d64c525b922610b2856c6bbcdd5b812505a17b,0.00014089326328925388
Source,035113f62138cdcfd391e1f97550aecb08938f58e86b47d739085dd898b0509fc0,0.00014089326328925388
Source,0383bcd5030220568a3fd44e08aabfbff877d27c04b949cc3e4aad4a6e0dfecbdb,0.00014089326328925388
Source,03956050c4d153ef9bb8c265710e901deb2028428be8eb6012ea20a6b85274384d,0.00014089326328925388
Source,0396948e401c19d1b2e25ca7996eaa6f57d885da9940349499a53e9ffac877de1b,0.00014089326328925388
Source,0398212beaa280eabc2223dcacf248496c59195fea23a7684888cb948baa9f38e6,0.00014089326328925388
Source,03a1ef812b6b934c5e42444d88f78bfead717ab1b940e4d9d5b51e433c9f61e702,0.00014089326328925388
Source,03b4ab0678003eec5e19e4658f771a68b229345090e7e88ce36d69e177a38b5275,0.00014089326328925388
Source,03b91f9e26bce0b501102a1c35ae41a883f636e94704c00d941356d329e0e7f9ba,0.00014089326328925388
Source,03c04ef9d6941a71d8fc34b7596fc8066c06ad72f955f9e37afe11be2114f25694,0.00014089326328925388
Source,02136f7c677412fb20d8a084846fc2c0bbd4a10608f7002faf606825bb9a386451,0.00014089326328925388
Source,03d76bc05bf0dc8d4ca547f3a9a1e71df8e8a79698ba2b8e80a3dcb5bfa4905255,0.00014089326328925388
Source,0204b302712b89e9c8af327e7ec9ff5caa497e0ed61aeb9f3ccea0a07063f412fc,0.00014089326328925388
Source,02063c72d0143d753c5ca7c5363067950602d394c99e837399c34febbd3870cc0e,0.00014089326328925388
Source,0208b5c70e635cde43dcc8e619d0fcb0273224aa6caa45bde28e8eafe720ec9f2f,0.00014089326328925388
Source,020bf0c421ce915ceb0c1702e136ac3be920c7f6afe3ed75f722babbcb726abd6b,0.00014089326328925388
Source,021569ba49396884ddd2d59027c0f9426e876b44075faec456d971cc97407046ef,0.00014089326328925388
Source,02361dda30e56c5d6e059a7c7c539d50813279ab7de2ba26002c1f255a322f103e,0.00014089326328925388
Source,0237c16fa3bea73aae09434d93ab53c34c22cce99a7b0de7d80a58c081b9566cef,0.00014089326328925388
Source,023d717737650163928e7bc24a5dc37c28f35dcb893f2a27c0f47b08147242e5d5,0.00014089326328925388
Source,0241e0f3e97edb6b3e80b5f1e779eba7808247af1a8c9324e592ef066e168ff833,0.00014089326328925388
Source,02421944afae59a46b236fb5090e4f4d1a8f4d7421ddf81c814885948a98fcd57c,0.00014089326328925388
Source,026c824ba8572f109607cdb86d7c93382bc7830dff4cc73a219489a14d224088ed,0.00014089326328925388
Source,02a8ef752d4c07b39ac16458fc02199f08e6856b4bca4c1b1ba2636ffacf74b99e,0.00014089326328925388
Source,02ac68441b9f203eb21d49bcaa7e932c7d4260f1b8cd504c01d6e67a0d0949c0f7,0.00014089326328925388
Source,02b7d14833184acde50ea2e6d8c10d68273b17b19f80b3bfac9d745a8011450d27,0.00014089326328925388
Source,02d97e94cfeedca2a3da47acb400bc6836e671b3cb3fc05bdd6993acd64483d09a,0.00014089326328925388
Source,02e2ac7934d648571910ed23baeb56999c9b498bf222e8d8416739bc40a6f91ddf,0.00014089326328925388
Source,02fdd165f1e8eeed659ab42b3590dbb64c6bccee45d05772c662d59194311a1c58,0.00014089326328925388
Source,0306eb1e8c8ab61e4b083632f0b9d556c508537423938655a2074b6f14615b67b1,0.00014089326328925388
Source,030de9ceb7633d9fdb0ab185606c16473fb5c24b81b4ac8c89d8d578d4415c826e,0.00014089326328925388
Source,032e04b67641c00444af1d83145c0b63bac8316a6afb8fec0f87938295ed8bb129,0.00014089326328925388
Source,0346eb9c0beba3002b5725bd814cf779933113164193d1e37dc2c93bb59df2ed10,0.00014089326328925388
Source,0384d130bfd760b6e9e1155963558367533552ef971563a72c6c5cb117af9db93d,0.00014089326328925388
Source,03a154ba369a1f11e22ded522daf42d14d758f04e55ba9b89143aaf6211c3d7c59,0.00014089326328925388
Source,03aed93a4d0ef60f7c5f4642a096d05a41e217ad4977fed3fecb638879fbc884ce,0.00014089326328925388
Source,03b7426d09cec1f310d1b83d4c3c660c747fb26b69687f4dc9987bec8455f320fc,0.00014089326328925388
Source,03b7567cb6a168d177311b4f3639226211173da50a5eed40fb5bd98150cabe6dd1,0.00014089326328925388
Source,03ca0d8ffa217f86a5787b9a9d1310998b6b8c4ec60d3cd1c785fe96c42dfd7fdd,0.00014089326328925388
Source,03d7066e423bf7c9667c0613b4eeecf036937407ef33f997237da3c2b5e2746d0d,0.00014089326328925388
Source,03eeffb7a2ebecedaaed8384447b1faf60c3147b935c971cb385ddfa77488e7f34,0.00014089326328925388
Source,03f0f99ed3152515e6d7d0b2ff27110cf668f563a30d02996e2f85e4e409f734d2,0.00014089326328925388
Source,03f2dfda18d0731007da1129e09ba9ea52ebdf2910603804d08848c65456047334,0.00014089326328925388
Source,03366fe208e9520b69366efd5006d4779efaee6055b3d8ef88e67e613e05362fe3,0.00014089326328925388
Source,034bcc332390470cc4f9ef7491af1da2ffceefccd39ceb6acd87c83920543013d7,0.00014089326328925388
Source,0364d1e82d18a218c5dc37a0c6ceba75ae424ef6d8981159dcd7002392293b533a,0.00014089326328925388
Source,02108182a754e0d0e42e7dcbc9d79f145e51afcc3b49ee6a2463d8999274f8aa4f,0.00014089326328925388
Source,03971a0043dc66c6b09201411ddc44d9268104331f1ff91dd67414edd99f1d9094,0.00014089326328925388
Source,038399372001f2741d58d6ec4846fccb78daa1a485e69e2eebc5aadba047d35956,0.00014089326328925388
Source,02113e91f9d35ce3140a7a6ddaa61a5998c0cd917c12de06c897f9ad04470cd5c6,0.00014089326328925388
Source,020a1da95f5e9bd0dd31b319a5ab9846d24564a9f71057d22dbfd32f53a0901c36,0.00014089326328925388
Source,028238fa7d7d4b4efb63295ae81494b481f10209a442d29f8786972d2dfbd6e8aa,0.00014089326328925388
Source,022b5d5840fa6dc94686b29dd0c514922e2d5138e64f2be7b2cb797f32f88a094f,0.00014089326328925388
Source,0286f3de56f3cd0d47698e92a6cc05c7507cd25c5c0617e444cb569e27c2275d49,0.00014089326328925388
Source,02997ab4ec93d45bdbf9cd6571e79e1eae9f06d05a0fc7be3177adf279c9f9d305,0.00014089326328925388
Source,02b05dd2630c198f8e2c111281e43181ab13a8c6f9a0936994c87f845d2e0d48f7,0.00014089326328925388
Source,02ba152ddf541e2df1b027c94fa5c745339bd6604beb81450d83ad2f1b241a283a,0.00014089326328925388
Source,02dfb437faa0ac5570551dba72197328a055540741019fe47905f63c1e15cfe590,0.00014089326328925388
Source,0342e108e52bd523390fd406121aadcb0dfbc7276b4dd2416295d52719ede5c13e,0.00014089326328925388
Source,035bfc7826ecdcbd548ff4cfc897596b3711c465297286434bb3f52fc7eb0365c0,0.00014089326328925388
Source,03a6c76bc5b9ae5d73c74006a2d51afbcaf4c79b37197b5dab26779a8db089b206,0.00014089326328925388
Source,030b147e17219fc19b2fc4e94e04d67eecc0b562c7096655d0560fd05cc9fb91d1,0.00014089326328925388
Source,0248ad67c43b8c3cddb939d438cf7455ce5301c83f39c185eadc58a59799875a44,0.00014089326328925388
Source,0279c1c9df1a7289c14e800c399ac3862c313ba801ba9322ca580828f595d13cf3,0.00014089326328925388
Source,02a453194425ce955a709a63d60aa517b59189a3baf49f46c1dfb3c45d9a9782d2,0.00014089326328925388
Source,02be63834f828abfcfb4b547e9b8a48bb4caefe497b2e0c46eb8dfd8a85e168efe,0.00014089326328925388
Source,020753e922dc539321034d16ed0c3f4ac066c61d2f9c9392428024f362c5b1e6ac,0.00014089326328925388
Source,023d841320a9746914e0fdb374a709729dfe9326a9cff82c5dcfc722c18330503c,0.00014089326328925388
Source,039f8fe3c7bcb27036ab3f29fe13d85c891aa8bc8a968f2e3bd4e38ff7e986d4a9,0.00014089326328925388
Source,0216cab3f23d522a303f75effb4d8652b0ba71de36a9aff9ebaa8f376ee479cc7a,0.00014089326328925388
Source,0324b38edb883eea7f5268194dd7c4968f25828f5081c287378549d344b3b209e6,0.00014089326328925388
Source,023a90f140da9d967df5618d9aa5cc146c9d3e9d1696569262aff0259c885a1ea5,0.00014089326328925388
Source,02a30a322b271579e0875fc77eb265a82bef0d82589b87560d2bbc41b05804b759,0.00014089326328925388
Source,02b103f2cfb227cca4a0ba76d0ba102e31b85df92976a3d6541f47f5abf84b5944,0.00014089326328925388
Source,02d147d5b634e3ef558461f7571099ce4e2b04dd831d9d0f2c2ecbc1cd814cae20,0.00014089326328925388
Source,02d27ab897f5f63bcc21034a273e7317b5aa5b5d0234bd3168e9968b4e5a9e7ea6,0.00014089326328925388
Source,0356783c5002aa07a5f7bcea275336b83698d2c1c68cdd3fa9f707b1bffa68042e,0.00014089326328925388
Source,035ee4232e84202c4c7a70f479beba74a424b7ee6235123400071844fa2efedd7e,0.00014089326328925388
Source,03619d89f577fb20dba8603092de628f0d34733d0598b4f7818cc61655edc84acd,0.00014089326328925388
Source,0371e2760f38eb534861a4f0cf692a620bddf1f39be7e6bfccbb3c92699805835c,0.00014089326328925388
Source,03952f8756c036669440e06c782c7f21732886ccf04052e0e6e792f8f5a490f6aa,0.00014089326328925388
Source,03c262d20edcf2acd25bc70139097bd7af3a4f691a178b8a88c9f52109d3cb6269,0.00014089326328925388
Source,03c47376a7259718938df8d28b5788362d88dd4c3c94e8e8a005ea04ed71b396ed,0.00014089326328925388
Source,02ae088746d8d003f99e6f49add9647e473f80f6a6e1cdb63e4e7f23d98115524e,0.00014089326328925388
Source,0329dba1de0f3c7c55f2101bcfdf1b3a2a8d13787d9cc33ae6c48a944992521516,0.00014089326328925388
Source,02036e0f538728a26a9e2ebb42890a9845c6dc9f46a09047ff3e382b5bf9282c17,0.00014089326328925388
Source,020c05e4707718b2914f4deb464e082a39b549b728e280de269e995cc168e2e4f9,0.00014089326328925388
Source,020f63ca0fd5cbb11012727c035b7c087c2d014a26ed8ed5ed2115c783945a3fc7,0.00014089326328925388
Source,021158a4fd51a0aa1cb43b968d9ad64fd47839f75fa5096416d106f881bb7cebde,0.00014089326328925388
Source,0214d28419b0f5bab7d295c1516746da3e72f92377bc6eef90f54e59ed7fd4cb8a,0.00014089326328925388
Source,021a7a3ed92d8ab554fe89cdb77e7e2f55cfe90423671d1f500fe99b1889a0c651,0.00014089326328925388
Source,021c9bf3307b60da56bc3da09258bfdaa98af6db4496541f4c7411b37f5cf89e3b,0.00014089326328925388
Source,02336ba94170fee55fd0c0d08c8bef95c4650526a5e370713f4d5d9409ca1bdc5d,0.00014089326328925388
Source,024b76f5650488d84b4ffc43e78e9ba0df9164f77e5a1b3af06762b365c97eb4cc,0.00014089326328925388
Source,0270b2bb10ffbb42160c4e9f51eccfc7fcfdfc970e7a54bc56a1bd3f4a65a67dd2,0.00014089326328925388
Source,02735db1bf8f7b9f733949640974e3aa527aee3c277fcd9d80b7af6aaf5c46b64b,0.00014089326328925388
Source,0275dc3ab7509d836799fdeb97b58021ec369abc3cba49c19c044c60b3cc80b92c,0.00014089326328925388
Source,0280247f88e7519c1839cc4a04f0db58b7455b4ebb40236fba9da11a8c9076f0a4,0.00014089326328925388
Source,028d74b1db1774e0fe730c8a9ce96d2af8c66bff6cca6083080ba11f7b0043e62c,0.00014089326328925388
Source,02937e5843d9f4f21e3dbc4cd955b132f13d7962d4a56027156c6971470222db60,0.00014089326328925388
Source,0293b55be990c884651168ab8afc69a8b4fceeb8d70493d9ed53e961e7bca3c6ca,0.00014089326328925388
Source,0296aa80c0924498aae48ce6fba6a30916920f67e3898d98f2089048d394d590e0,0.00014089326328925388
Source,029707c0881747e9a359eddc62a50c71e7640f89aa8aa3992b8c809dc32ae675f9,0.00014089326328925388
Source,029d50d59c78b81a39f4ca40b6bc9b89710542a31429b69aa075b91b587979205d,0.00014089326328925388
Source,02ca52d156590fb94a3969ff1c0d0625487ded124333525fd3c44caca3c06b0c7a,0.00014089326328925388
Source,02d6b6eed245d426b5fb4d08ebf0144752182d44f8d04c02562b0d5ae001b4dc64,0.00014089326328925388
Source,02db0c34b346097ab41e4565e34a47ba1833ee1b82c02766e6a2b002ef3af033dc,0.00014089326328925388
Source,02ef2657fdc6600402733b07415d3cd88a9bbf700263c1535a3f775ec1841a3b95,0.00014089326328925388
Source,0307305c269a1ced7a5374ac21c420ca71056e9be54a60ea7679ceff10d4ac55f3,0.00014089326328925388
Source,0309de1dcfe75b5e710fe3da834d50b7cdc262f7ead1a2cd8b224a82aa7a8f344e,0.00014089326328925388
Source,0314631d7a220ea6b849f4bc4f2dc1bb13c2114b8d5ba2586abde793685ea68256,0.00014089326328925388
Source,0317a21175c77f374c329410e6ce00191e73104221e37aa97f9920d6cf5ace7e71,0.00014089326328925388
Source,03273bab3085b1368b21314b8f36024a9efbbead2a7d6aa2927791b9bad7c699ee,0.00014089326328925388
Source,032dc8ddcc3f220eeb83c7df6977118b7c2090dbd9a7639674d292da02cb873346,0.00014089326328925388
Source,032e3a79dc1fcea708708fd9c0e8bd0cc58b3e94507bea33865a92fcd98cc16537,0.00014089326328925388
Source,03355db404a5f3ab7edf2ec897606aaedfa7fc987fc3c1018affd6ea22d4ed4fc0,0.00014089326328925388
Source,034bc99595e8827534a326a0a24092bcc439d3a5b0714d9a9eb56be7313f3b1514,0.00014089326328925388
Source,038118e0490f8d3df07b6bdc5e7034dee90d769012764d31bfeb167269866824f0,0.00014089326328925388
Source,03b1ba0b913b793b4de77c9fbb5ed3bfc3897e247113b3c2d7d34fed0895ad4e1e,0.00014089326328925388
Source,03b2aade3258e971000ec9e1eaf4fd3261ceb4a0d608bf7d78a0c4c0299f81aeaf,0.00014089326328925388
Source,03c445a245209e328a10806d9e5acf5da8238d8dd0274670a7225a890ab941f456,0.00014089326328925388
Source,03d8bb298bdce94237ce7674e3eb5e45b781445be5d35e9b4b8ef3d760872d781b,0.00014089326328925388
Source,03dd34e6d8abff90ea6d990274e682588d007851497676b68b21d5ae19a5dd948d,0.00014089326328925388
Source,03f21fc2e8ab0540eeb74dd715b5b66638ec1cd392db00009b320b3ed8c409bd57,0.00014089326328925388
Source,03f9f8dc293a5ac34e45d0855b67de6b8a00dbf11903a6bc0961df5bd4d8c08861,0.00014089326328925388
Source,02d461ac6e4e6aaf37f8b5b7016f3ddf6fec1353ce2b627d6214effac9861c4e20,0.00014089326328925388
Source,0222b780970b911a67fa781fff912b7d2da8d90e6feced65ab04fc1afe83f123e8,0.00014089326328925388
Source,02e0fb1c1f31d9b480418e98f083987110e59b9a20bada4aca6693d10f6cf3e060,0.00014089326328925388
Source,02fc7f60800bbb54db9d0ec22c32b4dd2565d6feb8c618dbf904b7e0a293aed0f6,0.00014089326328925388
Source,022457e61da38e1a7cac56a054eb0ef225d84dfc6b932dfa119ad7fe6fbecdb71d,0.00014089326328925388
Source,03cd8d692b963b5abcd451607ab7a8a9c1eeee69df1adb3c1ac575e1f8be3b8fee,0.00014089326328925388
Source,03fe57c3253bba87f1d1b5fe9f96f4df5d6df7146a89df56ca743eaf69d323afbd,0.00014089326328925388
Source,03eb7d6ac77723c3bf2579dd2ea30fa9ce46b69466b6002e5f1c3b506756c929e9,0.00014089326328925388
Source,03de7f5fa97bc87f048e977533fdc0484bf4e0a5b5ca6e55f7baf32b533cbac3f7,0.00014089326328925388
Source,02b33a23440fe60ebab1aa737f1b3de5edbb0353f41f0dac79319d7652a9aed1be,0.00014089326328925388
Source,02c68169a28016de14cb59bf33983f18dbdb030601baef508105c7fde8d0d85159,0.00014089326328925388
Source,020327bbd6b7ebf577a041e24cbdc0b3ddb6ec4a2ec89e271260fc9d6fbaccc80a,0.00014089326328925388
Source,0279f930a60afe43131fd3328ff4a9c55293254c328f45e76695c1ab9b3c5a68b2,0.00014089326328925388
Source,0294e4f3b85296724fdcfa32bfdf6be4215da1ac044f5ada182e5d299a4e8d67a3,0.00014089326328925388
Source,030b9d7e80a4cc1df746bfa4b79574d2334670d8b817ded494b98cd996f6ede960,0.00014089326328925388
Source,03a8eb40ba4c068847ba1a98bdfee2e7d0d3c2844d9cbba65e715966eda3904ed9,0.00014089326328925388
Source,03f7b3bcb6f447b5ef9551a54accf3577e64f070b711e670dde34fdf21166e4463,0.00014089326328925388
Source,021d9deaf090a021c6e464e3becc5296161e8aaf5de3c7a1d517838cd74525834f,0.00014089326328925388
Source,0201c0d730b56ab512e5d1a81d81aa31d82cc27c565d9d7af9703f4f457c1ebd8c,0.00014089326328925388
Source,02fe834b5ae61ba588d8af34429cbd899338dff7e7ca3d583de466373a0e9df024,0.00014089326328925388
Source,03e5a594f574f845409d474c105c5d233291f94d1fba4ee6a4de595c576bd2f4e1,0.00014089326328925388
Source,0202ca96e5240a938e53de235a7ac4855a3c028d8fd08b98a3e59fd845a0238201,0.00014089326328925388
Source,023b4a4d6a15556df1c487edf078b97ac85bd54d27f1b1d2cce4df130d85a6eb9c,0.00014089326328925388
Source,024844abb8efc3262539fffb66cbb46282324894212a13bb5b4c7cae96744e5a97,0.00014089326328925388
Source,026a0ccc1e8f306827043774132988fa44cba04f7b68277be63229d52eca02256e,0.00014089326328925388
Source,0277eb26dddfb884052fda1adf070a08a81af73c62b3cdf577c7d9fe36270d0a7f,0.00014089326328925388
Source,0278630413d5af0d3981e1788d9ff27e47bc5640ac2ecb6d123309a0992a67bb08,0.00014089326328925388
Source,02a17356fe5fa570335f171f66cd874b94ddecb7c49c5eae04d66b53023e8660fe,0.00014089326328925388
Source,02aaaacf06de5c658fd1544301fe9e41670d079e942382d584db9a372d504b72be,0.00014089326328925388
Source,02b3877314aff657216ceac039244fe94e7116af10cfffac0232fefa5903c62a58,0.00014089326328925388
Source,02be74034df42a6cefa7d204ac726393f07a2b2cac9cee07400056c3512b6c2271,0.00014089326328925388
Source,02d98ee97760aba8124606c177d0e4c246fc6cd7bd8f8bd3857f20805a62ecbc26,0.00014089326328925388
Source,02fe9469e1d7da69539e365c9b2a64d277ed5589622cb314dc8b3060f3c55f79e6,0.00014089326328925388
Source,030ea1b3efaf88e7b7d22679b0de8cdd5d2c6eb78babc4fee4d7d27cb06e8aa175,0.00014089326328925388
Source,0330f0afe893e809d8790b26b40d9353f586ef0894d4ae704d06be24538c030457,0.00014089326328925388
Source,03487fa0212243e20cb6504d5b93a144d0bc4d83d3d8a083691037a8892f9e5522,0.00014089326328925388
Source,0384cbcc619ed15a7b0d3ef1dabb7adf554ed58ce93ef3fb82bafd046e82f4fb97,0.00014089326328925388
Source,038770749fab6b0bb7f7d5454691e94d9336013bbb2b0b7e2630d5468a271a61fc,0.00014089326328925388
Source,03884058c191d7d91e01135d72654ad1381efbb0ef83f8c2d683b9bfc84d71f501,0.00014089326328925388
Source,039d510570ab6e65fc8fb1f9ada5b63dc0f703a8d7dbde2fc11fb6f1e5810f6bbb,0.00014089326328925388
Source,03a2b9adc3086b0ba7844bcda0159f11967e5558e430f168ee7ee797cb9830d742,0.00014089326328925388
Source,03ff77e3929315ce2174b2657b19945517b18d07174f8be22036dd8d4b354bc456,0.00014089326328925388
Source,0247122c742495db05584d3fd252ba0f03f312886e02901e4c88bb9ccbae3ba9f2,0.00014089326328925388
Source,023777eaf23b76c7712000b2a77bb6e43fe72d3af360d2d60cf490ce8bcae1b4ae,0.00014089326328925388
Source,028e860f97db9702c59d9970270b83f1b22f98315170d8c260d7ef61c14ae77e7e,0.00014089326328925388
Source,02982490ab07efc5066a993b35c236ac69cb4263bc404f90975ed21335e71c3258,0.00014089326328925388
Source,02b80cabdf82638aac86948e4c06e82064f547768dcef977677b9ea931ea75bab5,0.00014089326328925388
Source,02c428c711548cd58ba9ec91b7d033fd1ef3dd80e7401b55b2c69d32ff50fb4fa1,0.00014089326328925388
Source,02ffa5d7ef7f394999a1f8f300272dc63e82b600a4944f0c9ca28c4382bb183d75,0.00014089326328925388
Source,0317d6b11e81729192aab651174991a32e566786a7abb45b88898ed27e218a15e6,0.00014089326328925388
Source,0351909b8ef735e9ed23df605eb3473377fd6f3c39f8697d4e9ea3c50705c5b6a3,0.00014089326328925388
Source,035f4278d12e27f3411829bda3086b51141324e5c6b217fb56fbe780b408015a05,0.00014089326328925388
Source,03c16b9bdbed5e7688d82d2b7c7a778e6b0d1cd63f481c44ee03d0f346b0405c80,0.00014089326328925388
Source,02acb47876ac9f5f51a1c14dd928e4ef2c94e8c653fbf09eac032ab95a03b9fb08,0.00014089326328925388
Source,038574a89a258893fcff2d8b76725fd1922c4262534ada70fcdd1855746a27cce4,0.00014089326328925388
Source,032b1cda51d110342b02905ba2da1aee54d24dd1f32e6401ffc41c7af9eb5bf75b,0.00014089326328925388
Source,0344161bb2453453fb4e2ae1ef4b7275dda89869ff359d60f621b440e50994dd52,0.00014089326328925388
Source,02de60d194e1ca5947b59fe8e2efd6aadeabfb67f2e89e13ae1a799c1e08e4a43b,0.00014089326328925388
Source,034e5fb407fc7d12ff83255e492b63b19b9cd73a4eafc6bf41e7739168b504e9c4,0.00014089326328925388
Source,03a8355790b89f4d96963019eb9413b9a2c884691837ac976bacfe25a5212892d7,0.00014089326328925388
Source,0209bbe163eed4317a06077c8e410985398b93748728c0ab5c1a34cabc74084c83,0.00014089326328925388
Source,0352b2651964338267b8cb003a1ce135ffc28c2f814653836693cc828f1e5bede3,0.00014089326328925388
Source,03555a11db2e0c3a97571ba144076adac8513d68a2cdf19580e2dcc54b25b78a3a,0.00014089326328925388
Source,038736f8355c63e517b2b8f26336eeea7b1970fbcfdb999b861aa173aa5c7c8423,0.00014089326328925388
Source,03b12fae9d38becadbf7cdf0c0a17249c1bed70b46b2f5d89e774075e990993c3f,0.00014089326328925388
Source,03b907799963aa703feb3951634fc5a57d74e52855f292da67045be418f48638c9,0.00014089326328925388
Source,031d244a60d61936834f290656cdf0ed4b9979260c19b07804bde681819f8e14ca,0.00014089326328925388
Source,0223390bea8aa598442d056ace37c07e7364da1341b3681c371f6619b2879c0af2,0.00014089326328925388
Source,0281926ebe860660d5d9a21c211864a3c9686bfe3fd2a6affcfb6b64d0c55745c9,0.00014089326328925388
Source,02c7260d1c3e6f6afe94d47913a636c690fa807f2b1464afb2245e4e193efdc011,0.00014089326328925388
Source,02d0d487572a10c1d4dc486f03f09205c657abc471d0f3258ce37b034b8c917797,0.00014089326328925388
Source,03238fb1ca6567a84f190fe7f661550581dec1340c44b7d56c12ce3435ec228d15,0.00014089326328925388
Source,037b0b34599a18395fff42e384caee862a2077a445b7cf5fc436d05c8818d5d56d,0.00014089326328925388
Source,027ec64ca60f1ed7e740b140104af57b2627207861342154ee554da96d00ae11f6,0.00014089326328925388
Source,0288f79705f1c2e17411d56119f516d55e267bf0aeb48258e1b005fe058fe8bbb8,0.00014089326328925388
Source,02cd1a4d656c4f855f0fda19802500dd97cdf326d58fe82fe46cf85b8c64d3cbdf,0.00014089326328925388
Source,033e5abf645e0ef1c75c98dbd9ac9697442030729de15108420393c5ef3ea2474c,0.00014089326328925388
Source,03c80be3937717b502e66dc6cf8ba2881c9e68a8398bfa08c2866babfc88a729f3,0.00014089326328925388
Source,03f86226c21a84c2596c24ae70102da3f409e96d8b8766eace2e9724cc78de7314,0.00014089326328925388
Source,026b73b3ff65200026db80c580fa5004e79db4e13cffbcdd37cbff84bd5e16bfcd,0.00014089326328925388
Source,038bb20d869f4d0201d19ca7bab760d5b251844ffa42aac79651ffbd36981a69a2,0.00014089326328925388
Source,03d480ac7ad220371f1b9c2560be7eb8da6335d6a0d8cb1bc27db1a3958fd8c73f,0.00014089326328925388
Source,03ffbf7ef99f52555d40b3eee011dc6042541fa5f49629cbfb64f8c1730726b101,0.00014089326328925388
Source,03d2d9d9f169c6317127a72dfc4e837ba93d01a4fba5f05b342155ed37f512eac3,0.00014089326328925388
Source,035be98895c4d4e3b91fbb88d27af0fa68de6023e3a6eae675cc8332d29f299af4,0.00014089326328925388
Source,038373ff3ab67a74078be52b8dc6061b9272063b8b842c0eafae8bdc044a7bcbef,0.00014089326328925388
Source,03974b6c9aa13cd63a9cdd5e18851fcd53f79b65c414ffedc3aad7630b9b6f9efd,0.00014089326328925388
Source,03fcad081d674161a7f962593025a744a6203bb3454aecf53c674f51d30b912f8f,0.00014089326328925388
Source,02c21c9d5a0a477e5038603eba4cec25dc54a8cb113b8022277f20ef82b6d01fc6,0.00014089326328925388
Source,02fa1cff2aa510b924d243a82211772e0424ebed075f27435980acdfccaf9b7530,0.00014089326328925388
Source,03ae108e85dbc9061af452e87d6fb6ec539e179af9c97e1588117b694123a0dd26,0.00014089326328925388
Source,028b3dc9fce972b0a171e7d91ef8ccd9cb7731438ec163c1bd072f047045d60043,0.00014089326328925388
Source,02c7a23f0acfa4d5e159c2addc4d2c5c4bffd0c39888fcb68205570f4be006175d,0.00014089326328925388
Source,0297a77f4d1ccc55d7a10a9b137119b1103d9a9d38a5a97ffa1d0152c818fcdd0a,0.00014089326328925388
Source,02645d48c49975ccb05017bf337fefc7bc8adb3f6e08fed9dd069a67d61e3f1c9b,0.00014089326328925388
Source,035f4a5671b2dcab14b3e610ca916e9864c3203b8f4bb825cd8b5732e02f864034,0.00014089326328925388
Source,03b827e4b3887142051b2ace064bbf22e838f3fbbf9cfe9d63144216266849482a,0.00014089326328925388
Source,021e64cc0db3fc88a6c151576b1276fc3d9821f8674542f75b8317ffc8c9b394ad,0.00014089326328925388
Source,0259a54ec559924a0fb66abc3517657db35980ee04e276c200797e44a809175ac1,0.00014089326328925388
Source,03751c375e65e3de9f91a4929c10827607a0b0d8df4cdc044fbeb70f0dbf79dd60,0.00014089326328925388
Source,025033fdfd6f4e0e909776f0e8250c997f75de9cb11466e3a36fb8e6c7a1abcbb9,0.00014089326328925388
Source,027c55857564478a25da3d0e9ec05f6b9559267a57050c459cb3b93278cf4d8316,0.00014089326328925388
Source,032fd114e1e683e7d7a407b02216e6e7367f710c36f4a6b6014a195a40486bc980,0.00014089326328925388
Source,03586f6182185cd2ff0644ee3a28aa0f8a54436dca133426680a168617a6a75619,0.00014089326328925388
Source,02a9acaa1500f1e9f756118b2a7ed0447e6ca991ee6a9cbfe753d88f0dfae8cbe9,0.00014089326328925388
Source,02d8be648914ac46eec73489f333057fe559ef3799adf13b14842260be80a2f847,0.00014089326328925388
Source,038c4288a41c79e47f37efccb2a0e1deb3b48291a7813f0be12179f9e84a4c6d35,0.00014089326328925388
Source,038cb9619d293bcdb495530ce8783154cbf90255c5caca1d6adaffef5ee7f88626,0.00014089326328925388
Source,03a6f9139dafd65a9ea12abeb0d11a46301b116992fef4f8064f0d1d415e14736e,0.00014089326328925388
Source,02ae3c06f6db6a87ea874ef7ba86c87ab0041eabf6d8be0594582505b1fd5d7ee8,0.00014089326328925388
Source,02f0c9ba2df10171326a77518f8f5f5708677efa0656f377e8256d71f8f8df433a,0.00014089326328925388
Source,0335ecd64248144d6e474679361459d9c48f3c381e583999216f79a1c6b91965a0,0.00014089326328925388
Source,0213f67b69faf7e4e8e45c030fa9b8caaa4ae475b0742d04ad51f93548c4c5b7f4,0.00014089326328925388
Source,0225313f6c76ba1fff4bb1d67e6333eb6b514dc7af60346f585cc7dd9ed7cc13f4,0.00014089326328925388
Source,034f66e156476dbccf4c8ad84b0caf4efb3805ef23fadc8afb3bb2aedee1d1e745,0.00014089326328925388
Source,037ceda65cab326b6fb87f1bc4ea863833ebdf2148bfdbd1aa096cc62030cff540,0.00014089326328925388
Source,02040d058e0504c7d4b1fe2fef510396f33bdabfe36450bbb6c7ea0d567d53a15f,0.00014089326328925388
Source,0207481a19a3f51a48f134e95afa67cfeffdb38a99b5ad3494a320c4918aaaf579,0.00014089326328925388
Source,02272bd12e59324d0f2b231fb88f134b57eb26dd100d2cc007df50f18aa12455a2,0.00014089326328925388
Source,023668a30d0a27304695df3fb1af55a4fb75153eac34840817cae0e6a57894fd51,0.00014089326328925388
Source,0236d51519a4febe33958d4d68d9cba9311234637a00cb2859ac68fb33593b234b,0.00014089326328925388
Source,024e55c0644eda37e36e412b6876f5b84b78f07176a0412e1aa242640167d7a862,0.00014089326328925388
Source,025b32be8c9ecb739beda84dd2989e3d67d0ea1f13ba99cd3eb3962ab0ff564cbc,0.00014089326328925388
Source,026d9b9c8e55b435f117496e6a885fba7bf76530a5aa6f8f61304f84f9a31dda09,0.00014089326328925388
Source,0274ce2cee1266882c266940abd10d1a8c5285c68fd984e468e325884b9b5e526c,0.00014089326328925388
Source,02866bd9513e4e82f250c9b8a0b83cabc9be3c4824f7016bd160859d0fad3d8920,0.00014089326328925388
Source,0296bdf95048ea0f4e7828e69f1c0eca44ae236e1fc7b2445706697a6044a52a71,0.00014089326328925388
Source,0296f7a58d16bc6396e4ca5845b6bba892361a0fcfb2adfbbaa061a1d36271bb2d,0.00014089326328925388
Source,02a6b40205ba2046ce7f01089ae1f4afa9363c70fed15fd4674a68f5efea62e71e,0.00014089326328925388
Source,02b0a692e15ed71ceebe69e684056991277962717973fecc140a19f78688690584,0.00014089326328925388
Source,02b19bc1a15ee13833a827250f4205e9ac13313750cbe94b9a188071dada8fbbd4,0.00014089326328925388
Source,02b8319d4bc62e4957b568137a5c460324e32e7fa6170ae504ef2594a69412fbce,0.00014089326328925388
Source,02cb3c98561938a6d457720e4f6119fc3b9c890a7d69190a648ff43758fed69769,0.00014089326328925388
Source,02d1856af0fc1eabd35b4033cffcf4adc201ec0c133b598bb8adb4806b2015468e,0.00014089326328925388
Source,02d202d2d50a7da4730eb3d91c389906e5c4506dac78622d2714bc6daa7daa3700,0.00014089326328925388
Source,02d246c519845e7b23b02684d64ca23b750958e0307f9519849ee2535e3637999a,0.00014089326328925388
Source,02ed611a79eee5fecd891d0c10a97a8e15262688fbc989aaa25750e14704bbc7cf,0.00014089326328925388
Source,02f08c2e6bd72e9b80d57b1c444f208420e06f5bc029f8799e4a637eab066ac2c0,0.00014089326328925388
Source,02f3304bb143d14db21a669ee11a4e004f328076b7fc8702138dbcaf492758ddca,0.00014089326328925388
Source,03149e1e8b3f7a328b5e8847f478608f054de1ca4a1679bcf55039653e150a7093,0.00014089326328925388
Source,032740d807964f967183d38d618b2cd4fb9a4a967587302fb9e165b2fe9e22b3f3,0.00014089326328925388
Source,03341b688f09301a8c0f7528b587bd59db9f8e3f9aec46da19061911d8debf11a2,0.00014089326328925388
Source,034157be16f1d8ea468c3ad4115d543d3cf757ac51df60c9fd8efad69f9d20f189,0.00014089326328925388
Source,034660651be3b640eea0f89a2ba1d1419a7ef95a852edc10c24d3aaac642791392,0.00014089326328925388
Source,034a6d4c895949b61bb35a0ff52d52c79b985b431f248907b68cff2ab54261bd2c,0.00014089326328925388
Source,0353849a780d7ae1b27567d83a20302cc49af057eef883d5eca6446e3900e99567,0.00014089326328925388
Source,035573afee362d8e17253295511ad319b597aeb0dfe73453001cfae447848d5668,0.00014089326328925388
Source,036c71029834ef4bf454d2ed62066863a4d9a293bdd2341431824e81cb1d40a42a,0.00014089326328925388
Source,036d7730b1c5305724853b2a056331959a0a0f2b300f3f8555dc970330e4945a2b,0.00014089326328925388
Source,03a2497c7ae09be9db479f04ad0a769f246ebfbb2f21039f95f977968eff58ae9c,0.00014089326328925388
Source,03a5c54bbdff536184835273dddcf84c0b95b2b664acc1e096e4dfeb176b6782a9,0.00014089326328925388
Source,03a8528b99c3ff876b1a46776c7b85721f0113bd372966df066dacc3e0ae31295a,0.00014089326328925388
Source,03ac27acff678ce4a2f25756612d3a83e2cb4d7552db168d3bb15482b92c80215f,0.00014089326328925388
Source,03b96f8610ecc0b282306231c2e5da30614d5c1f142979ff064f10de4fc1a89752,0.00014089326328925388
Source,03bcde494c8c93f8f00e6b4b516b69eb93024754240fdf57b8a0004b5ee9aaaab1,0.00014089326328925388
Source,03d612b0dd6fe3b18b9387758ff254ab1c48f0381db0a91a1342e9b5431e07ae40,0.00014089326328925388
Source,03d69959487e17bf6a7b20bf0a8e69b13ae51339e124b3ebf1611558fb6c475db3,0.00014089326328925388
Source,03eb7ae2e26e30bd5f3cffef1af4ab3140452684a639c770c637f979b756701aa1,0.00014089326328925388
Source,03f6489657028db5316fc920b92122805cabd87e937a6adb33661d4b44dcb6dc19,0.00014089326328925388
Source,0314dc1c496290a33f8fba3e78332418b1c136d9fb2a14d4a181e3cc9a653ee2f8,0.00014089326328925388
Source,038a834010a354a4f8ec8438bd50b712e13606fccffb9280af8125e2c9e039ffe7,0.00014089326328925388
Source,038fe3c921a6bc389d28fc6a47e131b07adfb36450bfc1553d6445b182eb84c9bd,0.00014089326328925388
Source,039016d41e77dd39e5211195e4fd434ed1f6159af5a453e2690ab072c3bc76b4e5,0.00014089326328925388
Source,03d3cc1f07917c5d5e5067c8a459eff979d53a2d0a4e27e30569bcbb3d8b752c24,0.00014089326328925388
Source,02d87c093848fcc3d36d42d0dd0c44eb6dda033f399783a6a78d93408bf4227851,0.00014089326328925388
Source,02458b08c5820784cd60a9b71a9b45cad5ea90fb63491f57370b7259bae02ffe60,0.00014089326328925388
Source,035c019babaf280bdaaf499d3e38464cabf7eb85ab67a7d5a335f813ac7b603b31,0.00014089326328925388
Source,033d6e9711d6fc9a16921c44721b24f225a7df922104ed4554b63d70ded32e65e4,0.00014089326328925388
Source,021ab6a3223751350f64811e884a7b7b387870e35b62803b2539a5841cbbd96e0c,0.00014089326328925388
Source,021c49397f0e5ba6a240ebf98f45b7e5512e6a663fadb487fd8c7c3d957cc48a34,0.00014089326328925388
Source,02241e1d480fcedaa1268574d530ef8ed5545bacdcd391e40ac58cbed30d001d40,0.00014089326328925388
Source,022c3b4bdf935d254a3b3689f0496b8ca55655bf7c5032664899fec252f993bc5e,0.00014089326328925388
Source,0239475f6f41ca26688699b4e2fb4ac87bcfbde8b02788937a4b7e54bdeb5860ce,0.00014089326328925388
Source,0247604546e9380d47b3de1420d18b6aa46ea6ed10b8ddf1d07dd8685d686a84df,0.00014089326328925388
Source,024f8a8350dbc4a572f51618c9aec5458559d5fdf255b00740bb031c2d51ae25a7,0.00014089326328925388
Source,025506104970bb7c06c6d7ce5fdec7bef43fe67c29f7214059b6a24d06127e080a,0.00014089326328925388
Source,02634b5d6b7db0cf26025bb59ddf1eafed2f1857de3550c129cfd7dbfb403c4e0f,0.00014089326328925388
Source,026c3f8d31bbd50a1ab716dc6c6b02c98a59712c2309f408e3bcfdbc00a9269d49,0.00014089326328925388
Source,028a1517f907df8715d17a2d2fad3f15fee67baa6f41e2f2028319f8b1b188a218,0.00014089326328925388
Source,028c227313d6e31a4559c13988998d40cc7aac980d064dbe80cafb687bd86dded3,0.00014089326328925388
Source,029196b18f91a0d1ab53adfde49fa381b0e228f1b6fe7623ef2a1023b7ef2dcedc,0.00014089326328925388
Source,02a00e8c2877df1b8ebe2833976f8562662c5addab483bc26400adee051b843958,0.00014089326328925388
Source,02a13a67131bb41c8d6b858d8c2f37b597e07a2341b9e393ac1cd3f7e9cefc4760,0.00014089326328925388
Source,02b951f7d0e3e8bb1b875f2a544112ba8ca9657f5d8da8040864dc2c2c651a83a1,0.00014089326328925388
Source,02c284472c697dc1744236df143d982336f89fe5b083cbd70fc23f3092405b2c86,0.00014089326328925388
Source,02c5ee6bdb20562e7c699ab52baad72d119d8339ebeccff987363046b07570089d,0.00014089326328925388
Source,02ce7adcbaf97f78592ffeabe71bf75e41a20fa15f255a4def2aeeb8297966f78c,0.00014089326328925388
Source,02ce8d3e97ba98e02f5c739cc69b2dc4dda78404baa229c720d89753db75bdcb23,0.00014089326328925388
Source,02e25e1c48f305676493426a657c37a1bd309ba79ac8be0909c7befc092425c11d,0.00014089326328925388
Source,030445615b8276801f4d28d7577db71d89116300d3edf3df756f4b3eaa75797db2,0.00014089326328925388
Source,03086e43d54b3a901499b4fdd1d5740dad2197419058a1e604fd22b1203a7a4f9d,0.00014089326328925388
Source,0313f9449cdb528dc9707c02da507cc9306eedc415091c07dc75dcdf621844a5ab,0.00014089326328925388
Source,03253b5f30348db6ef0547d9409cc6107d84c9e1f69869a8de3391bce598cdbb67,0.00014089326328925388
Source,0333da661b86064057d66be87c6e6f38ba05ac9b187dff68ea3584030c83e05ef7,0.00014089326328925388
Source,033df7371ff1f9c06d8bbad5fcd76304f294aa8c9896b5f00f05467570a51c33fb,0.00014089326328925388
Source,034d11119748816bac2e5f2b4f3127e05d783e39b6e9b65b8db9920ec553506301,0.00014089326328925388
Source,034f1ec90e841677f8463600c5468f4e0409ae7d04b24885eb6f01912b85e295c3,0.00014089326328925388
Source,03517a98885bf3d7e196a0092ff138a15b209d424c4d8694d1485d5ed727c021f8,0.00014089326328925388
Source,035f804103054d1d24aa4b1cbe29a90c06af2695c93adb6e7501dc143cffbc09bd,0.00014089326328925388
Source,036403186a467144ea6aaf4d6e42f7544e91a78e0f8ebd8e38bd2054b953d82e3f,0.00014089326328925388
Source,037ab299ae36082b2c439144400ff9be4b52c30df3ef90d6c54aaeb986ef40ce34,0.00014089326328925388
Source,038d108e6cd9b8e84fa0b89d018c2e254324d3674b2bb3db12b35841889bfe372a,0.00014089326328925388
Source,03a767feb1e0006e71b7e78a249e219da1665a1fedbadebd8aba046fbb371efe54,0.00014089326328925388
Source,03aae6610dfc509d50341757642d09c640e52fca896188ba31c537b43ccd562dda,0.00014089326328925388
Source,03b9eb68af140dee9fe5804ee26fd3ff15c144f6a151554d93316c29a77c20d33b,0.00014089326328925388
Source,03c3d350fcab6459282bdbe07eca7af0d3c57ecd099a6bb1367fe57fad70552301,0.00014089326328925388
Source,03ed7c190c267924be784e4ee5e69a26e06b168553f9a9222ba13eb46a8eef6826,0.00014089326328925388
Source,022d73890548be3625f822f0294d1c30934c6063df8904bafc70224920e14f10e7,0.00014089326328925388
Source,02dc523b9db431de52d7adb79cf81dd3d780002f4ce952706053edc9da30d9b9f7,0.00014089326328925388
Source,034201357a0c4bf1d78c905a06054945574a44be0bf0cd8630e273fdc0918ae6ae,0.00014089326328925388
Source,021c3418f87f34d190a3da9fed981e8784cfc044285c1df63484b933e9cba4ee16,0.00014089326328925388
Source,024098e05cd67fc8b1dcd0edf0c12b441c1e1f0db3d953ea84229abc279e1079b2,0.00014089326328925388
Source,02964c50e89786896df7e5d10d7bb6995b0bbdaf891ff24fbcc52b75aae544e514,0.00014089326328925388
Source,02c1ec2ab731486ae4bf23bed3f09c3f9fd17b644305fa818ee2b33aa7c0b09b77,0.00014089326328925388
Source,02cf3cc45d8fee5055c4ba5a58fe22ae973685fa2cb43e2c5b6454eaa1d08066a8,0.00014089326328925388
Source,02f0eb41b5fb63baa294e281871647f4b2422118b791e813e201ca63c1cd6ca860,0.00014089326328925388
Source,03258d92a6ebc559914b2f2186793ce5e6a44edce22c59a4d91a033ddcf3dc479d,0.00014089326328925388
Source,03408c35d396998985cc0d751020fabb5134a245a1bcf50960d798dd481b6becdf,0.00014089326328925388
Source,034c5950fb9db3809b3eb6707f79bfae114a001b579d5516fa947d9d860094b4e9,0.00014089326328925388
Source,03720411ee569f80c179280c73779e4c2b2a184aa18cf3c49b6eac0e5d802c9a87,0.00014089326328925388
Source,039ceed5a1c064a36f71dcfc300fa622ef11a879a7a4e7c8b8fd328250b74c6855,0.00014089326328925388
Source,03a8d7a71b22447a4b47ea944d28120b107300bef7dc7fd0fc2cc53585551ef1db,0.00014089326328925388
Source,03deedbfee762a68a44d2587560507e513ac185908728aaf053ad4a3c096d8acb0,0.00014089326328925388
Source,020cdb1f8a31c478aa886f51e600e2c007050f6d2e91c318f96eda2f6b21390e75,0.00014089326328925388
Source,03d2ccf36081de198bcc8ff6aeb37d175bf3a242974512b576d34d075ab014a539,0.00014089326328925388
Source,0200c06eaaef0ffc98447b5f0c5810c8325fc50fba4c509ebf558d67d1f088bdad,0.00014089326328925388
Source,024ed53fa7065f409749c8caebf058289bbf392c3e282e9c843de2c6d28bb80f9a,0.00014089326328925388
Source,02a4aa22327ca4f511ebd22b72d6b00ac3b529a7d4c2de7d8ac939a48371559e8e,0.00014089326328925388
Source,02a81c886f7cc867205c4fd4e6e9d4049a60db183599ab006d45e0c7170547a7ec,0.00014089326328925388
Source,02c79489d45cb0875515000d44bde452d2f9a0b3f718928248a254d413ae5bbbd2,0.00014089326328925388
Source,02fd17656f394299d6b455827e406e54dec4f6f99f6b71a8d9785c263b8ab02888,0.00014089326328925388
Source,0318699928e2eceeaa96fb480b8563c8255b83d7206fff11d410c40df120f4a0fd,0.00014089326328925388
Source,03454214c65748030e9b92d05b585e263b8f8fafa4c6697e1acf8e5f13cd9e6de4,0.00014089326328925388
Source,0352255f530c4b7dca4e7dc7e451935f3caaf183afd70d0d792f8f315edfad6cae,0.00014089326328925388
Source,03835f425b54cc52be24788b2ffa82061e1e36a903c2417be27d35e5f0dd4cd684,0.00014089326328925388
Source,03bdd0c39415d032bb0815271cca1e71a7034995b6a64768d2d733904bcc780bb8,0.00014089326328925388
Source,03cdf99e5c04a158ca528608765c023b07d1738df06e12e871c833f49bf3b15d0f,0.00014089326328925388
Source,03fcf9e53678d18e51f0e2da4515caa64c517e3f8cc804809b44ecc165d214b3fd,0.00014089326328925388
Source,034389078da79098ffa96712a659fe58086a9f22e0b3dfd543d931e270037516e3,0.00014089326328925388
Source,021463897ef6a3ecc1f62504f285ac23d2428b07a9cbb9dcb07cc619efae10d033,0.00014089326328925388
Source,029e8db46e359197d16c44b637a1102415791a43b52752eca33cf95dcbea1b6bd9,0.00014089326328925388
Source,02e19a46649683b43ae66450e6b1d48516f943514e561569f5a8ecd8d7099a6588,0.00014089326328925388
Source,028918fcfba7f16b884e7c7ed2624263447994065cfed9e558be0b4a994e2e786e,0.00014089326328925388
Source,03ba2701632b25ca0121c865bd352a3f073c05f84d6c52169cd11da57e5eb3dd9c,0.00014089326328925388
Source,02a54deb8d0f11d47c6f55cec5e673063c9fad2619559e8d87ae3eb4c381668449,0.00014089326328925388
Source,029f3bef1f817adf4b2f86dab19a9397d6283dd1578331c64ab927eac194669524,0.00014089326328925388
Source,03271562ad6fbb9b208eafe203216233cd756a3981c77ef1c5afda109df8be5ac2,0.00014089326328925388
Source,02bf145fe009fef1230f3f435b5e448db3470a1fdbff95d41cefa71b7d6f14fcda,0.00014089326328925388
Source,03790e10c296b12535baf03738765163dadf91ae1f48a6a6d074a6cf910d26d8c4,0.00014089326328925388
Source,028796c0932ae1468d3800874a5f3d8bec4d0eb3324e1da9f4e19068bfd7cf888d,0.00014089326328925388
Source,028b2c9ed9427b31db21ed75eac119b040cf3e9bdbfaa378cde8561cf1274b4228,0.00014089326328925388
Source,03da872791c43022c0bad6dc46b0e5f2fa7b92f635aeacf1aab55285cf41343e3f,0.00014089326328925388
Source,03eef8b6be96b41de549dc9a44eefacfe9e4aa88c0506e2fa86476cf2b97074fc2,0.00014089326328925388
Source,02950454e1d85c8ed9815d9412d94121c0aae3bcaae1e12eb593f6cef6ac8db23b,0.00014089326328925388
Source,03a79822be2b4821c968fae40da634f3edef7390a3510a97cd90c97a5999e7da27,0.00014089326328925388
Source,02673384ae09b60e66915d31a009d0fca36e5e7b0c174fcf3d21beafc01e47bb29,0.00014089326328925388
Source,027a1a4aa858f5329b4d695a7700ad6fe57b120dfad3f2b718dcfada0c9bdac87c,0.00014089326328925388
Source,03c2160ebbad3c18156bf613598a54ad3147ae4ea3916a2c8a3983680e7b99e3e1,0.00014089326328925388
Source,02234e279121c7806f9ac11534518e1aa5f621ec7e4fa18d71a8befcf8c0f43794,0.00014089326328925388
Source,022ed2953b2ebdcdc8f3806d5e1bc07eec0b231319aca718857a85a9e15b08e2da,0.00014089326328925388
Source,02879ef1344230c18fb120424ee85b104edeef1976d7e385d579280502f670c495,0.00014089326328925388
Source,02c5bba9a873b4153d9edada5be4ea7774201cebabec98431dab80dae621baf845,0.00014089326328925388
Source,02d7bba752b169afc9d4094b41a7b8a626fab03a88f9cfe51fa94ff2a8ef289842,0.00014089326328925388
Source,03676447cbc8aff922f2c7014cc846ebb845260582eea02dca73ad96e0de5ef341,0.00014089326328925388
Source,037bade60c4aad4d56bb58b1453bc77fc542e8d5cc795148143bf34b552ccbd841,0.00014089326328925388
Source,0398c77fb88de006b11fe39776fc6e7123fa3b73e0bd5a7584a79819d6064436a0,0.00014089326328925388
Source,03e2b88b12fb7291d0e8037805fe818fbaeaf44646570ad65dca89de5f0a8f53ad,0.00014089326328925388
Source,021b5c189afaf906b323844ef4424d3189fc44d312ff7b3468ad4380e7015fd06b,0.00014089326328925388
Source,02c6b3e8850716c153d6753c57cc49cfda3f404c38afea187b12c853dddd7742ec,0.00014089326328925388
Source,025456040f00bc3ef3d6b01406ac416789f65447c3f8ff26e9a7bb0d102f3f1b72,0.00014089326328925388
Source,0234055fbcefd9351e77a9369b6efd76c644b196c5ed824a51cd1a2699717c5a11,0.00014089326328925388
Source,02003e8f41444fbddbfce965eaeb45b362b5c1b0e52b16cc249807ba7f78877928,0.00014089326328925388
Source,0237cb2476f5215f17814a037e80704a9877cfe18a9b0e86549a49be6feed230e5,0.00014089326328925388
Source,02c0a95e1482ce9597834b8da6de42901028eaad774b3f67aca95a850f30e41329,0.00014089326328925388
Source,0335f8a501f52e77f7149fe442521f6e3a0ff2119b777f4c8d8d066df6e08c5988,0.00014089326328925388
Source,0370cf2693c16b5dc1632ae69e4751a0a88fa8f5705d53cb4c9cf805e5ef57aa45,0.00014089326328925388
Source,038d80cd697aaf1c8d42117b736e67f96a4bab11b21640ed5c4c8c3a23b740ed2d,0.00014089326328925388
Source,02ba5a20f211eaced92ce7f1cf1cc2b476db3ac484b79d57bc76e6cecd47bb126b,0.00014089326328925388
Source,0237386929afa1ed1f6ff1df610b722bb78ca18f6e2ed39a571bcd317db8c51bff,0.00014089326328925388
Source,026ba3e522e35d157df1aadbd0e00424c0811b94f169fac9d2943b729bef63d445,0.00014089326328925388
Source,038c8b5df64d96a57f04671e5ff4fcb79ceab0616521fcb602264c1f0ce0266832,0.00014089326328925388
Source,02791cb095585818db88bbf5c744e41c6bfd6b78e1f2e326161aa69e32a73b9a73,0.00014089326328925388
Source,0367640e848e1a4816d113f22c983be28b3d84a52ede3ca6ef54bad2eaf5499620,0.00014089326328925388
Source,0200f060968b4b90bd8da87d62c4c6d08f2d1a91dd18ca5c3b7acd9885f2b23745,0.00014089326328925388
Source,02049355ddbff2082890b26cc71edff6600174f9b6971dfdf560324d3577131d5c,0.00014089326328925388
Source,020d3d5995a973c878e3f6e5f59da54078304c537f981d7dcef73367ecbea0e90e,0.00014089326328925388
Source,02218972b752f42602291810b1e9c0ed2df72abcc04c9b4defc5d4d444092d20d9,0.00014089326328925388
Source,0229378d2fa3424d5f63fca2646935f109c1a5118e06ea2fecd9fd429a8ccb72bb,0.00014089326328925388
Source,022b662aa03cf4db4820bcf4f47f1006d2bfae9bee416a926fb8bdba16e088d7f6,0.00014089326328925388
Source,022c715b377856f5e176c52dfbe1f19b0283c4a85d563b1f09a9c7d9b6820ec375,0.00014089326328925388
Source,023e5aed57c54375c61c033405fb01af7702a07ecff185cb19b02b79984ddf4e75,0.00014089326328925388
Source,02587704695048661f32522b3ae25172601544435791611070b5f6176e8b457394,0.00014089326328925388
Source,025e6fdb6af937a959e70f83648542c63ba7dc478cecf21d27c0d531156ee135e2,0.00014089326328925388
Source,02600a8bd6f6fdeca963b41d75b3f7a258912c4fdd09159aa25db5488d942e6419,0.00014089326328925388
Source,0261df8ef49d9a9c64a26d98d4c3f52baf12fb9e18652a2ba37fd9715364e03731,0.00014089326328925388
Source,02657f2396318748bcb8939a928333d8eface7ac3a28d25b74fab71c415ec3da53,0.00014089326328925388
Source,026977ceabe8a4bd0f38153d781210b0bb685d8fea10a5dacaebb38925ff778cf7,0.00014089326328925388
Source,0271d98f7dfe66198f045690f552a9126abb0aa1585f0061854e780b7e08e6dccd,0.00014089326328925388
Source,02977c3ba64fcf19dea952f11586badf2f76b3e5d0eac30279ddae4fecec87f88f,0.00014089326328925388
Source,0298f4c665268b4906ae486ef681510d7d4aab2facb6f6a620a8f6fd18f5b4fb0e,0.00014089326328925388
Source,02c0ac82c33971de096d87ce5ed9b022c2de678f08002dc37fdb1b6886d12234b5,0.00014089326328925388
Source,02f2fccc11d34d7fce415a97ff9fd46867e5af780c9c71774627fb311815d45a81,0.00014089326328925388
Source,02fb37ad9c674fcde7df9b7342f0f9e3b71a7658d0551d5b58a84fa088075aedcb,0.00014089326328925388
Source,02fb74056358782bf2b555c80807fa29c9ddfbe5051cfadf2eb83871c155544391,0.00014089326328925388
Source,0301f33f9025d623df59eef0fe57813062447cd427cd4709ed974d12f268686db8,0.00014089326328925388
Source,0304b2ba507036bc2d128f287a3f13c97d12d4e7ab076d889efd5120257efb0cf7,0.00014089326328925388
Source,0317dbe0879b3c79c6c7c1843096a89c80762665b4d4548984f36402f007896b08,0.00014089326328925388
Source,0331ba4e0a33f5555e583bdc833ceea1fbebf4a4d57929a7b1f51c4fe5b465ae1a,0.00014089326328925388
Source,0333b58f86a0c31da7ee61a4bc2232faccf8c4fe4167fe0dd9ce019fe03e82faac,0.00014089326328925388
Source,033907be919e25a79ddd0fa0c050ceb24d9a05a8f492cc16c32fa08029833c9bdd,0.00014089326328925388
Source,03397f996a69f58ba4fd3d20e21daa36ff3be3c3624c03c96f127059c4ec73d15a,0.00014089326328925388
Source,03456c38eb93de16adf2555d5b3cf7030ce2537bac453db8b04020bb74ef845470,0.00014089326328925388
Source,0347ffcb271ef54fa6103fc6392370ce398d1bc98460829f7046cf64026253a68e,0.00014089326328925388
Source,036487e0bd981617c674c2856fc0050472a0182838e0a4a1a67545c6cdee9f49a0,0.00014089326328925388
Source,036d1712099f44a048463f38e823cff113e92256aed7ec8bc9d1981dd2d915a534,0.00014089326328925388
Source,0371190acfb2e92bd1faa6ce4d12ff248798515a92ac903ac14d31b5172d9b2917,0.00014089326328925388
Source,0388157a19ed80015b64bf9cd3cbc3c3c4492822341ab7813c7f9c0dbccc08fb26,0.00014089326328925388
Source,038e48bc826cb427519ed49e75f2617e40541d957e56c9c5d12ea3872518415576,0.00014089326328925388
Source,0399c5f118569051612542e6ed72135746ed6bf5071d31098418095d7c448ee1a1,0.00014089326328925388
Source,03b238a73093d976900ec4125096927ff3b220b361315384d73903c93e3758cb91,0.00014089326328925388
Source,03bb42f495d912ae6b57e42547e0b163b81b12099bb8941ba5fded746625293bed,0.00014089326328925388
Source,03c45fe15c475d61c1d39b6e11b3bfbd913b98f3f21abea787e0d5cb889d35337d,0.00014089326328925388
Source,03c8c65e97f2db99f2823702ee1c5ba9234cb5ffe25bda1e1c667ff8f51a6139de,0.00014089326328925388
Source,03e6185b11e21660a3ee02bcdb402042e4ade1757a3f69550bbdb262d9d075ec2b,0.00014089326328925388
Source,03e6716879c3bca5c8ed3f24d0da085442c2bf8beaf569347370ea853b8b0435db,0.00014089326328925388
Source,03ed96394ddf5348a7f1556c4f305343cfcb8692c79a7146e7ba3024004166c230,0.00014089326328925388
Source,03f8d1ae8e36d19ed96fefa02f6f6c33fe69ed2fff5ece582b013a92c9077ee396,0.00014089326328925388
Source,03fa0ef0845dbc299739e62c06e34aefda5b0a2e6ab3f6e4ca33f776ea12d7a3d5,0.00014089326328925388
Source,0203d2e8662e68382f4459c881e66fd815931b07575558f09d63ff40769a3727dd,0.00014089326328925388
Source,020a8396e245e20dfba19c9c1ab8d13a19b9d80eb5b96fe253fbaee8b8c836c4c9,0.00014089326328925388
Source,0228ec8597923232cb26f2e92aa363181715033fb66c0e588f8a3c5152f99dd989,0.00014089326328925388
Source,022afde775698cd30b520dfb67f6de0cd8cb9991d386b53771c460d72323211769,0.00014089326328925388
Source,02318a86649ae70b06e6951636b3addc29876fb3dec82a63757595915ae2e3652e,0.00014089326328925388
Source,0231b52d16f571e8379be20c2e102b5faf26519796c09cc0d116f9046d83246cd5,0.00014089326328925388
Source,023bc59895a56f3f439e621f39623d6c8963d14258881a8098edb3947ee2467b71,0.00014089326328925388
Source,0245e444a548e45142bef2bdeecdab41e1645578ef24f6bbf97777c87af3d2f3c9,0.00014089326328925388
Source,0246d2ba1d4191b743cccc0c09cffe59d5ac35acd53fe11e8f89f649c8ab25f8de,0.00014089326328925388
Source,024db30a7556f55cf3798f83e018f7af9d359af3df06e7e6e8e9d149cd09fd113f,0.00014089326328925388
Source,024ffe2a9694e9fba871bd00ad399b8fec7c5e3bf8076a340be380d5d8513c1a1a,0.00014089326328925388
Source,0254b90ea1c7c7c2bd9baa2a9a3609e7bc70d9a938dbde24892fa8d7d16b5d4cef,0.00014089326328925388
Source,02567508dd9a75076bd46b0bfa6e1485d82fbd9030ab99a85ec8b012ed773c9872,0.00014089326328925388
Source,0267173fbe25b65c39197c0668602ffa68b1f14379de5881e3f14944010a7185d9,0.00014089326328925388
Source,026eee77a9b20e3aedde54e1ceeddc7280a7f669dfcfcbaa8cbb002f3c0abecdb1,0.00014089326328925388
Source,0272ddcf1446a2614e661e0bf1afe2c684038593cf0bf253bb002ca3be4a250091,0.00014089326328925388
Source,028000cc256fde5a246f0470aaa80c443902df90df8133e806f9060977d9a063c4,0.00014089326328925388
Source,0282f9df1cfac020482decb0d63734b9fec5bd2786aafa0d74c89524693a746245,0.00014089326328925388
Source,02864ccd358d39a2290f6d94d5e32af67497cfb719ad8e6e143e2f26c32912bfa3,0.00014089326328925388
Source,028a42968505722b7b497f230b32b82f710e2c8e937b887a030ad924b28e515b67,0.00014089326328925388
Source,029af9e9faecd4d87599778601a57b1c0a0265698c6dac80fddcfc559a2a7b033c,0.00014089326328925388
Source,02a1fcb30a732ab07391d2ecfb5ea089faac2be89733e3bbbe384925142466c614,0.00014089326328925388
Source,02aa5def072fa293ef84b0b38ad7b7479fb53fbe264ba8280677231412fef3cd23,0.00014089326328925388
Source,02ad68e300e0ff99fcb7fcfc7bcd62d4fd94061bdce708a1e8c9b429aab04e17bd,0.00014089326328925388
Source,02b6e9e645d26d889cc6f2027a113a7d4f4b2f4cf09893fd81b5e35d111069e325,0.00014089326328925388
Source,02b724011c8db7d8299b236ea3627959ab61730fe28533ffcdc59f1a6bfc41c0f4,0.00014089326328925388
Source,02b90365acebc10a9ff6a4deec63c638e553ea50e6138c638795e1699c09bc283f,0.00014089326328925388
Source,02b95713bbe4609a337f3ca5aab3a75674083ddf5331a462819b6c70f415497c98,0.00014089326328925388
Source,02ba6da2221ea2d2a86578654c18a7f1df5cedb689d7dbb6f6f92bc4c0588ac7b3,0.00014089326328925388
Source,02bcf138c71243d307e7081c52241711209f77daf0f27ecdbce4e1f83df39964ed,0.00014089326328925388
Source,02bdbee3f6e485cac9ced6bb7e0cda38891c7a447e02ccf346609ae949a8ea0e96,0.00014089326328925388
Source,02ca2df9248933f4cdb220b78f097e2259df071765af6489ba13df23a95d7bb9c1,0.00014089326328925388
Source,02d29613cb797603b3568bc0fa41fca58ad7cb93b1df2ebe40bb7a7f07908278d6,0.00014089326328925388
Source,02da0713ab1b12eeb01f212944a435077f39f1b767ee5c24b01cdb4b0b9377b66b,0.00014089326328925388
Source,02da9a920d32ef5033acba994e9394170f97e712ec2bcb98dee55f0f0971f20d6e,0.00014089326328925388
Source,02dc4acf321e4ad61a07b4f3dd33ea93935290dfd66a12c599fab86143bfd88d80,0.00014089326328925388
Source,02dd8d892c348ab3e958a77fac061b352dad4320fc12ad0a04090aff9e64c366f4,0.00014089326328925388
Source,02de874acb4af41a685c112b68a30b67a2d5cdb57cd601c96b18ced1bc2699229d,0.00014089326328925388
Source,02e1f8a072ef71f02657b582bf1a2bfd1cb4ea119d19c3ebf39476e2831a8359bc,0.00014089326328925388
Source,02e347cbf361a1553065e183835c5631f699ae8768f42756939cea47d03ca1b8f6,0.00014089326328925388
Source,02ea68009a845e282a7b95812b914883db5e0425eee5dce0d4abaae14e9225c2cf,0.00014089326328925388
Source,02ed52257c30250760e03e2fe111f90c7e754b28a4bb4fb20d889e0fb5283b7134,0.00014089326328925388
Source,02f0addfe58ec34cef057c91aeca27f77d22b5c812b22c54759b85b8934c3179a0,0.00014089326328925388
Source,02f7141995d988ab083de9b9ca4e2072652c9717209643880f96ad62d69c0b193c,0.00014089326328925388
Source,02f78add31471e9f8a41d106d77211f3685d3fe0a3928d9e6ef04908b8e24c4a41,0.00014089326328925388
Source,02fb166480f1929c4f2d20ac40017c13ad5dffe36f915315f50b64a0a797078e65,0.00014089326328925388
Source,02fd9e6f8c5816471a31e5431a80ac0d42fcc2154211e39b2d7fd9f819e65365a8,0.00014089326328925388
Source,03026fa633c5b04dc1d30f1fdc5c4c052661fbb0e3d8136c1bc310041e6569a931,0.00014089326328925388
Source,0304421debf70608ac6836d9fb9f2c365a970cb5bb31147046107418fd568b3dbe,0.00014089326328925388
Source,0307765e9a86057c8ff8e8127ad2a05c4ec03812f978b836c646c7b57acb0d69c5,0.00014089326328925388
Source,0307cb485ab1b3d6a520bf67005924c7cb3043215c4f5c32dfd29e11c882941cbf,0.00014089326328925388
Source,03103532a020a6067ab751bbfa86535baab8c5d25b9031f16a5afb48cb618f944e,0.00014089326328925388
Source,0310ca652ed911674fcd468abb25d4dd7a9b8d6d94425cbcd2c4a6e062aa022991,0.00014089326328925388
Source,0315350ab7a7a486ed023d0c4d2eafb96ef051dda9788791da92a14bac0bd2c14a,0.00014089326328925388
Source,031571481369c09d8a5418ca70812d92bea086a6033ef5a21e91faebb3dd71675a,0.00014089326328925388
Source,031656e93300e7d51f9dcb2780d63b44cb96c5d6af2cec2196de450ad0688fcb80,0.00014089326328925388
Source,0318bde5ca7fe68a3581f8a5e735321c0e8c231f89db3ef0e71114f20381081a3b,0.00014089326328925388
Source,031a901e7e06d3f843ee7c805f975a4732a2e9921dff1d5452167f8705d2a95b8a,0.00014089326328925388
Source,031ad40e94278c0f90284831a4335cf59d17e5de12c249e7ecb3c2a4901fc435b1,0.00014089326328925388
Source,0321146f89884f663dd6a6eff4db0cc449665206fdd45bf70c5636c3183e98bd02,0.00014089326328925388
Source,032258add575e6daed22875bb16ea728f2640e877efb17df4c470148a5b4cbee46,0.00014089326328925388
Source,032379d21cbf7239eff2cbcd26b0a0e0b1ac41df2c845a2d19c5361faa1f43dd44,0.00014089326328925388
Source,032689565b8a7f6cb0bca84b3a14a9f9d9aeae5ae8035ee4f834dd01b55f1b627f,0.00014089326328925388
Source,032c7e99be98d9591a0aa9c34f0ac2963b53fa7a6277d2b4875d5f0d2ae52cedfb,0.00014089326328925388
Source,032e998806c4f8c1fce8af40a6e745d752aa76e5efc268c0181bbbbe9442068e4c,0.00014089326328925388
Source,03310b9622bcf69661d93eb05e4fe951620cdd4e0af06f008c901936ab68f71518,0.00014089326328925388
Source,0333f3df5d251d1a8efc703b9319cf2ae73aad885bedacad8082e3fdfd5873eca8,0.00014089326328925388
Source,03358c2e57eb9ea498e8c665bf68d010651918f716afebe10217d0bc4ff8c9f45f,0.00014089326328925388
Source,0335b0a4f94ea4b359932d75f7755e96aef79887e8f749c7d0a203345d186f4b52,0.00014089326328925388
Source,03473ec133c70c05db8d1abaa272449b0cfd3d38e1978bfe1e7765d1913b7e7c51,0.00014089326328925388
Source,034ac0b6fdac5b55b9043c4b12d1b941cffa57f2622731386aab2eb8ca0ff1ebd9,0.00014089326328925388
Source,034cae9898fd379e1b1f24d5f88e18f41db71d9a1eeabf6577a3b5a51c6e54d725,0.00014089326328925388
Source,034d6f8214a3544c6a1fe249edec844c45c3fca1d33d814bdbdbc1b720c9210dbe,0.00014089326328925388
Source,034e826b318dc9a36f311b7494df9e1d0943ee821f72dc4e6c443e4b40a36ae4b0,0.00014089326328925388
Source,034ed4bb655d66a8dde6e7428598852c382b47d8e57305ebed0904f942febfa052,0.00014089326328925388
Source,03502f9d7008b54d6ebbef389e3f7285144f918e4efcb8080513771d003d166785,0.00014089326328925388
Source,035037bff6f29a14fa539c95b47d80626d097ccbb85d3a901c13e43cd73f7ece12,0.00014089326328925388
Source,0350ef95f8cf301c3cef4504dd8478c9c2a805172fb661a6c212108fdbf7301a70,0.00014089326328925388
Source,03587e75c5928c0bdaae3b100f3edf7211bfd900d08a93f391e7d20fe062eeb37c,0.00014089326328925388
Source,03591fc40afb9a1b1fa9a8ef04cffa1f3752c78b51684bb138780f77059297ceec,0.00014089326328925388
Source,035a64d331d1f96e1e5defbe9fb718612a0c44d06c5cea8ebf09645e6d99c45d24,0.00014089326328925388
Source,035acfd5fa93e2428a7c2311ce5c3fc48da8b49a8d97f6437a58a165717cef1193,0.00014089326328925388
Source,035c0fe76eea9faf84d630cf749f3187e5b54b22c0e5a50079d4ccdd4a2b00c11b,0.00014089326328925388
Source,036345e4b4393d0d25820b9db3f9dd2c98deed16e1c352a3d94e755ac3704e0b6b,0.00014089326328925388
Source,036c3ef10d18897be7beb188ca29a06c385ac32e22879d0238f3c86212eefd7b06,0.00014089326328925388
Source,03732e251034fbb110f4575ace7f3e586dc41d1c5591c39ed85c5c66d17549e195,0.00014089326328925388
Source,03733dbb5131769dfc401e293d3eb42d6ead2b95eea03268045ee320d21a9d1521,0.00014089326328925388
Source,037b80d06df0e9d764b1e2626bc5c6a6e79b6da32f28e65815b1d91436d6dd9792,0.00014089326328925388
Source,037db187082c5ed384a60832c3a9dacdce4fc191af861af93422fea758c14872a3,0.00014089326328925388
Source,03836eae75ffe6fc9e74c76c979b4b79b2d14db49db52529518ac28c9c14effc13,0.00014089326328925388
Source,038b95886d1e9a93b66c7bf782fe279ef41b3b25d65cc9822d836309bfa641f144,0.00014089326328925388
Source,038ccb428d00351ec8f6432a48572e08024a067af1145fe06ee3f19edb09dd8e7e,0.00014089326328925388
Source,038e398acac031f27bdd18cb88aa0703e4be03e1098c633087e635aea729f60f80,0.00014089326328925388
Source,038eef372b02686990f75d738ee397c137893c3ba61c552902f73f93433bc501e3,0.00014089326328925388
Source,038fef882e1201bfe168865f30c666ec674019e949a2a305625c8542926f9699ff,0.00014089326328925388
Source,03910a040f79ea500ed8dfd5068ac6dc2124c0c5273a301f68330d2df0dca4a0cf,0.00014089326328925388
Source,0394797d35ae660c6d71e226839cc2dd19a3bbf78179a66644170d035a2be98a79,0.00014089326328925388
Source,03a2ff540e25310b9d7f8bd15871b49befcb8148daf0282fa411aecda2f6266a92,0.00014089326328925388
Source,03a86fccc80e9f9279888dff3c0464d55595623cb38a185e70f5daba6eb7e2fcc0,0.00014089326328925388
Source,03acdab8d3e3c6b90e7e4dab5c81607cb819df9a358356593cfed5f42f1d5ed760,0.00014089326328925388
Source,03ad7fe66e7b95e9db50696488a029315cd0e22b7cd36d344eb53e52742abfced6,0.00014089326328925388
Source,03adae695ae0e060a75dd6a3a1db11f9d70de1e9a298d112cc593e4631beefd123,0.00014089326328925388
Source,03aee6e6e9564d0abd6b6924cf55d1d7857821bdb270f9f29f73dd968535d77783,0.00014089326328925388
Source,03b8061ce8ffaeaf6ae3a0082edabc7bee7e0a38d9b69ec05a0676f2b1927618a5,0.00014089326328925388
Source,03b993773bca9ed238e71e4cdb6ab9b16719c792277c7939b8def735b06614c84a,0.00014089326328925388
Source,03c06ad68539566ed023d137010e392dc3a7a101d061dd63c5c38c5a75b87b0fa3,0.00014089326328925388
Source,03c409d19b1d3dbb2191e28ba150e89273675fcf2812b58ac3fd88bb98abed41f1,0.00014089326328925388
Source,03cf86518ddb61a80ecf916a4e1a9a56740ad8c8bbe25c55fa44cea692a944e4c9,0.00014089326328925388
Source,03d173b01b1b866e99836b1330b38782bc2bea69efc620c180e28139d8db1afba7,0.00014089326328925388
Source,03e0d94bc1721f0730a78dca5d571e26cb08b6ad5d6049bb508e43d6a3050c7b5c,0.00014089326328925388
Source,03e26a98ee4d1320d5775fab291580969180592db3679e6d32e360dbd147066ca3,0.00014089326328925388
Source,03e6aded97140c21aef77d288ab794d3f4ee8a36cfea9d9a2c6a8fb7eb9b25f7bb,0.00014089326328925388
Source,03e8f8e8666030a241a5d790cef81625620650621fb4aa7f0dca867c90e2e2c083,0.00014089326328925388
Source,03ed40987f84af455896624387a3724e109a3079a376fd683980dbbbc2fcecd12d,0.00014089326328925388
Source,03fdf142952c32c698760973a9014a7bbb68cc395b31c3c3edd81a3a632957be74,0.00014089326328925388
Source,03fe0a48841d94d77bfc24e0683c8f195b1ad74364c667c3e874e0b1d09905a5fa,0.00014089326328925388
Source,021a1e61506b34a4894988e1452951f328b8b4d6b9718331fa31562d2b4c60ae44,0.00014089326328925388
Source,0239e4e93a115264cd2efcb7200285c7cd9897e1567c83aaaeb1db26a4ab8382ed,0.00014089326328925388
Source,03502d42dd74684738667523e2af90912b18cffbb3216473e60a62f5305a21d345,0.00014089326328925388
Source,02dc2010dba4116abd02e229bb93357c2daa5038c312ce0e59070f3d436d83492e,0.00014089326328925388
Source,03e819873df93c067052cb4e4b65463b59cdebff047084df6e1b3a7cb04958ed85,0.00014089326328925388
Source,02faf37a361a047b567753706120d812c40bfd316bb50fbf15341b95d738c1cc21,0.00014089326328925388
Source,03f6c71ecfaa6c706f8f0de3ad613f473c22f5985a0f6d210563e11d8200537d8e,0.00014089326328925388
Source,03c3c4130e3b4647f65a9a3b60694642e046e6b286f73f8e600db9d0883f76f7a4,0.00014089326328925388
Source,0240ef1c5acf890417e0cfa7729fc434407350f170c3de8471ac24b822c1f89acb,0.00014089326328925388
Source,032d7d81c5b25f4392074841ff1c65343421c654c3e64e501ef8c8c6b3c38a2164,0.00014089326328925388
Source,02b95baec56475c3f10eb35b1bc5eff840b1c763f355ecba36aaa97669adf04cc1,0.00014089326328925388
Source,03909493bd2201d95284f685096529841589ec15096cec08dec13632c4b7d2c184,0.00014089326328925388
Source,023094072c55dae1ddfd7ac3cddaf40aeaeede7c9d1df69466b14a080129856eab,0.00014089326328925388
Source,0208a5c9f0a0ed9a077f7fd83e34c4c9a8f010baf1b9628313c7cfbf749c08a9f3,0.00014089326328925388
Source,0251d3918cbc812ee4d5c90dec7c05882ba56097fea1b336d3730be6c799a7292f,0.00014089326328925388
Source,0205019fc1d5d0d94987279f25603b6d5e81a61e54b0386f88c5ac44b646cf8287,0.00014089326328925388
Source,031df9e4b5e651ac3d1ba5f787f794c1d55a31775a1be3da8f3d27b6819026c04d,0.00014089326328925388
Source,0224c73634656d7d39cf42352f7d937dd1e9ae466adafb218266fa0d0cda86c4b1,0.00014089326328925388
Source,0230077ec1c01a3b9f00916d910ee4783277c237ddd1c699adf8e4f3fe4cdc3143,0.00014089326328925388
Source,023aa80d7bcb99d6d5c98ac59f8b7d25fb825a2b26b6e9de2c8f4b2614832c9185,0.00014089326328925388
Source,032a49f43af1fc902a6ef5450c73b1a84623db70833da84f017ea114474d25789d,0.00014089326328925388
Source,033155023f4248cc522d488bccabf265a1365760de7420d03c02ffb6d8931328ce,0.00014089326328925388
Source,0382a7037fe23814a722c1b0c61b4ca78b1d7ed91176a134e43d3e2c62e034c0e6,0.00014089326328925388
Source,03af20bea87280ba29c4a6c1dac20b577a3b2e137bf33235e08ee3c90c3747a997,0.00014089326328925388
Source,03e888b8241776b9c56c2c2d0f2a67543a1d2b01fb112ddbb6ef9d86104c5acebb,0.00014089326328925388
Source,02a98fb3b84096fd01b78031bf1e8b8638e441b84b401aa2df27ad69ae7c10a0a7,0.00014089326328925388
Source,02cb277b8b684b4c928e24a45fb39f307f72557bfc052cdec10733d1fc02075ce5,0.00014089326328925388
Source,022a4ffb8f874d9df65783f5b1d888a84e8df733ca399dcb2c14026dca107082dd,0.00014089326328925388
Source,0296fe7513262a289a1a787df321ba8583c998411994aa3a2be367cf6c374a144d,0.00014089326328925388
Source,0351876efe01167a1f81f988ef470311eca17661dd1994bad01861d4a54565bc5c,0.00014089326328925388
Source,020e770b0a0d2410ac31d67737f1ff6ff0fa6ed3b73a7c36140ef6867ffe3b8f4b,0.00014089326328925388
Source,02f06db2943d36f27d79205f2e805b2de847dd61737fa97adaeca1f63a0a82dff8,0.00014089326328925388
Source,02adf7361deeb38a5ab5e70fc4ea2894f3c83a3d9a9c81fc94d9da9bd7cb9df16a,0.00014089326328925388
Source,03e1cc57d8cf1d38fd6f0ab4ca6d5dcb655bb971cd1511559f36667eee6f9d6cdc,0.00014089326328925388
Source,034e91e9e5ae7053f2c07fe90205bbd4a9cd85cedc908f83316607e2802921ccf3,0.00014089326328925388
Source,037d41b5732eaa556e3c68331211d4e8fdea3a3283c50228e7523460fc834f5193,0.00014089326328925388
Source,03101e0be9c1875924bcf8a6983553afeef4d32e4b721ae3ffc0a932e102e34370,0.00014089326328925388
Source,0247719ca61fa34ce383634a30b9cde6a2b396a8a6e2974dbbd4ebbe93e093ad2c,0.00014089326328925388
Source,02491e939447625922ed6a9a5f8ec900afb74d411d58036433ea03d4c184e58cbc,0.00014089326328925388
Source,029bd9ea2ba045964380b4a539ebf737dad0096a73ae426cd6b6bb61550b0f1774,0.00014089326328925388
Source,0383c546ca8d6edd75aca6af81e262f189b9c34c629c3b5fd1cb2ff45c4d85b32a,0.00014089326328925388
Source,03e072012a55f04bdce9a1d03d470961cbdd624123711a9e3e0cd45be5fe73e04f,0.00014089326328925388
Source,020e5809b594aed815d27ff4336700ed21c8e062ebc4a7ac7d0149b87069e90246,0.00014089326328925388
Source,03328dba4e263835416d35b14a2f0298f567c6bb5dad7e3d33d671de30d542b4c1,0.00014089326328925388
Source,03e73960bfa6e07f52826edf0227da8369da22719780aa327b62fbd6870cbf3c74,0.00014089326328925388
Source,03e8b67f649c4abf94cb33de4c605253f6a25c1c632885c2fb6863e2d46579f2af,0.00014089326328925388
Source,03f76dcb22c462fa0b9b8536f54281f3673740da06a5ad2125ad58e8c24fa51514,0.00014089326328925388
Source,02da4a7e4fa8f4348c361fdce8d473842aa811b1047bc9a7bfc29f0f6561ab3f73,0.00014089326328925388
Source,03078255aa0c9712524d0a1e2aad4f84d18168664b39bb4e8af41539345482acb8,0.00014089326328925388
Source,020689067df9f2542368a708a94e6f65b9c6055c4a615173e5a10e5193d780d11e,0.00014089326328925388
Source,0209f4523ad0c4b17be4a776dc2063a874a3d19c2db4a796af9222cb183bfa9c0e,0.00014089326328925388
Source,02dd2e57852a82c43aced997fbea9ad1ab43221bf882ecd9ad02911557bb765bea,0.00014089326328925388
Source,0308c5e0c438d076046d61a80e8402f97f6ec240ed3f0ea6a052e49df377ed31ca,0.00014089326328925388
Source,03b637cd8ff2ed08346f21a5cf05d51b4d80ed9dc3c99158d805c5e8dc644d8a02,0.00014089326328925388
Source,024f508dd7fc4c47e01f0e92bc0b46f9cfc0b8a9c0c6cec8eb1ae6bf55940c5363,0.00014089326328925388
Source,026c72dbf5019c10cc3a90448be1624fdc6021beb4fb689d4a91f0cdc3f7614d28,0.00014089326328925388
Source,02d0615b30ebc21d1c007107ca5ac070f03867e9ce4aa8de7ddc48fd251cd49c2e,0.00014089326328925388
Source,03906da26e94e1d6de0012cbe5c7439946ece2046579c21a769a28bb9a2b0150a1,0.00014089326328925388
Source,0286c1c541ec142c10f3bfb13b668de151f0ce00ac15671c191dccbecacdc3eb2c,0.00014089326328925388
Source,02bdf2f80a881368d5d658bae83554e0def9f8fc56d7e99995072926e604d455f5,0.00014089326328925388
Source,03d699b6c3497c2379b6e48fd46a815b98256d7e24afc5fc995bab0a574a4c30ab,0.00014089326328925388
Source,03687c676f42aa1172c8e8d22435ef3870d2dcb02e36800f751a1171b1f5cc056f,0.00014089326328925388
Source,0214382bdce7750dfcb8126df8e2b12de38536902dc36abcebdaeefdeca1df8284,0.00014089326328925388
Source,028c24887ba7e349cf35e7148032744156a9f1f21023530b5019e94a19984c53d0,0.00014089326328925388
Source,031d2bbc75802689312220a017c6b51fa246efc59c7aa9355f6f7395038ffb4d6a,0.00014089326328925388
Source,0336305b3215996ace194fbaa55058c1b13fbc1819650a44d5523914c1483475af,0.00014089326328925388
Source,035cab05b3e4455129d9bccbc624d62388872098381454e2966858d81d0d0babbf,0.00014089326328925388
Source,0245de04c5cce9183efc2e0586b35e4c52142cf08c5d79e07e8b9f07db591db41c,0.00014089326328925388
Source,028624b5cb872511d8b23a25ec351f6201af7e6b640edc0888fce05a8dede2bc8a,0.00014089326328925388
Source,034fa8e54c2ddded313f97818a5e226e2f552ef79b050896c380b8c7c248379a63,0.00014089326328925388
Source,039debbe207597b2436f26ebc646c176d736a3dc0ca2a3193e054d6906550dda30,0.00014089326328925388
Source,0279a5e1e3246692dbc39e3ece7dbf3e9cb08542099b54afdf8682f99a83cfa170,0.00014089326328925388
Source,0350bc12ba602177d327155c9a8daa7ea7a4f7cb0d77c6da69906be7278ff4a0aa,0.00014089326328925388
Source,02ee9a0aa06f776479b96a6f3cdeee71a86c982c00e33920a00b2e9a46db1eae0e,0.00014089326328925388
Source,02353d8f47ad50d5158463755b2261a169c0667ed5e43ef4cd3897676b7d3cae1b,0.00014089326328925388
Source,03146380e1ccdfa28e2a2611bd9b3494c4ddec77c96f590b44c9fb00ea75cc613d,0.00014089326328925388
Source,024cbb3e9e824905ea01517a2944d0217935ac809a8e50bd85a26701b0ace59dc8,0.00014089326328925388
Source,0256dd164bc2b4b1088a55c67be0be3b28505314c276ba261a29a262754650d7fb,0.00014089326328925388
Source,0263349260cdea844361e40cb495b9588abf59b82a145bc690633e1ef188299c1c,0.00014089326328925388
Source,02da6a0b9370521845876ad21d192066fdac39aa3941ee69972b72d9239e2c3399,0.00014089326328925388
Source,02f1dd194c270b5ffeb9f3418ab5bd37e20e85107d97d0285ccdfebf5ee62c397b,0.00014089326328925388
Source,0326df7bef4326fd022a82604a9423ae9f339e408da19c27f678732bec628137f7,0.00014089326328925388
Source,033478b3b66aa88ebd241044a7cd3d4a7a71a561cbfa297553d462fc1e3d7facb4,0.00014089326328925388
Source,0361a82fc09b6761aadf9dc1b3f47df9930ede75b5d0e21e55ec69ba0a5e73e8fd,0.00014089326328925388
Source,0381c065672f833c0afadc7e7697b5053ba73461ec8310f2e9248e1c9e9c6d58a6,0.00014089326328925388
Source,03967febf51640f0d1adfdce74da67e25b024ad6096e8ed51e6e16cc630f31f0a1,0.00014089326328925388
Source,039c2f38f598eb3a9390f892bd716d4986be44c79fdae501b2c1d98171df1f64f1,0.00014089326328925388
Source,021797bb325fe58acf4a8756b79001a5072fa22343da3866a02d55639c1eedfc99,0.00014089326328925388
Source,02252586c4c9df3c3f27b237f71ada602f57b5aae482fa75006bf00b2fadf31db1,0.00014089326328925388
Source,02306bef790d8cc08bbf68295367e586760713bce31d9d4f9bed50a8959c5a177c,0.00014089326328925388
Source,0239c809cce5473e1ac7deccd3707a0570de046cf2f3cbfa8d6927f47102139a56,0.00014089326328925388
Source,0248516cdedec7dd2e1922b54716fa5494c4fe5c1425b34766feb186d7578b489c,0.00014089326328925388
Source,027fc3b1c5ad810a1309507f0fdc154bce67d5dec83aa567b6b97adce62d1efb28,0.00014089326328925388
Source,02843833374b6c42daa4b780df2066a9985cb8cf97bc4566dd63cf693d32cbf7b5,0.00014089326328925388
Source,028c3f32842827392d8b746ff2fae5228f7a2bc23c007a376a005e1ecbdbb0a412,0.00014089326328925388
Source,02ae6b198112bd7d11e1d5dd77f4162e1e86248a1ea83c93ec622b8d46ef346bd4,0.00014089326328925388
Source,02b2585f107c25ce66219b0e8b3049189704f593a0ccb8a333dc75283a7546394f,0.00014089326328925388
Source,02d18a937053ea66cb6c18c351ac823e05e3b3649e0165192b25de3f8786760039,0.00014089326328925388
Source,02d362505e2d7201a9ba342beda0ace7bde0ef24d60ae9b5aa43e21f13df9f1968,0.00014089326328925388
Source,02db6ff6cf968f403aa4ecf7741b7dacc50256ae79a4999edada24da40fdf2667d,0.00014089326328925388
Source,02eda0d90617d79d63b129452af9ee3df48a3e791b36022e82b3e88574e63be947,0.00014089326328925388
Source,02f7e476ef3d597be9d5aac1f2ef9f70f34027fc94c60e8a4a4a35dbfb12f06275,0.00014089326328925388
Source,030dda0dc7b618aec381e92c2e7f79c107bea551eca616e986288c7e2ab237e382,0.00014089326328925388
Source,0319998baa38d207db73938af1ffc3e968f344bd4e2bfed533339caa54f23bad8b,0.00014089326328925388
Source,0331b1068db83bbcc3057ce11a0a5314e817d541de6d3bdba9710541932dd41095,0.00014089326328925388
Source,0347ee31dd03e5d28ff52f3ba544667a47eae993df9285f7e7f2f7922d4429b5f0,0.00014089326328925388
Source,0357d8c122077399d34b4bce9e62ff68930c9a49cb9c9a00b7c75ce0176fcc33cd,0.00014089326328925388
Source,037a7c0723cbaf0523445235540f12a74df3ca71d9f723c1a391f7d1d61753643c,0.00014089326328925388
Source,0380f8c4a9d644f863bfe4fab0b36976ae7f704627beb154977247e0097916b7ed,0.00014089326328925388
Source,0392600bfeb472a7757cd911bf64929c5d73b01e39d425f9ee6c86f8b5969f4a34,0.00014089326328925388
Source,03c90b47debe9e56226dc275eded7cd753f2b6d7b461830055a2469bee0e3501f0,0.00014089326328925388
Source,03d180b31f3a6982ff3033f26245927793e1dea33e93c1f6021057b322d5983193,0.00014089326328925388
Source,03e91a66c8e924383c6c962dd943e7aaf42359f398461f965eb8d74c1a183028e4,0.00014089326328925388
Source,03ff7d478e15d43ec025d2e79ca48ea032e34c6e407d764fb0c230bc9931d627c6,0.00014089326328925388
Source,0388e0278a212284bcaf7c987b873e8c30837e13f7e4e815ba67c0a470c0e92adb,0.00014089326328925388
Source,02bd374d2e1e347adc035a48b21ee1ccbc4060f96e118e234baa585125e43bd165,0.00014089326328925388
Source,020ed86a443a5c05e89531b0a7f8296b43eca95fe39bdfeccbed7558d6e12aed7c,0.00014089326328925388
Source,0321d48bd7fd39ee2d65216e33f92ddd6c4d83083c50146e9555b44c15a749eb08,0.00014089326328925388
Source,037588d95c906b1b082c67e70748ac840da12445d3e23ad9625788b7fb97ddcc05,0.00014089326328925388
Source,02fdfb32a586a2a2112fcff80b52b5f2f09b89456c474c508ceb84ecc218eefd7a,0.00014089326328925388
Source,027a507b034b1639603f2a4879493ea2f1004f3cf6831dc5dce193437d0d3e9ea6,0.00014089326328925388
Source,022bcd7248336b3853aac0c2a952cef25ec8ec53a79a5bd39a984b5be41c29f8b3,0.00014089326328925388
Source,02fd0937087cfa6be3fbf1f15361f643a84a172e9d4f8dbc1ef8365d0226e2d2ab,0.00014089326328925388
Source,03eb7f9a07a1d1665b7aba689b3c6e198ba0e51cdbde90fce45ec17a9ced6b949b,0.00014089326328925388
Source,03b0c41d53b025baa297b92fb32f5c2dc3bee9628f87fe8b78ef7fd5b0d777a36e,0.00014089326328925388
Source,02bec1b44fd34e98a7ed1222ae386f05fcd0d964cae216e4edce0f61b6e2784dba,0.00014089326328925388
Source,0378986aa771344e2f6d7ddf18fb9742adc8f445f51e783ed5f1a004a8f635eca9,0.00014089326328925388
Source,020c0e518e9d27eb3024d465b5ab765da605f8bc488822c401bbd182e379c6c4fe,0.00014089326328925388
Source,02b2012cb48304468627c689917397805b571f4e72d46dcc60d243a6382f6d787b,0.00014089326328925388
Source,02b4cb8be9077c3b14d6aa575bc94adbc0e08f9f2dedfbc5774ded9095079740f0,0.00014089326328925388
Source,02ce0da01c1e86dd80ef1888febda8905e0ac03290a48a77d5aa9ad574f072040a,0.00014089326328925388
Source,02e708bcd8685044fec60699809f5e1d5523833e2c1aec3cf96dd1dedf0ba0db78,0.00014089326328925388
Source,0338f87cb05016c9427de7872192615f9313d622db1a88f6c2594625ffd0b2d270,0.00014089326328925388
Source,038790e1fa4b1db5a52b6a51dad35f87b6d51c8b0a1102869997a2ee42d0e67aef,0.00014089326328925388
Source,0375d274a955463e1f1128ecb1d66fadb11a8152fae83ca20e0abad2acfc5200dc,0.00014089326328925388
Source,035f1498c929d4cefba4701ae36a554691f526ff60b1766badd5a49b3c8b68e1d8,0.00014089326328925388
Source,0387e3780a4325eb38421fb83000a6f6c0ffa4a69ea0c81db3f00e8e5015c9e8a1,0.00014089326328925388
Source,03cbf298b068300be33f06c947b9d3f00a0f0e8089da3233f5db37e81d3a596fe1,0.00014089326328925388
Source,022d3e15ccf86bbbb7d66e381a577070c11ddbd973b6c928eaa0c0d87ab9614cea,0.00014089326328925388
Source,024f5f1ddd1cf78afb23dcd2895d665f1f287ddc2ad1445a01a60e8cc5356b61b3,0.00014089326328925388
Source,02829de2d8762ac70f6a243c7e210e1a41d7bc9fe909d09f120b7f0b0252c83858,0.00014089326328925388
Source,029efce538a7f6ba7873b1bd00e0028ca39a658b96af326d349fa45bfa34226073,0.00014089326328925388
Source,02c119d2fd2e98a88f50d0d2ee4213255b7b8ec2be3a95f9aabd6afb09dd25b083,0.00014089326328925388
Source,02cf007fe65109016491999b64f85d7d7db5a09b902f0a83f03a82ce3789c78233,0.00014089326328925388
Source,032ca361b1f086d5b459531042d1db9b05694bbc7afe2e36d6eeafdbdabf67615f,0.00014089326328925388
Source,035812eae2ac23cf0b154f125856aa4d56bde452aa24a67a41667cb519cfdc18f8,0.00014089326328925388
Source,0218bcdf5e678e49f0fb143fa55fcf1d19931bf34579e9b2847d9fbcd02c38078f,0.00014089326328925388
Source,0239027416c376a691c141c843bbf0c84156ddacfa684868abf4abb36a76007cbf,0.00014089326328925388
Source,024a2e265cd66066b78a788ae615acdc84b5b0dec9efac36d7ac87513015eaf6ed,0.00014089326328925388
Source,025829cb2006367195d2a0dd8704692819cec0480af325e36e942c8ad8d0ff7475,0.00014089326328925388
Source,02787d5ede6b165480f66ef2c0cf01ca4659f53a706f943f901c6ebb8e2596ee7e,0.00014089326328925388
Source,028686d520cfdc8f7d234e879ea6fc7a963009afbcdafd0c40387e1cacfa1173ea,0.00014089326328925388
Source,028b5bc17b23ab71f0726ff86b0fa44289d3ec0eedf352799da28471bb82aa07c9,0.00014089326328925388
Source,028d890af85d8044abf60f72e0fa7a67cb2ba2326ab2975bdcf597b56b0cd45872,0.00014089326328925388
Source,029ea1b9f2786ef4b217cb2f5fd4195cb8d408bd67b738142e7b822c186f255ac1,0.00014089326328925388
Source,02b7060f74b7e04d3d8af97fab20381fcc16f7a33c7e526fa5c9b96afdb288d7d2,0.00014089326328925388
Source,02cb19434eb6c954dae458a499c0cc0b8b43423a894387a4972b98834487d76b89,0.00014089326328925388
Source,02f48297862861055dfd82931c5df6a95cd184746378029576a4ca8c3a9a3ad869,0.00014089326328925388
Source,02f83bf4d88147cbdc60facd1240c821de3ae7e69a0c7cbafc8558948a40f4617c,0.00014089326328925388
Source,0300ae69795f4445277cb0f82c5437ee4f69ce49c5265e7f6055451aae19944520,0.00014089326328925388
Source,031e8f3e16f06f78249497161f23fa50b3218c7a15c895149459942836ffc53f6c,0.00014089326328925388
Source,031feee8045899c658eec2b6f2f6da6e4bdd7baabdc61bdc017761577342fbd011,0.00014089326328925388
Source,036fd87befd85ea3f2b0c4e687757b7acb257c44758681e3a9b657776b34da8f64,0.00014089326328925388
Source,0374ecf61ed6c1208c42339f47decde2bc0c4393ac95f07827b3471e939d7eb961,0.00014089326328925388
Source,0386e31ad6a9e8ca07f4096fc303d0823d71109614d14fd5db0b53531ef6b47ee2,0.00014089326328925388
Source,039376f846cb4e137f3474baa7fbe74ec627745c7d5c54935b99fbb1b60a62c9b3,0.00014089326328925388
Source,03c911ae0f63bf272043a08b3008f173305c7e80c98c55aaf7f1e3e3715f8b1b4f,0.00014089326328925388
Source,02023587eae91eee2cd6c220caf6f4e89bb50496970c3705c2b07cc7754585ac7d,0.00014089326328925388
Source,0265689e7fac095fbb00fb3c4092449039a663499c9438fbb11842d102e39ee12f,0.00014089326328925388
Source,028c62619d11ceb4c2cd1837a8d7a166cae17309f114804057b4d44816fb8a87f3,0.00014089326328925388
Source,028ffea132e7e1d8e5191f7f4dfaa6b5c20509a6c668111b62c21670ce53139560,0.00014089326328925388
Source,02e07adbecd263c0452e973fabf7ca3d9e1d79cbb5843a8a7a51df8829139ce4ac,0.00014089326328925388
Source,03b439ff61f39f557fdea45129230f4f0c22b6625fcbbdba0dee52cfc56eed5e4a,0.00014089326328925388
Source,022b679aa4b614266662f49cad70ab7e48d5bd2bc52df59c988fa85d280948e49f,0.00014089326328925388
Source,027e9923151c58a7dfed9c2cd521587dbd0f0928f548b7853dde7475c21ad3a786,0.00014089326328925388
Source,02df803ba0b435b912556c83c97fc5d3aba191f114b2c468c3062ae18c902ebdfc,0.00014089326328925388
Source,0300e2f1a325881028702ab48762640a33f7478f537e7f7913551086b70e615f04,0.00014089326328925388
Source,0317c54e91b40f4f49f5cccc984127518ad3784fb828ba0d525613d700e67598de,0.00014089326328925388
Source,0328fbda8c1efcdb5ef375742710de71b9bcc93dbb16af22e2cf3ac84eea47dab2,0.00014089326328925388
Source,033ccad7e8ca762a8a4f161e3c43c56fc67ea8f53e2bb54de7f3f88f58279d360e,0.00014089326328925388
Source,0360e59bf60cabdb0aababf410fd5c567ef61a59503eb4fbb4d1699596f4b6bdc5,0.00014089326328925388
Source,036fd589f3d7cebd9b9bba22b1a66b3cf48ae0dc2464e77d6d503cfe219201b051,0.00014089326328925388
Source,03b9cb837a85f1ccb4a0476b8d680b9fa8e2a1304088dc174933f1129d328e7a99,0.00014089326328925388
Source,03ce88a9b56c4601d4fbb224228cf095d84388dcc6a2199ad8ad857a814bf462ad,0.00014089326328925388
Source,03d6ebe2c68d4f7647dfcf56b22efa144f0c92e94b7c3aaa353615946d7c390c12,0.00014089326328925388
Source,038c6b92269bafcd52428062d6f32da677cb229aa49aa5aa582afdefbdf2d4b49b,0.00014089326328925388
Source,027c9b3014c15d14798e4c99eac2c8efef9e4b0854c83253256335dcbfa407c465,0.00014089326328925388
Source,0246dae073f563308943c44f4d072f226f4968ea6a5a82079e9bfc9860a8a620f9,0.00014089326328925388
Source,024ae2136f960b87b97f11f7a6eb2ed2f346d933c068c7ca642d423f436d116abf,0.00014089326328925388
Source,02875b2ebd367b26d1cb555fe06b129667b5f2f4d3b5d81dd068a9445750b1b706,0.00014089326328925388
Source,028b2251f344fad4647812250aa124f02c90f897a888fd0d331fa2c4cbcb6f0419,0.00014089326328925388
Source,02a8ab39c3bd76446a2935712cec861d22ef80387dc9446e23eb23f72a9c49d637,0.00014089326328925388
Source,02f2b7caf6f83b3fe7c84c18d5efd60e7cbea8d60c3f5e81f2783a745c39fcd7b5,0.00014089326328925388
Source,030bf55073acc64d61419c61bdf6a1b9eaa7dea7d2803ae84564063c41f5bee6f0,0.00014089326328925388
Source,0316f91da45debe2fb4a68326512a3c3f0afd7f2b2325663d6636c9883ad5451d1,0.00014089326328925388
Source,032569bb9504f24ad4684fee59223d39f3adb1f846cdd8a0aeaae3f56e2525dda8,0.00014089326328925388
Source,032887d3564183798a3c56f130050fc950dd3448088ed311c779b64b409d187aef,0.00014089326328925388
Source,03d23456e1c3080451b2e8e539a8edcff8bef5a0be6d158871ee561ae9daeefe5c,0.00014089326328925388
Source,02593284840cebd321241d7a5bac0fc41f0dfe83ab6ee0847dbdb41419f830936b,0.00014089326328925388
Source,0299acd52299f3f1df8f5e65d3aa06f2919c43afbd3765c84a311bbc25f3832906,0.00014089326328925388
Source,037ae3fb76a9c192a33241f99a7877a435006daf825346d054144d066788d0bdf8,0.00014089326328925388
Source,021213d41afefd1d1476aabc5d7babef5bdb197fa71ab91725d62b840b48a6b46e,0.00014089326328925388
Source,021f34f64d916c296ff736f0b55b053cdb9691202b61c0ce52e07b4cd4627d3d00,0.00014089326328925388
Source,0226177ba487ef0bb5614748ad65bf193aa667399b18cdba4c7f662cbc09e4d439,0.00014089326328925388
Source,0241a3ce59bfef8b08111caaf23ce58d8a38ed3498a4820d3cf9c9e8f072b99e4b,0.00014089326328925388
Source,025b59eb8c92a6b7409b0e05078bbad3d204065131ce7b433fbac7b903eca96930,0.00014089326328925388
Source,02681c8e47585cebce5a7cead35eb418ea05c36b6b6f94fc67bb279384ecc8ea00,0.00014089326328925388
Source,02a19937ec71664dbc1746a8592b664f83826a94193d9ca4eecfa40644ca0c5dae,0.00014089326328925388
Source,02b456f7bed23d660d416772b398c6579e26468e3f4539e94a6590b121e22ab7d4,0.00014089326328925388
Source,02d298c2d030a357008d2f87996a3e3c585ebadefe811abf6c06ac3e432b13df76,0.00014089326328925388
Source,02d5d0f40cf8a5ba306b1be20526dd469bdd20d047b94fcac4562763396b157a33,0.00014089326328925388
Source,03123c0f2f699575693787b92b7145c566c4cbe7a8f00a20e6d6dc3061cc3694a3,0.00014089326328925388
Source,031e03d3a7caf461e8eecd43c8bee518f1ff79ae0ef2ef05b6c0f0f524708bfa72,0.00014089326328925388
Source,03232194f7363aac5dfbbd632c572f27abcc3b6d8ba47eadf5be40097f447672a2,0.00014089326328925388
Source,032c64551031ef36ee1451b702e764af363c099c8e344524e2954f6b8fa287faba,0.00014089326328925388
Source,0337adb8d781f9df4d23d4a29823f46f324cfcc490ec6b678d03a9b64aafb6b6d9,0.00014089326328925388
Source,033c7d60db7b22d46fa96983aadc2ec0ad5e3b80a22be2e56bc8df4d1268e4cf38,0.00014089326328925388
Source,0342444695774df18f8e33a6114b134dbe3b353f20e12a6415df7e35387702e94e,0.00014089326328925388
Source,034fa59ac0a81c6bb567cad89e3b950d488cff7eb80909fdb3a60ecaffe67205a9,0.00014089326328925388
Source,035aaac7755e2101822bacd80b376b4cc8332bed3810d796780a41df589d1c1e48,0.00014089326328925388
Source,03602fd7f61c387d8ee45099b7fa89c4c8570efeec711b43c69b94420b1d93713d,0.00014089326328925388
Source,038dc161ad6da211e20242e0f7918fdc9d22d43013b6522a39edd0a9f69437a190,0.00014089326328925388
Source,03aade6a9a4c743b4effe2c20231a8e3efc1d6d2fc846dc685dbb364738b2b233f,0.00014089326328925388
Source,03ab8a87c5ebca90514363c21c5bd7f6c8ac223f80882eb79b293d591f4bb57024,0.00014089326328925388
Source,03ab9e0a3d136ff248aa8a4b2e3cfb7a198f6011fd2f729fd10abd7023b72ae13b,0.00014089326328925388
Source,03f91df51f244d6e102b4f58e299e7c0b6d8c65631703c111d379c23a7b0ad9768,0.00014089326328925388
Source,021c75196ead6d1f9af0fb141bfc3f622f2454b6f7858f28ec110bc8bba5c508ac,0.00014089326328925388
Source,021af7817acea62563af90ebad4b6de313de8c47c91b8b2e2afaa989a3f07a60ee,0.00014089326328925388
Source,022252e7297f23601bae05132eb944a0e89f8a4a95debec6d63060bad78ff1fca7,0.00014089326328925388
Source,0225b4f382c31dc5920ad1e896d4fefeeb185ed542f97c287123e31b2721426575,0.00014089326328925388
Source,023fdaaffb92348f99a68d43663fb657fe21489759402d1912a9c1a9ee2435ce92,0.00014089326328925388
Source,0248609a27ab0589a6e5d0f0e7a533c2b87733b5c191b1aabd33a051fe79d2d6ea,0.00014089326328925388
Source,024e1e73eb3c3f3c3881989bccf73a88599fc2b71d505759d031d1091d5b3fb815,0.00014089326328925388
Source,024e7c5fd782f4456f20c579dfdda61f5d3d15a5a3eac5c2f7e902d6963c414f94,0.00014089326328925388
Source,025a8868e9aa397ec1e4ea33372248e8d8a71e7cc83f69e9b1e85d7981dfaffbf0,0.00014089326328925388
Source,027fc06b1bc36a6947b2ea38ac36cf16b3aefbd54b8f573fb71c6ec5c04a3e3630,0.00014089326328925388
Source,02985cad3fe71b84567a48abb44df5db52ff46768360b6b42fdf7e89ea81b25a67,0.00014089326328925388
Source,029bda7d9ca96c3f6f94b3ca4ef0f57417e4cfc2a5bd8c76af0ef2245d5779838d,0.00014089326328925388
Source,02c4b64b2cc996a562e3c6a4ed592906b72733701ffdf1a17d1a27c2d7cf132380,0.00014089326328925388
Source,02df2198a0fd75ef9335fa4c56800687cd91773bcb8ab197d244cd948ca8d56782,0.00014089326328925388
Source,02e30a46d01bf64d72bafd8eecc46cf289a712a26fa68dbd80f5432bde6140b3b3,0.00014089326328925388
Source,02e5337ffa8de9919f05d5520d674769d483db534a25381cc3bfda0394abeade28,0.00014089326328925388
Source,032c8f6aa26c5df17e45ac0e1d2202e3b684c97f6bd32be3eb77c59253b72e7681,0.00014089326328925388
Source,033ef62a75784249b04117b5b596eea7a3d938d45f5e05b76ec371c88dc11cdd95,0.00014089326328925388
Source,0355358f9ca397c92779a8bfc29e17c23cd9dd409c161d8a047ce7d902f54b4dea,0.00014089326328925388
Source,035db7bce8b88eb6040d7e3deeb8564e8f23e1ae9995987126ce2e2a2ded1c4608,0.00014089326328925388
Source,03653e8f7e7b96cd8d7c7f9641f541b7e24833f6e8b81f65eab8d9c614f8376324,0.00014089326328925388
Source,036549ee7d15d45fe9556104b2f82bd14f0a0862c941b6f08f333dffd512423168,0.00014089326328925388
Source,03682e90fa945bfcf053d92bfa31c0eb2802eb7b20ac444680f07202fdb2e7c210,0.00014089326328925388
Source,03923c18ec763ee90fdf7ace9e7aff5574af69f9b9408f8d57a64d1350bc434c9e,0.00014089326328925388
Source,039a039dabe7249acdfd1947cfb0d606e106fc2c8788aa5a82b74c50300307c89d,0.00014089326328925388
Source,039cf2cbd172ac1bbba9c104942b8fdc40cb28023d6ade8f9f247f160532d81e66,0.00014089326328925388
Source,039fa311ca6795a10287270c7804c1718ef0ef12546d70893a68f9246232baa32a,0.00014089326328925388
Source,039fe5f675c81fc1a79fa38278ed81354d7609189962aa57f9a7294b2872382273,0.00014089326328925388
Source,03a1dd4982461b0e583d05171f883ea680b1745960da4f2444ca3e600674b1648e,0.00014089326328925388
Source,03a879a1ab0076f34917606c69dd69307486066ea5372f8f72cb43809dc95d8c00,0.00014089326328925388
Source,03aee2bf07ceb5351a8c98615c1783ddca8a0e753800bdf33d08627ea7e56ea93b,0.00014089326328925388
Source,03b089692b76ce8e897a4eddbe6f498b10cf52bcc97cb4f3acf6d69a04a35293da,0.00014089326328925388
Source,03c6c3df8a19322479652a8fc04b6cb948d323afc09d6bd1ffe28aa26e6908ded7,0.00014089326328925388
Source,03c70a2d773ec5088972dd131bcac553b7a1c7cc95cc8d49fdf49360faa4491e49,0.00014089326328925388
Source,03c7e5b029a17101e006d70b1c5d079eac93db593c2dd5f260dfed3883a983e5f0,0.00014089326328925388
Source,03d02c4d64fa54c4ccc8fca14a49abb438689205a5116e026a2c7babb8f559362f,0.00014089326328925388
Source,03d0a346bdce7d3e0ddc1b488f6318afd99f67510a4d559fce2a36e1496827858d,0.00014089326328925388
Source,03dc121877f5e4b4764b0915c8916fb843ef89cc559885cd696e81bc51232b1886,0.00014089326328925388
Source,03f0f1f7709880c633b25142d5ea9d1f7caf801a4f456b1155460aa330550084ad,0.00014089326328925388
Source,0355ee43d8aa70baa70cdc13d19b02e23a35f7a84b741be69177929b51e1b02ffe,0.00014089326328925388
Source,02181d2b6d3af11e7c170dd2e7b6becbae46b1d9ac0bb77d0bef18d2dc418c211d,0.00014089326328925388
Source,02239d2cd10c6ca3a5bdc76ea4e492f94faa62a45266bc81684a1271cec145d200,0.00014089326328925388
Source,0251da16817d0ffc18c221819e072aef40fdfd732228b2a467e011804d3644d6ca,0.00014089326328925388
Source,02deb264bf87fa523d7f36bdbc05fa7274a890b8467fdf6557c3a589a58d757d45,0.00014089326328925388
Source,0309b4f2b3e787bf9d777b8f87f1d159f06227a83b1d21fa0ff149c8197d0f4436,0.00014089326328925388
Source,0332052748755d74b3395b91eaea78b53bd64b55eb031ccb6a7ae23ac445bb6af7,0.00014089326328925388
Source,03ef2c7ed0c1dc252de737aae15073146bcbb98ba8d252cc576cbe315d8e169e15,0.00014089326328925388
Source,02044b0f26d8b44cdb0238a7de8530478a084ea97f16fe1d02fb9b6f446fb45a2b,0.00014089326328925388
Source,0242829cbe6130b43d8711a17a4b99537386e8c3059ebd6bc901f5363d216c8178,0.00014089326328925388
Source,02f7c5a14699e99cd10e64ce39606124d74995a0d9805348e1c5b06c1440861d03,0.00014089326328925388
Source,03360499e0d9c152d95166fca8d6989ff6bece771ab8811d9a9082e86ecdba0faf,0.00014089326328925388
Source,0326976815fd2784c70823ed21293ff5fbc8ef213bc5bad3e55572b662a64e953b,0.00014089326328925388
Source,02b49bb90dad806bad46772bab383f51d0e81d11aba43adf0b2216ffafb9548bdd,0.00014089326328925388
Source,0336a1e9ed6ec5c8f6d15f87990aaf74305a6cd252614810825b8aa60ad6a59532,0.00014089326328925388
Source,02714bb49c82f209a6da0bb6c6260a7af978b8ac64590b7915bc900528f9f3f9cb,0.00014089326328925388
Source,02267c52832e6dbe52781d84ae24b391923270b0c916f68004a8f694106b18ea2c,0.00014089326328925388
Source,032ab85e0bd9d74c27ab2f8504cfc4473f6bdbf998a825aeec6db5b6d49509a7d6,0.00014089326328925388
Source,02085a614ae7c0a5d29fc4ac192dc73887ad024cca78f62f138ac277dd5cd06fa1,0.00014089326328925388
Source,02574ffa55d394b9326f6e5c15992cc0516b0d6e6a79a1318a5999ab07133683e1,0.00014089326328925388
Source,02595222407bb5cba50b51800d8fd2432d38d37eeccdb8fd9d8cf08e8141773c74,0.00014089326328925388
Source,026ba13a7a31fb7bdf7a5e592a2d82668c17d133dd9c5bd295ac1c199ccd3eca0d,0.00014089326328925388
Source,026c49329e78135c5c2c479fe48b711dc97abd6a6f9d834b701cd44d99d6d2378e,0.00014089326328925388
Source,026f0ff9183b949d77f4d635940ddccf480ef5d036eee1c232f2881924a4e64886,0.00014089326328925388
Source,0271e3c8a038756dda07a07ea8d77ffd545210c021cd62147e80d7500a7336403f,0.00014089326328925388
Source,02c921ef88d90e8760b31227ccc82dd8d4bb8082d636935abcde0cde4827f1ebb9,0.00014089326328925388
Source,02f71c063569424aa8b584a749f0cdc3aca0b6f9d34265e7f422cb6bf9e9f3fafe,0.00014089326328925388
Source,032a65fc24a44ba4334fe69ef9bbc07e299e5be956e4332347649312bebd51a82e,0.00014089326328925388
Source,0335d4f1152e8f54584d14f540fe0c100cf98a878ea4ff73e21ca8919d563ecc4c,0.00014089326328925388
Source,03f5b3dce85b7dc3d7e9e8a7faa32906971d5b5b10fb9d9aad69d36b4f8cd3fe9a,0.00014089326328925388
Source,0207d58b94bd3946bf7eb8c27cea6cc29d147485efb33f284894e59062592f398a,0.00014089326328925388
Source,022b0a4179c6b449fcd4792a7d3a3af6e0b2ac18c5f25b324961ea55732d1aebb8,0.00014089326328925388
Source,024611c978ca4ceef94135e4f82e45d9b26a7aa76c217f211009d5b3038a3271b4,0.00014089326328925388
Source,0283a074cba09b20a4e6d059a9f7c83acaae51648a045f1edf0e1cb559d4fa1eea,0.00014089326328925388
Source,033401a6d1a5ac4ac54a0a45b6f87c871ec897c46b9dc925f1405026a0e013508c,0.00014089326328925388
Source,033ec518c6ad5b565a89215d9f59c9d6dd2ca3d757b4c8fc4ea28eeeb0996ff837,0.00014089326328925388
Source,0354cf19ef9fb5b9a03737d61a08644457d9f9ca6dc8b73de25dce80116b6e0d9e,0.00014089326328925388
Source,0388a2cd707ac944a2b0c8adbf67c4a313d24b6dc2ab2baba842f9a9eecf925131,0.00014089326328925388
Source,02befaace6e8970aaca34eafe85f30f988e374628ec279d94e7eca8b574b738eb4,0.00014089326328925388
Source,033fa7b78148b09eb8d6b542e3e19400bd705b1dc03a62da1578f6c480c751de5f,0.00014089326328925388
Source,0367e072b7b6e40e5df3fbf8701bf1bc7efce021a5702dac7d0a9be7bb59f1f01c,0.00014089326328925388
Source,037603400ad316f1711a629629bb4528817c325f05849733ced4658f090fd46ae8,0.00014089326328925388
Source,03880f6bf12094a56fe42f74d0c7f043d15435301083b1c7edab352e2676d0b52b,0.00014089326328925388
Source,03a830531053653d9988731de174d8cf340e8a1742df01a81d02f4c5556c514736,0.00014089326328925388
Source,0385b0501740b2ece3f1577a193c9f659a22aaa9001b38c2891cc53e91fde54554,0.00014089326328925388
Source,02ec1239461dab3cc1a0525e8e11d05953e21862e8229c89502acb26b63bcdf137,0.00014089326328925388
Source,03166a818eb5b9245f2838795f96928815fcb8e010aac7f5e4d5e3e18f6f21c066,0.00014089326328925388
Source,020fb68768946a988775de1f3d643407aa526a56a47661abf880396372de70624e,0.00014089326328925388
Source,0219fd2ecae06c8c84dcaf380ce22cd722562e2976b01556720d8ac0d4c11f968b,0.00014089326328925388
Source,022ca0a8a0c2278c8ec543e71b5a4d260baed616607570d540f19c4be5abbe2959,0.00014089326328925388
Source,023cbb6b82b5e8f3479e1ace7e7836b42bd95269234795df53735d5a4d80fc1311,0.00014089326328925388
Source,0250906602b92583db08a7b154e57070007d7c6c176e96c446e6c21021d9bdf1c2,0.00014089326328925388
Source,0271b587f2f195d56ef66fa50b2d76b60d1d0eb671288a25c9011eccf0556866b0,0.00014089326328925388
Source,02881abbc2185ce06a150a9c74499f3dc7369ef9c47b9715b966a8c8df813a6413,0.00014089326328925388
Source,0297d6f8d28f0ed31c25a871e21ba4475b781d27bc6ff0fd7da2e563ee0641813c,0.00014089326328925388
Source,02a2275465cc4dd1fbe2891b746943fa966dbf0e9d0fda09e6039efccdf104295f,0.00014089326328925388
Source,02ab16f790c7727eac2048771cbe95cbcc1aa93931558c0fd87c06d5c389475a7b,0.00014089326328925388
Source,02efddba17ca713f9ec065242c5e6582cc40b40627ed6934fc0d1cef19c9aaeb27,0.00014089326328925388
Source,032e000d7927b0d78f7ce4285b7c8e4db97300fb55f2833173d7c28289abbed5bf,0.00014089326328925388
Source,037d706d809b71937dfeab0cc0577018d31bca5a729605529c5fe746924b2562bb,0.00014089326328925388
Source,03aad175872704dfbd8d918c7ce37d932241aaa9cc5c58360917593ef8b8f35cab,0.00014089326328925388
Source,03c8be501a366c2807cd065313b3faf9521003d8c9f1bbd175d0dec7da212adbfc,0.00014089326328925388
Source,03dc5172652827bd39d51f2a0f2021c1172a25a708d604d1b95b09aff8f22f8607,0.00014089326328925388
Source,03df95ed69a109deeb71d3dabe9b9a289ab561fa731c8fc853d1c70847597933e3,0.00014089326328925388
Source,03f18da23535adee245903c81750745197e3079d3b88b3898981c90a5f2411008c,0.00014089326328925388
Source,035b2b328596738817e1b8e4524537fda5884ce04c7715aee2058bc283f55b413f,0.00014089326328925388
Source,0208fb7f9d909c9c9a4d9f83ed150bb2d2d25ab7e49c4b7abcc22c7db37118bb31,0.00014089326328925388
Source,033a5ff126c9cc5b803dc38bb2e7ab8cc8ba96481f97cb5953a58dc0b728bce805,0.00014089326328925388
Source,035dcde9122bbac5048443c29a21c77ced865340767412f6e76ed3cae4cc45c609,0.00014089326328925388
Source,02bacbd81f5867e4c13c1a3764e7263071d0efc2e9c30690fa4a927fab2c356eab,0.00014089326328925388
Source,023ec3f43f5896226f5c39aa1de856fdd6666e1ffcfee274cc623a5d856ded397e,0.00014089326328925388
Source,027579ac31677119b1dd02cf98fc058583e007d83c02a0cb75fd09358d9f77befc,0.00014089326328925388
Source,030047cc676d1f248b05d6a9a2f01b35771aee63c6694f56f34586fd396a0470ae,0.00014089326328925388
Source,03a51134f9fea381562f783e41237046c7efb567874b57efa659a6f9eda38d8900,0.00014089326328925388
Source,0258354cf18cfd7e8887ee59a50916a83c129485fb10a44912046cfdba67426c0d,0.00014089326328925388
Source,02c9a5283bbd02725aa2f15831db7a55e36da9713c7c6188d421edfb80254d3d43,0.00014089326328925388
Source,02d5e7a13e928e5eb35b78c715ce5839191d73ad735fe9239884b48ade61f80e44,0.00014089326328925388
Source,03248aa461ccddda04e30dda8ec94f0c70bdc12ca2494dd91d0e11e396954b1ba7,0.00014089326328925388
Source,034be50d3cf20bf7f57e98b067fcfad35e2606e82de77f6e193d2750c0289fee7a,0.00014089326328925388
Source,0245857aca28028e1ee89f1cc4c8717bda1a479df426ccf1a55c44b68a135a961f,0.00014089326328925388
Source,025f3888eff5559c4c69196455a3129cabf2b4a74224e15fceefacec4083ebcbd9,0.00014089326328925388
Source,0266564e26bd0a2f78b7692d0d9ffd1e0642251f4876100492e44cf1a688904e75,0.00014089326328925388
Source,0280d7fa7869b74dcc8d34eccf3db1003b35a0af019700e9407106301e97a81c82,0.00014089326328925388
Source,02a4452b0854f164196b924eb36fbb764a35ba2aa32bb7d7885376581be3b971d4,0.00014089326328925388
Source,02b58092be437eadbaee5d48d77e58a32e9e28873f5544e28ac058b56f8cd629ef,0.00014089326328925388
Source,02c67b64efdb5db26b90d79f1ed9012e637c4cb3bfa9e74abed617d19b9e14a34b,0.00014089326328925388
Source,02d249db09237f974f1c67775accee37a9d1eb3f04f236dda177f5a5c083094f15,0.00014089326328925388
Source,033330bb74f37edfb72355b47faa2962501aacfba23ace774ac02a9cabd2f67767,0.00014089326328925388
Source,0347469dea682bd59255a5e60eaed8079186f85b5b5ea6dfd24565212e474b30c6,0.00014089326328925388
Source,034c5c5250c08acb62df2ebd0ab728bf2d6c757c7d433e7269672df280e3daca2c,0.00014089326328925388
Source,03627e46bebe89aca54a44e4d7fbe4fcc3bd50fc23783dfd3cacfd0a3215cfc976,0.00014089326328925388
Source,037f709e708f83bf2217369154316c769f5754e5eaf6a2c667fb9b4476ba8f277f,0.00014089326328925388
Source,03a72fc9f29dd760add68a7ae10e40f4bba8c71b95d097196116a5cd254d19993b,0.00014089326328925388
Source,03d230e83b40d70a05cc6bb325143739d12d527432622d0e5376e7f9e8aa44c72a,0.00014089326328925388
Source,03fa94bc4aead4375faaade28d33ef336d4124347843f258dbd66ded9799cb3dab,0.00014089326328925388
Source,03fc5d1dd5cea5fafe3a174dcb7eb03215d97b2ed5bc39419de81bcbc7153a9e09,0.00014089326328925388
Source,03feafbb48c239c6a8f70d35b2796d1741614e7a62b12bb744cab1a6102cf7f0b2,0.00014089326328925388
Source,03ab7645c1d1c853f4191b35cccf356a97d5b2314958846629b51890719d9cbee3,0.00014089326328925388
Source,036efdfddbef4f283c45dc166f77ef6dccf6457fe6cdabe7d437b9b2a56d2cec38,0.00014089326328925388
Source,0374a5e1e13165f5bc5bdc45fe142cc0c2bec14eed5f57625a92f1b61356222cb8,0.00014089326328925388
Source,025779d6d48e8943a5c0313c0006da5683910c1739de6a2a66831df2541ae705fb,0.00014089326328925388
Source,03d044c6c31ecfa252fcf764d4d8db9876f6b101aa63812035d1cb13c647fd97f0,0.00014089326328925388
Source,03cebf40a97959ae43c52a2a70e6a0160925d4b0e7bbdb845468250b6fb5b76239,0.00014089326328925388
Source,03ed28a7c2654fe6d654ef39d6d25d87b6d0daa5aa6c03717853c73101e5362cee,0.00014089326328925388
Source,036756a42aff29e849cbf9b8b17c3b5b7fdbd2cc557dc92a1039ca736ae9d1ff70,0.00014089326328925388
Source,0349cceafafc61e6d5a223dd5cfbc5e2db9493e45cf470e183e67071dd71468de3,0.00014089326328925388
Source,0365f68191c346349c0562568e04a4d6d43675cd4b5967d1f99bcfe6caa069ad88,0.00014089326328925388
Source,0211e453afb090f6939f2ed9df5f2925d29d4eeeed9c38786e872d96f4fa8b0730,0.00014089326328925388
Source,02aa98cb34d355df1406ef0a7816355a3b831feb129b0ba424b947d086db0e50d1,0.00014089326328925388
Source,021d8a51035430487094bf6ef5bdba3b7b9ad4f731058b940297d4b60706440684,0.00014089326328925388
Source,028c431777d25c781fb0dd0c2d8d92778c543ed6b935828eb1225ea9a7f7855c9a,0.00014089326328925388
Source,03fcdbd95bfd6479a09ff87cf8d9a58a38dcd0dcbeab7ad524b770c91d5a0aef14,0.00014089326328925388
Source,02118090763c0867ff8de0ea3c24c6d99933fd6dfcf3ea01fb4dcc8da8dbf593af,0.00014089326328925388
Source,021d5fd4e7def70da60ebc474da20e1ec13cfe8a47568720b1470e6eaf1c9cc405,0.00014089326328925388
Source,02239faaa8e9b72f2499844700e24dc8478e00d80ddc250c7d4a6787db3c7b74ac,0.00014089326328925388
Source,0226c524362e1e2f4b83e685ac0568044f50dae61783b90a4060689b8696fec067,0.00014089326328925388
Source,0248ea1b52e83ec4656610dd14c4ef14cc80df7f1edeeb736883a3131dd65b4ebc,0.00014089326328925388
Source,024dd706035b23d4930defe9e59935b3ab338b5d8c56171da0273974a30b2da9c8,0.00014089326328925388
Source,024ff2815280c698f2931aedd1d6a269cf2a1fde36b03ea8f472b3e76b04b9c858,0.00014089326328925388
Source,0265a655708b074348bf5a13debe3c13e8bbe1089f9455dcb256167be3c0bf0e7c,0.00014089326328925388
Source,029798bc76a3f416d8d2b294fb4d5496db9c74dc1020fe7ed6eef3eca24d3a8d95,0.00014089326328925388
Source,02af6e411a0b41eed76974a6b719c7a30ed1c8c6a26e267719821c8d4b78807378,0.00014089326328925388
Source,02bfd9798bb71188f7d81c090dc4ffadf5f5e1adb7fa191fc5d9c7ffe559f9c9c2,0.00014089326328925388
Source,02dd1c7d47c5c1f86c7e8f12c9419701f7c1398ad1ee334b59547a34acb1f808d0,0.00014089326328925388
Source,03336fcd21b56c660e70ec01389230b8dddc0ad6476e32653b53db56db50808cf7,0.00014089326328925388
Source,035df3064d99734dd203039aa48604a59364327f981ec712baa843aba3c1ed3d28,0.00014089326328925388
Source,037a800c7f36733b0cdb289912a3ff6f6dff84158fbcc599316a8d4d510e0f9dd1,0.00014089326328925388
Source,038e038482f726b9f3c8f6decaeb3b90d1e9c924ed05194eec296b7fef9bb0e34c,0.00014089326328925388
Source,03c6480cda01dab285683e2684701b3f8cc8b74bd7a974f662f4f982eea976f7f7,0.00014089326328925388
Source,03eabcdb5c8802fd56191817952e59dc986d3198b02103a14b0d752a33f9a064e6,0.00014089326328925388
Source,03e0b4410b51d6708d912e83418229bb2dde208c69f0aceb933ae27663baacf5a9,0.00014089326328925388
Source,02825cf02875e386fe47406348cd76b924b2e277ab4bdee8d2477bc2e16158ac8f,0.00014089326328925388
Source,030f018bf973d72642c781abdba0ad1e2997ec5d671cfc6aad33bc8d21e5edda44,0.00014089326328925388
Source,03adc3f09284c67bc208630cee3af49176a93255804f99d3af8dc7d89611c89d31,0.00014089326328925388
Source,03a78b0b4a66f53981baae6c29c1861d68ce29dd6391ce73c3e174b9128c24f193,0.00014089326328925388
Source,0357d6e0a43fa2b113c5d14407678ba47d0468bae58fa0228d7ed583ce0635a750,0.00014089326328925388
Source,025713a110233b9e0e74802b2a6c883d3e594f9e1b113cc5fe3705aa8ad365d422,0.00014089326328925388
Source,0394b072a191f1d26ae83d71b8f6eb8a587ce04bc9aef3dd44a2a66baf28c8535c,0.00014089326328925388
Source,0247051a29c9e7c1160540389a8ff68c2eb6bc5570b68fd3df2e3661118cf8aafd,0.00014089326328925388
Source,02a092e6dd299fd9df7dcd0744856d78d00f7f6ef12a07cebfa3d5cfda2320bda4,0.00014089326328925388
Source,03312c2cfa357eb407e0aca55da76cb64bed8284b6420380e6de6840f5da489b08,0.00014089326328925388
Source,03df274842abb3393604d70b3468629fc0f1edf9311de85b70b91cc53318a41720,0.00014089326328925388
Source,0219cf91de41d70a8f955697601ad5d18cb068e84060f9cbb7aa9dcc4138e1d9af,0.00014089326328925388
Source,02282cfc83d4e4ac088a654184be62d7de0be6298e83af39431f9598c8c5631c09,0.00014089326328925388
Source,023f09dd7216838dae25ea0acd081f8b0c08c2ac5fdf07ba51457e8291ad6027f2,0.00014089326328925388
Source,0250f64187d3552ce31728b88862ded7604345b81bfd6ea897d5821e28f0063228,0.00014089326328925388
Source,026313e7dd7d1ffff069ad9b486909dd25ca2ed95eda78b42ad7e61e131e95b3f0,0.00014089326328925388
Source,027e89abcad1afde4bed5ffbbea530f197639ce0d5069dd753d0efd1a0ea373fd3,0.00014089326328925388
Source,028b77c7253912be8d7f444f869a7d13059eda499e1e1bf67b4e4f311bcfcedcc1,0.00014089326328925388
Source,02b9bc5bfb92b7eff2c0057c4ee77429daab6e290ad3ed8b8bf37c324188d2b92b,0.00014089326328925388
Source,02d5ebd3385840e6296bef346d69593f6ae80c649713d08c832feec81288d5f532,0.00014089326328925388
Source,02fddcdc6ff2e7fe104d9b6284ec3376801cff2fd413108b62881fcb36d35a1bb0,0.00014089326328925388
Source,0307312f157abb65f78f0dee3cc9aa81d343dd3ae44d8e08bbb61ef513c52c9be6,0.00014089326328925388
Source,033bb3bb6927c03e608b6b29c46011eee7233349daf11f8f4efad7b49f8f841cce,0.00014089326328925388
Source,036ab86ff46cfacb87e883f2ea6e1136e10f71110d7bd09103df09f075f358fe28,0.00014089326328925388
Source,038d0543c2f838fc6229bd7b80df46d8bad9f30c874ee3ac4578c4ce6f57956f08,0.00014089326328925388
Source,03961c8b69c7e8e52a49d3f563d9b6160a2a235a19c8bc7eebde35fb3ae6fa0c32,0.00014089326328925388
Source,03e65542e1a5d49d11886f54d84292e55b75ff6128e9e1299b0f2115e63d7f979f,0.00014089326328925388
Source,03ec167b8086f16f76f8e723b253089b3768f063be9013e47c00078fe1dc3c878d,0.00014089326328925388
Source,021dfd5b4cdc4283eeafe65fe0dcfe8be45db802ece99305e56ba3694805d68a89,0.00014089326328925388
Source,02230723779a2d4a31d2bdd5f8da8b441316aff6915bcc731684ab1df2b5cf6bcf,0.00014089326328925388
Source,023036f14f7c2f9eec92d1c0ac07226e0c1516deba6e3a9fb577861248f204f677,0.00014089326328925388
Source,02398081f4dcc0bff305b734f0eeb11ffc10dbb8ee38bc50257d65ed0b003f6e88,0.00014089326328925388
Source,024b8a22f13d368e9dba7efdf679190ed97b823d3666717fdebdddaea464889aac,0.00014089326328925388
Source,02fa65b153b5901381c5cdd1db7856ae7e085a08a19a5c7b145278ed8ebfdc46ae,0.00014089326328925388
Source,032dc8a1c6a362721e8ff79cacff78ea870c9e1f9780b2b7c3d05dc6d922a20fbb,0.00014089326328925388
Source,03495177d7e4d92f32288ba25e49f40ed6350f58450da1f6ad9dfbc357d3c3f7ef,0.00014089326328925388
Source,034d696d1088507ecab32a16e454dede22809f67461572011540894fe5083a1344,0.00014089326328925388
Source,034e5f6afc1b5dfbf4b48099ed22227f62e54889fafccb0dd882c9d6d4e2534dbd,0.00014089326328925388
Source,037dda58c0e1b81237f1fecf4cea99e9aaa5918fdbd0fb87042219f0b008ad10c1,0.00014089326328925388
Source,03db39d2f0bff36f69969807f54829e82073afb88f0fd2996e61d245a797169a28,0.00014089326328925388
Source,03e75f7c4b46d02cc31feed50937d6f1466936361db962f1708e14052ff8643dff,0.00014089326328925388
Source,02a7a0980d12cca9d40239369e5bde7621d6b539727713f052cb9ab931f4034097,0.00014089326328925388
Source,0307b1c0b5f1fafac96d9d661f6d9c7f5d800ac1bb9bada02a249f4eefce82927a,0.00014089326328925388
Source,03ee296cefd82de3a8e8d6963d5b7b3a3769e6c151b625f2526221d1cc1cfed5f1,0.00014089326328925388
Source,03fdcce8c0b7ea50392aad8fd072379d547e8a76896da93396af1f283232ca89bc,0.00014089326328925388
Source,02319b9dec6adc1526c8707eb7110915291751424bc08166f55240fe7817a3dd53,0.00014089326328925388
Source,03ca5b1d6f8c0f99f71fe46b9994571e59ab21ce6045f152ff24b3a21cd782aa42,0.00014089326328925388
Source,0227d5b940cba21be92244953475ccdd3cefbed8f397be03e3155a5f41f304fc93,0.00014089326328925388
Source,023e2c654b2d87a960f3fc12ec3d50fdbb4b9546a81d1c353a679a0a0cecf0bd45,0.00014089326328925388
Source,02960bca9e62f900626cb316cd0d689f183c3eb7a35ea04ee67812955d50a55368,0.00014089326328925388
Source,029f874789dca322484735ddbfe58785395c7f4a67d77d3d0b52b4c2fc72914faa,0.00014089326328925388
Source,02be830b9c86c74abfe4c7af27a22564b387c076d33517d1cc9640702c96f87157,0.00014089326328925388
Source,02d379fd4c3e6ccced10ec93aa87eb0478587152f88fde963f773d2101bcb84ba2,0.00014089326328925388
Source,0308a48a7bfe49f77a7e4309adbde789a194969c33c30518a8f51a0db895e5fc52,0.00014089326328925388
Source,032925faba461d86f51c2e019fce9f8929795bf974b5114a73b5c8ad263d6a2c5e,0.00014089326328925388
Source,0372c2fc212661d2dd4c3e092193f1c36292ee5a38b03c7c7662c323d5cc5a70ef,0.00014089326328925388
Source,0399af1614c5aff93313850f1f825963ff78884c3a0bb31b2db1d11de7dd6a1f25,0.00014089326328925388
Source,039b9567a0f8176305290af2d21f32e6a54993383f56b859515c33a775d2d94a2d,0.00014089326328925388
Source,03bc3cfdd615b51dc557ed8264266c5a519ffcf58f4cee65738b6c6643d12ab039,0.00014089326328925388
Source,03ceb8234fa80fdb8301aba79b831b71cfe325cd73311e1beb16be318727da1cac,0.00014089326328925388
Source,03e0a26dca5f4d4dea43ba104d41e4f54b6b66c5b2559811f83b20efafbe307183,0.00014089326328925388
Source,02401127b192e2cd944af5b6348e9f4d731e7a0de40cdb7cc4da0c039eee9f413a,0.00014089326328925388
Source,02029a5ea890afa1aa8a201ae66fabaaaa50bc5735bbc88239d9f05d241a328c99,0.00014089326328925388
Source,03464340ffe96762ef1fb1d53d0e4aa9aa1527c01bc9cb6d152c49c207de4b2577,0.00014089326328925388
Source,03599728435310ea15f682059f7ec7e0eef9f6aa3a40b79972b3977982e8d95fa5,0.00014089326328925388
Source,032d35028960b98916ae4baa3d3f6c7af953b56cf15a8688610b3cf8473d6ce78d,0.00014089326328925388
Source,03a3f3412d81f42640057a2bec2b23209d31dc3407ebbd3cd5ae39a8f484cc9746,0.00014089326328925388
Source,033f6f451291a4ccb57be4b475297b0de3f279cc6e1ce4e17ffe3cb0d08601e287,0.00014089326328925388
Source,039566ccfcbf9851d364c5fd384c0a83cba5e066e53c0a19d1ab687d3ec4298f12,0.00014089326328925388
Source,0304c8fcd62c4ea005df75560b857493ebd11b0367172a5a5f30b485ee44f37b5e,0.00014089326328925388
Source,0213618cb2c5aca21f09964b48d21f64cef6559f1bed3bfcbbf570509709a3b4ca,0.00014089326328925388
Source,02ade737acf24680e65040f491f99f4b2bcb66c8363ab7e44183ef126106116319,0.00014089326328925388
Source,02fe23846ff5b27623b2df30eabaa4a95402490f8b39825af8c1c6897238639ad5,0.00014089326328925388
Source,02103be0c04b16b0a5c19147c8e78966f07b76a54842b1a3ff63273f68f65bb083,0.00014089326328925388
Source,02910d9065d4bb05b068ea99aca9c25b3e2ceaa55334e125850861b3d21d3c2009,0.00014089326328925388
Source,02112e5938dedf44949f443fab0a37246919a8c832e5d4db572d87f412a45f3936,0.00014089326328925388
Source,0274a542b693385f9e38d7acf4017ed31748d00693ff219c54e1b33749595a7419,0.00014089326328925388
Source,02b3a79949fcb53da53050018837c8eff56ff571ef1e0552a80edeedbd7320ffb3,0.00014089326328925388
Source,02c08d255f696c55e870c784904031c074f9552305e09d6b116a4370a1643ff7ad,0.00014089326328925388
Source,035c7735413cb1fa92f8bfa3406c7f89a6ff31a93c72bb558da11d8b52d51fa47d,0.00014089326328925388
Source,039faad98d8013755a78f2d9e681e87cff1b1e6cfee51a253c5ee88d272b41f5cb,0.00014089326328925388
Source,02acae80ee43b7b5392b8404d24d63e70efe5029607b4bc593cbea097832e62729,0.00014089326328925388
Source,02b801df8885cc174a422fe044d2215685723a0fb59f38c602aa87771efa6f0f7c,0.00014089326328925388
Source,0235295130523a20394d3eb2eedae07ea400ed043c4b0703ab5baa17599928cf9c,0.00014089326328925388
Source,02496251fab34331986afdd9f1e1914ad15ca9728ce34958f4a7bdfd1bff9ddb34,0.00014089326328925388
Source,025f85db77e1c1e0f8a203d0432d75cd96e9c33983756ae960b2926bcc9b561899,0.00014089326328925388
Source,0270762bf41cd8f022877f8ae4f6cd9fc3ba26ed020705a6313f1e91ceeb729ca3,0.00014089326328925388
Source,027644f08d2282a1a113583fc736c86943ab964dcf0271602167ce427f75cb1710,0.00014089326328925388
Source,029762a5d8f166427916966c11d257a762fbd28de775b8aef8380baed0a3dd2991,0.00014089326328925388
Source,02a4ae188a1026f511dc4d34a96134505d9aa35317eb3ca76c4c37201e4c0cd315,0.00014089326328925388
Source,02bf42feb6e4a9c4088d7711ef2761b3d53811352fb2b921004318ec3a726cd9b8,0.00014089326328925388
Source,02d360dabb62c56762365f3b089b95451407db4ae8357bf192035068f6cee9d748,0.00014089326328925388
Source,02dd7d0da63930ffa8a9a217a64599a1d0db0e71bdb7246162620d0187be838e17,0.00014089326328925388
Source,02e4e676d8bc9964529f241b9955a3280aed6b4faf1d15acd398ae39bf6aeda159,0.00014089326328925388
Source,02e4f9fbf93b1e82505064c9fe4a51bcadafe0d54645ca5d88ebf97f83d71246ae,0.00014089326328925388
Source,02ee1050616916748f4a21e0a9bc658da1d68a35c8344c051f3949894ceb9d0cfc,0.00014089326328925388
Source,02f29feb1895b28ddd412884dc4bb2d459ea0f643dbd591965d352b3f736b804a0,0.00014089326328925388
Source,032951538e4d03a1091330a04fb53d007813daf92462302bf14b455b3e6f239d58,0.00014089326328925388
Source,0335979470961dfdeb9ebd08957314cc3f9f2a26c91f9ad36c813b7ab61cd43889,0.00014089326328925388
Source,0355cf9ce813a343313e1a4844f82c34810619943cb193cbfbead08da15d80fb98,0.00014089326328925388
Source,035add86d2f652cb15ff7550c3e97c93928b321e33a93d4e2a7a34b3f43a614f1f,0.00014089326328925388
Source,0367474894168bbbc28c5140ebe2b2c6d35f1554dc1fc9d8a698d246cc0107c05e,0.00014089326328925388
Source,036d09d3c0a546bce8703a090a64360305dc3aadb38137afca270153cfb6171201,0.00014089326328925388
Source,03a4ffd3fe8fa650dd220fe2873d7bb5bde9277778a02bedc33100ca5ab74c9454,0.00014089326328925388
Source,03a8f310c015f5a0b7518e6035896b77e524293a7010739c0c4a054f2c4886c1c9,0.00014089326328925388
Source,03ab7754318a19d343584f051af0c397b8c1378b0babdc15c4b7e083ef3dcb06d6,0.00014089326328925388
Source,03baf762be9f597d8986be99ba270c24a76fc60434415a64f8f15118417751d91f,0.00014089326328925388
Source,03ec4f6fefe6001f8ca2fbd078716a4eb32ba826a735f5ab8dc56fd4c8bbaf016b,0.00014089326328925388
Source,03efeea8961f376931a390ed9ae62be116abc1a8abaad6d1998efcc11d63e86526,0.00014089326328925388
Source,03f52ef2de6f39870b9f24e411f9083487679865d033f17163fa92dbe3ec1c1b2b,0.00014089326328925388
Source,022a83433fc5c4f525aba9d73960f65444e29ae14713bd8f9a5e0d3d9ae5d3df22,0.00014089326328925388
Source,02b1c12217168e12e1ac3d3cfb271320618672b447d1c865998c8b576331c13a26,0.00014089326328925388
Source,035a71a8d2e36f5ff894fd6f97225a493e0cdf013c60c3b1c6992be19bd901a9ca,0.00014089326328925388
Source,03ae9ee8fd5eeadf8266517f9131f72452ae5e970e1e6e66568c6ccf3be878628e,0.00014089326328925388
Source,03f277c997dc4c7bee602c2c94856fb95b6429216d832e5160c9f890265868d580,0.00014089326328925388
Source,03bd509a77fccc50db8a04521e0e075c50f42ba18046f3350d216b68f095795baa,0.00014089326328925388
Source,02c45389d58edf3c9dced6716791ed450ff632e74e962ac0d489047498f4e54a08,0.00014089326328925388
Source,035897b1acbb44189c1a3d173501c9271bb3d54c6ff999576c2ce987e4d30c8390,0.00014089326328925388
Source,02a355e5aef43e4dd19debb06f7e462396b8952318853c7859e86f3f425b1cca01,0.00014089326328925388
Source,02b3b4d2636366633181de8a0894024974c045ae04102e92405973abc0391142d1,0.00014089326328925388
Source,02cee8c495128228805affaf4ce9000380445a7af04e8a4b19bced6468134a87ac,0.00014089326328925388
Source,0215190985e6416dd53acade295c25b44144c5d7e960a1f5b577020f471bb3e09f,0.00014089326328925388
Source,032440fcfad66143777d06a46e0f53d2d01b9c304c65299599778b1ff3c2cf768b,0.00014089326328925388
Source,029382406505e4c3e26393cca56c2ad4f2787830713b878cb7e0706314f8136ff8,0.00014089326328925388
Source,029c52a4a99e67b67923c6accdbe559b0201ed78ed77c55608132ba1536e83cb7c,0.00014089326328925388
Source,02e09c9706706a718b48f7b7ef813ffbcc9136939caefe20bcf8f850de8a5b3751,0.00014089326328925388
Source,02f8c5a2a23a215bf884cf6a945606ee9b03c8c0c56d8ad669d3c10ab3430132d1,0.00014089326328925388
Source,0305cacde04dd04a1957bfdf1e61dbcbf5c422a4ef2024aa8cc4c5df65f60bc3c5,0.00014089326328925388
Source,037463d732e03dd262b68df543bcd0cf147645d76a88f70e3c9380458e0effcc4f,0.00014089326328925388
Source,03db73c39c4edd703f48a4c9c91fc5f2071bc25dc7cc6298720ff35068096a0528,0.00014089326328925388
Source,02dc1ccd9515180c36644c3bd5fab43316d03d78aaad4a9dea94d011d07ac4ff52,0.00014089326328925388
Source,0324e156481ae347d4a6657a9bc9985f982aef0b6582c37929988416f6ad47f8fc,0.00014089326328925388
Source,0350306e4bae69b7944888d39b8d5f107b62e274f64b82c8de76a80908990d4935,0.00014089326328925388
Source,03d7a0b512ff764296b46eb82292e739a6df21ec29ebed9cf6f43c38ba3c129dc6,0.00014089326328925388
Source,0240df8422414d60fd1727d9e5ac3851e7cfbbc02dba16f88b87113083ad9c5550,0.00014089326328925388
Source,0289b175772f8f2d17dda83a08cba18bf1f0484019cf5abde7fa69acb9a52652f7,0.00014089326328925388
Source,033a79ee73d58c4476e8ed95b65746e63e806540497bdaebd6bd21a633c41db70b,0.00014089326328925388
Source,033dc7ebdfc181f398d564c51f26dfc2b67a6201607182bcfadd283689861103b2,0.00014089326328925388
Source,03e32bb82dd814d2fdc501391f322e5d07dea334c287eba5cc9248ffd97611467c,0.00014089326328925388
Source,024b7ae6d1795cba4513890d0fede261e2ad97b604b50602141f4eecd3cd0d3f54,0.00014089326328925388
Source,03ea56f9ffb95cc9809a22476702a8a5e5331d67aece05158d5955787d800f492c,0.00014089326328925388
Source,02e7c58145c8fdf48f000bb754bb63cbecb6daa5308d851bf186f3ae2cb8179bb2,0.00014089326328925388
Source,032908b8500289e4c6cd5249d4abb24bb77279b3910c536d7e534df33b9fefce55,0.00014089326328925388
Source,03f439656d2f15a2d1ae68cca7bc801a180df971e3a09c16d1040b9f4f599a3a73,0.00014089326328925388
Source,0290152ac5e665560be63b890214c168df3deeb8948167c5f46de52a92a4a74540,0.00014089326328925388
Source,02283eb2262a9b89a568c30a173b8fa51eaa00025c056118696ecedb5513e65b27,0.00014089326328925388
Source,02953a31260ff0e13f11c14c85b58001bc796a88bca4532a0767ae9d4340335d99,0.00014089326328925388
Source,0312785161d7fa1721760b38e2d246a28c8092bd22dc092321173c0e3a015e6e00,0.00014089326328925388
Source,024c8157806c1d130769962e4f7eb461065e7330d45f6548a3a2f216c9b7c5c057,0.00014089326328925388
Source,02616fce0681c0402fbfa7f3c0b2f46ebc7681f7c2580a468749e6e775a7c530b8,0.00014089326328925388
Source,03632a82cae255b39f47cf37b2117217a76a7db236827c44df24898499126ee38b,0.00014089326328925388
Source,03d216c73166943229b0880137422c5e4c58784328e28ff4add00656370d8e0f39,0.00014089326328925388
Source,03f9a351fe8baf9ec4991369f8425ec5ffbbcffa604204e8ce7857f94d53c1054b,0.00014089326328925388
Source,03ffd4cf867f2c9bb7f72f7cd26cc72810ab5553d6f14d66aa6b047556412acbaf,0.00014089326328925388
Source,03d50989c2a872befc94a9052b6e3438c1da7605bd9046c98636d9f0f2da6a5a5c,0.00014089326328925388
Source,02111729655b26a9829071241a221a3f4272d484e5ac74a1e683986186e1d6259e,0.00014089326328925388
Source,032154b2cb4d775459f918b838149b17907dd4d8c6457ab32f55e17fa06785bfb0,0.00014089326328925388
Source,03d2b1a05afa256344230ef9efeeb272ecb1e9c7e8d0f904283aac30d361c569c2,0.00014089326328925388
Source,035bc080997da8f9ffe7f4aae59aa8000a719be9e6bd52c89e027a824f1579d361,0.00014089326328925388
Source,0247a7b33bcb1376ebe391e9e4d014011ba62d0f90ce779eb9c2c81c4b91150362,0.00014089326328925388
Source,0365fd3a5c8d66ce56bb181e6f652652348a7fc841cf53f738926ea3e726b197f9,0.00014089326328925388
Source,03991a2e00bf2836de6a52207a5caab147fc0261c9c2fe81b493f98acf643bb881,0.00014089326328925388
Source,0205cde0d3ee57d7b580eaf7262940c55ac0c02a0802149777304d1d1858154e9b,0.00014089326328925388
Source,025ecf01539958ffb3b912df349b762732afa2e9f010996175930e484c10979e9d,0.00014089326328925388
Source,026871ba2db890ae47f3a4ee11e6bc10badc038e9eaed9b7983d990aee0ff3c1cf,0.00014089326328925388
Source,0276c5e7cac95039994619d34238ce9ab32502199a931b4246d6e6baba979f2f3b,0.00014089326328925388
Source,028a29151b53f059bcf1ac893516d58fe59e7280dc222af148bb2ff81f419c4e55,0.00014089326328925388
Source,0296717f7d1f2664b31b3b0ef061a494c3b0baa44e6f67a913e5d230970eb12eec,0.00014089326328925388
Source,029671acc9ecfae0af2699239b9e63ca3ce6bf87fb58c222cbc1d758bc72e71ec5,0.00014089326328925388
Source,02a4b5f00bc1072169db6cc76e2250178993f1bcf0bcabc4fa3f3b6db758a05240,0.00014089326328925388
Source,02ef69d8c5c5e8a1535bb79a3893584eb407d0136129c1da8117899c56b28707f7,0.00014089326328925388
Source,02feda7eead5cf5d981004560e366e2344719fdf2d56316fe6ab0e6ff20ce4aea1,0.00014089326328925388
Source,03085f40d6aa0d3e9eb1216edca883d83ae3b7815881f27d4f703001aa1a826de3,0.00014089326328925388
Source,0312729bfe8c02a1189a94bf609be3f44e7e30f581ada3429925221915d5d6cfb3,0.00014089326328925388
Source,033fd45bd1696be5dba030695def35a7ed3c24a2d654999ea024241bb9ec5ef890,0.00014089326328925388
Source,0351cb0ff3f66a89b95d1401a802738fe0580782b493ffd85b5474ab2ee70e2628,0.00014089326328925388
Source,0357a89996af0e364d3b2a471bc58fb977a12b4da843cdcce863b86e52e9477dbe,0.00014089326328925388
Source,03678d054d15d450fbb63ea0accfa938cef8f0ca159df82937a902f891ae13ea22,0.00014089326328925388
Source,03697040d580505a8e847776078db062173d7a2a2093f004c67e2c0734790e41fa,0.00014089326328925388
Source,0376a797f509dc2a7f5b27fa6cfb6e953412c3525783d16fd2961dbaf9a2a1bc2f,0.00014089326328925388
Source,03a46347ced3bb8ec782572db7f32a2ea5d6a14ec4b6167ba0411975e3f863c434,0.00014089326328925388
Source,03c402afec79d52f0a6b6eb7e63bc416e6d34824adda023fd6777c00f44dc5408d,0.00014089326328925388
Source,03f44fb753b3671b3ebe43a6f98ba7430f7ddbe5870ab65dd541a6642e73dcfeac,0.00014089326328925388
Source,020aa1b4448974defb5a2b4058700ffd53a9ab8c2fa3bea0e1cbdd71f2e452b81c,0.00014089326328925388
Source,020da13b3a016ce4baf3a5c3e3f31b94e41493a1f3754837ace03532fcfe9decd6,0.00014089326328925388
Source,02390b726b5139c5447b1ee2ed9e4ad81594041861b4e28f8c7ad36fc3681bf06a,0.00014089326328925388
Source,0256c133d4bc7c0ad9f104855a568718ebf200a0cb35576cf670ab8dcd3999292a,0.00014089326328925388
Source,026c915977811b4c4efde1b465fda1952e25bc702a3bba8f7346964ae302115efb,0.00014089326328925388
Source,028b892b15f5cabcea5165b236db0e36dc06553c323c84d3768867dac7c95e84e5,0.00014089326328925388
Source,02de4ba1b08b2895bde816f012d4b4a5fdd797dfdf6443c28db183ca4a83043835,0.00014089326328925388
Source,0303238e8f3e25a49da6c909452e320130f3f45e474df08dde7ca9a25f008b2b87,0.00014089326328925388
Source,031330e55210ea87898be3265c2e3285adcd573f6e6deb33f8f314a913596bf543,0.00014089326328925388
Source,033fb418c4676c9a71d1e36cd121c8e97a6bef8ec374273488dbfbe6e4c13cabfa,0.00014089326328925388
Source,0340420ae018af63722aaefed313bb5d2b9e0b42966a7755c1e8cf1cddc7b96a22,0.00014089326328925388
Source,0368d6487e9d215f7d8c69ac3230ddf7307364e4a7608696e45f1764253481e6bf,0.00014089326328925388
Source,0395ddc32f9c9269a2c25815e6d3e99a749263bc011fdbbdd7bc4ef46eba9c0b83,0.00014089326328925388
Source,03f163a59b2929b4b515d9dfd558f15ce23e95eadc109de013e6f7080d24644be2,0.00014089326328925388
Source,020c7f6d847bf0fc99418351a5c02b0d36babf833f0613216dff3e808ebedea656,0.00014089326328925388
Source,020dcf8798bdc8316f6b84302e5895ab55832f73bd1d3775b1e96296ee4f42f069,0.00014089326328925388
Source,0273209369cf43965cf46be5ba41dd5e04756a658c440c873083f36344dc01a040,0.00014089326328925388
Source,02921ef5865a1f3ac9d96b7647e44c7145425b841bc533021fcbd241a3a27dce0b,0.00014089326328925388
Source,02be8a7c6e669047bafee5091fc65ecc00bf035eaf7be5774da11ffe7f171f1964,0.00014089326328925388
Source,02cfda4768450a63d33120d08180a4aaf727a19d264262ddc88a6904b6f4766fd4,0.00014089326328925388
Source,02d11c4c4f986ff547288d873f6a33758aab744927355b01272ee560a3ba44d01e,0.00014089326328925388
Source,031aab6bcb92800b101fe0d02a10d78fb99bcb5f84907c7ce725df0e1607a8f390,0.00014089326328925388
Source,03398603de59d47f16bed1232bcc3da6715745e6609e84b33548755322af391f23,0.00014089326328925388
Source,036d293ee276b354e153da13c60b7df632119c380d163eda73fdba944d2f9cd847,0.00014089326328925388
Source,03785c99cd75dcd0b3f2f4cedc5a82e108396abba65f107e97d93e3fdb212d38f4,0.00014089326328925388
Source,03c73e43e92fab12af3461f723901f0bcdabdfdcf9b74973ad876bf0bff96a8676,0.00014089326328925388
Source,03fa87695311cf210261b014009c3f40c1f0f1359f20b9b3892e3a174e67f32489,0.00014089326328925388
Source,03fa8f06dc028d46cc75be1aa12abffe7fc0a1859d78e07c9fe5cde12f03036c45,0.00014089326328925388
Source,020aaa5790fd3aea7d00ca3fff13da2d7b69cbfb2ba0aed904b761e23b0b15a0d7,0.00014089326328925388
Source,02795d8bbc1c094db16e8b0eb5d58ea0ab0beda7e4fe0d3e9cc6973e1209dc0aa7,0.00014089326328925388
Source,0304a7b6d0f9bce7b0db22307e1e46d5cdc50fee6ed6409b23aea2137eae9796e1,0.00014089326328925388
Source,0337851110bac4f1b2657bb4d05c824f2f0ccf4acd9987d65aa8860fa751be9bed,0.00014089326328925388
Source,03734a479d6ae7231b72eb0cb2a2a8318e3aad2797f7dd4318d236df10e8e9b5b0,0.00014089326328925388
Source,03c181e9128d4f5817451a0c7ebe6774df52ba8370a3e461f76c267946adddeedd,0.00014089326328925388
Source,0235e5fb13f718c6dde857910483c315a714fc16e6c2446967b7af46ce096bf293,0.00014089326328925388
Source,023b7dba0075975778c820a56a157de5eed67e988e6c7edd723af73ad20e4463ed,0.00014089326328925388
Source,028dcc199be86786818c8c32bffe9db8855c5fca98951eec99d1fa335d841605c2,0.00014089326328925388
Source,02a6c19e0d4aa70b7bfed2fa74c23e67f6a7846992f73c3c79c36174df3103ef9c,0.00014089326328925388
Source,02ea815dfe39898455fa2dfb1287d5a9a33ed99ea5e089d404050ac08f78ed7475,0.00014089326328925388
Source,036073813aaf77fce3d30f9688ac292e74f61e6107bf05d2e5ebd59a23aabd825d,0.00014089326328925388
Source,0370835959a58ef9144b993e05c421fa69b549f441e2eb367c116ed062c78c9188,0.00014089326328925388
Source,03765088ae55a5999014b58a1531eceb4cb75ef1164841b85fe858d25768dc8a56,0.00014089326328925388
Source,039f01ad62e5208940faff11d0bbc997582eafad7642aaf53de6a5f6551ab73400,0.00014089326328925388
Source,03c043906b71a4dea9146b1fe2d2c87b3e595dd9437a355efc15fb3a40b0dc2e02,0.00014089326328925388
Source,03ca764b2116f081d9457c007f3615f3f9820b1bfd8b3a9223b9429b9d6d468aab,0.00014089326328925388
Source,0232d86b65f57659755ac9b36a18d5df65c4e40ca31e5afc92417360a1f30d9dbd,0.00014089326328925388
Source,020c4680d58c61afcb73c3b7fa66405dadf5e8cfcf1e6c3bdf7457209dfb930ee7,0.00014089326328925388
Source,023488aff80c40f7de470a78e7223fe21bb1ac27cc382b861dcf387e7affe6198c,0.00014089326328925388
Source,02382d03cf29a50cd78b66bfcd554c29abaf771c938a65eb228f04ba8be7eff051,0.00014089326328925388
Source,02395c3fd43b9de70ce401b0a4ddde81e9c165f352fd6bce0a8038e8570b7edda8,0.00014089326328925388
Source,0252509109f8dd6bb1c253e9629a6d33c98c2d057db48ba7182ba595d356fe833e,0.00014089326328925388
Source,0267a13582274ad9b725df10795a45873f829da5b97df571b530ba7d05d265999d,0.00014089326328925388
Source,030f7d4140a58ed51d5a20f3168c668abd5cb334b2513e9deb80f898075a160e82,0.00014089326328925388
Source,034595754d4ca1d845b10d1a137fa2dac7c214fd0a12669081007f3691b96e4f84,0.00014089326328925388
Source,036fed1032d6c65ae0bd77a486b328d05033e5912b3491fee538e1426f5840078b,0.00014089326328925388
Source,03ac7777d4ec12aef66c2774ab2645fe9284451c6ce1aaa8fb20ef71f4896958c6,0.00014089326328925388
Source,03cf590b086e6fcfaa7f600bc01cb34d5dc04f5844ea0efca0f0a675c4c7207eb4,0.00014089326328925388
Source,03f353956ffa0662973249647774690844ed9efd345b68b45ff08ecd5389772848,0.00014089326328925388
Source,02f95395ab75ce7a64d0b84daede69f2261224caa16216cb3a55161df9593fa371,0.00014089326328925388
Source,03bcb84b5f3467ff40ae9e698118737493ee44d29d8870ce9c90bf8db871a66791,0.00014089326328925388
Source,034021c4773633666ca06d24a7dbd9f923a8e275026e13b11dfe613fb965a60a4c,0.00014089326328925388
Source,02045f04f3456f498fbd6c5b20df43646beb39dd0f30dc46f03cd9ccb4619b7726,0.00014089326328925388
Source,0212864d59d5a902634c4a3186615446e9d56c17b14600f3b74fbabe3509aa707f,0.00014089326328925388
Source,036294c721f7987aa48140e7b374b29003928b67e92a11bc5f782923bf71b2ffe4,0.00014089326328925388
Source,0223d51c41b020c4682735ec2402abd3e0b3f369a4a1c55013446065798c885ff4,0.00014089326328925388
Source,0266c8bc400b0dec376106812019ab96d986d59f21c7ce230ae690d3cf1efb261e,0.00014089326328925388
Source,03148ada4817484654c0d8dba4945b457ed13f50003160706b77cdad790a5b3d60,0.00014089326328925388
Source,023e4a4c0e0e114d88ab50ec14582fefd60ad8baae63eb0934db146d995c5567d7,0.00014089326328925388
Source,03e6b8966a2e000f1cfadfb547bcfdb71d9779bc20606ced38a1045654eb6f58ef,0.00014089326328925388
Source,026ac2ba497263197b599e592e9e1116a308f8b3a8d6832d68b249b79754b0fc8c,0.00014089326328925388
Source,026e36c6d84c6310abf5905e64f186ecb9a3c380269dd4af1daeb16f7411be744c,0.00014089326328925388
Source,0277516c86cad9df72cb1e815d72099d4cfe4beff1b47072120843def247dfa61f,0.00014089326328925388
Source,02b64fa8f2595d882f3ab985d0dd766b4462399763e866a97ee027970e9fa2bb26,0.00014089326328925388
Source,02c7d549e06a34d5579313fbc7117c24d33c560552f0c21fbb84ac766670a408f8,0.00014089326328925388
Source,03685b8de9e4d9e689b120d27511732ea9bc3195577319dbb5bf7df64e1334d7e4,0.00014089326328925388
Source,038a7f830db2bdc5474a9b61e505814a5b5b6ef3f0c9ce513c4d21d5b9bfbb26e2,0.00014089326328925388
Source,03bde3699957c0f1dec4f3439a033d94b5f93cdd7fd496a0cceb702d2bbed6c92e,0.00014089326328925388
Source,03be453075758979d83fab2a19738d1783f235e8fba1b4f5101a0f8936b50e2137,0.00014089326328925388
Source,03e0d26a3469daae35254beefe8bf76d422b56a21657a04dded687ad84ce222442,0.00014089326328925388
Source,02075128534d3cfb7b8c17de20d99710e794d6e3b113defb50ae56b2656b874ac6,0.00014089326328925388
Source,020773935f1f212565c53939ea01d70f0c75abdce57d8a0abf6c5325a30b7c97ee,0.00014089326328925388
Source,02155dc604c38b3410d5ea4d73e10d29cb94cf8cc472d3e8fcd7e2aa1aa47fd9bf,0.00014089326328925388
Source,0215b2189c07bb239f7ba398080bf36d46bc29f93e22042c435bc6c8ff046dc3a7,0.00014089326328925388
Source,02406379f06d25aa9e1fc21871f4b279775c3b802e03bed00071cda44c0f34cf8f,0.00014089326328925388
Source,0258771538e3bf6e55594d6f782781f146a5482df4cc4e5d8622385eecd3f161ee,0.00014089326328925388
Source,0276b569a5237c597c156ae4f1a7076667c628d97ac695b4d9c5f77d708b189b09,0.00014089326328925388
Source,02e5686fa8de511e7c0557e65defd4bf6202d9f619d67038eb85d95939f91ae9ec,0.00014089326328925388
Source,02f4d13c97cf5136aae709c2907b7c666156ded28096f036a455da1aeb7463fbe8,0.00014089326328925388
Source,02f93138c7472715b39f9fb634dd19f4a53d6c1cec80b37b93ccaaa0ca23b6cccc,0.00014089326328925388
Source,02fe0e177b1b819e821ec9baa3b0b925deaaa2e6dd3feced84337bba992e4f06d2,0.00014089326328925388
Source,0302880b4a67ab349a79424428b5da4dd6117019b5f9905d22ee3ff6fa02c87e76,0.00014089326328925388
Source,030783508b89ba6ad5ec36744927fac31eb0c1991fcb6d4b45ea04e045bb9395db,0.00014089326328925388
Source,030ddceb7aab3326190761d24e7910dd046d8607a61d80fcb138ae76d665b83f6c,0.00014089326328925388
Source,031b184871526e9b7e03f5766cbba8ca11834e7ba4b1dc4f5651803a46fd0bdbe3,0.00014089326328925388
Source,03342545f0741997e75e0ae2b56b0cee910e24ffb3b869b0ffbf51864e6c1f7502,0.00014089326328925388
Source,0339540f54ac8ed5fd64dcd75af990159e9c9684736163dc909a7f21106637c2c2,0.00014089326328925388
Source,033ead090345a5d3a0fff938cb21cb9d057d405a57483c13965151c543335948c2,0.00014089326328925388
Source,0356518680de810fa539514f68ea86a865f8db5eaf55c4400c18b200ff39a3a025,0.00014089326328925388
Source,03911012a122cb5f81980002f4efe9ff68d4c56f6b03c0cd4b3cdf72b26f4a693a,0.00014089326328925388
Source,0399a312311ad4faea5a57e4983766dc8f44a04627bc1dd446cc479fc0a194fe84,0.00014089326328925388
Source,03b5db370bb1b8e62f0f70e20a4d54c458bcb6f6bee17d743bf2fbaa162d8a7e70,0.00014089326328925388
Source,03c3ba2197dc8163c3ce033b35f38f6d119a7a40d8cad9d076aab9fe716c3c42cc,0.00014089326328925388
Source,03c666d35eb4b0278305a71fd41e2ddf3ac6813aa8dbc71fc25edb06ea55445a82,0.00014089326328925388
Source,03c7212c12168cc01dcb5302a2b597e33e14824495db8b04e5700cc0dee6218f74,0.00014089326328925388
Source,03d47e1782e1b63011b45053746bd4deea12bdaaa15f3f1c3b081a3f50194953bd,0.00014089326328925388
Source,03e462fe0d34e5e23bd3086a16725309ec1ae49da97fd8c72bfb2c67f58a95d202,0.00014089326328925388
Source,025ef4bf89a87899ec8d6b6304b752bf23ec70097783cc6adaae047017abd34d46,0.00014089326328925388
Source,02de3ce2a26ace9c1390379110ac5f7a49574fccfb0b0793211419749c7d65d926,0.00014089326328925388
Source,02ed9449f14a6aa1a347525a38c6856b1fe8668ef862a791aae0f49725fd706b46,0.00014089326328925388
Source,036e84a49ffbf3d0f18a7eec00683fa4cd5e56acc055de4109fe0c07a3d1080dcd,0.00014089326328925388
Source,03953a47264df895672638b0893eaa10eeb65631961fd27df5fd487c193f51b21b,0.00014089326328925388
Source,022251106217e1accab91637b08e575de6cc18ae076f6b50cd1a879c2d69cdb549,0.00014089326328925388
Source,03aef71a80b1f0bfdaa9457e46b24a048a4dc2c3d285f6368c5815c26e35b8232c,0.00014089326328925388
Source,03dd269796b402aaeff23b46d0d74db9980abe07a0889d83110efb681bb1fdc8af,0.00014089326328925388
Source,03bd90f91fd10f3f66fe1c1215abb6b58ac5c96f74ac3fc51f8f85d0ce5d7a32cb,0.00014089326328925388
Source,03e81a5b8af31bc00a1c1c08419d3272b4982db02feafd739904df2edfcbdf6f7e,0.00014089326328925388
Source,032006141da532a9c1031ec86110bccb2e4127a0c3629dd86bf48a09d42827826e,0.00014089326328925388
Source,023f319e47e3f742e7b65892a51e9906d472168975006a3d1c41b4c08a7fbab7a2,0.00014089326328925388
Source,02462361f699ee46547b910d0af2717a06e84593db79044afed3794047697d57f1,0.00014089326328925388
Source,02b93586180ae4e4bff4d459ae2a1f8a63a0cc84af123c0c452270caee231d65e8,0.00014089326328925388
Source,0258ee97eea284a64d8a2b2b9b85bdacaa4bac3870292d35c98db8865b3d42b016,0.00014089326328925388
Source,03a9f47a42aceadd8ccd44dc1ffb5de8bc45d93d9fc15f7d9db9761463974bfe5f,0.00014089326328925388
Source,03da24daf8390f97e1d55106e3454f093609430fa39103fbff0ad873778f212db8,0.00014089326328925388
Source,027d2456f6d4aaf27873b68b7717c8137aaa8043d687a2113b916a5016e9a880e9,0.00014089326328925388
Source,0298c620501b51ead4186550c302ccaca4a84c6dc59b4358cec0e3541023849230,0.00014089326328925388
Source,02a7258491b144d6449bfd87e06f4674cfac69ceecbcab325218c9675ab0014dc8,0.00014089326328925388
Source,02fa0624f646a8d48a86d4e2e2be7a704066bf0686361ad6819dfb49486a01a2a0,0.00014089326328925388
Source,027aeaffa0a60bdc40375d6341ebfe496e8f20984de0fbfa2f9c8dc2307733d77d,0.00014089326328925388
Source,03887e37707bcd91a2f28e19c7a667c9649747da876fb2852043a5a0339a60048c,0.00014089326328925388
Source,035b9c1794a62fb649e6b98828b521203f99ef314ec3be9d30f821d647618bae16,0.00014089326328925388
Source,0299df1e967ea00efdc6663e21d97291296c42c6dc3a4281c389103c28d47263c9,0.00014089326328925388
Source,02a35e94b403dead4d08a00e3df3577682e34f5c4ba39476497be838dc76d15a09,0.00014089326328925388
Source,02dd9f426545eb2727500c98533d63de07d8095120befbf13ff668ea49ec1a751d,0.00014089326328925388
Source,02fd3b3897bd7f7353d3719d3a6ef291ca7616c893f3b3a5bacd72701f20b01dd1,0.00014089326328925388
Source,034bbf5739ed4f1c596b007744f678d7c43f4eba77bcbeffce4dfb8ff67419b3eb,0.00014089326328925388
Source,03c9fec15fcad730562ef0300c5b43f7190c4b8abbd4e8e3f6320d64e0fb8f80a4,0.00014089326328925388
Source,03f8d50e165302b2acf72768e6912b01aba0213460e78cde978c42b2c9cc97dce7,0.00014089326328925388
Source,03ce16b71fb6f70b30321e867bcea9cc52f39531380cd6673bdd8daf257da27e57,0.00014089326328925388
Source,02294ffbd3619e9dcd7e0577d1203ff06828625f421647950888a19cf30b5a635f,0.00014089326328925388
Source,022f3c0ceeab498504aadb5fe2eb19581ceec0feb70bff24c39973a12a569e01f6,0.00014089326328925388
Source,02d6b78e7c18aab00a62d00e63de41eba9d8be500b0465054acb7c6e8145b68182,0.00014089326328925388
Source,0379a683108ef0d273c6dcdf380f567cc98e474fecac12260e0934ff6f28973d0c,0.00014089326328925388
Source,0314051b1d2b5c8652aaa687aa2500824739b137e9e772c77b9fd98bf23222a32e,0.00014089326328925388
Source,033463ce6afab5d2b41a89e4ddc875e7e1b778c2ab11a105989809c0b889ac4ede,0.00014089326328925388
Source,02410812336c78cc0e8b58d6e07229ae9f23f57f93fde31e4bc9686aeb07537369,0.00014089326328925388
Source,028164012ff22a8b588ccac995ed356ebe7f978e95249314eb643349196d80747f,0.00014089326328925388
Source,029abf540598472f90707170fd1981c27adb1129f2608e80e5b1c88cf7f1b8290f,0.00014089326328925388
Source,02b453f2fb9a8a850ed58065617325db7a601a9783bda1f53e27feba91f2c46b99,0.00014089326328925388
Source,02b7a8701a3c2f87e290dc50d2c43cbaaa80cb5dd156207db39e78c6b5a497a83c,0.00014089326328925388
Source,02c22d7bf45c8551dedd264c095784db8aaa28c1f06d7345b6fa4a258764f55f12,0.00014089326328925388
Source,02c54255600262a9955df5780369016e6b3dabe43cf5151b8d60ea544d38184046,0.00014089326328925388
Source,02c99e0cba7685beab99343d6fb81cbceb9ed0647c38851a0ad600679cba4e51d8,0.00014089326328925388
Source,0300267f98ae79cc9ba9df81022cbaf68cf474e274d90004af50c8c1a16687ef81,0.00014089326328925388
Source,033a48ea85ee6b6ec1cca3e27fa06fe135bb4e285b73dd03e9c28cf18912ae65d2,0.00014089326328925388
Source,039e16e8a5fd39dfc9be565ef25a03ff955278aa7f563ec3490aea0450e8c59429,0.00014089326328925388
Source,023067b3d99d27b19f1a0fab96d93e1782db3066ef0aae34bdd071d3818e1a77ea,0.00014089326328925388
Source,02f26a442f7da7f7536513d2a4939708cc4a96e4541902d9e149567237b536085c,0.00014089326328925388
Source,022cbf25bd176b60478f82460f015dc205f54c629559268d518092947f118ac39d,0.00014089326328925388
Source,0384187e07cdbeeea58a204d0484437c910b74538e3c182806f547b042c4cb39cb,0.00014089326328925388
Source,03bf02fd87769546958404501e6a1590b9c32d48e74649499dc83c4728025932d6,0.00014089326328925388
Source,0227230b7b685f1742b944bfc5d79ddc8c5a90b68499775ee10895f87307d8d22e,0.00014089326328925388
Source,023ad7104645556a41fd7d68125299e63e86c4b0b8a8e745a2eb833822d55a98fb,0.00014089326328925388
Source,025663f754086dcb1f41d6a67487a042f911f46c2fb95571253e47983db8bcae71,0.00014089326328925388
Source,02c59145831a78bd2d9aeeef3b36de3d5ab8f548bd026e521907d09b6cd4ac9bfc,0.00014089326328925388
Source,02d4937779f44afef840e3fd17a04bee34551d58d100bc63256408e694778d1579,0.00014089326328925388
Source,02e1e0eb4e88b22d2cea0e6c69aeef7a142d2933b863299c548930736dfb961434,0.00014089326328925388
Source,03b9e602012c46d45d57821fc5fe24b5716e1b332f70330ca6b8e7f317e71136c1,0.00014089326328925388
Source,030aca23ab45f25dbc5ca08a72bef04659cec4a1fa5aeb0761026dd6a3e75244b8,0.00014089326328925388
Source,0234d70cf65a4e8974d3d49e23ec7b9792877f783f2f5dfd3882422aada18a916c,0.00014089326328925388
Source,0277b4ae6dcb212b5d4bafaae5c1006e2493a51c1df3326e5f01b5881819437bc4,0.00014089326328925388
Source,02b6f799b1fbfb5bfa81380b466a586e8e47107cf7ee8b35f189bc08cdc540849b,0.00014089326328925388
Source,03cc1619ec785b9ca1f0d61f8846d2b294e8446697ff65160937e2374d4897311f,0.00014089326328925388
Source,03f259a1908e98d3b618c79581e0ee04295a55e2d61e609db40f4e6f38c526a46a,0.00014089326328925388
Source,025dd646e955e40fcb03192bf3d99c981179bbbb80cac86e1ea1af85753bfef4d0,0.00014089326328925388
Source,02adccb7d7ab40b9c694d54643f73e332fc2cfb66f05c1479f083eaed66b34df59,0.00014089326328925388
Source,037dca1d190c1b0da5a053b54f6c9eb68b7c99758943fd696479643b6ca7dee53c,0.00014089326328925388
Source,03c44a3fef1637aae26c96bbe932baf5094b6f48a060d8944bd32d4f67032cc027,0.00014089326328925388
Source,0256175a6dd5d84f2eac303d39fe81fa46cfcbf100c1b75cb485c9348f8dbb58da,0.00014089326328925388
Source,023de8e20b007fc0bdacd8a54c9e6e1d8007fa565235251283b96c3967db524679,0.00014089326328925388
Source,034e7c4f09d0307ae4df01e3bde4bdb4b83bf3d295746a03e73fd54425fdae3010,0.00014089326328925388
Source,026459a495093be23e27db488a95b484e6b9ab5e4d68c5a07c9fea8d6c96554795,0.00014089326328925388
Source,0273ccc1248b889e429e9e1a929d6bd8c420f50e3a93df9eb448c133f74aa1c263,0.00014089326328925388
Source,022b0eab812ac300d5a013a18b385127b10b9ecaabd2b1c251b2a37abeb16d0291,0.00014089326328925388
Source,02b7152ea6b3f4525aa9c65987470f18b026523c2882d56b3dc78316999ae821fd,0.00014089326328925388
Source,030f275453f36fcdc2fc68fd78a8a2e3a27b06f767e7831fc58c35d1c9bd8d71e2,0.00014089326328925388
Source,03db212f915615fa8ee4dc98e6c7df7a8b1252c98e8a391ae10b98e81d200947a4,0.00014089326328925388
Source,0315f37510b31bd075c85a4155fdd2fda46813911892f8863892448026d96cbfe9,0.00014089326328925388
Source,0381ace79abf177cb3094b7a63c1f09cad9f72775112340bb0dd18fce2929f7940,0.00014089326328925388
Source,0385ac41ac5d6a5211b8755368c33966133c4031778638786ab626235479359b2a,0.00014089326328925388
Source,037c8d28484c285de5b252620ee4852f5c59b662dee30eb05874156fdda36c095c,0.00014089326328925388
Source,020d6989eaaf107a020501607aae8f489dd207cc495fbdd6b80eee14336ed3217c,0.00014089326328925388
Source,0237446ef84a1fcdcda3b76c00003c4891e8f3904d9af27201941f361138943ad2,0.00014089326328925388
Source,028b452db3c44c1a2fd4ca10b9cd6e2c4fe63e1a79c112590c6c93d6b3c2b7d8a1,0.00014089326328925388
Source,02929175ac215cb282cd965d21b8bde87cf18828a4824f6a6e12b0098631b9f535,0.00014089326328925388
Source,0296b409300c902b2de217ee9594f2f952bd62a6da134f8f230362f8228a1c143b,0.00014089326328925388
Source,02474521c814b031024fc295fe144ca46ebdde045a4a1d80abe444d68a08e272b5,0.00014089326328925388
Source,0259156aceaa943d8831fcc5252e3fbc80022256c56d39d430a27d7b59aa56c6b7,0.00014089326328925388
Source,03255c472821030291f0163afcb1382f4e7b3bb35ac45e104e32e46ebd39c6ea07,0.00014089326328925388
Source,03a0251303c04f1ca4353eeb1467cc7c233e728a6ed7462d844c043aa73ff86149,0.00014089326328925388
Source,032535e13df87203f52e080140e77d26ef073ba0db69caa6497a454a8ec244480f,0.00014089326328925388
Source,03adbcb035efdaa7b35594ed7a2247828756669768f8740fb2d68a7de5b7a473e7,0.00014089326328925388
Source,023e400c55027866b8ae12ee9aa873b3a78fe6e4eb2a94b8c21fbe273e251ea32a,0.00014089326328925388
Source,0374fe44f3a2864481fb97fbe52a17abd4c616c1f495bc37d7ac1eadadbd9a4155,0.00014089326328925388
Source,0242fb717b6311840aa2a2d96fbd4e98ef92d48ae02d8def7adbd71ed72aa7746c,0.00014089326328925388
Source,0300f027c1ea5e3ece7c5cbde0a9eaab914d512f6bd6be2f4c7ba90eb1b9cc8f03,0.00014089326328925388
Source,038bfe5054cd7165609563b696897a38aaf1cb2173a83589c98a0aaa6c372dc77f,0.00014089326328925388
Source,038c8020737d520e8fcde3bb6671944f5aea5a64ed01c608d105e6683fc862c8d3,0.00014089326328925388
Source,03ad179343c73a1bbbfa0a8d2967d01ecb30aaa4bfbfd13b0bcf0fbc7d1b74b221,0.00014089326328925388
Source,023378a2809fda0000750a77129195f1c30d72c5b003ed3ddafd2b5120df88b031,0.00014089326328925388
Source,026a971a882a53ea05f483c4eee2297ff9fac27a5acd4d948019bf330ee969883a,0.00014089326328925388
Source,02871f2d2a39d4250ae06cc90e7d21035f13e1cdb14716df79f290267c1a969772,0.00014089326328925388
Source,02c8fb0ea1ef0b04353f75211833b46d69bee68662d204fa25a4b25fb8c5f2fc7e,0.00014089326328925388
Source,02da2d67e6192eef7d41ff32c99058815e327a698446bed68f6daf79c624c5727f,0.00014089326328925388
Source,02fa1ed11358b95d710bbcab5aa7a5e586fe6ba7e8477ed81d13341d5e8835c934,0.00014089326328925388
Source,03e387b5ffdcacbf50a02baa944e4c96beac95c3441a374d0d73ae32dafad55376,0.00014089326328925388
Source,0320ba048eed3b21a0170af553488a6b451266edcb187dec68ff42f739a25e3713,0.00014089326328925388
Source,020b3710d1a4ed261e2cac40d166f8cbb3f39a67423520c728285c59135cf4551d,0.00014089326328925388
Source,020ce41a1d772ea8c2c78c510328596c957175a118b6a63f1bde04c820e3044d31,0.00014089326328925388
Source,020ec7e95afc18607ce059ae8d6cd5c7462ac425a7d58766774d70d0afa4a8b9d3,0.00014089326328925388
Source,021084fd9835fcc7d9256a737b067c91eef5f8893513a4c1fafc354b806afa01b3,0.00014089326328925388
Source,0227896b8c2a90d3b202037a231abdcc11a5c48a396163eb0bdfddcbe8b9fa7b82,0.00014089326328925388
Source,02279affa59de742503180ee0745be70f827f923ddf85ac6f811e5f629f6966f34,0.00014089326328925388
Source,022f99eb13b31910c8c33b74da36540ff393ec07310e61079f053c45d53bad2b44,0.00014089326328925388
Source,022ff2ee77c24ef9d1e4e1cc6a5162f3ea5b94cf153e5a4aa4e71e8b1e4ded31a2,0.00014089326328925388
Source,023949b49e18512c757d7577f017470e281d640699a21cd91a2e9fc6e5b93ba59b,0.00014089326328925388
Source,024f1998d5d14b1289ddc0e01cc54ebb4b760d0ba969a150a85c05e360097eff5f,0.00014089326328925388
Source,025adb6ab285538bf5f039e7ed3303283ef3bf3d1c51c9a4856bd6da300cbe863c,0.00014089326328925388
Source,02647bf54e30968a2c56dc227bcc4a26bac8df94e4a6710df9a1bb230bbfda7e59,0.00014089326328925388
Source,02754df212918e119f425d4498a0bcbf1ef91de9586ae5330d7844f0c370ac89fd,0.00014089326328925388
Source,0281a5dd5cde49f989f490cf365697e46c78b478e72196507c642088d157135ff6,0.00014089326328925388
Source,0285c2321395529b79bedc4f3d35d7b14f8d4d271ce564742a865e62534eedda76,0.00014089326328925388
Source,0288fcb67ffa515eef3015344b80e89c000f7987d22a13d138894b46f7c1beca44,0.00014089326328925388
Source,028925a789df879d8cde4149f099efd76f4bcab87a30c2e6f48e34a984300343f6,0.00014089326328925388
Source,029322a692e1398a0df619495d8187764c5c1220bbcb5e850150bfa669ce4eacf2,0.00014089326328925388
Source,029b9be58dc1d5625dbf59d951296e285776d0e1553c51a91d0030b873000c20b9,0.00014089326328925388
Source,02aa40ca5a360cf9735da325d03932025a9940cb8689c96d0479152ba301259893,0.00014089326328925388
Source,02aa8183444d0311049c0c02a309ce6e9fa41ee60942cb0371af7ba930f65b2239,0.00014089326328925388
Source,02ac9c298789d2387d2534481dcc0e4f98fda7b235faac3965861b7be9d090ccc0,0.00014089326328925388
Source,02b0c0efe7e7aa40369be188035940325076c80aa8a795c700a1edf6caca5fc29d,0.00014089326328925388
Source,02b42fc1c719ecd194f1f02d07c5098915a79d92f65329d0e4cb26d2e5f4acd69f,0.00014089326328925388
Source,02bc6fcc699d3368aac45fbdb7f732fe80879b9a5ed0d7c4a1e4ff4d0f00467760,0.00014089326328925388
Source,02df5cfc10ba188254077be209728f9e436ce0a290f1cbe52062a4602af39219d5,0.00014089326328925388
Source,02e7565212734b6338d9f2ac592e1055572bcf8bcffcd9e7354855f2c376a2a391,0.00014089326328925388
Source,030f5d7b1ed7dba58cdedea67e20d7e24e6c0701c50b204dcd4f92ff0f8f3a0d9d,0.00014089326328925388
Source,032c1cec18e228fc15b889161a3cb705694c9db453148dc306e11b7a915eb82caf,0.00014089326328925388
Source,033476ab392deef0ef570e2c8bfc96c45a2b8bacf025af95e2301d17b44093f540,0.00014089326328925388
Source,0350f7466a0b4df33c3fdd704279138fef7b486be1907b6254ba44cb92e45853a0,0.00014089326328925388
Source,0357ba2121e3d0c150e2e8d1974c48ecaabadaf51ad2c20674962e4a78133a6fcc,0.00014089326328925388
Source,03608617e001d7d4d8e9b4d6f883e12cf4231fe99b0132c6b3a857fbb6cff0f600,0.00014089326328925388
Source,036094276a2f5bb93f5679dea0f7405ea3392f7fe3f97fa1c84ce1697c5dba6e33,0.00014089326328925388
Source,0369f72cc4d3f753bc4a417348866c80acf1bb1d15e2c621326e4204c4c6fe1756,0.00014089326328925388
Source,036abe59db322ba1b449023f8c11136c2d0e68ae8cd33fc671288ee1bea0d5d0eb,0.00014089326328925388
Source,036b82fba8acc010cfd65edbe8411dfc13fe1daef58200dcdde99c48c8246fcf5d,0.00014089326328925388
Source,036e7f244372b2338b5df59aca60b88fdc61185cb5ebcbe9e4072e44b7b8711744,0.00014089326328925388
Source,0386f735c23e9c39fe25093936f01c42aa6cb0a5a42935e1649d9b949ba87107b7,0.00014089326328925388
Source,039d815b1a5109ce6a5e178e30cf543b0a8bca14140e7afd737113b81822080130,0.00014089326328925388
Source,03b0ad0a9934d83f2915dfd95ada0036082aa07101f8a6fb5cc2a2c2cd94d05363,0.00014089326328925388
Source,03b98a38e37d9f8ecec1568b7bc3090ff6fa2b18c6946eb631c72a300d55e76586,0.00014089326328925388
Source,03c6cc30bbd6fd7ac6537adb04459a4d3b547ea3760e328ce45c23bcde4913797b,0.00014089326328925388
Source,03d2827ce3d8c24cb69c5ed1cfceafd22c2fe359803ade279818ae2a9aeb3a49ec,0.00014089326328925388
Source,03d4aa52d79c782d4d930c3567fa512ca10f02a028fa0ae4965f21a3a11940d809,0.00014089326328925388
Source,03d4b06f17456c936c7b14a0ceb370581e8574946b8e4aef630e14a6eb8a178ea6,0.00014089326328925388
Source,03e6292db114ddb5796075952c3b5440f3833433e8a047ea875700bb649d4fc68a,0.00014089326328925388
Source,03ecfbdea460a0708e52a116eb63344407cc38bc7b3a54b97a45fa634beb1af7e2,0.00014089326328925388
Source,0230688d64199fd866f9df200c2d5de8b42f4dc6b5958f639363f2b0af344fe35f,0.00014089326328925388
Source,0256c4eb4c563ab602a46431092635fdcaaeeab21727ed92241412ddd4a5c2814e,0.00014089326328925388
Source,0261fe8aeb3ee5d5c5fd51aa47f6c5a7a7cf5689dd877b8df25b3d05ec8f0a439f,0.00014089326328925388
Source,026386510b766f74c2ef64261ad048989b398677ae162dff5eaeae91f9cf176087,0.00014089326328925388
Source,026c551b2add0d8f7461e81bd7ca76e721484f04702867944ed138012ee7d6022e,0.00014089326328925388
Source,026ff336104b904e4db3aa2f1dbc469abb9721de264038f22eac69cf7337336031,0.00014089326328925388
Source,029bb2e03a7c35dabace0857266d9a56d7f059e9d67e6239e6cb9141c3e2c048b4,0.00014089326328925388
Source,02a3d830cbd960b17ac55208ab9642a77d6bc3c24007e72d39994829b2d5471053,0.00014089326328925388
Source,02a90ee457ad397e5e882780b1fa0d109c3b66479d38e7682f5ee75fe995800f8e,0.00014089326328925388
Source,02ada0656847603d0b22dcee5158c3404eb40035457953407ef96a017cb45cfc91,0.00014089326328925388
Source,02b9be2ec39d793ff4b9e9634c089c3a0f790dd6d293182dac9af67ab1d397c006,0.00014089326328925388
Source,02c4fec754506ea170712588600bf23f11fa123aa6b0eaf1e3617c1e6a6cd02848,0.00014089326328925388
Source,02cbafc329051e1a7becba2ac82622154cee6bb230f2609527fc2e2ec28578f570,0.00014089326328925388
Source,02cd727dc097bb6cf23bc53efda41ad0fac4548569d65aeeccf18823207068c64c,0.00014089326328925388
Source,02d4174324b8ea91d547cdd17f31d30fba419122e5552252e8044614c275a60dc1,0.00014089326328925388
Source,02d558f5f7bd417fdb6f420ac4aeae6bdd918b0e1973f7ff4978d698a9910fbcd5,0.00014089326328925388
Source,02e40b82365cd2a3908a481b712ba09858a5dee4cac997351db6cbaa175129907b,0.00014089326328925388
Source,02f8ec1f1af70dcbdc49fe821ddac8b83211f5f47174911a79460db41cc4b624ec,0.00014089326328925388
Source,030c37134dc506e6d2adfdf39be62aec7a637ad5a35b663d60101ec0bbcdc9f5d9,0.00014089326328925388
Source,0323e18348bb2afc29660da8ba06fb1e91fc37a5752301180b8f3afca7f5c49f01,0.00014089326328925388
Source,0345798398715e92288ead54a53a904a075c6a22f7f4a84f98faa72d360e59c71a,0.00014089326328925388
Source,0360ea17ecf863f88a2c3a99c8fd82a577d80dcf7d97c91b4a92fd89a35002ed36,0.00014089326328925388
Source,036377ed2d947b6cd8e99e8cabe79c9699527979b8056459158d75d15b66a6766a,0.00014089326328925388
Source,03740048dd17ed165decca16bf89aa9ae1b5a61ff498f6b8d874f7c41cc00cb8e9,0.00014089326328925388
Source,03746ab6a13a558c302ab225be9aefe343e5d9f059277b037a31ec1396bbe106bd,0.00014089326328925388
Source,038ee4938d5d958c597c1a5b7cc8999e5330ee80d9ca621948b5e2ee58082a1c96,0.00014089326328925388
Source,03964d425d9e78823eb56f522fc77725d93e92ef7db95d42d8ae1728378d1c4c5f,0.00014089326328925388
Source,03b999d58a4d5b7f969d32ceec1a5fe119a0428918c8c88a827f2284c04b51f5a3,0.00014089326328925388
Source,03c3b2b20c2cd40c8bf9f4c3f2df1ead32a18e27e8b889d4aff82b9eafbe0b99ca,0.00014089326328925388
Source,03ca5327a1994a44f98884b1a84018b8b3f7f8210d8994697dbcf59fdc2ae1bd9c,0.00014089326328925388
Source,03d4d4b39a87f7964c0524823132e1fcb7a97d98d173b7237dac1d6de130562bad,0.00014089326328925388
Source,03f0e7eb3a5fe7d7d0d6586d948b614400bc63dc83a2c2b584bcd13ebf70886b70,0.00014089326328925388
Source,02be8f45d38456124ead6ada585c9451b8cea9cc968620d6dbc6fd23bb615255a4,0.00014089326328925388
Source,03757f998d77419be1da0a186332e761bc1154fdb90c678e26963c583e819d05a9,0.00014089326328925388
Source,020384685e321a44cac1a1683a5c660c8eb62b840b174de8427d2489b5e64e13fa,0.00014089326328925388
Source,0245cd8164efd4f0d02014e00a7606aeffa5016e8a9c72c78edeb7e3da731f720a,0.00014089326328925388
Source,02787bc4736e6f6732a2c737613bcbde38d51b87579288bc2471c4e6424e532067,0.00014089326328925388
Source,02f7048178897cfdffaf434c096c1ee7e5a711d0e232198c54550883c3f5d19e43,0.00014089326328925388
Source,03220b9d15ee4fdd5ab3cf16bee7b640ae648962aef50e1079bdad713f68e3d751,0.00014089326328925388
Source,024488eb80f1e4ddba96d9035e98771e29203e5bc9e774532d1a8b0373ad8d1630,0.00014089326328925388
Source,024a549e096f4355073e3a2712a10c5a773e48bd21a7d2ddef71639481008ce811,0.00014089326328925388
Source,0312ef6da659949fe1fac0ea69e265fd5ddf47b19a71708539ef6d6dc10c29a74a,0.00014089326328925388
Source,0215766777b7d8f80c64d27126ec4b985e5ad1049e8ecfc0069a915bdddfa7b7f8,0.00014089326328925388
Source,022b2f504674f9c4ffafc40642a91eec1aeb3425d620463706a1ad00b335966fa8,0.00014089326328925388
Source,02527255c91c8b2ed758aa5cd2d2115463d250379462f53c5019165f2aa522d668,0.00014089326328925388
Source,028bb0107014a8f749998ba53c9fff32b2d47f3e0ec2a5759859bfd637721f519e,0.00014089326328925388
Source,028c15843e7a71f637f896256217ec1129344c163747c63d46a43b4fc1e9755ec7,0.00014089326328925388
Source,0295d8b8d11a58f46d31041d74aa9c2d7a5342ce8bce6a47b0f72ff8ab1c189268,0.00014089326328925388
Source,02a5cf47ff5758f70248da0511125bbb907324dc4e1f52adf42f2bff726541db08,0.00014089326328925388
Source,02ecb395c3090cb99429ce64b7bce41b68dfd6fbb2a337f0f556b6337460e546fd,0.00014089326328925388
Source,035795a239ff1027dc42db89a891d09f93fb929f62c99b1d91578a0bff7baadcbc,0.00014089326328925388
Source,039b315d75207e4ef4c3962469addebca3c73988ed2046badc23f67393176cb1bf,0.00014089326328925388
Source,03ab8f417832d699f866a440e0539288de29f0032dc8ab01f1e87b0be158434398,0.00014089326328925388
Source,03b72234539409e6390cf66322319cf2211f09880b015259bb66e69d47c507da05,0.00014089326328925388
Source,03f7e084886b0e23f1d9c6a0e0f3aad8b7dba787cd2a52aa315b9c3d816f59dc36,0.00014089326328925388
Source,020c2f8e5e5d60fade226970125f2b19e070bce856b78dcabeab3a7a7e2ce2938f,0.00014089326328925388
Source,021b8fa49205638752c473f02a1b6722d6c7f21fbef535e13870633646a5b35ee5,0.00014089326328925388
Source,022a39fc006e844bce632c043cb6837e5463bfde0c1ac88b7907e997688f79c339,0.00014089326328925388
Source,02786178a2a8e75a6e882a0f56b831330a61728d093b33e0fb3ec2d8a8125ffdf2,0.00014089326328925388
Source,029c21e40cd3c42a382391ede7bc4e2e4624e7b5fcd55a6c8089b859fdffc63447,0.00014089326328925388
Source,02bd54c221f8aa6d311be2b80ddd81d840fc253adc8e913f0f357058e740b0f6c1,0.00014089326328925388
Source,0318538ecfdea9253cd6fc900b5d6e62117bc644712b10a61bdb8fc3c4d80c57c4,0.00014089326328925388
Source,031b778e75285f5a3c5f3cb2e8b5d35c968ed1b2260dc96d666c8b1173a8b447d9,0.00014089326328925388
Source,03736d75f8c982e66e4c660f9b3dbb7c6b899a39e39a2a162355ced03c8d9fdd77,0.00014089326328925388
Source,0259f78fc608eba4d974177493deb68b885c1016ab8fbf69bc87a8edd7e3739894,0.00014089326328925388
Source,0342284b265ce9542f7d6d98f64715b2d4571de54acfd343fd4abc90663fd250b5,0.00014089326328925388
Source,022a94ee8d3b1dd52066b33a46a8f1f7ed0d4a9dcf5b0f310ce52e94a392a79299,0.00014089326328925388
Source,02c87954a4918e506c15b3aec3bc2f860028a90c49ab0b88aaeb2756a858632fbe,0.00014089326328925388
Source,035716176a55c5093c22d4199c811754313539a7149932cb07eb88a2419cb74ef2,0.00014089326328925388
Source,03780bc0d405f8e9695a4474a03ed3314d761cfa3baf3ea8351c025d66399f969d,0.00014089326328925388
Source,03e87fb724c13fcd99e94190479b36214ce9ce8ff45658b87f22fd816453b16598,0.00014089326328925388
Source,0236dadb8a2b51e2032ce435917ffec5322477a1463636003e0e924e040902be42,0.00014089326328925388
Source,02e7a87e3bb8a0f23d4b3a70ffaf6d15f8f5fa5e350f24938a2256270eac83fdb9,0.00014089326328925388
Source,03436f6203071b5ab077535a4577103fdf26dcf5ddd688cc12d6a020ddf1d7e22a,0.00014089326328925388
Source,0271f99574c812f8082355bf23f5010cc9286e57afc3d7b88f9b16fd31207c2a07,0.00014089326328925388
Source,02b998ef4dbf521244891185f48944fcf053105efbabd593fdce5faeb87cc649f7,0.00014089326328925388
Source,029c53de76bef1deb94f22daca852568dda73a92b01b313de0b44cf12587829426,0.00014089326328925388
Source,02d56ced9426ad9c7ae369b1207a1865e2ae100497a94aea35cb5a5d37d00dcc43,0.00014089326328925388
Source,02d5e96bf2e46376c53e03e7fa3672dbd2f4f3823cf9250907ea5f52f0481e815f,0.00014089326328925388
Source,03d92daa0796f74067df86fb63ecc1847e69842649de834af6eccae2050fcaea1f,0.00014089326328925388
Source,021bc1fadd3f3cb47f1ce8f7dcede768ca2e3d385df3425431b0e59eef59d79abe,0.00014089326328925388
Source,03b00f5ce75be4a9473425e8caf33541a6636c31453797492df0680b688773fe37,0.00014089326328925388
Source,03a03c4c5f18bedfa4783be0050fb69875774bc0788789e1eaae5043a8e829187b,0.00014089326328925388
Source,0207ed508844c80bf90a89f4b74bf42d2b3101ebbf0108032f608756ef00f58899,0.00014089326328925388
Source,024f912a9b27a495839ba6f1f6beef4366748067023497810d42a3b4975b02b80c,0.00014089326328925388
Source,026e3a82965a23b0fec5e6431c94639322784277c2a02f15817a3fea4df9d60b97,0.00014089326328925388
Source,0281de01dd859938163c37ba9782b31017cc1a72847c3d8671e542c45c4fbd88aa,0.00014089326328925388
Source,02824096f3b4f339286140c72e8785d31c62204d2f203309e6fca3aed16a61a88f,0.00014089326328925388
Source,028341daa36c5e4783f1231a61874ffa1a8f561d7282aef8c473e6bfc3431b0ab6,0.00014089326328925388
Source,028e3b75a78a52b0233da9ffb8364c128aac3fff16afa19f2214658dfb4fbd9d50,0.00014089326328925388
Source,02b549eeb8c7a3cd10d0c016b6f1a60b7375a3fb36c869243f959c5e2026355574,0.00014089326328925388
Source,02d3366059edde4179fc0d071828b4bd726effba7225c3851f3d86a6a827f934a2,0.00014089326328925388
Source,02e5c540ba85d1db0d9c6afdd2c9782ca347546e4e4a0216a813e94db354ae5e5e,0.00014089326328925388
Source,030314d5419d57c091d3279789943ea9df3a64f54412c291e0c7cbe240a7806ecf,0.00014089326328925388
Source,031658e1d582a4de379f6044ae3731ea6c2909e2c0def634f2f9d60ad137498616,0.00014089326328925388
Source,0331f80652fb840239df8dc99205792bba2e559a05469915804c08420230e23c7c,0.00014089326328925388
Source,0352e509553ddd100db18d79128eac9de8650ace3061462f0f178ad0540714bde8,0.00014089326328925388
Source,0358feabb8216933c6d0f9e53f3b06dc5c9bd851a1e9569d8e8c31589ee2d6300a,0.00014089326328925388
Source,036c977839833af6b6994ee2c9a7155ad8c256a114378bb3718c3cfa24384c867d,0.00014089326328925388
Source,038307d251a3fc6cea3641a2c0c08fe960e286eca4e5d75bc5d2793844f0e12d15,0.00014089326328925388
Source,0387f20af9f3e8765d5a406019c2f6b67948993ba7577eb4fe7be9907e4147e340,0.00014089326328925388
Source,03a4f54826a6076793fdde0a20bb693f961186972985d2885021642800468ce4bc,0.00014089326328925388
Source,03e90fd715dd766a0ed532dc1ba45e5fb913b1dc29d5afd9b700548d98d53b598c,0.00014089326328925388
Source,03eaa8ff855184116af8fcb41feeac6951616bf054f57c952d10a47aaf0adbf5d4,0.00014089326328925388
Source,03a7daef60143b48b44769ff0daebcbd1796ca49d346bab7617ced5754e5b5240e,0.00014089326328925388
Source,024ed0e0d8ad5443cf1d20f765e58faadf75f73e51dd6103d3f359b98cebe6e140,0.00014089326328925388
Source,0324d8f66feaf3e003a12366502f509834ee355485d63d7d50514bad82f3389013,0.00014089326328925388
Source,03a9250b464d6062ca9c982851e0873f9155ec7303a0c4b6933abe58b4c3d9900b,0.00014089326328925388
Source,038cc83aee9470c6a30a3ce668d89b7c10b4d6ebc4ba78cd858ba673acbde31755,0.00014089326328925388
Source,0221f14ff23efbc942cca3b5d6b559357729ca6deeceb27f2524f6da75049e0152,0.00014089326328925388
Source,023744412f66c0018d08f42fdcf4e364cbe6b0a472e4cc86e8c68d719cfb426975,0.00014089326328925388
Source,025b0c4707515c1754b399b142149944707ffda62af6173cd222aea3d321e239e7,0.00014089326328925388
Source,03a3f44ca18b4bfbf786fe7efc3956ea2142b049d1aa108907f2382dcb51eb05b0,0.00014089326328925388
Source,027e53e6a35c67d1535c89355254841ed82953b7fbbf5d0a554bd8cf4c94575572,0.00014089326328925388
Source,02e5b65622411d0ab332e4f52ff26a66f25e2b0a160dd8cc4d193ee5fa48c94e60,0.00014089326328925388
Source,024640534a69c29943a6f75f1fb44819e8ac12a9c5794391e573da8a838a869184,0.00014089326328925388
Source,031e6bcf3f041ef9e4a303b1b514050ec1084188d73623017dbad3c62d2ef37852,0.00014089326328925388
Source,03af126dfd52d0ac2f5e1535ccc123fb227d54e36e53bcfc2e279c3236750ecca4,0.00014089326328925388
Source,036fb07937b7282bedcbb017d05b75a435eb4b0fb7b2615f0d47e4ab0183182104,0.00014089326328925388
Source,0249a2d0b85d5e17f5374954e330c4481671a12cef6d107e46b0628bfdb509de48,0.00014089326328925388
Source,02d854e9af2e1a695b20fbc57edc8488f0c71ab06a02da5f129dbd7f333162ad35,0.00014089326328925388
Source,038575a62ad673f730af95f27c8fae8373b453aa2fe1bf0fd0578dac674015c3d9,0.00014089326328925388
Source,02609f045f0f6424d8bb1ac1d6a7d21524621aae95a126aeffdf62d0da07b9cf20,0.00014089326328925388
Source,03935a378993d0b55056801b11957aaecb9f85f34b64245f864c22a2d25001de74,0.00014089326328925388
Source,032b6774d474fb5fee5884a6211f8a336d9bda9b65f0d7ed4f30373b9b76daeefd,0.00014089326328925388
Source,039b3ec0c8ce6a322a7fe6c7b246bcd40471702e4b58a81f4caa0261ff6fdbf486,0.00014089326328925388
Source,02109b8fe23518430747ec2207933e1a0a45a7772536722c9b865b740587350fe7,0.00014089326328925388
Source,02b3a8dfea0259d93bbc799c25126c84e2950b60a3bc25248dc508f946c2878883,0.00014089326328925388
Source,03c795f4f4ef02f1eb1b3a4f4825fbf0f8064b7fb1ee02b425e668b2e71769742f,0.00014089326328925388
Source,02305eadbc7172a9c3f861fad1ba00c9d108df0e99220ec509fafb97cd779abcfd,0.00014089326328925388
Source,035c0730794cb324eaf7a5e79e066ef54fe4c495f1fb54118ef9651f7fb1318198,0.00014089326328925388
Source,02ec7ef744397834c3015fc6486ef9d5d51820fddd42d951165f74b3af23591f17,0.00014089326328925388
Source,035f460a31af1a03db7965575923735bdfdc96c2ac3e78cec63c9e08c3c9b8a529,0.00014089326328925388
Source,023bcc788a73ff787ae37913dfd4e28a8e09d0d14d6f63f158c3ddae03eb7c41bb,0.00014089326328925388
Source,02c9b8e793f5e30ca3caeb7c547b349f48e24c8b1202cb295554912a45c6a25187,0.00014089326328925388
Source,025e68cd73188063125795fec3ba5efd0d5d7238f224feefa082691e9c4cc05f1c,0.00014089326328925388
Source,027e4538fde1d3c776970d5d5b325dddbd4097780a9e3433df2ee1f9f95cd60874,0.00014089326328925388
Source,025b827ba1f3c64b047aa246c20748e287bb8f7e5ffaff8911e32664c9a41db2aa,0.00014089326328925388
Source,02d7cf25ef92bd4dfb6aa9a0e7d955a1225c5f168328b771c6d194fec359302d30,0.00014089326328925388
Source,032ee599ed949fd4e0e639fd17f75a641b27843fb3b983d0e144ac958b9996713d,0.00014089326328925388
Source,03827b1c739f3d95e0ccca84e801fc667655c15892f3b5c59734590dece3f7ea2f,0.00014089326328925388
Source,038e134d9edb923422250ef041b08006404b9733601510d5a0e1a5ca413d4a58dc,0.00014089326328925388
Source,036be92279e96d7662ccad65e77a24f3c4f4c5cbbead557c9227cc9180e27eda1c,0.00014089326328925388
Source,0245e5d03cf4387a7e430608e1a6717448876349720b5c9bdebf45b19f71a0404d,0.00014089326328925388
Source,02e46cf7becfc79646e0580646c3915dfcebb34acefaaac1534b770ff6f45fc694,0.00014089326328925388
Source,03d0d60b1f9ecc3ed330a16e58cf9ca7e61c99844444680755c1a17b2c6b72292f,0.00014089326328925388
Source,03e0f68fec10077c135eaee274dc280d50af1539e564230a6872d893a019f31f9a,0.00014089326328925388
Source,02bd2ed32599f0a52ce507ee18366623e51c639f7f5729e9b9029799cd6d8bb8cd,0.00014089326328925388
Source,022ba9961950607ad5c99f3ae53fc05ce755f059b99bb295f255f43a2789e0d467,0.00014089326328925388
Source,02ac21d26ac8fde282596ca2c29668b88eca953e5d6de555dffc414299a70d1b12,0.00014089326328925388
Source,039310a436dfb9efc04ebbf8c5fbe8a647899c1eb3d6e072319d08175e1ed9fe4d,0.00014089326328925388
Source,02109e52aa6bd95e5dfd1db142d97478146a7206c8cd3af415eff2468b70a07647,0.00014089326328925388
Source,0227d42ba2022e770b48ee04d20c3f61d27ac6b7071b4bb5704595e3d57f22257f,0.00014089326328925388
Source,022dcebde0436fd66e97c7e8adf5e869ed68dacbd52c48ee04d8b827380e3ea177,0.00014089326328925388
Source,02352e9d59a03d01496e92f90f1d8aad4d704f7491ffb826635a26c518b8925077,0.00014089326328925388
Source,02398583218fbfad48b452126bf5fe0f4100c8522a13e89913677aa8a53ee9b215,0.00014089326328925388
Source,0243946451875cdccb6d5e768171d7c89786cb1e268bc3684407a0b008f1311631,0.00014089326328925388
Source,02510b96fb0f56fe304ea8e85c7929a8217da0e3d28d8139dd2b423d8928342177,0.00014089326328925388
Source,025a65cb44fdfc83254dca89e73b8bf4edbca8d93e10826361765a4941fdddcda4,0.00014089326328925388
Source,02624262369c3c96ca9db97a25c2c5c06144ee6c4e6fb8273b8f93d888212e44f9,0.00014089326328925388
Source,0279efa95b9e6a16e2d3f926ca296d2c0adfc729a9dada7e253ce9b683b8f7b597,0.00014089326328925388
Source,028705acfe269be139d536a5c7a05961cbbed3484a2c9bfbbf91a88256a8fad6a3,0.00014089326328925388
Source,0294f7b19301dbd48c8acb45de2bb113c205e274c858fc416157988c4490974c80,0.00014089326328925388
Source,0296017a2cfeaf9a6b5700bd0a2d9e550c693436cf2838d625e1cc6b3ac3cd2031,0.00014089326328925388
Source,029777a5bba7bbb15a85b9f03fe2d42be97b6edc6028939731e6e5da470929d867,0.00014089326328925388
Source,02b58e5c0390e45b4d6a2f2d6098e30ff0e0459a48fca2de95a70fc77a5ae053c6,0.00014089326328925388
Source,02fda5cdaed42ef9c56cf597c75dd25287b6a00a661f972e41f9c677bb174679fe,0.00014089326328925388
Source,032e6388b1e51a5d911378ffa5abd82442f3610ab5356d6a9d01fc2b79c654fc9d,0.00014089326328925388
Source,0331506bb138f7ee92dbba1329257b1172a6cfc397cd81bc5f47ddefa77d7ec470,0.00014089326328925388
Source,035d78f9199f1fe3bc8fb77b3ccb987dfab0e86658408b41da1f6887bdb9706497,0.00014089326328925388
Source,03635fa1d555e95f6d7d30783542dbe8538d80b2bd5924ccd5938f70faa826254e,0.00014089326328925388
Source,036f464b54416ea583dcfae3872d28516dbe85414ed838513b1c34fb3a4aee4e7a,0.00014089326328925388
Source,03a5a26dbc35fb5fdd97475d83955d6b6534974a62160062833444525743766d69,0.00014089326328925388
Source,02f81e5dc6d91f793cb12ff19422cc86ae42799f25f4d7786f3fd1550fbf5c3953,0.00014089326328925388
Source,026cd1a69fee4c9eab263c0b66e27ffbd1385f52ef9d3ce357c885c52d458270c7,0.00014089326328925388
Source,0367492d91a9e452dc5dca730c8c9bb081c45f412a844d50e5a9992c0a7ccc431a,0.00014089326328925388
Source,03a5fd566492a69f3653ca464c23d8678ec19634c440baa9a1366c9b39c89512cd,0.00014089326328925388
Source,026f3861342126133f6ae773f9aa561b833bc7b3b23f5927623192ed2449456de6,0.00014089326328925388
Source,02f64b305d82b0f8e88404e7343f0e9541d127334b882a04ffeebde3b31a173aa5,0.00014089326328925388
Source,03b97023411176536b6ece3109f7a559ea933d17891a9bf8b6013c5cc661c2b2da,0.00014089326328925388
Source,03cf7e9b79a3230749db642ad690889065ec35b9ded184266d4fce424ab75470fc,0.00014089326328925388
Source,02b22bde1bec750e01a14f274176af171b218580fb4c4edd859f1276bc5a2ece3f,0.00014089326328925388
Source,03cf279716f127a51d3ef345fb0329493696fd3df2ae402d6c58208adb62ec1962,0.00014089326328925388
Source,02f0b4df6fe04cc2df00325d51ce97fae3eb6ca6679c03b125f87f23cf60293f55,0.00014089326328925388
Source,025e03adb9f46e29d7cca0c7fffa23da9f6c5609e9ecef40db54a083f0380ff828,0.00014089326328925388
Source,02004c625d622245606a1ea2c1c69cfb4516b703b47945a3647713c05fe4aaeb1c,0.00014089326328925388
Source,031ce55c54c30db3c1d139f24e6d4776c13c98a43d2a3a1a561dc15a7da13d667b,0.00014089326328925388
Source,02ca944c5854e0b51a2beb572528ac4090b2f44313f16c2d7a3c697ce7bfd87973,0.00014089326328925388
Source,02c759f081065403e78f6fe47e66c1a6a24513bd876de5847cb3034056e712c72c,0.00014089326328925388
Source,0265ebca1bb2353aa80b8e284d54405702c2664becea8d8565202b5899d758eae0,0.00014089326328925388
Source,0247de1e414bd24b71ace4062b5b792760d9c9f7ea84735b921a19ecac8bf8c754,0.00014089326328925388
Source,03200a098890131e3095d8f228c3fc4e8f6186e09097c38b543b029e6987720d91,0.00014089326328925388
Source,0308093ae6c14f5f8241a2da9ec9b22fa0659e3c63f7f3d64aed34057151baa8dc,0.00014089326328925388
Source,0270e559d75884fc5f066158573fbf2091950d56e6eb6c0644496cb88f9ebd7ec0,0.00014089326328925388
Source,02d08eba766c0059b0b5c364ea2947a5db756226f1c5977930d5b04cd5d90d6524,0.00014089326328925388
Source,02eab5800034ad637a23073a4bd26528f3bb2caeeea2a5c65f1507cb1f88d059ec,0.00014089326328925388
Source,036d66fe3c0e838220aae1841fde95b83d3e81c73069058944ad3be0cbdd8f551b,0.00014089326328925388
Source,038c3df88285419c2dc4edaf4c8f414b1e3e7aa41ce7c8eeaa2f9c678310347242,0.00014089326328925388
Source,035d3a4133421775f3dcb134b3be59306e0084dc7cf11cfde1ab128e2f8d544062,0.00014089326328925388
Source,0267135d5bfb1d452e4429d67c9116fe66d34b1ee0e33a0ca59a52fddce53015d9,0.00014089326328925388
Source,02f46702fce38121fbb66a58399184a1e02d5029147ceea45a1127bc8d53caca45,0.00014089326328925388
Source,03a2c7e5a0e59b2f23e5a6e873a111abbbb5a96f66b2b948aa10af905c962a2f09,0.00014089326328925388
Source,03e52c58bc54c80564ff8ce116d9f9bb8e5115cf7c39917145212be004cee7d01c,0.00014089326328925388
Source,038b68f507716420a4e9d53218907f6d2c3a1917650ada07a99c6a9c2a8c7fff9e,0.00014089326328925388
Source,0246c46c4ca10abdc106c6a8f3996aa11a60ee0ec8c31ec8ef0ace4d5b63dff83a,0.00014089326328925388
Source,02ca81043f13a75d013193540e24c799d70076e08e2557804b8c10a017ac0f0911,0.00014089326328925388
Source,03034cd4aae6d75dc0614132a4f44dad7274838f2a4b6c4848781bf45cfa88e063,0.00014089326328925388
Source,03cfba1f912ec8d117cefb81aeef1877b71c6df7bd091bfb17e955da58a94b2555,0.00014089326328925388
Source,03dafba97c3c048163bc2fc05d41d9330789c8de4af639169b8831c1fafb03c06e,0.00014089326328925388
Source,03079e7d60f18ccbe5dd3909590c08befb409b3a32e50d53ba7ccabfd3f49d35da,0.00014089326328925388
Source,0332eac72f489f38086e8653db6e8556a5848b56aff14ec4b6027e5665c6a4c4a2,0.00014089326328925388
Source,031f93adc8c46da3ed4324815a5785078b0b961823ad1412834875138f218c1068,0.00014089326328925388
Source,038fd55f2fbe05626cd74be4baea166c5edeb880615394511810090bc57f55e085,0.00014089326328925388
Source,0399e79d943a8e9660a818aa92508ac581e961e14cc9c307f5e841fa863e3b4d3a,0.00014089326328925388
Source,0346b6c07b3d9a4c4b396aa64a5454fe0fff5518fbf5b77a0cf96818213183211f,0.00014089326328925388
Source,022db2ea3cb95efc081550d1e7876c8328d6276ca56156c8089170efa8c6851654,0.00014089326328925388
Source,024fac5301a46c719bdfd68c6e5d77521fb043e3966c312cd7bb698c72690e88fb,0.00014089326328925388
Source,02855fed8520257d2b29ea8daa0139d4e3910febfbe817207f3158423770db2dab,0.00014089326328925388
Source,038bcd5e7335751d0d49bcf2708f8e5492f26627c7cfaa38f88d87fbdf9ada48ea,0.00014089326328925388
Source,03adad48289059265eeba2c5fa7140730fae0fb422b1c5a6f857d874bccf74b437,0.00014089326328925388
Source,0268d402603f271ede88c13f8f4ac5b419f788c99ef970866777a4c454c837a2ea,0.00014089326328925388
Source,034b9ca6d038ac7fb4e150bcad348e5e7250258b1cdc584182636a83e80a25789e,0.00014089326328925388
Source,02c2d3836e06af21dba8bf0ba09256bd9535fa8fbe907ccbd8c24df9f6bd034782,0.00014089326328925388
Source,02634002b0b3469695a3cd5a29e363071a09374c7753b3aea34d1fc297226b4dba,0.00014089326328925388
Source,02bba58dc4258b7e7b0afd061babe7d53fb4460a889246c5b9a58bda94d4a04197,0.00014089326328925388
Source,028c25ab618833dd31e16b90e1fd0ffb7e87a8dc177b02ab3c06fdcdf0bf887e88,0.00014089326328925388
Source,0318f342854597b2a9af86ae818b794264b3c32e07626ad402a5c47b673482d105,0.00014089326328925388
Source,020545751fd299b938edebd2994746ebb3b47f2b25e51c32cb498035dbfa5bf32c,0.00014089326328925388
Source,02b6194e45209f77f20315308560946c141fe6159b45aaca26faaae45f915d0f43,0.00014089326328925388
Source,03b598177050b48904ee66ea3a2ddf101d849609a83dd3f532b8c87bdc9761d008,0.00014089326328925388
Source,03b78d437165fcf81bf115fb1bee317f79dcf159af4ced645fa65bc6e0b3bad9e7,0.00014089326328925388
Source,0211b63861b996c4ff4b20e3e217397c4dd12eca85b2004ddabf1cdc443a8717c8,0.00014089326328925388
Source,0271024435660f7056c565fa9000a734cc48aa85b581a06fe9bc0b1c89e7b66874,0.00014089326328925388
Source,02e67c53f29274814a870de0ddf19760a4c327b800bd99c45c81a34d053f8e80d8,0.00014089326328925388
Source,0369ce1d5b8bc726fdf35d46d0ee4ffa4c8ce64da20b65a7348d6857f37d43b79b,0.00014089326328925388
Source,03a3ed01180122827529d364031b607148d882984b6635cc70b29c62ff38d9b5a6,0.00014089326328925388
Source,03ca00a1f345ab6e1ed6a0756156ce1710861c6a61fcdd0bb62332c4e5e0685db1,0.00014089326328925388
Source,02574c48943ece011bb15bb08b50c82f582aa1cea93ae0f231ea071a9569812ab7,0.00014089326328925388
Source,03e15b57b84979a9771d73a2cd49c9588f46d5131ee30637e3d653f01e945f003e,0.00014089326328925388
Source,026f9c01e266863c0539ef98bfe4ecd585e6a7ee13ec42b4e09736a5a6f7152ee7,0.00014089326328925388
Source,03aa8a4abdca3dd51eef210b6797498efaed66358da65381d2bf00284523333779,0.00014089326328925388
Source,036b86c50ddf706b9b4f5c03e4f3939bb4aaa3c5cb384da2bc663b2b8dcf1c253c,0.00014089326328925388
Source,022f0cabe6fa6d4fd909a454792eb9262f83a88754199ed2bde3cb64d87ffbec61,0.00014089326328925388
Source,025d52d3148392f5c70eec734697ffad007bd99af76b01d0c7bae594ad1ad1fc18,0.00014089326328925388
Source,02de6e98fa0857866c5bd7edfd6f798818a925795d844a1de97196d15bcc11728a,0.00014089326328925388
Source,03702d1794d4309efec815b9d36d375ca3106ac68e9de6b283eb093347ee51c9bc,0.00014089326328925388
Source,038b4e69d9cfd3a9472be0cd891b3c15a1ad945da1dca7ee8c95ed91cdf8fd4fc1,0.00014089326328925388
Source,03f5617f8758ccfb97653df5f07c84f4723d9e9ee4722ae5cad7e412f025508ab4,0.00014089326328925388
Source,03fd1f30451b50f488ef818cf747e6a9a8fa0f867d87ba6083e413a6606971eaec,0.00014089326328925388
Source,0288074e112a3c33a7aa305df5544d9fc0fc92eeff8721bb21f81771b806b8042e,0.00014089326328925388
Source,033ea15b5dadbdb19b426e63ed33b9cefe916fd5454308b76aea848ee4347addf3,0.00014089326328925388
Source,038bb5cbad7a353ffde7eb5306a2bd87555e7d6922a288adbae6ae3961e429c4f2,0.00014089326328925388
Source,02836b89a1f4bd73db968049e96332fd4a53bb119c978ba592c9ee564e293ebab5,0.00014089326328925388
Source,03035fbbc9116e9f56faaeeaff42941ae1ae4f6a93c2af4620a3935222da35eb84,0.00014089326328925388
Source,0303ad2d0f33b441ca0d5fb311fae319daa2654ebb5abc10f0c691a5deb4be4792,0.00014089326328925388
Source,031d8acf7e5087ed15be27e02b022a356d3e2b2f2161d384bde8ed7d12b819dd1d,0.00014089326328925388
Source,03aeca3b52e028b68c67d01a62eede65df55bda5cd04e4341ac42688d25fc151cd,0.00014089326328925388
Source,03b73bda986a22fbc47a2fc1764b59e779fb0473d0428dd4bca4ffb2a183eff2da,0.00014089326328925388
Source,03c559d7b85ba1f4a91eba069587f0dade1a19068ba8d41c75108f93b9730c60e5,0.00014089326328925388
Source,03f3ed025a295b2d8dd33c0abfcf07fd83c026b6ca92ad3145129defaef4802aac,0.00014089326328925388
Source,03d07d46a6ffeab2dca30248456f0caae0262441f66a2bd3f218bae6522dc619d6,0.00014089326328925388
Source,0247d5d9e81a691e1de3e91762a296c831335626354216b9490dc2f108c70781bc,0.00014089326328925388
Source,03541520a09836d10d7c9e812ca31ec5f14e8e902bbf7097c2c4e0a3b988f51035,0.00014089326328925388
Source,039a6b6647e3d125574deb3fc4d71f0682efa0f1dde279f42a13fa956849e46681,0.00014089326328925388
Source,03a21c0c2a4fdc1179f07710c32fe49804d3e2b0b1bdc760dc11cbf116da3bb363,0.00014089326328925388
Source,03f3650d18df611674cb7ab718a3de9a40b14883aed6ca081dc4d304fc76d5c727,0.00014089326328925388
Source,02062565958730df9f3e88ae46f8c772b0d13581a3309f9f3ab7e1e5e309bb2b87,0.00014089326328925388
Source,0218078e511de456bba70dda5e76279a949065391f41060deccb1085ac03ee4c9b,0.00014089326328925388
Source,024e236a2dfe02cd4735efe609fb63d1c6ed32c0d99e66d16c6fb1c0e4487d7624,0.00014089326328925388
Source,02626f3294758e180ac67b792e403997fe77bed1df3de82026115eb325e5928bbf,0.00014089326328925388
Source,02ba0b848738d5fd0725ca19342964f8dacd61663150acdc81dc1c892a67d5008a,0.00014089326328925388
Source,02dee7f63633eff6ff7c81ad34ac1908cbd5f64e76c97bc317ec475e6d346c3fcc,0.00014089326328925388
Source,03006c6c112e6926f7de9047dfd0e65b79c0956c388f6ff41c5bc7f067d7b07c98,0.00014089326328925388
Source,030421daf56787f0cbec4f5b8564ae37fa2ab3f28b30c711c8094c19c36e7a3388,0.00014089326328925388
Source,035a0d21758480330ab852703483ea8a90cf44f75c5f48ecde9b3c8844c29d813b,0.00014089326328925388
Source,0370f6269ca41ac1808ccb11794ef727c91670f6a3c4f4b233d67b9e6e2fe2c5c0,0.00014089326328925388
Source,03b95f2370e01edb922ec243f9741701a6a3d112b3df8f62c7a08d9f5cd71ebfcb,0.00014089326328925388
Source,02dee45a79c41cfb81e13757ccba2be8ae17a52b377d5703fdacf6c464a490e10a,0.00014089326328925388
Source,03ebd24f24a62bc7235215dd580769c699271857748614f98637378f0545478518,0.00014089326328925388
Source,02394aeca0f5ec5e46fa46cedeef0436b1d82b296244bc7132eb7263bf1953ff70,0.00014089326328925388
Source,02047c886946e215d4b0c4496d6ad6c37da6e89d22676b15a561ac35a7759ca464,0.00014089326328925388
Source,020d41c5a32f06d7addc7378f2d4a6596358d8716a3eb5d5bbdd894a82a1fdd00c,0.00014089326328925388
Source,022d2c907ef13d7e36ac1c61e788ba7c9d979b33be1ea21c421796eb11c44d5260,0.00014089326328925388
Source,024317787420f73d4837ef41f147da2824f9aa08b756b8f9c77fce030a15625358,0.00014089326328925388
Source,030d7f267e072d6aa78974e3129590942e1e1282473e4297ce89c91e5005ceddfe,0.00014089326328925388
Source,03151cc48671a9ecb44fe3101fe433bd4db4080456594bc0430716d7e70d13f05d,0.00014089326328925388
Source,03672c0f6e9567a5b3ecd01c851d0971cf0d049c49ed4a5ba22e683f24169e32f5,0.00014089326328925388
Source,036913017465a1dea0ecf05fcfe80936f44150a755ad9624aad0228cef4762daae,0.00014089326328925388
Source,03b64dc961d5d3207f695645ff067469a5ba5fbd1f87c28b131d3d307c69dca082,0.00014089326328925388
Source,02f75c2497a81f69e76131a71b0369abd780c1048e943777922cbb74027f8e6577,0.00014089326328925388
Source,0227bf336b0b7f745cc77eefa802e70823e048bcf25fb1772320b8db1048370811,0.00014089326328925388
Source,035394fff7176cadd8a25beb8b4303a33a69136fd52d1bcfffd510bcc685c8899e,0.00014089326328925388
Source,02fd98ebd4cbedd1317d629d62d192cf943f0134c61464de48f1e232d861de4ef9,0.00014089326328925388
Source,02593d90d96cd81a353c65e854e7432a722b29387e1282e1907606c563ab8bced5,0.00014089326328925388
Source,027a3d15964615be3090f7f6a226f8603351f7c63c8cfb969ac0226a40389edc86,0.00014089326328925388
Source,0342bc39863ee7f40e255c337ce55764524028670ca67b6b6b23dc5231c295f03e,0.00014089326328925388
Source,0265446bc23a2aa0fc2929ba81277e00ae97f4d4a8131a3cf91a647df3ec52f236,0.00014089326328925388
Source,034a58870eb9e9ac4fa2e367ccd30e517358e82af7e2122eb515d1ff53d8b370da,0.00014089326328925388
Source,035e2067a8122bc0b9bccc096106b45163085196f232734e68ed9249073c6dc86e,0.00014089326328925388
Source,020a59b83f13698e950d5c203bd59a1d3aa53cbf0d6c9f30f92bd590a91850bd35,0.00014089326328925388
Source,02379f8ffd4e080f2a9ee5ada5e02c6be5625eb93dfadd45fb9aabe69ea97e3595,0.00014089326328925388
Source,0271043fc3327ad21c0d15bba04930c55a920b20536f7e9eec3bc9592f8c235f22,0.00014089326328925388
Source,02718cdbaa04542acd05bea2bf66b9d9f0cd92e9068fa56c3dbf8445e35ef58024,0.00014089326328925388
Source,02a26029388da1889b0cdfe437c0217db7ac661d66d32d35b266a8352465ec10b2,0.00014089326328925388
Source,02ef269b91bf7079c8b98c14b7875c806ced0abd534ff7812ec6b8e4206861ef9d,0.00014089326328925388
Source,0255bd6622fb330c0bc02c340891255ebefb00c9eacde739b6726147c4c08afa2b,0.00014089326328925388
Source,025ffcf2666828268d202a9327cecd463a91963132809039bdadcde16d77c17873,0.00014089326328925388
Source,02ec4882d8a0b54f20b46c37f4a166f22a52e19da52e2ec1e1d792c4106804bdcd,0.00014089326328925388
Source,03571abccac9960367f97bd520541ae11e12f9b6f477620351d492f048fa489897,0.00014089326328925388
Source,023ebc455298c0e19689a675617b5892f0d648d118f91fe34a01f2aaac93e64334,0.00014089326328925388
Source,0286fd9994832bd94e3fe5a6ee28044829a8394560a9a763ad601ed6c5a1fff535,0.00014089326328925388
Source,039ad09a86e3b79d2d3c17ffd14221c7434cccd3a114b93753c03d8e397f7944fc,0.00014089326328925388
Source,03a5b7b1123c99b67a6a002b1ecc734cbe3c351bb790cbef03820819b3f11769f6,0.00014089326328925388
Source,03c75f96bad4a1a5fe687574a20b2a8b3f9f2a45d63b928f1fa0fb0d589365057f,0.00014089326328925388
Source,022d5798d81406f0ec239d755ed6a10f73f75d710d13d4fe34c2fdecf04295f326,0.00014089326328925388
Source,0342932eef9d2c0affb5e4a7e7fa2ce756cd734b68aff14d46e11a94086d26c6f0,0.00014089326328925388
Source,021b6a273d174738eb808237ae3680a0d8b2ba088ad19449e35082b2642f756fdf,0.00014089326328925388
Source,0222a7a8afa0e7660cd26f2e45c10a49f420167e8bd045aaee22c81fc72d6ed54e,0.00014089326328925388
Source,024dcb28330bb766def5e85e064dab3dfb472419d855d05b1e32637c4e7339ada9,0.00014089326328925388
Source,02970112c909a1710b50478f7f30f4bb1dfe0500560614d5a31483db336fcba467,0.00014089326328925388
Source,030043d0a2cfb69d80867094eb030f8abde7a5dc36e1a0faece73e614cf779bde8,0.00014089326328925388
Source,0379ed1af38632a780546953841bc6aeaf056d0e0fe2b9c49d45d9894937d5079a,0.00014089326328925388
Source,03bbbbd1b9f79674d07e77da020573d07fe492b0f0e914a1f276ad51277ac58b22,0.00014089326328925388
Source,020daf644cd18ba38ac5459be60f353d5f361ffca07bfb8dc86b22a2856d7c2d15,0.00014089326328925388
Source,0211cbea2df5af449b94c9c540c7d944d5be223981318598c57c673130fcd676f4,0.00014089326328925388
Source,02a05b852ec22abda45de11ed16ad77b4ef2e8c61a1ae94f620fa74f18c1dba1fa,0.00014089326328925388
Source,038dc80e2fb7dbb2b15920f0d0cd521a9785d0415aae0a0c7ad57088276a3e2ea4,0.00014089326328925388
Source,02c0549536c5e14f778dadf4da5511783f90c854d12696c0529df8b27680ad8079,0.00014089326328925388
Source,021b56ff970675aa576ba3be3c7fe1e8faf0df70a5a03fcbaffcaad17f3dd05711,0.00014089326328925388
Source,032c14422d357563741742d46095785c76e7094d144a9dc8e15f19f929f3678d2f,0.00014089326328925388
Source,03342523c6a0f9595ce233ccc079c30879d83c92a1e01a532d2c0c9113c5f0924a,0.00014089326328925388
Source,02776e38cb5eda91d66180108dd9952a6c480d4a8845dbe6831670637cedb046fd,0.00014089326328925388
Source,020c9badbd185699271c1acc5bf0af1dcab42c1dbafc011a0a305c75e3836c64a6,0.00014089326328925388
Source,037a7d60a11acbfa54f9fec4304c5974b11161da66e47e2c1ed356f5bf9ab18920,0.00014089326328925388
Source,03c2d52cdcb5ddd40d62ba3c7197260b0f7b4dcc29ad64724c68426045919922f0,0.00014089326328925388
Source,03d1b8116157c8819910d4bcb8ad194e181c2ccfb37dc272e7226af836c9bd69e1,0.00014089326328925388
Source,0277867f1d1d136c995870c5b72eb4353d05d5c0974774f0c5dc10fcc2a9d473af,0.00014089326328925388
Source,03759e3840f8b8dd907c16acbce9ab006d8e76502dee5327e0331c8f22672cc9fb,0.00014089326328925388
Source,03abe294df681eb1e2b859a8bbcc092098f3cc69f9273b614dd07c214ecea6d7b2,0.00014089326328925388
Source,0398302c8b4b32e5bb3767e120346c344bfcba345eee41ad588f4c76141bc53a6e,0.00014089326328925388
Source,02683666b4902e0af6c8d9fa7b171c1421b71933255bdaceb4dc0202c4e900dac5,0.00014089326328925388
Source,03bf7528f412ef621ac4898e4815a7c94d427e719eefbac41d32c0e710c299143d,0.00014089326328925388
Source,0227eb3af05aeadce3d7dee6b5b16f31a67cd1e10eda75044f4104a2222e65823b,0.00014089326328925388
Source,02d418405a21c44eb5ae47326dd5c6be916c2e2858e4446762f5061cdc820b8df9,0.00014089326328925388
Source,030753bc6bfcd5f2a76c45fde5e11795b74942bda05fee6e4f0e49d5c2232e20b3,0.00014089326328925388
Source,030ba3e4b6b3f8cbfae2ff7b243bfb12a2208afd17dd0fe0ab50e5b0c1212bb83f,0.00014089326328925388
Source,024a58bdf629f03d48438717d699532969a9eddc723b117605ecc6fe2504b66a4f,0.00014089326328925388
Source,028bade88afcc90a767188c0b564a4d598e3b9c70f72b6cf3c1b0e517f091494bd,0.00014089326328925388
Source,0384f699181c5e7f32cc4bc63d3ed4e30b98a86b3688ab7267f8aaff2b2bc7fee9,0.00014089326328925388
Source,0386a343c82dedb82fb733d39a3136b22bdcca019821e3670ad14e9e0d566ff2ba,0.00014089326328925388
Source,03d9036df37d501956ed0bce20bf4fddb1ba3b2558f7b16abaeea579a7beec45d3,0.00014089326328925388
Source,03035753d8b11a14fd5497c260f806d550b149da21c16ccab68632c318d979f724,0.00014089326328925388
Source,0207f999871315c74e83de1f15a0f6c4be12fc0eb4aeaeaed580cdb0102947a584,0.00014089326328925388
Source,0237b3667d24f7effc86001abdc64d53e2947a9ae6f0b13e46796ebc74dbcd07df,0.00014089326328925388
Source,024c2f8612849b173af7a57b78909fa5c139c79fdf8aef8b077601992f58a58ffc,0.00014089326328925388
Source,027d8c1d03dddaadcb8077ecc13d4235ba454876c046735a13ca19907bf5d708b3,0.00014089326328925388
Source,02c0199eafc45d6ba64a1e18e2fea46d7e88ba17c4eb56a9d258de1b6e4a1987ed,0.00014089326328925388
Source,033276ea1fbe775276e575df44a0748f963d255fce5cbd276cc124c195b86e1c97,0.00014089326328925388
Source,03ac17aa6b720bb065703f9f797d4711bfa879f10487ec577297681c846514f080,0.00014089326328925388
Source,02df226b848784986878d17d5eead63dcdee13194cdbb443d4b283ff7b409ce9cc,0.00014089326328925388
Source,021d7477153209bf1c81060483b4c2519bde173a18cbb3b7b94fb552b79e127323,0.00014089326328925388
Source,02b714dfb1961b719df4a8c06371c0b547ec5dfaa4faf39beabd8974d6b60fe5a3,0.00014089326328925388
Source,03e9e0f9aaba1ccbb702e3f862b8eddae3f2d55944595fb09d758fedf18cc385a5,0.00014089326328925388
Source,03ec127a04ac464577bdba9637ca7c8edcd0e27c4ffeef5094a10ad69eeae76800,0.00014089326328925388
Source,024012b82d6e54a5e3a936cbdf366be74e649637bb7b201a4e5ef385298b1c1233,0.00014089326328925388
Source,031cda3f17935426a26bdc02955d081b76a3a02874822f86cecb71d778c4cff5e9,0.00014089326328925388
Source,030d3bd4450403644caa1950b83f0a04f31b88c42f436e41b4adf08eed3eb8773f,0.00014089326328925388
Source,035e3662cd71e0596daf5b150d86a990bc25cb1f73467950e0b08be5c73bf89a81,0.00014089326328925388
Source,02527795f11a8ca7f9dc73b9a69fe1bfe824597f7a67d25bb1ecd5683f2763e54c,0.00014089326328925388
Source,02ef61a252f9504a42fc264a28476f44cea0711a44b2da0bd729ad52aaee9d86b7,0.00014089326328925388
Source,03713775dbbc5d908f9a113be4b77b74fa64e3302a107ea40963ae81743d25fcd6,0.00014089326328925388
Source,038182a74b030bca74c1bd92c55d38537cd7ee72a25c6d9f4d694e972fc663fcfc,0.00014089326328925388
Source,039c5e9d35bc1fd983c45f338cbd53fb41c3ec85531f623eb05a6097cc04beeb00,0.00014089326328925388
Source,03b7ca940bc33b882dc1f1bee353a6cf205b1a7472d8ae24d45370a8f510c27d23,0.00014089326328925388
Source,03f1e0761f2f1e0a83a9f831986df0e094e3947b1b645f1e3ca66dbf148cbffbf5,0.00014089326328925388
Source,0211a030e68b8f31c520f11a5821611a9904a2973c8cfbf564ef9aeb73b03efe86,0.00014089326328925388
Source,02312ff31065efa9cd1af882749d1b91dda97016e245baca8dbb4817251779077b,0.00014089326328925388
Source,0237b2854ca85e5c6045dcd8130382e400781ccc0d98fff65b6bd433efc5e65601,0.00014089326328925388
Source,0249918f60abd7b3df39391c7e6015ea786bb5c2f41329c3f959ec01c3ca75a196,0.00014089326328925388
Source,0266a34c5b6de88d48af4150c5f0452962686123d9b119f8a43341a93783dbd8e2,0.00014089326328925388
Source,02c213c3c62d267457600e09dc113b244da17fbbda59e904d60d0f661d7b586012,0.00014089326328925388
Source,036de37f2e82bcbf36bc93534a82c7d86d65185718085ac3fb399defb2d1ace924,0.00014089326328925388
Source,037cc080c5dc8f93adc60ef89b5fbc5d83bbafa931888aa47c8e5a08de6f35d6b5,0.00014089326328925388
Source,023f3f4ea76deacc8b26b61200078c3f05cde028ee8666f5200dd074f4ce0422c7,0.00014089326328925388
Source,0381c2a71e0c45098bf50c54b569a89add7892c0bacd4023db568296d307e97568,0.00014089326328925388
Source,021adeed641dab29859a419b493d34962d182d639e60a5090480001b4119ba2042,0.00014089326328925388
Source,0223ec3cc098002fec897229509f50a4919b8a49c7574a53d92a71219ce4ac7c09,0.00014089326328925388
Source,023000d18601875f32b584785325f1690a043c8050dcf16d30b8693fee933c2800,0.00014089326328925388
Source,0247f18ca4329e56465891b07dbd16f5ab5dd0f8bd63ceb288734e46e1b2cecacc,0.00014089326328925388
Source,025d14beffb656936d015433f44b403ee999e67ed8ffd4a3ce6f0586f1c2c3ddab,0.00014089326328925388
Source,0296728e6985af3960e097b94062eba5b7f5e6e9cafde92ef4c243c95d942d4cd1,0.00014089326328925388
Source,029f0ccd41b899f707be78a38a05766a3ffd2e23a597ac7bc165c98b5939c5638b,0.00014089326328925388
Source,02a185a9546e556edc31aadcb8688bf418ed94e3a6aa4c7fa7d7e2ad8a428f110c,0.00014089326328925388
Source,02bb4aee4f14c9feb6e4679f8811958870146a47848b82e073274c560d014531ec,0.00014089326328925388
Source,02e71304fec05b00c35e24fa7132dc473f36971667e3b6d53d1c9cf73c4394aa83,0.00014089326328925388
Source,02ed6fb8da399729412fea5f6b3405512f06c5ddf6c0e871aa72376a8993de40f2,0.00014089326328925388
Source,02f8e97916bc5e640497a0a712b90faba33e2eb47c71d15a5d7d2c326585f5d9ed,0.00014089326328925388
Source,02fa8fd9ebd1b8f7d10a5c04d27d6d401366c610174e1be64e7aa7931f2b20c240,0.00014089326328925388
Source,03003ad21e96c797cbcdc4575f2b5b5110850cb6df3cda27eda339ce34c1d574e8,0.00014089326328925388
Source,0330922d701bea26dadee8184fd654a8397c2c3e096ecf7e52967d6131db9158a0,0.00014089326328925388
Source,0333eaec024c3539f107d234b6326624c2c7fc7083620817bb3f633303a3cbcfad,0.00014089326328925388
Source,0347cfef9963c601b84366b86c979a8128a45b73c95fca7499bcf528e6063dc21a,0.00014089326328925388
Source,03857a102b16332d0b4f7ca47126b1637e0a214bae771057b0461109b3b1119429,0.00014089326328925388
Source,03a793883166093f991882dc27cf520f100eb453f5fbdcde9ca8129d01ad4db7a0,0.00014089326328925388
Source,03b8b04e9bd81749703d677be21f1b21feb17f09a2d20f73c61ce29923ff7f8a30,0.00014089326328925388
Source,03ca5a838b562327e7b3db0b98725cc84556cf3a1394418378d0a5824367f1a2b7,0.00014089326328925388
Source,03f70c766f78e8bf474384df833be1b0e0231f91001bc4e94938b88415f2a5703f,0.00014089326328925388
Source,02d4e62978ff7f4f066b429976800606d6055282047692520d3e18df2850013926,0.00014089326328925388
Source,0239e5323f33ce3729f69ddd08760e83a9d6729521da95f28b93dadfb4d0b26ad9,0.00014089326328925388
Source,023c5f2b69161742cc49da5be6cb7c940465fc608ff216bafc7573eb31121b22d2,0.00014089326328925388
Source,02dabaec135cf325f3276a8314ed1e8f56e9e7875b6b80da88ad61fbeb12c4539b,0.00014089326328925388
Source,02f85bc8de0aae119967b82b0a591a3892c42194bfe1405596dcc1c03568b560d5,0.00014089326328925388
Source,033abe908878ac00c1e916face972331b3a6e3ba4e587c95efec3c76e3ee339c82,0.00014089326328925388
Source,035f813598df61688b7eff80d546b2ba200bb00c1726bf32f44b692cc98a3580cd,0.00014089326328925388
Source,028f4a4adf9afabb691498216c86deeb5df1a3f4de5c98cba858d2634d2f3533d8,0.00014089326328925388
Source,023e2b9bb357b1bf135d59551418178ef020cdd77efee7939cdd7c83f41256f7b1,0.00014089326328925388
Source,03d5cfc87ec933a522cfc496273b74de47753bd3a5cc4d3cec445110a775e3cec4,0.00014089326328925388
Source,03d833ee6dda01a810a51a8f62e555219cfc030eb5fc55647ad0ebad1401065d5d,0.00014089326328925388
Source,02075d9e3b096424ebaf44ceaf3a1c8560d0d30940ce536fceab2cc30195655729,0.00014089326328925388
Source,020994dd12d51dd6effa92f76e7f390330f549a1a6a3da222f3ab3c14b4ad1abae,0.00014089326328925388
Source,021c13afe4c316a58aceee8347eaf80f0c5ed92e3af5eafa62675eac84ce2493e6,0.00014089326328925388
Source,0229edafa4127e98e5b023a1920524f702ac183834b17fa69a04714c8c4401f181,0.00014089326328925388
Source,023332db636a82eecb07830e5cd4cd153e7abbbb9a8fcda0eae71fce4af28ceb2e,0.00014089326328925388
Source,02372d6187ce4c9830db9399c0f9937b5a6b34de6537b32c478bc044577a98e57b,0.00014089326328925388
Source,023a112ae83a3260035e03b5d64f1562f26f3775c079c46cf384927a1d059465ca,0.00014089326328925388
Source,023acd29f8a5e212a77973468da009c7e84a56c04e00378cccc005708a07497624,0.00014089326328925388
Source,023e3b6cd77ce427c9afce18de590f1ce46114e4493468554996bbcc1c143ea0e2,0.00014089326328925388
Source,0246fcdd334258268fd91429076fade3ea7f3c37fcfb42fb92f45a44ff286b5405,0.00014089326328925388
Source,02481cc87f9ba11f814a9656ed6b15f73037bb7a83cb09c30f078d7631009e0b36,0.00014089326328925388
Source,024fef1b652921ee35f2d3924ab284ff9c086793479546f87f458e9a480ebecc9c,0.00014089326328925388
Source,02500d046950b893587a79fced434da6ff09f5e844b6e8bc290397eee3897eeeab,0.00014089326328925388
Source,025fa239f51d750b7f1f38a4502a994969aa9d01f37a26bd550ea75323d636544c,0.00014089326328925388
Source,02a2bda06d9515b0fd3d1bdd6590a010369328cd615e9f79e0a8895d65a11431c0,0.00014089326328925388
Source,02cdd81776451cef37e0057c460d6c0c371eb6d05369cb1738f0397f3e0844c3ad,0.00014089326328925388
Source,02e38f5d5af2a14bfdaa934dbfc0d38a7d46a8a523a8f24b787c7d00c257148201,0.00014089326328925388
Source,02f63f6c29cc1bc19a9d2413874e07a3907badb96b69a05763f62f541a87a9fbc3,0.00014089326328925388
Source,030fda9308585587b25677cdf31fb76eccd8ca93d1a9a24974204711bf11dbd3e6,0.00014089326328925388
Source,031d60ef9a08547ef1986fb28121b990f51cdfe31023f3a6e1a1a3556353536c50,0.00014089326328925388
Source,0355b8b8a890d32405b860a40eb5ca7d49d2d969eaf0d5ebc58cdd31f6b7d14ca2,0.00014089326328925388
Source,0359f8f0238b1cd90ed9bfdbe855fb7a835340334657f0fe8d04a7165253f02a01,0.00014089326328925388
Source,036cfea974ffb015e849c77888edc22dd2a6cd407d12b1916868919a7c360d6228,0.00014089326328925388
Source,039159464066164bae19f3400a4a3e4e81e7d008dfc4b085de56a7d64cbf94ff85,0.00014089326328925388
Source,03af96e39f8cabb9386850c88f6ac569829449557f2d50f10975d201f96113629e,0.00014089326328925388
Source,03b72d20a8a76753f5ba10fedb2d27cc43e7b885c48d4e796a5e7202498723ea84,0.00014089326328925388
Source,03c888b01c113ca25d681f80c355f9b375924f8552d0ddc444039e60e8987f213c,0.00014089326328925388
Source,03ed04f8fcf6225fa6fb19afb9c4542c540c641869027ba0a935826e45010f8b36,0.00014089326328925388
Source,03ef7cd8ef723cf8461ad86f1004f0f3872e683237572d03434e0918d8cbd09640,0.00014089326328925388
Source,0336e0973c1d6fa8f98258f9e5262443baa980cd546a349abd341341d5c1f2abe8,0.00014089326328925388
Source,0381d1fde076ffe68b71b210e3c69fce0f27a15106f07b96a1b556b1ccf9a809cf,0.00014089326328925388
Source,0327049d8d63f0c40193cdf3afc61817c8647808a4e482de0716fcef74e6d92ebf,0.00014089326328925388
Source,02e8ebf3b925c166ecef09b48873246356323483f4b644aa579154343796fc2668,0.00014089326328925388
Source,0202092d5764a4e6477590ba40c0766d84cc6c42f722fe8a73f4a436268a00feeb,0.00014089326328925388
Source,02925a9e660e01e5e05d99c9bce32cdc73b9ad0b7cce31663bd1badb3dcb9afe45,0.00014089326328925388
Source,02b8bf9a283df48ee3b71651157ef73d72ca54dcf223f72aff2d13d8c8eda484f2,0.00014089326328925388
Source,02cf8103f0abef277252b0d8f11d8e5f53d5697d81f956e0c7da083b0604864aad,0.00014089326328925388
Source,0318971cae109776f58101f07a6c1d1e68c4780a05960b5cbfff1620d3c06cb50c,0.00014089326328925388
Source,03a812a5581f8f89be966fdc920d050eacfa57db2c815b1d9dd90458b62f368a06,0.00014089326328925388
Source,021f2cbffc4045ca2d70678ecf8ed75e488290874c9da38074f6d378248337062b,0.00014089326328925388
Source,02e43cb812828de4c81b71c3e9679ba1850e643a9332f4e5d198c865ea0ac019fb,0.00014089326328925388
Source,02be779ff84a830938ccaff4451767914621cd5b727b86258b906265cc8039ab84,0.00014089326328925388
Source,032bdd51452d868b343bbd5e2fba5c2d223c1963b57eaf2366e17a314ca06d798d,0.00014089326328925388
Source,037b7cd33aada9dd91ccb95857d8f71c34fd31c426057016f28f48b0633ae844cd,0.00014089326328925388
Source,03ca035ea082d3ba5cba13890895a0818ee000a99d983ec6e65ebeb79fb6d986e3,0.00014089326328925388
Source,0208b6ec8c4c77cabef8351f92327c13e0b7cc2e3724083669de305e2b395341fe,0.00014089326328925388
Source,021953d107328d7a411000f9420e7fb56d145aa5f7c3bfe5b480aa230cc42f565c,0.00014089326328925388
Source,024cad33164c0c182bfa81451491fce97ffbe9384c206b724b355d20e6a004bfda,0.00014089326328925388
Source,025091d7ed0ba8d3bf4436c288c0030b7cdc1006ee6b87e5c5b91d4fb56913dcab,0.00014089326328925388
Source,0281dc59701f94080d6874590b81dc8a6d0b50ff4913d75d7a7d1ed98e96d415b9,0.00014089326328925388
Source,0298e3dfe4310048a578a5067e1926110b5820cceb5701be6a73e08a9780da58c6,0.00014089326328925388
Source,029baae34dfaff9735392be23fe1c86611ec8ad4048e1c7673862bd92fc02451cd,0.00014089326328925388
Source,02e2a7a2e3584223d7a2312f550da000e75f3ce156a383a4ffcba9f2b09e7bac2c,0.00014089326328925388
Source,02e66d83dcdd834732b29181fb0d058c7d9b9e92c3af1867da2f14b45c207beaf0,0.00014089326328925388
Source,033479c05fb49bb0251a7df460420805b3f7bb53fb91e23d155cb9725bb5c6da52,0.00014089326328925388
Source,03500908ce584586fc08bcde3d58cc37d0dadcda0a604c662edcae51010c0dd0a6,0.00014089326328925388
Source,035d7a8d4b66a8ca410df8dfcf9b207c6adba79ca164a8ef657bc60795cdbf5d1a,0.00014089326328925388
Source,03647aae6bc9bcdafa269270a9ba04a0c428738556a1951093794b57b0758db10b,0.00014089326328925388
Source,036d179a3fd3f31cdd147dd70c43af0ca9bd8773b0ea5c18b4095fd2b874c2b3ae,0.00014089326328925388
Source,0379749b3a6bb297e746909df7531419bc4d05b5e31f21621c9f8ef52336b7909e,0.00014089326328925388
Source,03853be4580b2babe0d8a03a027932fdb381e12d7930c1f346df57845d1c4260e9,0.00014089326328925388
Source,0396578eda8b8f79f3f0efdbe5aa6c398c7fedaf0471f66d145fb99fe352b5ab8d,0.00014089326328925388
Source,039b59c581959758f26f517b2d564ef844bcc663171247c7389ce6d1fe67c9e1cb,0.00014089326328925388
Source,03bb12a6140a97c8c2dc90139a8bf78477a70fe25239fa236778292c89a7628660,0.00014089326328925388
Source,02612e03af80938790108bb00ec5d9cfdaf8ea2aeaa2a141d3c0d74622a7cce88a,0.00014089326328925388
Source,032b4be34fa4944c3a3ae55c3bdeed2b2d902bd02aa58339ec95ed91d4497bd41f,0.00014089326328925388
Source,03830ecd6fefbfc926a35ba474e56bb7466402570843b4936fbd984b7fbb213ac7,0.00014089326328925388
Source,03987c2e42501433973821060882d3c76f6d334cef64ca8853570593d9ab273cab,0.00014089326328925388
Source,03aebd72b7100abfff9b6787b70ac6c37d089dc617537126a1ad10566744cd4c60,0.00014089326328925388
Source,0312bd1afe7ce6d67ac12902451e46e606ee7d3deb913a8dc58539c25189700b62,0.00014089326328925388
Source,021718d0d776bc58d4129b0f3de8aeec8421b28b2ea4682fd0dd8c07f12c44d2f0,0.00014089326328925388
Source,0217ff73fb7b8eada200f72833e6d744d69eaaa8b003560eaa15b4af80d77180dc,0.00014089326328925388
Source,021a0266be9ba622bd5f85049ab9bbb62e7c8fc3633d117bc5f6c4383a788ca769,0.00014089326328925388
Source,02deed35e0048d848792133713b39834dd8e04291f715d9bf5955016b5d3e3e9ac,0.00014089326328925388
Source,02fdd429de697838125d44b4e21126fb8d0fc012854e8be4924185b701edfba3f3,0.00014089326328925388
Source,03eb160b3088da74af0edcd8cada588aca23a3f251eb6bc2a57cb75ca93fbdf0cd,0.00014089326328925388
Source,02c2e121cff9c9bb03d37b68be98554880fb984d8e9e9efc3a11cfd40226447bd3,0.00014089326328925388
Source,027ab9c5f25c7c832d78101da66e006ee8cb47dafe48bad471057a9d1c6ecec903,0.00014089326328925388
Source,02804308e0f1080eeed46941c1426eff268062fff75388e37b1e46f0cc2e95756e,0.00014089326328925388
Source,02b42e0c088aa1fc303aa18325afa23347d399b9e4cd0e77556ed0bcf4106e4619,0.00014089326328925388
Source,02757ceb278bfc11c035c14b734af441c50101704f49763c3c3f01e9631d7946f7,0.00014089326328925388
Source,02a3a17effc394d27bc71b7f458cab02eeafef4eafd1e736583e40e66ebe98a3dd,0.00014089326328925388
Source,02b40c66b2309ab65d793878d868ddfefeb287669279e7c84accd7dfa94fec1336,0.00014089326328925388
Source,02be32b065e268f937b6e80172c7723e02fc0b521493140fc3c69a95ccf35d6e59,0.00014089326328925388
Source,03c10d3c665a313a092dca7085043b91ab9072502deb0b22a724b0e61380283445,0.00014089326328925388
Source,03e019bf0c4da79452881016b8c989c1df66a498a31a739f002e49fa764381a3eb,0.00014089326328925388
Source,03c41965cd7796ae54dbbf684518bb5d6e0baacf49f69bd4e7ef02a164387bcb5f,0.00014089326328925388
Source,03d660bd7d1be24ac6515b50a242603c3347dbe84f1c1f2c9b5bd3e9e368e2853c,0.00014089326328925388
Source,03dc4b07fac47d02ea82f84e292f06af2a1334a6debea31e0383cf50eec3e6f3b5,0.00014089326328925388
Source,02ea5baf2cc68b80a1e3839e230393570f92d7b0989f6a06550d156c7a3da86b17,0.00014089326328925388
Source,0375eeda96bc619994ebf36b7e7bfcf4c7f2b08111070724fa6c69571db8481525,0.00014089326328925388
Source,03b19a1684e675e33a1cdeb651f13608088aca79bc9dae93a7d373a2d727a56841,0.00014089326328925388
Source,024d2a7636c331eb2b9216ee40405e105f0b887479517f10b6f3cd0cf87ab280fa,0.00014089326328925388
Source,027a9b20c0731eeab0f5252bb7c6be62e17184804ac002d315c87f34657e343533,0.00014089326328925388
Source,02e4bccbfcb81b650879b7233874e78fc8fe426084b425ce0e2c50f72494146551,0.00014089326328925388
Source,0313b6d0e62c911305a1ca7c7de021646e619066159a344f3c751cb3b303ad5e82,0.00014089326328925388
Source,0371bcbde71d6cc591134e6d95592a9e8baac232a1e975ccd67c111864a5e8d373,0.00014089326328925388
Source,03fd818da22571a253cf13e51a8d5d5fcfea2dc246086b8564a13feca839b985b9,0.00014089326328925388
Source,0390bb43f323ab176d946849bfcd12dbb748554f531963114f2cfb34bc3095b7de,0.00014089326328925388
Source,02cdf83ef8e45908b1092125d25c68dcec7751ca8d39f557775cd842e5bc127469,0.00014089326328925388
Source,033d8f1392e0afbe582041f5a33284334f7474d2aa64bc90da254098234e898cc7,0.00014089326328925388
Source,03a71a19db76292f9d691d8b720dee8047457df1db087f06bce4a3931fe48851b1,0.00014089326328925388
Source,029113620f929df927a4877ae6727b214418c366bf09ebbd4552eda235f48c00f5,0.00014089326328925388
Source,039efee6e74c7711287f99d478889bb9642aaad7e3a628ae02373b06735dee4ad9,0.00014089326328925388
Source,020dcba6ad62784594a2276e79818315aea5b2d0a04f6439f946cea1a62698bf76,0.00014089326328925388
Source,0226b317ebf63a888838c2900b0e77e45b3ad35c59bdbbd6a8eaba0c0362303cee,0.00014089326328925388
Source,027ab5595ed7edf91754c42ef8d0d572bac35e80ef2c26f3f6080d9033ce685821,0.00014089326328925388
Source,028501e256154aa4aa513acfc1ca498ae3e9f1a305f5c79ec0918b67ebbc78a796,0.00014089326328925388
Source,02952cc6b7f92226e490d6354636604a26484a396627c97661c932ffc55042a500,0.00014089326328925388
Source,03447c9f9d17a6f082dcf4cf97e8949e3fe6fd704baa54560aef0d742593659d15,0.00014089326328925388
Source,039b2990bdc09b8176d101517bebab019ecd41b546d3e8fec8c19cd05bfdf9be7d,0.00014089326328925388
Source,03a92973beaaf9aeda713e64b5bd6f46156224e7c1212503c8f537fff5f50ff756,0.00014089326328925388
Source,03f3ba88c3e9e68b10f8c1e877252a157291ddc24aa378e9cb6f8b3bd0fed2e706,0.00014089326328925388
Source,030f2446fe47a494684eef58b788ee72df8ea8459f45891508d79963c93a3e12da,0.00014089326328925388
Source,03f06a297a3463f0f23cffa33b8663d7909c7d63f2e1e45fb1285076e89f194d30,0.00014089326328925388
Source,0204a16c332f22b91b73660db017b7e6a93c0d20ff0c9d6f40055b5fa1de87ef2f,0.00014089326328925388
Source,0212744c2857fede0f7904b5e9a2da00edc6567fab905e5e5a3ce846a59c26723e,0.00014089326328925388
Source,0216a38c457d26664f5b4dc3c36e0210e47d9c26bd22bcf7a50055dd1dd3e3b70d,0.00014089326328925388
Source,0234f05cad1f9055929554731ec10d963f3bbd7df32fa9effcda4551394404ff86,0.00014089326328925388
Source,02551a0f955f86c892682487cc9403c4caf09ec37ae427b4475ea62379e94b15fe,0.00014089326328925388
Source,02559eef71d7105f602ddf5edad224fdc1681ff955d7921378d3e2907b9b251f3a,0.00014089326328925388
Source,02567d342cb3d03e75aaf30bdc794fa20e1dc9acc1caa690517a39dd382029e708,0.00014089326328925388
Source,0265e5791c617b6e1dfe04137e71c0c959201592bd7fe3f1bb085c35595b72646c,0.00014089326328925388
Source,027060773df052742657a47e28dd2783e307a0317e8b58a76932a215ae3c8a5137,0.00014089326328925388
Source,0271b003ba2a89fdcd4512585ebd53af8a8dc80c7252ca32c553c94b655d11cc89,0.00014089326328925388
Source,0273beb9013adafc0ea8ca466521109b1bf25ae06e6245e4300f3debd38b002639,0.00014089326328925388
Source,0278008ba828b63062dea87496c3fdee0345dfb0e5088dfa3389d777cb7e09137b,0.00014089326328925388
Source,028b7cd56f03df58cadcb4cb39984228a1fb7e2c14971d4cb903a947e6c0887417,0.00014089326328925388
Source,02a048bddbbe556875efdad36ab5ec33a0a5cbe56516bbd118df97db6af4b51ba5,0.00014089326328925388
Source,02a2aabb49cb1795b7a193e488ebe456c158a5a2ef0d4a0ddef89a351eeff732a9,0.00014089326328925388
Source,02c2f1a7ef27d72660da5770cae905e2ff8bacdb319e67902df8c61e7633879af4,0.00014089326328925388
Source,02c3190b21f31adcd7fcc55d9f4205ac1f43a841568048ddd0fa3d3ee37b10e334,0.00014089326328925388
Source,02cffec5f9ebe81d0dbdac4e458b0bd91e4128ddb5af5286ae74eff3d598bea017,0.00014089326328925388
Source,02e8334fcab092f496bce7421e8d711d41cbbfef0429bb30149784418df53dd1b1,0.00014089326328925388
Source,02ecafca28b270849d4970740bbde02cb216022b72df6cca7a751bba771e41d344,0.00014089326328925388
Source,02fd53fcbb57dcf2302642f4557f4f4f6ea1e322bf8a7a6c74b01c0bd0f728cdfb,0.00014089326328925388
Source,03032e66928b1f3ec82dfc74a545bd888a1ed697a443a1e59f52f506a7a12ba5f7,0.00014089326328925388
Source,030671266c04c83cdc61845a59c241426fd5c6c3e4556a9dec2acda0ceba95caea,0.00014089326328925388
Source,0316c4d80b6fd6255e50a8f790b0ea889e5fbdc99dad26e9bdbf98e3fc0086acdb,0.00014089326328925388
Source,031ce0855f01111c12daaa2cb1e12ca2cb3ed511332423cd04b50322be19805f7a,0.00014089326328925388
Source,031fad6a5fe9bfcb12c817bd348616407d1c339681fdc436adea2dee688dac655f,0.00014089326328925388
Source,032bc8f9ad683e141660aeaad3a7c46fc0a38fe53bea41ac55c67cfd6a17a00714,0.00014089326328925388
Source,03387730effd5efdca268ad678d78b942c0c5f163b9be3246fed01cd0d46151144,0.00014089326328925388
Source,033c18058dea9758e7cbe617896e8958a1b824705bf3fed5cba14bd67959d79e05,0.00014089326328925388
Source,035e0fb6f18795132ea22fdd195c58846bf2430d2dad470ac3127d50ee28645ff9,0.00014089326328925388
Source,03625c8adbff543a3a89395e3d2e600acd6da724887d58e0feb364c2860756b7ad,0.00014089326328925388
Source,0366409a4825691770ff218af75359167038ef66957344a67d64c4c71659d9f707,0.00014089326328925388
Source,036f14bf5bbbf7955bf74e753f9fc0e00f311dee72a1e957ad89fe3a8631a439c4,0.00014089326328925388
Source,0372037a767a4e3da690f45011446d5a362931770e7666a6a924645fcf94e257b7,0.00014089326328925388
Source,0377a914aab7f3ba4eb330442d05c8fe9e1c5470df75ee3e5d56c8dd062f8b94ac,0.00014089326328925388
Source,037f32400c108f8385db94371bfcef08948bc0042069c1ef6f39086cdf23420ee5,0.00014089326328925388
Source,038cbeff6160f08def7a7703dcceef44216fe75ec0c4c86e298a586a23c67ee921,0.00014089326328925388
Source,038ed3fee853014d7c3cb54cd07f9f0e312047136bf86cd210505a5e873e7a4614,0.00014089326328925388
Source,0391a23a1a792520cbf379c5946ce94f7b839b6beb578adbca6fc124c34c24e960,0.00014089326328925388
Source,03ac958f87937bc11df2842f64984d291fca146e7e8729579f0eb7fa9de6577261,0.00014089326328925388
Source,03c191ac0219a360befa61ce6ccbeaefbacaeafed6ff5682805ca61b30af17788a,0.00014089326328925388
Source,03cafad1edae540bdbd7f97d8993e2aeaa5f174af169d9b30465631e777e36d749,0.00014089326328925388
Source,03e6002739525abd6de8514e714f526831237f3793f399883e37b01b25ce5fecc9,0.00014089326328925388
Source,03f705765293164a2381fb6285866be715185af9ba18e2b15f8e454db4563fa0be,0.00014089326328925388
Source,0341f5ff2992997613aff5675d6796232a63ab7f30136219774da8aba431df37c8,0.00014089326328925388
Source,0246b7010a84e5335a606355a638acfc6d35de98dca8c9931e940908e0de008e04,0.00014089326328925388
Source,02954410d4027da8f16e76dcbc34c15e02e7f1b735111fda3683543673d083cbdc,0.00014089326328925388
Source,0310502605bbd0e0c6ec0ae4e636eab86f2250c3a9e09c2208aaa98c6d0de342e3,0.00014089326328925388
Source,020bbb584a5008a9d1dfcf9aca44b254919d9f33e37e8dbdba9e0dab3cbfc628dc,0.00014089326328925388
Source,037584aa529af342287a0f91427df19f497925b93f9e1a73c48af2fe5cd16a1542,0.00014089326328925388
Source,024706283aa99fb769a84b638d391c0866ade1259c2b3f40eb94cba529de37e9e5,0.00014089326328925388
Source,0250f02033170acda8299798e18db7a341c36e185efa293e572e49e348d514f2cb,0.00014089326328925388
Source,02676f9a009419b2a2f4dd64f4a5bef38f5a399de45dfe58872182489d36d8bf61,0.00014089326328925388
Source,03328d89d96610451b8da6f843a68a9d90a5a694127d7703749b1331ccf79f737b,0.00014089326328925388
Source,03d7f8e26e2ad08f19901212284c126d30fd811cceca25b6214c5e0e025451d16c,0.00014089326328925388
Source,03e3ec0c6f3c700fccd698614c811d8353e08834d386a31cd8c908b8853f83dfa7,0.00014089326328925388
Source,03f92c0e20202d35d35c3eb7c4b08050fbd917127be593436a1592d3941c5819b9,0.00014089326328925388
Source,034ab5f3069e95b3e8f940ef904b9ab8eb4f783ad28bafa361825a9c7432405ad5,0.00014089326328925388
Source,02e3f90036443136f5e00154610c1dcccdc1c5731f1597355275319ddad493dcf5,0.00014089326328925388
Source,0385f2f3971f1d257482e4169d3d25f71c81ab0075ed82959af8df2e329ea791b4,0.00014089326328925388
Source,025ab7876e3d3c4e030acd14aa290b44ea3bb0e485889cdea172346c1da7683931,0.00014089326328925388
Source,0231a5232c74b33561c0f2117417995f4c46c2d61cd9b7a3d9e37dd1721bcb8e6f,0.00014089326328925388
Source,02d02433667ab632a30d547e392ade513bed6988d061694fb8ba0fa4d714dbd7b7,0.00014089326328925388
Source,0223497b9a8e088dbb020ed3bd174212213d20008cc9ccbb3fe3ff6b16db08e134,0.00014089326328925388
Source,02a0bc43557fae6af7be8e3a29fdebda819e439bea9c0f8eb8ed6a0201f3471ca9,0.00014089326328925388
Source,02b646d30ed97b4e1a247f74805bd2bb5b5059151aa6842c3d8a02fda13be236a6,0.00014089326328925388
Source,0362bc1141ed558a646cc95b0d0cf7ac5ff6ab0aa895d34abce2f094e543fcdec4,0.00014089326328925388
Source,0371f45104e7da4d86eecffbb0288039438c74b1c38f69f4dda83180806b48af73,0.00014089326328925388
Source,029a06f84c9bfddcf4dca173a4d1a540e6ce7f75cc7d1dde9fd5a70d80c504da07,0.00014089326328925388
Source,03828307e46e1705897c9ea0ea163a905aa3e082d8ce721616979e4a09a824f777,0.00014089326328925388
Source,03f681f8c74e0b44e17818d9d5b4de6dec3e11b2aacea27a258d31167b2eb296ab,0.00014089326328925388
Source,02c311ef2e8e7c2dd58e21772e854ba89cb26c6dc05275d5af2f551f297b710d14,0.00014089326328925388
Source,0336966ab8c63a8a5b634b77d9a26bc7e268269f78f7c943b721622e3b6260974a,0.00014089326328925388
Source,03c1a8624fa6b7824055198bb0bcb943a0e4f4ff2ee8943cde7eb3dcc508bf5d1a,0.00014089326328925388
Source,03deffec5eb968b11bd9452a47d2a603620b055021ffefba21304fcc405598ca0a,0.00014089326328925388
Source,0303179487381b06bf756d201d58b507691eb9884d92619f8c15d4debd89e07fea,0.00014089326328925388
Source,02a26d57f1e246f62afce2c1c14e63225b69b302ecb93a384dbe2183c8fda32416,0.00014089326328925388
Source,02b9481fa492ea730eef90f29954ee978321e7e3fefde23c0fed99c7b5ff5d7093,0.00014089326328925388
Source,03031155aaf446691365348cf23de626f09c964016022544fa831ec820d3aeea9f,0.00014089326328925388
Source,0303c40fccd01fa662c9d33afa3e73d4dce93d6123d964bd8c372e1983be15ac61,0.00014089326328925388
Source,032e8fe14f246dd0733dfa23ae51b47c13de33533b52edaabd9046a63a153aef32,0.00014089326328925388
Source,03c26efddec48b75617972dd54bc83e904cf44bbb40d69a0351ad3c7f685929fbe,0.00014089326328925388
Source,021846ed3366cbec5ff48e53a580047f71729a49c5bea6c5f8c9a9582790399a20,0.00014089326328925388
Source,023c55657b0380e59d4c7ba8efeac83485bd4a42d74771a8c7854a7fc135a33c4a,0.00014089326328925388
Source,0240d18ee9c211b44e056b3b73e2698522a61b0b323fdb0ab5b0be8e9460e10b27,0.00014089326328925388
Source,02a5340317463d36d6d2ff9c8fd2e4fad87e4a948ea34dcefdb8e9518bffe2975f,0.00014089326328925388
Source,02f304f0ed1dd6ae7b8677025e40c9254b3b9d77a44718f21aa3e3322552af7562,0.00014089326328925388
Source,02f5e6bf4e13b1692eb85ca46c90df498a89667ecbf5bf89cd3557044a4da68dab,0.00014089326328925388
Source,032b98bbdd48ca00300a627355900521c9302e6df363186a74e43213bcd3f781b2,0.00014089326328925388
Source,02b18040bdacb30cb0df8db6949cf447fae29d9342999a7dc2b73c2a917fc65a79,0.00014089326328925388
Source,03077fb48968df38f9decd91c5f4e100c093cbd6d848c2d541f5d1b454db653760,0.00014089326328925388
Source,03120004256bed6a75fe202ce9c16d18486eadcc09f3f5c4268671fdd01edd1b68,0.00014089326328925388
Source,0359d9149eeabc88961e1c9900a495a75c90b8c830d8b0b38cdf5085771a6dbd38,0.00014089326328925388
Source,02cca6c5c966fcf61d121e3a70e03a1cd9eeeea024b26ea666ce974d43b242e636,0.00014089326328925388
Source,02fcea5dab0e44c51eedf756a0ae2a8becd390bbfc7fe165c9809c40943001093a,0.00014089326328925388
Source,02bf6b396a501096d3695aa74a234a4f267e595db29838445d6a98a8a744a6853d,0.00014089326328925388
Source,0203eb5c3ae8d060e5c16795a0d7ebccb98a0fb2d68a6d298e3efce28b803b6778,0.00014089326328925388
Source,0221cb517eef461adf1b0c86b0ea6f53d8168d10929b7d5de40516c021631cbc0b,0.00014089326328925388
Source,023067bcc442ee11807f8e543f948fd26c4681d63f90194175c43cf30da35beabd,0.00014089326328925388
Source,023aec96ebdceeeb86f39e83ded211a3e79aeabfdadf48bfc661ed4a43cd388cfe,0.00014089326328925388
Source,0241336c931ccd4ebb0986ed2db092502f5c5078b36b6b884e5e1f762d79a5b0d1,0.00014089326328925388
Source,0246d846cdfdc2e20aa90fdb945605fd2f8d3e8dd6821d246857cfc84f9ff7b5e8,0.00014089326328925388
Source,026f502bb61007f34ad0f7e64e22b7aec2eb318bd6d3ed52507eda9c73d74982d8,0.00014089326328925388
Source,027892accbd1d40179ba32023cf5b3224fb2ba0ff88879bc218b34e02df8ec2c77,0.00014089326328925388
Source,027a5a4aa12d461029b8edff6d6d0ea7923a4f01b6293308c2c2d0ebc512f30c49,0.00014089326328925388
Source,027c2c73a533c067e88cf625748e657aad32128bc29e32a2b1a13aaef4d3054426,0.00014089326328925388
Source,029e54548135cd985fde3693cc6745a756f794a2ca41f1c3c15a6b762acb454e0b,0.00014089326328925388
Source,02a33c67e06f1b383c3158e82dfe585fd3dc2c91a3dacd93baf8b1c79d496a7e17,0.00014089326328925388
Source,02bbb51f2c0c937a73ce96dad603272ba7ec153727e573830752de5e1481e5fe32,0.00014089326328925388
Source,02fd1730526a2d7ffc5124ca62b2be425b0649ffc35f257dd76aebe2314971faf1,0.00014089326328925388
Source,02ff4cb1757123eb323ec24b581cff3d548f210f16ec39608aa7ebf9dfd67252c5,0.00014089326328925388
Source,030598361abbe97bfa3a4069b719a6fb9369f9cdbbb1c50d0357083f891a78e3b8,0.00014089326328925388
Source,030c13a473cb5daaed61644c67c8b8fe1fbde288d77faf0d4c4be7fdf544b07bae,0.00014089326328925388
Source,03192dde3cb01ac7ce5823eead61a440500f9062ccc2ed282d0c2a47bed04655b3,0.00014089326328925388
Source,031c745726ee260de2e498d1e88478517f7fa2c9b6548e76e94e81129aed4ead34,0.00014089326328925388
Source,0321344cc2a35796592dc363ba5b5d5bc00f653f0a4ab8f7bd07256649fc682de7,0.00014089326328925388
Source,03354ff488363e38c498bb30041d2447e7e4e8c9bb738c765ff8215d1d94a94f08,0.00014089326328925388
Source,03489edc0b300d4a07be5b61281ce0c94a9a943ab132156b096d4ced269e525550,0.00014089326328925388
Source,035362a07529a9789cfa9d7cc66b327b6fb12bb7fe99b31755e123def02f810a41,0.00014089326328925388
Source,036cf9fdd300e35edfa4ffd1368ad60a37b013b0025d122e398ed3ecd80dd0b9da,0.00014089326328925388
Source,0371074db3f9ea4cbcc83b69de0bfb7d38127747e6b0359d073fef34b10489027f,0.00014089326328925388
Source,037b59f26aba200711606f5adc93cfce39a9289d034032db0c58a9c3d431af2c02,0.00014089326328925388
Source,0387ba847d67d8065dd39a5400735c0ea3a2e5a27acae337765844b35801d1d749,0.00014089326328925388
Source,038a0e10b0fa5c87f3d0436d02aab55a947c245d3ec58657a427594cf18f2b1130,0.00014089326328925388
Source,038fded3699dc762ee028a897ca4707b81adba1f69ae579d2a632baa951c2c2842,0.00014089326328925388
Source,03a0c1bb4380a1d96c17d0c7e654dc60c3c29ccd3ef7e282ce1d5023fab01ddf5f,0.00014089326328925388
Source,03b7d8b6bbaf02239277ed32378d50d29840292b61d516d30057b74044992c93dd,0.00014089326328925388
Source,03d79fa302d7276885b6a5ea418ac9e7ccb6f12f93e0901983e6f3cac205b4298d,0.00014089326328925388
Source,03e94370416f0e45ecbabe14f939ba99958fcc24aba6248cdc9adf0405a00f5292,0.00014089326328925388
Source,03eb3d69fdb7de4f7835b0ab58051294efbe038215367ea53f2048639fb19411ae,0.00014089326328925388
Source,020976875f2a90838859bcdb280b6dacdcc0a9854764b5ff02b138ac9ca91a5e8c,0.00014089326328925388
Source,02ee4469f2b686d5d02422917ac199602ce4c366a7bfaac1099e3ade377677064d,0.00014089326328925388
Source,0336df94c9f861f6e36f48427e100a68c2aac2f3cc4c632c816e3d2e12b865c183,0.00014089326328925388
Source,025b33d04d645a36dc332373df7f7bcfc6306b100bef3ca9500fbaad45c60f68c6,0.00014089326328925388
Source,02a5487cab84e33cacf424633e7520cfb3fce51aeaab41942ab01e72fb49d166f6,0.00014089326328925388
Source,02d76bd24afd87d3591b0f349ee2f3cef4e090f3fb0e7254988cbc060a75aed029,0.00014089326328925388
Source,02eccebd9ed98f6d267080a58194dbe554a2b33d976eb95bb7c116d00fd64c4a13,0.00014089326328925388
Source,03867da6ba2e32bd6e6e32de8cc010711eeabd73235d6e49544a9229b02b3d35a2,0.00014089326328925388
Source,038ae17eed1d1e30bcdef2f8f986c343b87d90cf57b5b36039dfb1049815baf4c6,0.00014089326328925388
Source,02d4079fbbed8f92d4eb57712dae93c9df909a8fe876e771b8349380c2c08da37f,0.00014089326328925388
Source,03bd9d0475188ef42f4a0beb8cba4031a9bf44ae274b82f2652a330bab2f69c9d2,0.00014089326328925388
Source,0249567adb5e690574269d440920b7b37661e17db24ae8f3640c875c4fe0d06e8c,0.00014089326328925388
Source,033bcae00cc8cef3655fd7ba0bbeda83621f6c46b0ee44c44ee31bd3df71de5dc9,0.00014089326328925388
Source,038a09e4bef5ccd22c94d6f07a878d496c6fd2c501349cb7be90ada06fcde5132c,0.00014089326328925388
Source,025194ee11df41cb6b4478aa76a94ccccca02742256342a454072a5d0bd1977460,0.00014089326328925388
Source,02631a68483508f615faeea5c9312fabcba8daa0b771fb0d81043fc5d44bd408cf,0.00014089326328925388
Source,03d8fccf7a73eb1c53f7eaa3f99bd5c64f2267ebc260ad0e5714d4c104719d230d,0.00014089326328925388
Source,02b33bca9b29fc40d46f0fb80298e9116138c327008472f63d16fcaca0f5b921b8,0.00014089326328925388
Source,031a32a1a78f66a775008abb4b2e3b7a781b84676946f960f60cf5aa0fd5128d4c,0.00014089326328925388
Source,038ea575f5e76a29aac9c2035b0c3b9cee8b19fde8c1b8a88318be59a6703cb66b,0.00014089326328925388
Source,02e6e22a478150027e3b9bb3c67563efe1d7e49b466fe17a370ae71e2321ad92d7,0.00014089326328925388
Source,036e5f6c4697e39c1aa75d65b1a6c9041f2724ec04d08c52ad210f4440a692a080,0.00014089326328925388
Source,03f45d98c565b3ef38d7dcca452cbfdfffb89847a63a1684d7df69a7525bad6ea0,0.00014089326328925388
Source,020f27295ad01c16f8d77360c9187e3101b026513f5baf3357c2ba0b0afc5069ee,0.00014089326328925388
Source,023337924c8c847b6b78982d0baa8efd3c48a65facb987fdd277a04c7c7791a4eb,0.00014089326328925388
Source,02d651f88fa08b95c772a0aeb7b32ac4d4700e5e0a51c137d99ac7aee86d18d5eb,0.00014089326328925388
Source,02e1d3d504fb7dd35ae254ec9c8172ed09e8fa00222cc775fceb25220c10b55ba7,0.00014089326328925388
Source,031b5d456d95b76d2598fae0a7f270455bd8b374da4aa8764c32bc25cc6421b794,0.00014089326328925388
Source,03012a23c769decc4fb40a92d5300692b576cb8dc887072580638b97911742554c,0.00014089326328925388
Source,02006b7be7ea4b7cdf181c5c7b338e80904f13173220eb07e991a268e518a35b4a,0.00014089326328925388
Source,02df6f092487ff5fff2e03bad300485fdb7e780312ef85dac4ecdae9d087e9f3c1,0.00014089326328925388
Source,039a8f88dca257f4f67a2c65bfcc6ab1d398488334d3b3a78d514c8e3f6638a903,0.00014089326328925388
Source,020331a1a81bd8ad2c2ffcd6730bee311c6f457ceca8e8cfcfef0117cebfac348a,0.00014089326328925388
Source,021b4c978a4ea428adc8f9d5546736ed915d85ce763e82f6ef92385905a12ef22e,0.00014089326328925388
Source,0243c10b3e59f846d3084a438f1959b97df003c3fabfbee411cf6459b70b06c961,0.00014089326328925388
Source,024e561e292ad1859ece9bdf943a52df1ea98f73fd6976692a15f6bc81f18a458d,0.00014089326328925388
Source,026fdb35e6c264ad8cbcb8b234bd8ef9245578d62e6aa84d29aebf7b14563f645f,0.00014089326328925388
Source,02960a2204f5facb99df8e994ee95da54f87da0273df4c12fa3e9b408d95950170,0.00014089326328925388
Source,02bc2b3df76a976366aa3db2f3394d6360dd7a2a180ddb7a1ca1ce0fb39beb1b56,0.00014089326328925388
Source,02c69a810cd958fb624e9a97bc7b37221caecafed54d23923edcddbb83e769ab6d,0.00014089326328925388
Source,02cbd832b96a17693d79036595094884259c6f3dd70de0e150de41ae5586811f27,0.00014089326328925388
Source,02ff592408eecc254e6bd9852cf290837dd2908215168460156a3a5d0a9a36bf3e,0.00014089326328925388
Source,033ef1f95884a65b3ff292492a1abb8629d47caddb3613457abdc8ec45730a2ddc,0.00014089326328925388
Source,03490382e85a7096ad097c78cbaff2e4cf01e6397580e0e63184bfc7f5957fa46c,0.00014089326328925388
Source,0372abca953cec8bd156aaac28cddec0829b5674923c47803d76ccc3f647252afd,0.00014089326328925388
Source,03786068c44625b4a41a18bf73a63ab54e629f304f428220633903df41ab72d7b2,0.00014089326328925388
Source,0383f4400ff96d0e2fcc24e63322b5bcf7336e9eb4cb9afa8b667f1c337d187f43,0.00014089326328925388
Source,03b9c2400bba2aae6c7f9e4963d97f4ad6f2d9245506c0bd7f9de4278bd718d74a,0.00014089326328925388
Source,03ba7a343029bd3d066c08d747182fb16d5f74c95282d309504d87dceda3e8bf49,0.00014089326328925388
Source,03d503eb96fd1b96439c4ca8003eb08c56e84626ba4af57173f8cf9ccf26b611e4,0.00014089326328925388
Source,03de64ce5647115baf92a7dada67c90f18f0e99a64330351c4bcdc595a32a4008d,0.00014089326328925388
Source,03efee4d946df2cef8a01d91cb010a03124c6575f7b9dfae888fa6fdfa8673ffb6,0.00014089326328925388
Source,027c1755e7c8e82dfff623b2e7c5fd7f1b5e17d1fe8bf7719bc2858df00a284bee,0.00014089326328925388
Source,02ea4a9c36867208eb35bd5c0d7ef44eaeb443c9845685ac95de42ae4e076dfe78,0.00014089326328925388
Source,0312c53f40de91c5a1a64126a0f205116d4ce397ebefdb58e7593ac48e47070dfd,0.00014089326328925388
Source,0217868f504d0e2dca129a2d5e5385cdd3526c871286db96c4bf68f3c2a4d0d98b,0.00014089326328925388
Source,0225badb8b028f1b06fdddad6e2fd119036ea9c539b3eab8671b5916e3a3c27732,0.00014089326328925388
Source,02596aec85385dee365614b27562140a5c9869b5c3fe51c9e60cde045ab953deff,0.00014089326328925388
Source,027d9a8cd4172ba4e55073509164f76b195d445679def9b41e261e8f34cb209487,0.00014089326328925388
Source,029782a037506d939b46a7e2440675b51ef698a685b187f926335b62412ee7bafc,0.00014089326328925388
Source,0297c92eabb53231b9fb48100b9550227eb66c04b9e74f5b86431019bbcd062685,0.00014089326328925388
Source,02c3a0a5862951686f8b9061d3e6916b6575b7bd1a1a8171a5a96b9d7fe693a55f,0.00014089326328925388
Source,03095de5cd2e615ab6f445d7b956044b77bdd8d37a6e1a8ac67e76e4f0637a19ba,0.00014089326328925388
Source,0358838bbe40a022276ca9ce2116138049dde4a53dbe2c57077871f8cb93ed79a2,0.00014089326328925388
Source,0366971cf0775736418ca19d982cdcc520a1b3a178d7bc95dfda65b1410fac8fb6,0.00014089326328925388
Source,037e1e55e33da04149cd9e1900b9d3d2c64edae82b2f57fbb960b084cb251db4cd,0.00014089326328925388
Source,03a38700a1dc68bff8a4eed3b6a74c15c2ed8388dad09a0850ed12daa7de43c52e,0.00014089326328925388
Source,03a8a96a65ee19b7add42800d777c3eaf4b1ea133e63f2c78c9f254cd4faf0aca9,0.00014089326328925388
Source,03b3b683a829e3ba10c68b9952fc348460f991735859b93deac3acc2dbcbe412fe,0.00014089326328925388
Source,03c6822ca79ab4821092fb99a15357450327255af34ea08d5b2a8b725db532f0b3,0.00014089326328925388
Source,03cd44680050e504d0a74ad416960a84aab22d59b8c5921575ffef4575997ae7cd,0.00014089326328925388
Source,03e269ffc7faa7b0d29f87e6547db29e540418885e45be44d88ef78ff8bc86e144,0.00014089326328925388
Source,03aa6ace62590f2220a6d4d6852d0e49fb6e4d6835f4b6902ccb8215d5c0d73acc,0.00014089326328925388
Source,039514e5d704c59a0eba65d25fc5fe559a1641243ccdf80c980b1fc10ca9c30ca2,0.00014089326328925388
Source,02150b31013ae0167fb6db823f0d20a7b3d19a2040c23e4a4b991446a1fa9d41b9,0.00014089326328925388
Source,0234f282a337f4aef2bd985c38d02f5fcc24d1c3adfae01b62df18a09297cf15a5,0.00014089326328925388
Source,02398e68818bd5db532a480c9b6bec9e743d33f72d8d639619565b0b1430d2056d,0.00014089326328925388
Source,024c8c764d8e3657d3fd3bafca31d6733f2bdf6b10e9c438f1b9bc7fc6d9f38509,0.00014089326328925388
Source,029d91e731b4f03de2db7d83a0b61a3c2c45c1eac67292b87e31583ee6c696b5be,0.00014089326328925388
Source,02d2d6e8354c553b7ab616fb9ce93ca69864cc5298bee46a3dfdf5c8d0b3d23ba8,0.00014089326328925388
Source,02dd87628ae9be8db2151e958cfa2ea538c9e249966628b540d7dfe0b62eca1e1a,0.00014089326328925388
Source,0387881308547507ca6ba7f6619d86193c8b8c09c7c62f6fa61b16b3e740550dc9,0.00014089326328925388
Source,03e6ac3db37d6efeaa2be3d9faa5fcb9bf41d3feb03014148475b36e9688d12c24,0.00014089326328925388
Source,0266e347d2da5be84fea414ee1c8ae2c69271249a40b607ee602e030367ea5c627,0.00014089326328925388
Source,02c2d7e11f38b46c863a6718d19d49f52e0859ddd4827192a7fd9d25ecd61657a4,0.00014089326328925388
Source,039a10dc5db159132dbe8dd5349a22a8fe7dcc690cf4229453616ceac9ce1fa6b4,0.00014089326328925388
Source,02a0b301103c815aab2229cc16412bbd55ba284846c8fe324525164dcdb67e21ef,0.00014089326328925388
Source,0353f353fad0bb38c0772d87a1d8fcf67aa606dcb9e5b4690c1abcaa64449d4b8c,0.00014089326328925388
Source,02903278ba878766449cc33b94f295d1f1cf0ce930e573447015c1534714ef3f2e,0.00014089326328925388
Source,024cc1fe421bb2de9f66b641ece94e0d9d0f100b4f7eeea56ab502a3b9d980412c,0.00014089326328925388
Source,02c8efe67d951ab400b4995373c2eb7901236751925b28fc7c8fe6857fd2503d90,0.00014089326328925388
Source,02cf632ffe47d967b4188037fd4c5121fccbd42804fea2ecbd950bfbd310c69ceb,0.00014089326328925388
Source,03d9de9c6707d4dc631cbcdc66d6a76cb712b9d4519d105f1dad9385370600dd63,0.00014089326328925388
Source,023bf99414b3e93ab7463ce60f44cd691f8be3c1ae33a2015fe784c85c36e770cf,0.00014089326328925388
Source,034431e962e2f089c81cb18d681d62f1918d12ccbd144fd68cd7a9d639194941e4,0.00014089326328925388
Source,03ffc4a9a8662508a04e960a7197c1b253a98e5d31e86c8abc5378b39e17a7e53e,0.00014089326328925388
Source,02de685c1aad897e6aea16894351515b6cf6d2d6722c6f04e8aede256b054e7507,0.00014089326328925388
Source,03626e32966164cbeb196df9911a1eec515d2f52b25a1161e197ff56c9fb153b66,0.00014089326328925388
Source,0320a08413db85085fc9a56a9a2710246d103a579f83f9c49296d3b3468c94710a,0.00014089326328925388
Source,03373feb951918e6c5397ca4edade2b959988bec00646b59ea1f1a733e2cf6fb95,0.00014089326328925388
Source,0251a2d26621fbf23ea40aaeaa49ccce891c3ac728ce8084d13335bebae2a4b912,0.00014089326328925388
Source,02bcfb2ee4a52238d94eea1a4e14f1255f442669e7f6fcd837bf6ebcb1058f000a,0.00014089326328925388
Source,037f31a65735a13a796ecb7aa4cf856ec3834bef14a990bf012f7f18423e39f477,0.00014089326328925388
Source,023bf0cee4a999e63bc0ca8aca523f3d43585030d07bb39f9922bbf6158a8e1099,0.00014089326328925388
Source,03bcff6c1a1e97de1ef4ac2e2310aacfb4ad8427b4df6d66bf240c89571712c708,0.00014089326328925388
Source,03390eb3b17197148fe7f916cec1b5eba6802cf3aa008f8c1326b3062d1d112f77,0.00014089326328925388
Source,0234f09a3ec49d2c9172c678d95f7bed20fd4b551bbf17667db0c1d31bbd9f6e7b,0.00014089326328925388
Source,02930b7c0e00a62702a359d3d7f46a4a203c57833e03c50f033a76c441c102d329,0.00014089326328925388
Source,03cb9d3ebed6d0dea0d3b284c59e001ad87b1aa7609017ea7ae743c6d370f75285,0.00014089326328925388
Source,02db77544ae7421461b516ca113e2e2d51e6df4f2cc938fd3b0f9d1d4144103707,0.00014089326328925388
Source,02ebf4d8a27eff9439d55d5456f0c068c00240c5fe5f200aa09a0dba4a8aebea6b,0.00014089326328925388
Source,0298affefdaabcb8c30cdde778f4b2c47f755921423b49ae0c658cfdf9e23b5eb9,0.00014089326328925388
Source,03752f08e449acc6e1bec227238e66e321cee79c6bae5b65be194028080b356a94,0.00014089326328925388
Source,038cc790ec91920fd4a0d82ce190d4a4af192a457b9127779e6b1ef52a5721db52,0.00014089326328925388
Source,03d07c6075d640e680d54bd5201df087bc1fc56cbc084ab3aed54c3d96a486a919,0.00014089326328925388
Source,02abd333cf40ba87b5c2a17ae45460d247bceda5aa7084f37ae241f7b45d99bb19,0.00014089326328925388
Source,0264f5b5592570f63559493f1b5979106e073023d73fc771b7854160bbeb3df997,0.00014089326328925388
Source,02bf7edcf91dcc6b5a821b70ca997d64407ad651f9b31470c10496ee7063e0439a,0.00014089326328925388
Source,03dbc3bdb5cc07a806486de993c543adfe457530ccc272bc717b7bd94eddb48e99,0.00014089326328925388
Source,0378029af3dd5d6c23bfa08b35ebb80192b1e02d3000f13ec893174d3463025ef9,0.00014089326328925388
Source,030d6cd3a5663e146be0bc561b252cd070c35b5724825d6b5bde392deb0c7e88df,0.00014089326328925388
Source,03343be365611eb209d0bfdd648a1bf9221a8cf0befd5ec4f3379f218a0a2b47bd,0.00014089326328925388
Source,038d0288b101a613a4d389bb3a386424e91974cf013b32c7a5545de6e34595e1db,0.00014089326328925388
Source,03d6dbd062dcfb9164a3ef5bc1a529cdb71fc7bc8796dab4e756b369dde2250f20,0.00014089326328925388
Source,025ef46c0591d3de91c770b3e9d15e7d1027561c83b702f9749fe88b90daad03b4,0.00014089326328925388
Source,037dcc10e35758b710d5209493f8cc05db15f173cedf642aab29ad79b75ab9a57d,0.00014089326328925388
Source,02005028c1f9d99c39875cffbfbb2efdb6c103ba85ffeefbd06b9e44df195ad713,0.00014089326328925388
Source,03193c767916238d7e50f282088934b810f1c6a495f8a704e2eec685e876804790,0.00014089326328925388
Source,034966f3860759e98ffddeb2fae93e62c0779e4e8a3fbf05ffb140adf8978e7efe,0.00014089326328925388
Source,02216b53f8affff5557af83abe77931ca8accc1571593ebb8b4c39b97c2ea1a574,0.00014089326328925388
Source,024f46e5789c18b4f5b811e37b5fca025e213eb589fd498845a1a7433bf53d631c,0.00014089326328925388
Source,026efa6c1457d44a049036a20727ee37031696faa914ee1cbbc203f9909a2e7050,0.00014089326328925388
Source,02b39e7040cd9233e1cf86823ea321c1c799534c622c9e8b563a689409962657c7,0.00014089326328925388
Source,02e7f0a3be478fcb558e8e6fb0e30e48afeb6965e9cf2fc3a095e4d52eced3cb45,0.00014089326328925388
Source,02efca14c81163c2693af01435a938f4bdafdb66a09bfa7bf74caa8f5e8822f3da,0.00014089326328925388
Source,02f3a6380aeb8cca45313f0ae3b5a7fbf7e6ea7f79b43431be6e5a46414096547c,0.00014089326328925388
Source,02fc63f7b07cc69c756d432f77ce36ce4e5dbe24f43f3638f38f726d7ac1d9ecc4,0.00014089326328925388
Source,030fbbf4eb13c18f956eae2266ebb62909516981c4f3938e56351686a68144f731,0.00014089326328925388
Source,03195c56c38bcf3ddd00d6895652b5cdbce30ddbcfa4ebe8c6f0b3576e2390f8e1,0.00014089326328925388
Source,036ac04a69f2ab587fd83c4f2aca255a81f138276fbca344ac3ecfae28d733be56,0.00014089326328925388
Source,037e9d76413309c338ffd6e4b261fdc56013001ca22e93a6b57703d5607262939e,0.00014089326328925388
Source,02c864dcb28ce0c0ee0b395f7bc047eaf12778912c1d37c42ead40adba36cffafd,0.00014089326328925388
Source,03f7e29340c307ee37db5734834d34e3f286e2f70c6bb92b0b12e599860cea6691,0.00014089326328925388
Source,021778ec97e01d635492318173bd88ed5515a72d6b36791e41a899a697c0dc54cb,0.00014089326328925388
Source,02b46573eda97a9f141738d40b2d36825e48790fb6c4cff93b0e98f8a4d8a52072,0.00014089326328925388
Source,035bddb48a2b891a8e2a704234cb13405d63c62fcd8aa1c6f5ea10c4c027654af7,0.00014089326328925388
Source,021ab661a5be40e3b5be4989222c56cc4cdc7ddf15e128230ef94528e9d9257af7,0.00014089326328925388
Source,03936504c39828f66aa1c900f5e4299a0945106d63d04a27df7c1ef97d778554ab,0.00014089326328925388
Source,030ec1a80a747ea01ea41257b1ef65c975444e789ce98baba131cf383e4bb43cbd,0.00014089326328925388
Source,02e186c58bf4351f2d94cbe7feb9d13bbf5ba80bff8539e34c01a3eb47b949a7e8,0.00014089326328925388
Source,0252f85474e3326e1073bcdbe72d8b843585d89cce907ef9d71c7dbd0707d9c56e,0.00014089326328925388
Source,035d400d26ad1739a98d3edbf224d7d40235c534a8f58f7cc7afefc639d3c84bfb,0.00014089326328925388
Source,03dddaa7ad86d312893cf3e94efa6859a04b165db0aed1fbdd05bb0e8eede33af2,0.00014089326328925388
Source,03303973581eeb3f3265eaca594e0eb5d492b4b2ffdd6166343d775aa3828c047b,0.00014089326328925388
Source,02c9c85aaacd89420cbc978df3019d80a3c56fa81c07cad9fbac17af5f98160ef5,0.00014089326328925388
Source,038f89eaa664ab46da32a1148b5a94534c1dfa709205ed22903b5e415bbc2b8889,0.00014089326328925388
Source,035eb1d0f7217adc36525b425d9aae4169a1999581bdc34485a90148a2d5beea18,0.00014089326328925388
Source,0283ca74c9229bfda5fa710fbf8f6688c6502ff055f356a2750b7594bbccfb8797,0.00014089326328925388
Source,031131fe230bdb8568ddfad890063d17c3f233cfba01256cdb46e613b4174bfd7f,0.00014089326328925388
Source,038f1f6c0688344c3ccf7e977b9b4cb0c34b85ddf78ba93d5854aa9450fac3719a,0.00014089326328925388
Source,039a84650d414172c094a3ec0a80737e562e1b1074dc164b6dcfcb1b88e3325d11,0.00014089326328925388
Source,03bf539579fae15d66a260949b4469340579c2f51bd1a42199487d1fdf65f6a83f,0.00014089326328925388
Source,03ce5ea0cfa57265f2a9d28e25a89c0b9dd25f724359d24c817d45cacb07777c2e,0.00014089326328925388
Source,023469932667382b765308d1a8aec42f5ccb5d434b463c0430f74af76327a72887,0.00014089326328925388
Source,032b8a4ec91ff11569be9d368b7f7d6a5679cb5b1896076386b73bce96814e0613,0.00014089326328925388
Source,03f47ea85f6080114f75c3d70ef069fe2f9e83733538c7348c096b209229781288,0.00014089326328925388
Source,02b1b09e4dcc79087591d7f3e6416ad67a26d6d7991980cd27b71eb6cd3aca35fb,0.00014089326328925388
Source,0286ee5f61b744be9cdf8a7531149f65e7b4e169337e7c75628b36e9f40ce3749d,0.00014089326328925388
Source,027423a0156e479f0fb8b80d7bc0b61731e700a0dccac697ea06304f5e32f2f623,0.00014089326328925388
Source,02547b727c34e48a1eeede13f373b6b638918553fba7dca6640e39306f4123013f,0.00014089326328925388
Source,0303867fd403dea96337dd65ac67ff2aef4394e72e7464013d862501ed4cabcad9,0.00014089326328925388
Source,03a74879f51fdf9af8eb09ce6249225e9e2d24e0ec4cc9de3be4461402be2a1ba4,0.00014089326328925388
Source,029c500b60ca4b16de3dba8e173fd1ca3e0611caba745811328afdc98436114f04,0.00014089326328925388
Source,027a4b6385dce2467628eec4c050a3027d87f3f95b33671f086803fd40aa6818c8,0.00014089326328925388
Source,02769550ede3eb65c2780bea31037f078755f43c86715e111f9d5a8633d4e34635,0.00014089326328925388
Source,03ce23e389eb0ee3b4e7ac581324bbbbaa2652c51bdac015abe651efdac9895fe4,0.00014089326328925388
Source,038969ac4ba19173446d16258d73aa0191d1e555f9fcca19ada2a1b17c877313c5,0.00014089326328925388
Source,03fd622170e15fa58507be2f3e61585b7944fc1e887fc9bb0f5e652b53be72882e,0.00014089326328925388
Source,0217f51b51d6bd7a14947c457324dbcd4592f1dae2f6f9bfb95323678e81782e67,0.00014089326328925388
Source,03b5471c1b27f1fce58fa8b5cc543dbab152dcb74cedb0fd5f87e49984df6a12eb,0.00014089326328925388
Source,036abb021301cee47ba9df402ee45c25309e1e1eba1102f4badce4a5a7a9e90bb8,0.00014089326328925388
Source,0211946c513aa1cec6e28613e0cb9c4898c643c36f61c6249b08081fe3f0016c0f,0.00014089326328925388
Source,029c77f50289c32a36c6d6e3d56334ab5a052f7be74ba881d4e494a3299c10515a,0.00014089326328925388
Source,02d1f9ffec0d0f3a528ff21a9ab2630fbf7607ac10461a7f2bd6ac57654d3961eb,0.00014089326328925388
Source,02e7eb95d050a2edb3d4cb1dff5a66e702295d6d8e06b2bc3d8688436300226bf8,0.00014089326328925388
Source,02cda05df8b423306dbace1e6c5cc766dce7ce44a8f905e3eb32952d3be9608473,0.00014089326328925388
Source,03361b7519ab361254d50033d9c46d1ef3009109d77de9513781f5a8d9a7416a37,0.00014089326328925388
Source,0285628a3270f1c6b524c66904a92090b69920482f274261d4b97cd01fe942349d,0.00014089326328925388
Source,02c7f34c0ced5ccfc0c71c2eb4058b95258550fe71d99804e6d3d6bace2922a336,0.00014089326328925388
Source,03c19d00bcb3147ea26b2a3dcf299698c476e12274e33d717d229f3cb9f6d9a0de,0.00014089326328925388
Source,03fdd10e725e59dcb89bff473f17fc137557527a5934e1457eaeacfa250cba6098,0.00014089326328925388
Source,039b221c61da34223a908845bb0adbca3cb2f412ad86c2d5ca66007de5c82cbdb2,0.00014089326328925388
Source,020b44a70fb811b5320eb940da76afd44e62758909bcee40f425e734d8b17b2cc6,0.00014089326328925388
Source,021eed4e271e2031a4d58ee2136c55c7079700a6e15664c04fd1a92fb060401795,0.00014089326328925388
Source,024508e432956be7bb07a5bd726f20ef18c9e7bfaff9abe7f5802d1a4910a86d35,0.00014089326328925388
Source,02478048fe0559e5434c7875308a2f4a5825e8d1859f86503bfcff77bfe93c1944,0.00014089326328925388
Source,025760c4ebd68d7d0f21722fff5f15e75996c02ba834ba884166bff0c8b35bcb43,0.00014089326328925388
Source,026666e63fe9afe932f73a7372faa198a1419fc2818ecaf7afa52ed9082d966e73,0.00014089326328925388
Source,0268e02bdc0efba7c60a8d97ace8b2093f42c7c75f7c0fdb87f864ed9897b507d6,0.00014089326328925388
Source,02692c2b2e98e48f56f096448fe95b5c1fe3795319d0c420fdac2dfff56bb0b121,0.00014089326328925388
Source,0282c46d63439bfc720089a060df2645010a8216943a1dafa9639b6babfd5f245b,0.00014089326328925388
Source,02844b6ce10197a478834444fa13ef594a4ff44636ddc89a8511f42202f861e2e7,0.00014089326328925388
Source,0285529e4face265ac56f75071ae0f46b0563d5fba971cb5eb7df5ceaf0fa8897f,0.00014089326328925388
Source,028e5a8e86540f703e1f58880d35d1e318a54c27d84ec1edbcde04a78ed4469a1e,0.00014089326328925388
Source,02b4da86862b35825ba8a8d39fd6eb478296f8f66d8c628bc5361f96e731739134,0.00014089326328925388
Source,02f22e950ad176c0b87d577bf2b8cd1e6d54a6265208533e1476d31e5127a739b5,0.00014089326328925388
Source,03187dab1dd4bfa9b27eccf3ec853e4333921314d7f2adc52a79f1ec89120124f8,0.00014089326328925388
Source,032ba582685d9270434389d098a48cd50ebbdb548d791a9aaf7e869b7f8dcfe9bf,0.00014089326328925388
Source,03352c89e73541dad209b43fd077d0ddbe449a5a386fb1546b8ad57c405395fd23,0.00014089326328925388
Source,034d415e5793ee5885dbc4e6da1463faa74ea60d9f1db897c0b5072daa364ad43e,0.00014089326328925388
Source,036822d99a205ff8fd3f20124bf858c458fdd8165c2b6809a1591b9926735d4af4,0.00014089326328925388
Source,03736ce9c68565d81b539d48568717c2f0189aa9fdc58ddce2f0ac616092ff6877,0.00014089326328925388
Source,0397a851e1fef7d0b2c5e97fa6f2d178918f604c69597aaa354a7553cc2112972d,0.00014089326328925388
Source,03badf671ac3fa8f2a67c273e2a1df09ebcd24651afb7def0dd933d63c805e1ba1,0.00014089326328925388
Source,03c488af616e8d661246d69fa03897a90cb04d11091d30d07d2c620a00c6b5ffe9,0.00014089326328925388
Source,03dad9a13492773ac0775efe5b1474e70fe190fc9a2d64be2d0269f6c1b1c9a118,0.00014089326328925388
Source,024a49c204f32dcd3e4be37b12265091e556fad0b7fa4f2bd289064092a59acfc9,0.00014089326328925388
Source,033a1920ecb2ba73b28062cd84f826464ad64fb329f54c96939a78b1c83614d407,0.00014089326328925388
Source,02143e24e8936cb04b443bbe25a7d76997de7aa47d17cd32b9dfb210661b1a09d2,0.00014089326328925388
Source,022851f02f75be8ce087a150a28805874f88bd785b84ca3f3be9e7036499d110d6,0.00014089326328925388
Source,0242210f9087002992fdfda1e2940940603dee8d0ab72764649c0a3711fa332d29,0.00014089326328925388
Source,0267db6fbe76e1fbae50e27529a330837e9e1f4b9e4c7bbfefd7d6a1b3ffe2b245,0.00014089326328925388
Source,027af81dae5a0a1e896ebd11d23f0ee6cd0f12379d60c1e663260c557d010bd6d0,0.00014089326328925388
Source,02c48f0271701548c8ce0058418f497c3ab50156dd03725db8321a5c1be2e97b21,0.00014089326328925388
Source,02d53a094122a7e90fb137de9d120ccc42d91c92f65a44751b5fca938fe4701567,0.00014089326328925388
Source,033a31b7720de80d4d5ea02b0037501722d1fbda74afb2606b7b571ce51a252603,0.00014089326328925388
Source,03402f3861b4d76f7c3ee0a1bc700adb35892fa96d0a5f0abc38e36c04c75423fa,0.00014089326328925388
Source,034c4746a60332aba7c29667c13f95b9007666922f0c64cfc1332d53ea8a17403b,0.00014089326328925388
Source,034fd0be2b82f609f30593d2c5b7f27eb33c5e84f660446e4bf1501c838ce052d4,0.00014089326328925388
Source,035bfee56cc75cbfa0f16d4466094bac0a796065d0aec6b5d44031091578053c05,0.00014089326328925388
Source,035ec1f8ea7d376385dfa7c92bd9a0c43e1c88a4058179c3a80ac68abc27dd2389,0.00014089326328925388
Source,0361c8d69e7a4c8546b09a3e079980c8140ae73a2b3714748092f3214a6d53a5a9,0.00014089326328925388
Source,0365304eb729c2ecc41a586b43b7d181d5419a67f95b78f725bbae5ec5363c1f1a,0.00014089326328925388
Source,0370a02200ccd8ce8b0809087fc9337cf85a74bf7e23639d2f479ec024edadec1f,0.00014089326328925388
Source,03af34ca08b4959cb6977b98e2b1ca19ea388d77249f0e8ccca876cca2a9f9c857,0.00014089326328925388
Source,03bd3466efd4a7306b539e2314e69efc6b1eaee29734fcedd78cf81b1dde9fedf8,0.00014089326328925388
Source,03befb401546fb0c74373ffe3a146c6a0e3c971119330a0f9574e78d818d08a258,0.00014089326328925388
Source,03d696a995e4e654819d317c3a1f7b18752dc1dfb5de72688255989292ecc34df5,0.00014089326328925388
Source,03fe2eaf3045e2d5b8a5ae87bfada791fa9d2fcaf48feaeecd0ebca56377834c54,0.00014089326328925388
Source,03fea8e038e431ee8db56cc9453c749f42b3e128528e124b3f3b57fe2e5fe2a601,0.00014089326328925388
Source,032a2d053e2f13f5d7103f8a4c561743eb1db201550c02c953ce2e51b8321f4e03,0.00014089326328925388
Source,02cd85b27d1c7648a87edd147b3b1d27927fd9fbc244d79f9c4bd6f6bce68b1505,0.00014089326328925388
Source,03a43ad43db3e636fff0204c6d4db8b0e21c771db2c935f5a3a8cbfb4e8917af3f,0.00014089326328925388
Source,02644f5587cb30d3e9c3ac923f9e0ba5e2c2bebf0f580cdccb2a6f5ee5546ad549,0.00014089326328925388
Source,0299f43fb7f40d15b5f0c2d815fb5b44cf35859abf6fd2f1d1ad24e031a4dd324b,0.00014089326328925388
Source,0321d7733e575bf0607118181014cb62e707d13ab2f77b157e180404b63b76af4f,0.00014089326328925388
Source,023f98766412494a4c301da6aeac8d0b314b240d75b300ec9df827d1713cf3be45,0.00014089326328925388
Source,02177273c1bc7450ebb9b0385bd7225dd0388bb75d8372aab3ccb6527d0b1b87a3,0.00014089326328925388
Source,02b813dcf53442e2ba8ac0b7911dc31ab0b62fda5e55b30388efb6c39a8ee54d3c,0.00014089326328925388
Source,02c2b02c3db713bf076a4e79808db3020df7125439e49631fae5b847821ecd42b7,0.00014089326328925388
Source,03381d03415d45d91c342752ec48d6ae77b7bd676c217d9233e4acb3f207b966d0,0.00014089326328925388
Source,03ad6cd751e6b91831a0ea19c0e84f54f17ac51b6a9d5d2e81663238701286186f,0.00014089326328925388
Source,03032646375860baa4251580bbf14aabb0175dee1e18bca2342ec322bc280fcb97,0.00014089326328925388
Source,026a85c5641216f3b21d9a0bf0c0f7aa1ae3f5f7faf2e66071b720b8e310af3c19,0.00014089326328925388
Source,03a2b708589efa96366a4de541607d0a57b07c22079c91d1346b78791ab7b276c5,0.00014089326328925388
Source,03d2ef9ec156a07c83b1c4da1e54564b50d20f2954bc535eff68894967444efc58,0.00014089326328925388
Source,02d48a07e5169cbf70d4e9409c6aaaff12929178c136e8cc8de449f341634ade7a,0.00014089326328925388
Source,0372d7ec4f62999fe23b25e0e6c76a57ac9b0ac3bd6c05d7eabd87149aa88985be,0.00014089326328925388
Source,039735b480735280f99ae96487f9a9eec5f6b93dff2818775e18823fa7ac2c3d45,0.00014089326328925388
Source,0212de622e95745038c220d1b250da18422e953ed4e587430014ce1f8686c02dd5,0.00014089326328925388
Source,03f8cc268aee64da50bfd2a877869559c74c561f04f2fbc27808859c4e205cc956,0.00014089326328925388
Source,025866fd12f9e98621a9fb42cf3b5be7e9626cff08a5e01fc3e78c072efd170b50,0.00014089326328925388
Source,038b5a58ea71b6342912bc6af825978136f1dad43d15657ae1e5fccd227421fe4c,0.00014089326328925388
Source,032ad8392a7550cb1b1a91c458d672bf57a20e426f8ca539d80cb8b68999c8deb3,0.00014089326328925388
Source,029bf3edd752470fb554330e8d40f7f10d73e9f9838898117cdc7b4f04eced9d11,0.00014089326328925388
Source,03df6c0f08f51e0c72d532c27064dd8f3c814f120ba9655b0b8ae140ec6c4e59c2,0.00014089326328925388
Source,02dded01476b793f815383c6c278cc390dc4aa8ff28b4430f26f67b1a619945eed,0.00014089326328925388
Source,0386cb8a01e19de1e1d18c3373fcaa404abd2e21aad9d1fc599a67a6f17bc2711b,0.00014089326328925388
Source,03f96969164739947e2cf888c8b207bd5d43d72c0af86dcddc2dc994dc4602e5f1,0.00014089326328925388
Source,030c8b0aea22bc891e9bec5823604c5be397e46afa611a0c2d40d62a38b46b424b,0.00014089326328925388
Source,0359038c4cb620bcf78233b2aebaf4e3af5a9311bc2ef4ff7b3859725cc92ae35b,0.00014089326328925388
Source,03193b3dd9acf5388c9e88a872c9c771d0946fed2d075b24c3f0f1174cb063bbdb,0.00014089326328925388
Source,039b4de2c51cccd445820379b2b3c3c7d990acde887cbaf1a1c95950b5812d5881,0.00014089326328925388
Source,03d58a9b39eaa2edc19ed2a98e74887e538e5dd3694d9580419bfac839d993f358,0.00014089326328925388
Source,03e053293ade277c33eb785e895392fc915356f008d7bfb460de1d3c2ec8da2295,0.00014089326328925388
Source,02fd7f4ad049984ebe2d137d47c8353dcd7cf070b89a551fc8415dee7a137c9774,0.00014089326328925388
Source,0333a91776bce2a9ab20203f60a9408213a9d4e44cb51f6973cb4bc6d36fca333c,0.00014089326328925388
Source,03c33b2296b2d50a94dcdc004c8f5a6d027865ee458348e2b1ecc8eab60d65ecea,0.00014089326328925388
Source,0248fa5318d415e5f5eedf6209f672f0ad96b85e2c9af37d8b4c10905e0cc3fffe,0.00014089326328925388
Source,03bf67ff0e493f20739ed10038f5e2a2caa4da17f5951daf883a1d8b706b0d7de5,0.00014089326328925388
Source,03aa16cd4e90af61b6f42c70551cf0750911a6882b9b8b7b5756a9f5fbf2d44e4f,0.00014089326328925388
Source,02591507c0847eabfb590bf7097413cd1a9a2f564ef3062ec450e2718f88986959,0.00014089326328925388
Source,02f13830ca589cc64deed979aa2671678bdf05dc64d35c268ddc54d8ded1dad508,0.00014089326328925388
Source,03b6c239f5f7b73e0570f3390618139591ff9963635c818c8fc139aece569591ad,0.00014089326328925388
Source,03a42d6da845fa550db7f79cb8f3cc6ad6f776e7d75111edeef96f3c1e0c152294,0.00014089326328925388
Source,02f57b45b2181ccb15f250bdd839d44682e47f0c094c53fb39993cf2424212f64c,0.00014089326328925388
Source,03cae35bac611256d4aa0fb33619a7bbb9e87ae38757b3865dda2602c0f8a58991,0.00014089326328925388
Source,03a18e8d60df68e1fc480d0b4691a86c74dbc032583eacbedcd9b844b5de52b28b,0.00014089326328925388
Source,03d79d23c07a0c1dbc496e58147bcc6f08b2fa570e5b78ec38257e3f7249ef9d46,0.00014089326328925388
Source,039a9f207d13edb6357f99aea0db5226a6594ce5ff09f5d33c99f1a261804f9dda,0.00014089326328925388
Source,03aabcb0cab7df30d0a0930b541343d74fc557e4b6b9e052bd88f110c6b5b7b4fd,0.00014089326328925388
Source,02d93a4c2e722a3a727197b44901d7df8a16d31770f209b6f6882339f6f77de0b4,0.00014089326328925388
Source,034dd74257c79464030c39cab505aca953c6f0cb46cb36907340108fb0bb2619c3,0.00014089326328925388
Source,02c08d54381c346b4c7ff20dad139663249881874f242f9fe6923a03ad573abdec,0.00014089326328925388
Source,03238e5f00ed7e8bc3ebddb7d18ca81d50c7f1f50a7158388d650f14514249c720,0.00014089326328925388
Source,0303d154c7d43dafb9252f310202804df3fb1e5907b8b5e127f209a1ffdc627acc,0.00014089326328925388
Source,02b91314c53d6421dd05138298cb2b357e4ed789660dc2e136ed4abc6c0b1c28bd,0.00014089326328925388
Source,0354ad9584f02dbbf2cb7564b45dbbd60dd8aff361f6f7052cafae04e5084a0e06,0.00014089326328925388
Source,03adee7f4d4d8e12dc364676c0d124b5bdf6e5a4b187d05f98c4b312caa115824f,0.00014089326328925388
Source,03ca5484987d488b3190d714eb99bf2480a0e95d2a37f67365c77ddecaf8c108cc,0.00014089326328925388
Source,027f208099c775d7e16f2f6a8d81a3ae2a21c0e29530b39e07780f5be369060ee6,0.00014089326328925388
Source,037892dfd9a2bba82099c9fe42d3ee46e96864ce362293b7a2710469d3775ee5ef,0.00014089326328925388
Source,024b9919d78269f11e07e6ee58ec3a545347eb49ef56455314f8d8b06e05d1f6b9,0.00014089326328925388
Source,02b60ffca21d6c5fb784c5e99d895c6cabfc467f1233da38c158accafe5ed4c859,0.00014089326328925388
Source,03def7bf7ff97aa6e0905b7f6958701434f0290629ea25de6f7f6d9cda935147af,0.00014089326328925388
Source,036108e71b03b6529b197c33c2143f2f5ce2eecb2b773b7bcb1dc8fda14cbfa9bb,0.00014089326328925388
Source,021c6a133cf8cab70cb740dbe1e096ff534cd20f71e3e631dc1e02d6ba2aed82e2,0.00014089326328925388
Source,029a7f8732644bf67a3ffad8327d9b84c90c3deae44d100d79750b41cba0f0be43,0.00014089326328925388
Source,02139c5dff8b1eb4acdc2cef82732384264304dd19190fac2786b1d1e81c154b8c,0.00014089326328925388
Source,023139564d20e9f2f5e0f98274b195abd1cb0362ee434bb14f422669f36aadb177,0.00014089326328925388
Source,026c2be886a7493f9b7a8b0e2c5c64fd97d7e390b3ad5cfc0efbbf56e8c369db59,0.00014089326328925388
Source,02b6d55d14ebba67df27c99e53c638032ce61b7dc4e23301e64c35e713521b80de,0.00014089326328925388
Source,02d8eba7ff95342d40497e83fafeb49c0af4b50c03e68ef6dcb9860d30ec412627,0.00014089326328925388
Source,031c9db85fdd9239e6a2e9fa07bc98f5510935f1515b86d5fbdf066123938f8d9a,0.00014089326328925388
Source,03313d332af23703d10f05be8ce7f6d8d491146651629a241ee208a048b7f0049c,0.00014089326328925388
Source,033ad2f920279f527ee26dab471039bb487c92f35526bb5750354e09e9a0b36f0b,0.00014089326328925388
Source,0362442331eca4dd27aa3b634b852ecd157db33f11c70cceec3e2052006b1c94de,0.00014089326328925388
Source,03672df65122a360c85fac4c0b6ac5a1729dc872a5f5789844a5d258b2a2909832,0.00014089326328925388
Source,0398c166975207ad8adc71964765e9ce280f25483208e5b30f0863a897c2d57b36,0.00014089326328925388
Source,03b1cf88caf5d5eb2c78f438fe0501a6a56cbce6170605c1d8213645ca0ba29209,0.00014089326328925388
Source,03b6f1cf87be5179451fa776a17ac96e4200ed0da9e433fe45cc1c72a87b3a4bbf,0.00014089326328925388
Source,03e745b99dc27b0e7dc9eb6e777eaad33f9cfae6bf6f8696e81a98ddfc3447eaa7,0.00014089326328925388
Source,0281b10ab1e1e29bf9dd7db620ae4096981d6d6a28131c693491dc3dbb3ca6bd63,0.00014089326328925388
Source,02f3c9faf45c22821fab7884f64e2381bab40d928f03bc362706b03ec35b8fcc7d,0.00014089326328925388
Source,02984d869578f59ec15fe945fda6633744096ceaffda4f5db521f239c58c90ad73,0.00014089326328925388
Source,034613cda844f214867f7134d0f994a31b7521eac48db25008a2556bf93374a496,0.00014089326328925388
Source,028467c574276b668a69144103fa54956dc645808f06daf1601c64de2112679dfa,0.00014089326328925388
Source,02fadab030dfabaf72cec43038b49cc3ecc71b723018a6537faf1de77e4be222bf,0.00014089326328925388
Source,03cb7bce7bf86e4826405590d61df7673e98f6f876186536045efaf17a8adfe464,0.00014089326328925388
Source,02a32eaa2c27217651065a8cb7454616dd29b9f6eb9d2c0686403174b20d39aca5,0.00014089326328925388
Source,0270c1a5f94b5aab8af91b32cc4ae15de1f1b4451bbf4a391e4f9024747c1d26cc,0.00014089326328925388
Source,02ab4bb03b711f4c55232a95de5a474852bc7848e0bd4d57719939ecfc178bad30,0.00014089326328925388
Source,02b41692ce80168d4068d7da477bd7cf65b642295171bddd51b11bd9b7ce83cae6,0.00014089326328925388
Source,02c8c12a198849eb0c0dcea7fd8dd98d5e318686a87bf408207cd3289224ab3a2a,0.00014089326328925388
Source,0363f6132fa34f0cffcf18b94218cacff7fefebbd085ffdd0cb1bd37d12461f685,0.00014089326328925388
Source,02ec8500991471e3926809da1766d96f14f7a94675c15cd2b2e1e6c34bd3fc43f4,0.00014089326328925388
Source,037a3b5518b90c9f2ce4034342f0a36a29ac71ab5f7beb00ef17995ad8ffae5ef9,0.00014089326328925388
Source,020836952c846c49a9384d0d026274aab5cba5edf5df914a320166b7c1400bfa49,0.00014089326328925388
Source,023786620266d311ae77723727f7ba8a1f6f8641e61e70a01df8aeb6a7de6f2b51,0.00014089326328925388
Source,0248d2094982c321ca98d2bb802c881b1dd04c5426de022aedff6844a149f672ae,0.00014089326328925388
Source,023a5d8df324832580f0815708abefc0cba23f8e7cdb39b9f847fbe6603e68518f,0.00014089326328925388
Source,023187ab05e34b67c54afd61addf87563a382a5b4054fc92990b26123c8db6e7bc,0.00014089326328925388
Source,032ffbd60dde49e09270528db2c35ef5f8323533b2a6f87e6bb1e201ad29ba29ac,0.00014089326328925388
Source,02e325148f637df6f08c6d4e2e80714c395e07e85292ecf0f39551ffb07cc2dce5,0.00014089326328925388
Source,03afd28a34bb21fb585787ec47f87b9880559f90cf4ff636fd22f8ab2b6cad2418,0.00014089326328925388
Source,02111d66fcdebc0c89c2a479a848995f8f68ea86743f3249aa05d26dd6c62f3ea7,0.00014089326328925388
Source,02241e3488064d077794b626abf1a227347f817fb1b7c2829b8459131769a5b17d,0.00014089326328925388
Source,022d5e6d892d4df90afa209322de4bfde09bc0073b7e692b6b7cd5dcb82794cb86,0.00014089326328925388
Source,025dadd5eec77677236cb5fa6aca986f80706ae44e447a6cbe9a416df8e10a3633,0.00014089326328925388
Source,031de59bcf73556bed4096bbe1500a65f630381f9e91be32cc13e4444f79c70a4a,0.00014089326328925388
Source,037b3e3956ba47deee6f4df0983d96ae08f3b5f8e4461f2b87c32ed0a2fed5b74e,0.00014089326328925388
Source,0387b54afaab832e1f66c3d0a6897437ea6a7eeca985571b8ec46941583874282d,0.00014089326328925388
Source,039961df1f10e545d1bca8509ff59a290254029e3430590e991aa1e345fe29dd43,0.00014089326328925388
Source,03ec2477612353de36de0ef63e6ea7e21c69f9c9b13d68583581309b9b2ec73a8a,0.00014089326328925388
Source,0213028043ba544713750c363067b6b13fcd3a6eeb68d60ce84aec1827e5b284cf,0.00014089326328925388
Source,036a579c0e7e3f9fa9878edc2297a5790ab83f977a07ea7578844c86e236324781,0.00014089326328925388
Source,02a09c6a40863bf9ba4d9792d80786239c115ed91a16f08c9e211aa8c605de5ca1,0.00014089326328925388
Source,02d95055adc579c0c49a2fe5d3e9f431321508b1b5c62fce8cb9676d363452b9a1,0.00014089326328925388
Source,02682311c979ce1233260ecd302b710288c14925b18d026e75b7e1cbe74c71c2c6,0.00014089326328925388
Source,03b617604af9c58032924a8840118b3a0b8c715b3019c729678fae64aeca144e12,0.00014089326328925388
Source,025dff6e781d4c6a926a60a3311a70fb50e90f84ffca159d2c5286b88feef41c91,0.00014089326328925388
Source,0261eec2404fe1c2619f822dfef2daf76c50a2071bd81c419aad2a178ddff1224f,0.00014089326328925388
Source,03b25a9a4ac2dea6e3eb16aadf8a5086cecc25c3435d02019de48443dbeea29a77,0.00014089326328925388
Source,0323a503b28294ea67fbc23bc4510db63117abd4b090290cd26bf9259ecd9db2b1,0.00014089326328925388
Source,034cbb663cdd9a1e2484decac164983756b1e77af29f2b3487a076b9f23baf3d9b,0.00014089326328925388
Source,03130090b399b3dd924969cc36bd9c4472acdd048cf55755cb916cf8fd1d7a7991,0.00014089326328925388
Source,02e1237bbdcfefe6c41e974377f87f847d22c7a0798ddc8885b8549b5d60227b94,0.00014089326328925388
Source,023ee46f3d364019394b3ae356995800d9c86317cdb1a54cd8ced60c10a7504914,0.00014089326328925388
Source,0230cad29b32564c812d589ce206b35ae7f9e76594e3475da06e5239d2e0ae894f,0.00014089326328925388
Source,0384df1a8e3c15132e8d4e364d5156dfdc669b56c6a28f614da2cec036d790ed8c,0.00014089326328925388
Source,0286a857844b11bc306d3dc32d82d5390b466d611b6455f18dd96e6fc18b2e765e,0.00014089326328925388
Source,03025f24134ac4e8e2c62580b512a9d13017da58c7609ada7c5b89ac38d4df9789,0.00014089326328925388
Source,0317b9bc4b1c197eb9f74f9f45cf14d983fdb2c90efffd5db8b78dfda8a5bccdb8,0.00014089326328925388
Source,03c319ac0fbb1748866836517dd58e8515ef5cfc81a444cb3d3b208cef8238c6d8,0.00014089326328925388
Source,0232f57b7071ff30f02b0d89f7fe870230fcc08114121bfebce30ab1198ab7952b,0.00014089326328925388
Source,023552ffbc3634f9f9080d479f32b4924fa8898bc9eccbc2a35d53a520997a5528,0.00014089326328925388
Source,0278de991f180fbad52a774f9a9fc9dc823635ab6b56b25ad2c35d0b6ddc5eb3d6,0.00014089326328925388
Source,027d0de66d08f956a8d606c0d1c34e59bda38c05a3b1cc738fdd6378716c644997,0.00014089326328925388
Source,0391a65bbd5d876aca742412d9b24c59a0fefcc0f6cdaa359d76db30af780b988d,0.00014089326328925388
Source,03c75ddddd9d0c8b087fb8ac77199c2a132c78b011ccab893dc6a2735ac30b8179,0.00014089326328925388
Source,03f3d5f7db9da485bb072af80a900a21b59a651c3dce30f372a4ff21c81bf43ce5,0.00014089326328925388
Source,03f928c923c51c8e76ed09610b7cf909f9c492be469ed12fb18274321031cd68e6,0.00014089326328925388
Source,031c32d4083c916e41727ffdd66cee7ff03366663a0e5c64e0ab59737dcfdf17c8,0.00014089326328925388
Source,02a456b816697c6b8407ee2176475d74b790a96143bc30e896e8bf7a8852a8b637,0.00014089326328925388
Source,0206dfb16f3afee9c22a93bfa5d8f907f2340be5f36d51da0fd6f4d60dd8e027c0,0.00014089326328925388
Source,025dbbcb4e2a9a52855e92cb7ab072ae7076bd1dfad79e8612086f56945f85947c,0.00014089326328925388
Source,03c9eeb2698633a912f99dc097c3462166471205e16ebe5b06b8eccc4f0081a509,0.00014089326328925388
Source,0392f57b6a6ad4268d48950541c663892d2c9e3857f42f1ee33043fa4069f5290d,0.00014089326328925388
Source,023ca3032f5b2c12493005590ef826243c7533c9f416c843d711cfcdd84302a785,0.00014089326328925388
Source,02c9484ad30a3913e93505771b7b739057a3575d1494e8a3ccddce2ef01310ef34,0.00014089326328925388
Source,02aba32fe5119a42f154f797f590f004ac5f421439083d177032a4dda4be0bfd97,0.00014089326328925388
Source,02bcc9cb09c98d141e18ee56e1917586e363b7b54bd9be149a1d07dc1bb9d28337,0.00014089326328925388
Source,021359bec3ada32d6c360912b034117ad9fd42ce3e6050a8f24d79cc360a9fbefe,0.00014089326328925388
Source,03b56405bbcaa19457bf8aba5acc07da03b95eebbf238582d002c71e2a3d13e41d,0.00014089326328925388
Source,0356aaecdb3e2ed2be2f967e6d3ff2b61d4cea6b06aa74465faf79ca2b9ca24c90,0.00014089326328925388
Source,0215f74ae0d6993d2b49f6924089636875cb0e03cb2b443fae8ac5c570eb7ca5b0,0.00014089326328925388
Source,03e5d4abb89a0d2f720953aee516beb143785fd41edef782774aa64bc559b877fc,0.00014089326328925388
Source,03f2172bcd63e6631927fd85c2d941ae74e9ef5f3886a07d3f65263d07bad9b24e,0.00014089326328925388
Source,032247f9ff6abdf9b7aacada6c581afa650085031abe09bc2fc933ff1c17f66d18,0.00014089326328925388
Source,03eb94b0280c67fdf7868cadef977852ff6198cc1bba640c238ed2d0d2c664474b,0.00014089326328925388
Source,031637da200a8f715ee6e929ef86524471e920f49e1a8799c35130e08aa841929f,0.00014089326328925388
Source,035a53c8fe3937228b03b7189d0d7abaafaed558e2470825bf83daff21f213203b,0.00014089326328925388
Source,037ad440711a43c85cc47b6d4df402e4cfafa2e4210b7fb057cc47a71fdc574a58,0.00014089326328925388
Source,03a17e8ec9570e1b71d1c719aeeafa88b0604068863dc88028b490b96c2898dda8,0.00014089326328925388
Source,03c75d775d0fcd8bd911cfe4372ddbe2ef2a59cdfaae7291b28cfbe2d223173e8b,0.00014089326328925388
Source,03aa434d9ff5d5470033aa654f201dbbdce79955c61e9e48a6674d203ae3b689f5,0.00014089326328925388
Source,03389b266c8c94ec59dc291c4db203df2e80adb27c2dc226b56ddfde93c9a61ea1,0.00014089326328925388
Source,02da65c851216c09066b2ece048af560dcf5524fc96bf6e22fc5d872c42740fa4c,0.00014089326328925388
Source,02e81795cb29fce0d39f57aecd09db334c6b74fe74319ddbbe9abe7c30cc1db1e9,0.00014089326328925388
Source,023ce8386784b1ac177f053eecc24153cc03be14eb5b521fde24f1f1529c5d5ae7,0.00014089326328925388
Source,02d14edc5d9bb10a71c564dbb8a2b96689cc42f666d25f6162647b18647c7bf109,0.00014089326328925388
Source,028adf7d714375ccfe81f260502aa2560ea9702e70aead2a937086d0615fac1059,0.00014089326328925388
Source,033eb86da85ff6e07198fb2235e17b6c8abd1aa6c7f3e252c1693a6ea92820691b,0.00014089326328925388
Source,02670d86795b5513afe1e663189d069fef128611ebcfb08bcd00e379868e084ef3,0.00014089326328925388
Source,02705407cde2e485542ac068c449d8b2966d46c5506ecbc2ee1cedd549a6b5823e,0.00014089326328925388
Source,02fd8d6413c9394ed55e7968e4f2cfa7473dee425fc2e72976f843891c749c192c,0.00014089326328925388
Source,02817b542a91ae0b4b29b12f47954ba929d969c9d42f096a9b173da7c2b498f97d,0.00014089326328925388
Source,03599a5b67b048f39bf14883ac82d22428da9c335cae90b34b6594fdebd97bdb1b,0.00014089326328925388
Source,0219fc8bad855d3c861166a89d637950242230fd3d475bb4a2d1da8c89b97beb0a,0.00014089326328925388
Source,030312a32a1d38d27312c9596de2f9078b1b3bba522f7d204049dd5282b950762f,0.00014089326328925388
Source,030e52afc05496e2fd02a28082586d38175bfe39b3429dac042adb822b51cecb28,0.00014089326328925388
Source,03e54610669cca50aae407750cd3becea033642fbf470231b65322cfe2ecd5ea26,0.00014089326328925388
Source,0327e003e3c742db9a77f436e672bd42bd4a302ec0f92f0486c4fe09143bcfb0b9,0.00014089326328925388
Source,03b50e9c8973aa0104e4cbb3365b9dc81713159a6229f4d41875fd9b3246a92217,0.00014089326328925388
Source,03b9a7035d434f1de7f09c89f516d16b369e6aa199392d93f63a5fadeccdea06f4,0.00014089326328925388
Source,03d4f0230d3fc266faf6f3bcab5f1c9698155db9f2313d20a9aeb3600d214f3ea9,0.00014089326328925388
Source,02435edf69667b9dec50afd075de938cb244b6c6188eddbd45762e6f189ef45bf4,0.00014089326328925388
Source,02b2f80ef5cc83a128c029d8ab5dec5ce15c07e2ab8e241a53c93226c8e5ece451,0.00014089326328925388
Source,02ec3e575a0641fc419b783f48c4ec3a330c80ddd18b6c4ec0c653a0fb704df6ed,0.00014089326328925388
Source,03db5f7b076afd50813d0dc05cd60a37cd1492dc30ecfd6b9de8f07b602f1deb05,0.00014089326328925388
Source,02b70134475fb54aae0590e5b908aafd0c36ea884f4f09b9e2b9f91d50fb2f303b,0.00014089326328925388
Source,03d91f2dbbe7783d489efaa5b84f9a3b873889d9b0bc9cbe7442408f7df1ec77a7,0.00014089326328925388
Source,03fee917a3c0636f95d2529985a57ed185da42f35413f86a9e5d2d109100f15bd1,0.00014089326328925388
Source,02cbaf25e5d3c33057eb0082e0a1c9b4f9afa6a7a3a3edfdb4b88642f8271ea877,0.00014089326328925388
Source,038787ab9eefe7aad78fbaa055f14a4e9b78b5a23d78db15dad4442ddfc5fb1af2,0.00014089326328925388
Source,0389c6038a2fa2eed4d187e41b07091fb845da9f44b99a7148afc7bb2a36c33ce8,0.00014089326328925388
Source,0380c798bac797dc2f90dd64cc563a4761b3453639108132cb5de1f0cfd1913032,0.00014089326328925388
Source,03d7c2045223dea00373459154b43d0baa140bdb0a618f7f81a566c3f928ed1881,0.00014089326328925388
Source,0215986537a6ca91ee696f1431ec5c09aeb03494a99104407793bbf1a26c324298,0.00014089326328925388
Source,02a705cbf65c3c402256b0d51657491676a9751ebe7ad3f0a7bc4422474c6f7d3d,0.00014089326328925388
Source,0333d696d1de6d99be227880b4c58328183206e1b0eef31f14c59a1c250a17789e,0.00014089326328925388
Source,03a898b7cca3265ae4ca28b7025e170cbc1e7f97bdc4480fa28d2a855c88c85985,0.00014089326328925388
Source,021ae2986faa33f82ef4106f9ac2265f9fd9fb2061ffd6028ab6782ebfa3d8bc1f,0.00014089326328925388
Source,03a79bafaa49c42d07495a7367d670307df082f5ac8059082b2e6d18852f006015,0.00014089326328925388
Source,03fe85869e2304793f452a5064517553a0fb0daec2ca0b90262cbfaba9f26a95be,0.00014089326328925388
Source,0250e838858e5f155f3a2748067529978ff515c6317684287af2273733b21c2db3,0.00014089326328925388
Source,02c0b38022846c6b6f45b30031859ac7c5fb0c67ec8ed5cce8409c4b438c267ffe,0.00014089326328925388
Source,032271efcb35188ef00e3f28469a2bb18b50a5f2f325bd130bdac341af24e9b5f0,0.00014089326328925388
Source,034af547ca321d3e35a0fcfd5b4b57495f673e5fc92aaed5609710dc5ee205873d,0.00014089326328925388
Source,03df4524554b6273091ff24fcd8495300bd63f11ebb0a561f4b12f91a96933b0c7,0.00014089326328925388
Source,02bb3d6ea60d7a96369471d403a2dfe8a082019f1373782ed0bcaca6869cdad501,0.00014089326328925388
Source,03044f0a75b2305dbf1a8137bd0c08b6a7e95ed8d219cd0ee54c9a784f34992795,0.00014089326328925388
Source,03ddc2ca04c535acfa0c07c09270343ff295bad138b829c5ede10b8c84b9f099e1,0.00014089326328925388
Source,0232fe448d6f8e9e8e54394f3dc5b35013b7a3a3cd227ffce1bb81cc8d285cf0a5,0.00014089326328925388
Source,02e2b35e7895b042a5706687a289f6d94dfb6b7e06c917ff393854f92bea228dee,0.00014089326328925388
Source,03fa9feae21eaa194e78d4ba73a82a8401690c61c0ea6c6176c9f079f9d21d962a,0.00014089326328925388
Source,0206e0777f02393bb60e09f1bfeb9b95024ba661c8415e98a1ab87c86afe960d8c,0.00014089326328925388
Source,02ee884b2e2af0830e4ac2953c8668633acc697dfe0d4b857669508ceb717b8196,0.00014089326328925388
Source,03b6a0e7cb7b2829384fc3ac95eeb3f19c71334d9ab32381572bf03b9313c66db7,0.00014089326328925388
Source,02220d035b22cdc64ed228286f4dc77622f3023c73107c87b1cc4b06dc4041d7cd,0.00014089326328925388
Source,022dc6a801a5981dc574d5654e878bec281d7d563848da22e5cc9c1a079fd3d64a,0.00014089326328925388
Source,02225200709c355b93a1825ebe117decc78c7e478a591530e2526c7248c8ff40b4,0.00014089326328925388
Source,0222d6de473d3c280fba69f61da8bdcd52e93f60e12cc0de7df6ef34dfc68c7973,0.00014089326328925388
Source,0226d73a186df2a38756114cd7012fde4519d2c032572ca72ddc6028318d6615c3,0.00014089326328925388
Source,02322c2bf24db9a9559a3e0d315aba5b0a374900dc2a655a0a57584068179a6482,0.00014089326328925388
Source,023bec768de0e3f34f7b749776a5b766b1e25ff456f249ff3025c06af1f360f995,0.00014089326328925388
Source,023f805324a9bd22aa7e8891d270cee741cf9368897fbb3727402f9d68765d0e3c,0.00014089326328925388
Source,02427b712042f7b6034f4407c5701f667dd3b677cef7af6fc73217c6c465b6cae0,0.00014089326328925388
Source,02499d70a41221ddd98959296a07190213848318e15313974c2cf1c2c7c12541e3,0.00014089326328925388
Source,024f71307440aa436c902e88d969e5f8cd4bf6b32a0f9359d4673a2784327f7ba2,0.00014089326328925388
Source,025c37771e0d3a06f857c06f5b9cca1bff6adfc674f017f3613a7a6d6819aa10a4,0.00014089326328925388
Source,026143299a455b0c5d673031e7a97885b9d126625c697625d16d23dc016e90d105,0.00014089326328925388
Source,0274f88ea912dad03bfebbc0d40d92c9dd1d1a18701c5e9a60a86098528d09e504,0.00014089326328925388
Source,027f613ce5558757e1ba1dc49d939e40d7c554c6de43040dfa2e42b794c9781dc6,0.00014089326328925388
Source,0286b0bb106a269cb534a2c358084aebefbefc2e18be2bf8522c8179505b5b6b1b,0.00014089326328925388
Source,028f4d656b6beba11191174ddb4594aafc9ceb9b64177ecfc1f783a1828063add8,0.00014089326328925388
Source,0294c17f2cd17b1f785815bf224ca21f9cb8f00fad1403703e1b2b421df39b9fcd,0.00014089326328925388
Source,02a62e2d754ba2ac4bc53536198fc677c68738cd1905c80fde17f0e9800fde669a,0.00014089326328925388
Source,02ace7acad668b2f33e26c06e960d661d6d71211c046c93c90ca9a59b98c8aaa4c,0.00014089326328925388
Source,02af861bf4ce671a28f21925bdea3bbe0db5be61a33480877a62529485b9d886ad,0.00014089326328925388
Source,02bdc11206917ed19a433d50875616eb75634e8ddb67b7b6bb92765c9b7d5fc8bf,0.00014089326328925388
Source,02c67b334c890fb44b6adf69a8db85b7b75560c7adf65cb9cd34ce7e81b1330da0,0.00014089326328925388
Source,02c694a194af82623a718529d651998c2cbdbb24ca2ee4368a7d3144ebfcc5c38c,0.00014089326328925388
Source,02cf90a8578876f0362beef42789215920c287a5fc109afe0829905b920bf40bed,0.00014089326328925388
Source,02f24819074bfcc1d05d3c8f9989a7f60eb6ed797cf04071af6bc1f1ec8e72207d,0.00014089326328925388
Source,02f968e4dee8379d5685f4440fe3e8398b25574968d3fe234f7e8f219039a98105,0.00014089326328925388
Source,0301d1c0ba018f7e7d1bb32662f9e7a0da1fa2813ff002d1496cf18592e832f60e,0.00014089326328925388
Source,0311e1ec861b51963b74005fd5c6a74913335e0affdfe4d0b5eb55a90c8e209652,0.00014089326328925388
Source,0317f3749846e8e53d10207bf62ee75d76e616ca7c77495143b4f5ba5cd6726ff3,0.00014089326328925388
Source,03209ed94bb268a3f5520a263bda594a393660f19484dc1d8295e894213db0257b,0.00014089326328925388
Source,0321055cc39488c5b288297bc17c588d81056b94c371809ec723d88d1de2540da6,0.00014089326328925388
Source,0321bcee2c85e175f39be4526780efe041f640c150014dbf1d645b68e7da324efc,0.00014089326328925388
Source,0341f19eddf18026d6956a531a4a769d79a297d107089936b91dc46a4a28d750ca,0.00014089326328925388
Source,037db2cb84e9509025e6ad781c7119072ae2615275cea6420e636525c0011dc979,0.00014089326328925388
Source,038765a929042bb96a7dcf5cd4f4b596bfc5174a7478b270e1f42a82dcb24ce31c,0.00014089326328925388
Source,03887474af95a3935bacdb9b6183494029c1e79baa870438e6759729e3bc52c26b,0.00014089326328925388
Source,03a7b0da05e02a234de0806a4a32fb2a0589261ce4ddf270741e9b5e7ee22a89c9,0.00014089326328925388
Source,03ac5d8f43bf31cb56437e2c543e2b2be8a4506eb4233e88eaefc979b7a635515b,0.00014089326328925388
Source,03af270fbae0329d1a95a88f8aadc8489a260bf040e881acaec7b5645f1b60e292,0.00014089326328925388
Source,03b972ea411a288744663938721c53914b0c68b3b288665dffa8f7b5d21f09f70c,0.00014089326328925388
Source,03bd5bb621206afe2037baa6afd4833da287e9dee762c0c3d60cd8cf0bfdcba1e0,0.00014089326328925388
Source,03bf21225208fb47001432649104be22fc8a73f2cb15d96d5f4e428f45a677ecbc,0.00014089326328925388
Source,03c90d5db7e93dc78bbd7012d65e991e2b6584745a57321b522c7b65fa973bdafa,0.00014089326328925388
Source,03cbf4a818af1821df4f8f8d8acb2538bcf4aad99f703e5b4fed38de1b9b150848,0.00014089326328925388
Source,03ce6ccc1a9f3c68a8020c499d89c8744ddbf24858967e487c554f4e62c5b01eb7,0.00014089326328925388
Source,03d124073763106229c82ad87f4909498e1a0a8a728e8ba7086a74e339619afdbb,0.00014089326328925388
Source,03d51b396e0e4648e11b0e0f2f2d690a759b5846e63078312b7047506e01274fd9,0.00014089326328925388
Source,03dcd2e701c757e079be23b47a79248be9523f7e33708c8517dfce8e122d201f90,0.00014089326328925388
Source,03ec7cfe9ec570909e15d8c050b04a26d2c9f448262bf502c40c1e5cab929c8261,0.00014089326328925388
Source,03efcd6d308f10ae145c534e021502be20c03ef74f62872a679c7a6f99f0028504,0.00014089326328925388
Source,03f663b498c2a4394331aac53f860e8c4c1e46dfc4bc67dc4b8075c3a584e60456,0.00014089326328925388
Source,03f9d8049ffcc55dc7123514e4b26cd7ac54e14739684f3dfb8b32e2d0d48a9785,0.00014089326328925388
Source,03fbdfe29e107cb685c34dbe000b39a5c029a1ae88f8a4f5e76f1b4850a0d9e08f,0.00014089326328925388
Source,024cb8d75de288f7b4f36acc8877c98dd48e5174fe8db35a9c2331dc8ed76dd204,0.00014089326328925388
Source,021588cd2808dade054a8d4bc501b92a66a7b88c54157c5c857aa7995129d4966b,0.00014089326328925388
Source,035369d3d1969ce2b9e0fdcba865eaaf4416195e7dfcf0df4c7b72428cd2b0f072,0.00014089326328925388
Source,02ab1fbe10650d06f0b94fb4f61d7c4d189b8b0a9f818ea1a9b49667e95a768821,0.00014089326328925388
Source,02bd8d4e4355eef64735cf2d0bccb12647270bad0c615fc054e60bb28aa0b9bd84,0.00014089326328925388
Source,03411950d466290665791bf1ed4737fb910eefb5a019adb649264423be72008302,0.00014089326328925388
Source,0243208ccdd171d3ca9e96d2535c667160e39fa37e8528c0006c09051a6c7f8edb,0.00014089326328925388
Source,02a0c6516180eb52bd4d17ad8d6049d79f8300f668fff6eb720bc57bb981eaad3e,0.00014089326328925388
Source,02e4db74747044942465050f840cf1ed4733e0944196732017fe145ddcd885cec1,0.00014089326328925388
Source,02899d09a65c5ca768c42b12e57d0497bfdf8ac1c46b0dcc0d4faefcdbc01304c1,0.00014089326328925388
Source,02a2584ad1c54300f0576507ed63a79727c55314628486f24582ac071153d18a03,0.00014089326328925388
Source,03d931ff991e577796e4f75899e0b8325435e069c32aeb0e68cd60f5a09de5a46f,0.00014089326328925388
Source,03bf7441842433a304a1027abfb75f399cfcf62f75339f15b6c27c24d69100ee50,0.00014089326328925388
Source,026914299a6f4e16bbe83380b23c2aff8c4d0e2824cddb38b4251ae3c83c5eb5c3,0.00014089326328925388
Source,02bcc5eb93afaf0bcec15272702ff7122550f56bbb6c9f7da4fa235000834bda04,0.00014089326328925388
Source,03c8f4af5bc995453192a98ea9305df4980c027b1d890973d0ba5d7217a3afed2c,0.00014089326328925388
Source,02075411a70f9d1f7e91ac07215d2cac387d4a413557f648c463d11916c765c397,0.00014089326328925388
Source,03b7802e8ed9fed4cefed50d0074100368c1b2c46d9e8f1be55f55133495340c60,0.00014089326328925388
Source,0261fcdfc51affedb2439c7745206b768c68f7f27962bccc5811bcc611125dfdae,0.00014089326328925388
Source,03c39bf81e3c127279ace3cb67712286949412a119182346562c903d216aecc113,0.00014089326328925388
Source,0231dd236296211bf0678fd94e29d630886ae19ad9726f6d55a8871c193cde4f57,0.00014089326328925388
Source,024beeb81499eb268415eda510da4b7826c086546dea4147efe64f04c53beda13c,0.00014089326328925388
Source,02ff33003def43d22487386517f34b4775d541f6ac8bcec5c2c612e0956c45b241,0.00014089326328925388
Source,02a8bb290596e5cb990e0292ac9165fba869c3202c8d96594ce2b20bf5bf452ca0,0.00014089326328925388
Source,030739194f42b2cbb6019104a1b302408bd26691a1f5d8ef656466b4b18b113643,0.00014089326328925388
Source,02e0742d2acb105f0d68a285419b3334c89cac6a1c97c98b7845c3428b6d74b9cf,0.00014089326328925388
Source,0245f703677f3c4066ee684caa3cbec90aef082542009f000186f1e455017169cc,0.00014089326328925388
Source,0263967f25220f4dee1d7f386b177fe2c7f4209fb6735529b41841096c055945f8,0.00014089326328925388
Source,039276cac61a7f32bf3d244493e57ac5d6099c7b02d52a63ffd8f8f4971eea9560,0.00014089326328925388
Source,037654ca105f1fdea32cdbff31507f0a3b5e308287c93cb51a79fe3201990edb40,0.00014089326328925388
Source,039dde42317c2048ef09f02554726cf07b35933dee68df0f5e618452efc9698c48,0.00014089326328925388
Source,03bef7b008112068b032be3f03ea03839c2f1fcbc5d9f36b66b2a7628bccf776b1,0.00014089326328925388
Source,02817244c5d7f8df87212429d35bf8f67b49d07558d8bf00707a806ad96a37ab1a,0.00014089326328925388
Source,02995ebaa827b658e6715371d0fc9b7d342c8b1f93650b92c7276ce5c02abd48cc,0.00014089326328925388
Source,03a27a5e28a75d99dbd0b7d1fde8e2ad3bbc4bd434ee3c47ddc7080ef76d7e65e0,0.00014089326328925388
Source,020cca750b6ce88b1e3b8cb6921782cdbfce972193ffaca7901f0fc4643080e457,0.00014089326328925388
Source,02c996a69b44f43cc0618d9588678f4cc521d3d68bc7d65fab47ec8591fdb8443e,0.00014089326328925388
Source,03a006503fd4b2ab5b5862404956d4943c3ff8f8b48e6f5e17966cdf53f2ac1aad,0.00014089326328925388
Source,0273d2a39127fd9e8b9139c1406ec8bb43cebddf66e5cf20bfdd20d827c2144d96,0.00014089326328925388
Source,036ae68d1fe7a8dcbdb39492759f6b7b985edc7852a230cc3172a4dbc8be3a5518,0.00014089326328925388
Source,03b9bbc899b028a4c29b3fe17a7b382d64e3a8fc768f9ea91bdd8c4bc6ab4c7589,0.00014089326328925388
Source,03f38829a9b9131e3a0887ca21fd042f2d07bd7f151fffefcc3d1585f24c1b3e7e,0.00014089326328925388
Source,03900174bddb85ddb1c970ec75665f78d2c69230ebe43de36eddfe7f2528a58690,0.00014089326328925388
Source,03023090988c84c3566ff59c4fb17536c59279ace4f4c242243950d858787cdf42,0.00014089326328925388
Source,032d923a4f2a2f69703627e9e2bbae0df5f9982e9d67f0c08839d9ba11ee855695,0.00014089326328925388
Source,02a651071cafb7732851f12da61bd4b509d6d0abd079c426932d5691207f8b03af,0.00014089326328925388
Source,038f154a5f88f3bfe602223a538481a5fba4b520beddc45edfc0056fd72b5a2c32,0.00014089326328925388
Source,029ace730f7ada5901781ada3db5c3f2450b0dd06739a4bf081063a28cad1749d9,0.00014089326328925388
Source,0272440285788e02fcc7bc99f4cb769247e28bb260804564de280d7a89be28a8e7,0.00014089326328925388
Source,032241f9ccb929f38d3ebe3bfd83bdab0484218ca967580de624a4cdf53a45259f,0.00014089326328925388
Source,02d0ec59114b2772fd5dcd7a7724f3c47a9929143a7c1b027d1b2e06dccd6fc60a,0.00014089326328925388
Source,024cb7ef46b68d889a1b846d514603f537c42f0886c0db7f9273a3913ff3521f86,0.00014089326328925388
Source,03547b559694d1ec220b5fd69c88bb5b0d1ce332a1199947040da6aee9e5f99a6a,0.00014089326328925388
Source,02c78468f3f9e949ad4ee7701d14a10399cee53cf4c85b78b758045c7dc87f08d5,0.00014089326328925388
Source,025722598a87aa9801f3ee2c3e5809fe337908adac7131fc93d8aee7f63294070f,0.00014089326328925388
Source,02c1d012a6caf8ea783ef5a3d77ccc98d0de9137aac69c92c8dfd3ac3f3043b28f,0.00014089326328925388
Source,022396ef8d44e1cd7441b2f428808d4e835c560cdb5496d1ed81dcc0fd84c807e9,0.00014089326328925388
Source,03639804a62c8ec893c69076e905a70d4d5140b80ba2ef3b96b1449af8098eac07,0.00014089326328925388
Source,03d1af91da3c0cad7d3501b2031db9bd80628e9e829f5d1fe8985a3116176cbf30,0.00014089326328925388
Source,0205ae77caa47cacf7a447dc7547bd17bbf866fbc029e7f4992fb3089110fce66c,0.00014089326328925388
Source,038e6dca99bd567bb2dbc665a6cdea61f6093cea9680b85a2d9ad6844a906e8410,0.00014089326328925388
Source,0257b87bf94564835aa8b265f868971872b28ca19ca684ed5fdfab302abcfbe621,0.00014089326328925388
Source,021f0f2a5b46871b23f690a5be893f5b3ec37cf5a0fd8b89872234e984df35ea32,0.00014089326328925388
Source,03cb5a20dfa5148803badcb35fa00f97d73a132ecacda441f484ddc300bbb2e1fe,0.00014089326328925388
Source,035d937399f0a5d1f2abfa379ab06d7d81e7e8395e80824cc0a24ca779fdecc5f0,0.00014089326328925388
Source,03663d7b3ac41fd9daf4a3cbceb32b05672564fa8634ba420c3a7bb656f226ddcd,0.00014089326328925388
Source,038cdee6ebeb5bbb736f4a64b7687fdb70ea5bd8f5244be081b314e5e4f6e93852,0.00014089326328925388
Source,0308c97f1565175e39b26b72a1941a4ec209bf93ccfed9b972a581debe16210eb9,0.00014089326328925388
Source,03644776186cd07bbf84d283013f9b829dd65a75c8631c9bea51e57c724c0190d8,0.00014089326328925388
Source,02ed76810ba9e204342342ab9de0a63ed84e81b4a8f0920df89571add17f14ff90,0.00014089326328925388
Source,02eaa9fa1f71a3b443d71d700bb27143fd3b061eff375fac24e961c95e93d1d9c8,0.00014089326328925388
Source,038131de2c370252371ae9c12ffbbe0ed49458b190b914f271fbcea4b56add25f8,0.00014089326328925388
Source,03b8f9963ee031d66d6e8ff073d68415941c728332c9f23f95a239a41f5c736e4f,0.00014089326328925388
Source,029b17d9d393bb0a7db2cf14f96309b01e764f0553a5a50791e6d55202d9279191,0.00014089326328925388
Source,02bee7cf56231f507ad97825fd0793c706ac55c121692a17393fa5b73b9c83263c,0.00014089326328925388
Source,023fc77af2b036e5bcfb15007150ee3cdc1ed72830e4bd1b43dd6904dd3b8b45c3,0.00014089326328925388
Source,037724224a999fc455f29390a74c30563d75f3a63d6f2971b764cb8863c28cd63a,0.00014089326328925388
Source,03c0c9698c33b1fc097686e65dc971a9e10dbdb607c2170ab3c4a02cdafb5dd7b6,0.00014089326328925388
Source,026c2039dadd6d8f5cf7388442118929dae8edce9503f2bc6adba3f5cae133a0e8,0.00014089326328925388
Source,0294e0a287b14ffd91dfd4a4067d0081a7307b720b548f0d68f643cc31aa81530c,0.00014089326328925388
Source,0238d6c86a5753e4be401d192d1b6876fbcb7b43b49f67d727e70340137881c4ff,0.00014089326328925388
Source,03c5d03484ff00d5346acff1d881386950b7c3e07e2e4711dc3590f5ccef632dc2,0.00014089326328925388
Source,0328d990a65ee0d2c211375ebc8f26ecd48cbfb0e41346da9f5d49861c1dc2130c,0.00014089326328925388
Source,02f91754e04399ff77593587a9794fcf96a6e9a61adc68d59cee5260dd6ae47df8,0.00014089326328925388
Source,0361f2ba330e76a0ebae598a1002c5e4eab3cfe266c32c19080e063608c270a88a,0.00014089326328925388
Source,03e5684ed7a5c61c0364ba2794ff1242209242238f42dbda513b39c91aba7ad11b,0.00014089326328925388
Source,03b1591efda327218c3c9f70ebff488b420abf35deaafe34f9b8b2e24fff361d6a,0.00014089326328925388
Source,02e42f6ad60245f17394674d31a5f2676088898e04b97defbf9580b45d4790f72d,0.00014089326328925388
Source,039e97bd0d42fd4ed120dd08ab1baedb02e9a73f6748f206939bffde9a9ab800e5,0.00014089326328925388
Source,03793fc1430bebd6daf5fc3cbbb944aaa2fd962c98f4d5a3f40170920afcdff711,0.00014089326328925388
Source,02ebf4ee6d024067cb45c0dd6b1141b7598d69c38603940b21b907ff70401e6d5c,0.00014089326328925388
Source,021416c68bb97f58996d0787280d36f6b97c820d46e277889a6c1303c330a59533,0.00014089326328925388
Source,0353033ab063a1980a0b92e204436c0ce0419a5bf531296a23e133924e9cc7e457,0.00014089326328925388
Source,022363250d88bfb2856640528851d92b53a0f7a474a6850682456b47650a92cc66,0.00014089326328925388
Source,02677776ed646e7e5c180e7d64a8b010576085e3298c35fef6548f04dec68b8412,0.00014089326328925388
Source,03617b261e9e2f79a48875fce648fd34263b990a8f3ae9ca7a98d6d738cd56b85a,0.00014089326328925388
Source,0237bb19b6a4ebd56439aa0b48f7eede2f1d68f0afc2b8616abc46b0324df296f3,0.00014089326328925388
Source,033a58a714101b0187e8cbea8bf89b19a996cb16ed59197ebe6428089c97db9671,0.00014089326328925388
Source,034c4d5987d5b3b4704132ce5fefe044f7615c7882ad0ccccbf127ec29729bc7e6,0.00014089326328925388
Source,02dff54c978ba4319d1dc40633e9c973125fcae73f3fc57a4d6f80905af5de5ef5,0.00014089326328925388
Source,02005dcac896582db30f259c17bba1849a9e1127f60d120ec7db69c17ce64d749d,0.00014089326328925388
Source,03fe841ef419d19627a45e1e609f7b1501be83223444f8c8369e6586e290e95e38,0.00014089326328925388
Source,03ef5d720f66ae7b5b39b45934dfddf6357ad7aebf3f18a283a702198d4577aadf,0.00014089326328925388
Source,022a096fc8b8fd2b87ba89ae8688651528d24a631a7a05e8c187992abc6f720529,0.00014089326328925388
Source,03f810ac5ca2edf9e7908b4edf98411a26b555d8aee6b1c9a0a5ad62b9359aa546,0.00014089326328925388
Source,029be51463239591c3c510cbdc3c73b8409f242376cbad0659779750cddf8eee64,0.00014089326328925388
Source,030d0f568e376280a2f16726d7ebb054cc659d09322e5653b7b3d2b08584121683,0.00014089326328925388
Source,02590fe2e8b2b59fa1293dafd7f643306ca8bff65f512abff1f92e7c476d26ddba,0.00014089326328925388
Source,036526aa0d648fcfc4ad7917a1fbc0561cca65631dd990baa0c7deb57663c6819b,0.00014089326328925388
Source,029d48dc90dd482d3c71596b9ec1591f2f90840f8a33f4063c4c8891d41376b40a,0.00014089326328925388
Source,03b78879ca0e2620f2759beb324b1409ffc56893ff091fa0e0578e121296a6fc6e,0.00014089326328925388
Source,0371f9080ff4e9eea2a103bb4c96319c9c97fb12c46703118bef32e0b0954f36ac,0.00014089326328925388
Source,032482538ec43b5f4ad445e7a4aef0c746e52c9c6bf6d36fe78c5c32d8aee226bb,0.00014089326328925388
Source,03380e440b835b0ebb67b1d19df1121724979053861f15232de295b97d16ee330e,0.00014089326328925388
Source,039fcde7836a25c0d37f24ac271128115e589bcee7d059d468ff2e59cc3fdf5dbe,0.00014089326328925388
Source,03e375b3585c333f1275642a16dc10981b3d3ebdb4b5832ee2ea3dbaebf1600582,0.00014089326328925388
Source,03c88895eeae497ef75b151de3931cbdf2906266dc98332cf98b9ec2dc4a933980,0.00014089326328925388
Source,027f77a7680a769895123419a5ff6466f93a3711f170e87ec9e434cd63f76abe84,0.00014089326328925388
Source,0261ae4ba4dfd21937ed3be62fcebd9edea0af8f8d2f2445f2e6af3cd428db742b,0.00014089326328925388
Source,02c2c252d0e3d8fb5d434216841b3179fda0a4c79445c49368fd5a3cb86af60783,0.00014089326328925388
Source,03f9f99c3bfbc823aa829c7166bf306cca28400ba4391f653d6005ed72cbf1a4ea,0.00014089326328925388
Source,02b424210e505a4e37c2c44a34f5a2fadb0f285afa554531aa1c8461a8e42ef6cc,0.00014089326328925388
Source,02e7ac300471ac96db1ecc52f3f4e2bf26a3cd3cfb1e8ba68f2b6fadc4ab37440e,0.00014089326328925388
Source,02ed03536fa441555a896ef236ee8f2083f80473834b1f02dfd4acde6b64b3711c,0.00014089326328925388
Source,031d05d7c34bd2d9817cf74f4ab49ee1a7efd3be9fadec8d0c1bf4b1cecc76c282,0.00014089326328925388
Source,03745b275bed1ab74c6c2f3dc6d1f870c5927397997c99dfaba283f73ccfab0d33,0.00014089326328925388
Source,03e5a28ba3a16b53562ec6e8ad3de16fd99c5eb39227dc8eca0a8ebbbeb732b76c,0.00014089326328925388
Source,0311df532f5103d0a78eda76d9d5e5dfd5eee008fffbe024da3725ac64dc4c1632,0.00014089326328925388
Source,0244f82d97b9e83884e1adf102e6346d11a6a2367b375a085b071c8c5188635082,0.00014089326328925388
Source,02c00285d3ff580cef82f00fdfc76fcba850e1746c163616b5545ff5db15abf7a4,0.00014089326328925388
Source,03224e8b3813b4b70a2a21368763a7cc97f449694c6ae854541a8351398cf7afeb,0.00014089326328925388
Source,033e3ee24782afecda5ee452dd984d013963b98aacab513756cd22937d1a25b6fb,0.00014089326328925388
Source,03771f29c01e43dc18ced2a4e200d88c6d2cc6aad7e924758711138761fb262226,0.00014089326328925388
Source,02370564de9a61a4180fdb96a7ef49e715abbe544a1f0196cfd86ef2c879e27853,0.00014089326328925388
Source,029349fd39b0a03f8c5ff6ff27b0ae76a863bb0a74e2b197f85345ab5fd8de0229,0.00014089326328925388
Source,031ad3a33683ae021b16e4b7b96fe3b057a7605a593090237a103c1cf3a89b5b4f,0.00014089326328925388
Source,03afccd7d47b50775effcac2b0f7b2a6facb1ac19a2c3ccf4418d08be04fc0d297,0.00014089326328925388
Source,03119165453910167eeb4fa92c0842299cb2296c449b7935f1e9553f777bac2dc5,0.00014089326328925388
Source,0365919b1612095918f6301c72edd063f7aaa16792f200d7a956d592e9eca6eb15,0.00014089326328925388
Source,02d917664d96df86cef45a95b6b54a1cc7fa27953a5a0aa47325f75481fbd509a3,0.00014089326328925388
Source,0323de8a1e80db7bd6f03b31e56359c11e338e443d363f786063df069243d93001,0.00014089326328925388
Source,03220180b7d2b7941376e63b910958ac48040f4da7665e31208b87efe48c20169f,0.00014089326328925388
Source,0389a83575fd191f2d76f24da0730900cf726d6d159ef4366a796558a33646c949,0.00014089326328925388
Source,03b846c7045353fc8db68c9153dad2319f9abd2500163063a2a59f4dbb05cce65d,0.00014089326328925388
Source,0392e78c508987c97de70b2474493e9b0dbbd0dcad69dec2648d686701da1df44a,0.00014089326328925388
Source,03d892d8f304d107b4b277657746d49b1b696f9f283555d85d74b66135444c9be8,0.00014089326328925388
Source,0232d8dadc6d324e4a496ad4f29d35fb2970d3bb9b1ae76b530c4d00a326b16672,0.00014089326328925388
Source,031a714070931a35552bd42244d0f85b94b1b641416fc1da1399ce7b7b7f16c9e2,0.00014089326328925388
Source,026b742cea92cea6535f8688e5597bb874d8ddb6dab3500119a25cb25228d2a75e,0.00014089326328925388
Source,037cfc1534e3993abfd291ae3effac9fe881a40a3ac14bbd6a972456bdb9a3399c,0.00014089326328925388
Source,03ab75012c0a552ddb0194f43d57d9af2a83a86cc2a96abf0134c6d9349819c8a8,0.00014089326328925388
Source,036c0fa27b7f35d9801f7d0dc10b8a8dab6a621d8ca620e54851a42501b8efc83d,0.00014089326328925388
Source,023e813fe79769ef365ab148a0c01e9a62c2ed0b8fe2bbc0d2fc27152788908146,0.00014089326328925388
Source,031762e74f988f28bf184dad14fed9db6cc020620148ebef6ae41f81f51277b04d,0.00014089326328925388
Source,02b3bb5d303ef69efa0ac549e524a856179c238169b7e8006f55f3fe9b0e5e5bf0,0.00014089326328925388
Source,0290f07eec8c8907d0fdecafd557f3304c7c072d5f7a83788b352a3f4bc775cab2,0.00014089326328925388
Source,02f5c8ac0223220047e8117f1e0aba4993b61f9507d0f4ae765609a5ce961177e3,0.00014089326328925388
Source,0378d144ce16dc11bb6584c4a397bcf241b60cfece20943faef10c4b72d3cd87d3,0.00014089326328925388
Source,03dfd79a08fd9539fae5361642e29d9a23f7ffeacf938cb9c4740d58fa5407354a,0.00014089326328925388
Source,0275e0c01dfb515d08e780edf36eb5bcecd452fa11710ddb1b921f3e76dc79bc90,0.00014089326328925388
Source,036b929ab77202db1b1ecde3ae22df1a6125eaf88aa1596cffa32c15e003ac80f3,0.00014089326328925388
Source,03dcd840ff15d19792e8a8d704bbbbafc629c22324f0d002d8f4cc87c8798f03ef,0.00014089326328925388
Source,022e74ed3ddd3f590fd6492e60b20dcad7303f17e1ffd882fb33bb3f6c88f64398,0.00014089326328925388
Source,029a835162c9f4fa904524cc78e06fcf54b75ec70db23ffbc4642c851c90771779,0.00014089326328925388
Source,02c8cde4c1e8019db5e8cba5af686d13a9a863aaf0d287156edc4829ee490e8d65,0.00014089326328925388
Source,03b1f5e0dba78daa1f5a64a9a0cb032f774267feff3ecef2cdedb268d00876975f,0.00014089326328925388
Source,03bbfa47fb638200e2369c31589d5bc04a4b12b2f7a3cb4b1977bb1e467e3d2aef,0.00014089326328925388
Source,02aeb693e2dfb2f890c65dcf27e6eb7d52dd3e4f7b74ce5fe646675793625f9b51,0.00014089326328925388
Source,034d49f44ac3090d05b9c17127ef28d81fd8f931e8d8351141db746b842cd48b48,0.00014089326328925388
Source,0232b54a1aad1996b5e1b0e22d18cc6d99898e359434b7064ef3b44976c56d409d,0.00014089326328925388
Source,030f5c893bc92e3f45955c2c82d9e933bcfb2c68677c0f62b478e5f7f602b549fb,0.00014089326328925388
Source,03a103651b2b310ab1a59860aa299df33e8388b94eea58c0e7e517c72caa9912bf,0.00014089326328925388
Source,03bacfc0ba060f6f71f5263cbb6649ee618a6787a242b7d4bfdf3b1f9b9caefbc6,0.00014089326328925388
Source,03204b29fe80bbdb895b50f40fb81a78ccc53f2de8eca6bb234facffdbf783ec96,0.00014089326328925388
Source,02543b854277dd6b4946c97471dd5f301ae08cb5a2abd6d98dc54f17ff8122c427,0.00014089326328925388
Source,032cd82afd905844ba456973033e91e129535953de32c150a1dbd6b2c605b3c233,0.00014089326328925388
Source,0261ff19766f6f7e6575c59566489b608b262e23c8eb393f70e8dd30f39e2db354,0.00014089326328925388
Source,02ae6c7bc071e15c0f1e598f9de978a9cf6eaebccc9cff7e253fadfbeff6be50b5,0.00014089326328925388
Source,02c8d0eef6feed8479662070608b76f5bb3527a891e9f0688e246c6483c4ace943,0.00014089326328925388
Source,03daf28eca5683aae3c6dd509e3e9efb89959bf4e7eb8f705e17a5130e605e7e4b,0.00014089326328925388
Source,02be3bf139df22a28223c6cad48b228f97668d2de22610303e39371d89411b9758,0.00014089326328925388
Source,03fee030d852551260933bd383dbdfac479982cd0a58462bb412de8abca1c2a2d3,0.00014089326328925388
Source,03ef68ccd4b33ae540aea5bf91fcfc70137e031e0cf3823a958c3c3d69239eb7cd,0.00014089326328925388
Source,02e9c8b4b3ee97e23151429c9b5094f036f27e0f3f52f51b4d8d235dd79fd27c3a,0.00014089326328925388
Source,02e6479366043ef69d75682831947010843b2d94aef9131ba8ef492857d347b664,0.00014089326328925388
Source,02c9ac1d3c37ba29fc6f3ffaed26bc606621a3c3c2a37c81661958bb2cfcfe6535,0.00014089326328925388
Source,021ac23566610d81ee0c02667689728666ff0f59f6426389cf8ad4f61a2f6a79af,0.00014089326328925388
Source,0258206977beb3a9b6822c2aba542da0e5558e44ca00c29957aefe52ae5ec32b57,0.00014089326328925388
Source,02562755b419670ef2b3b76c3319acb6de647f4433b96afc25212c2a581f7ca8c1,0.00014089326328925388
Source,02cc51e0cc486929df27fdcc58369a02bbba02340c039f868bc30a2e2e431020cb,0.00014089326328925388
Source,03133748c4bb933b6dfed2b925c0f14098013f169f8e6c1b65d8b89ad43ba7ba18,0.00014089326328925388
Source,02f7a2b766245e25039d386550a01b0eecb702e5524d41c7779b306e0f8d496746,0.00014089326328925388
Source,0361ce04fbf96019e87864b269af8c66395730f7c93bdc23f34a5b68102d8f516c,0.00014089326328925388
Source,024c30e2f084cf01d8899cb633c864447991d42288d6d5d8d00df08a6034f3f384,0.00014089326328925388
Source,02f8ef8779c46dd6a3aadae11e1d7d17ffa7721ef85c78fe4764e6ee828d1c12f2,0.00014089326328925388
Source,03d402a503704c143dec9103e06e1c70020305fcd9580635e13091d7a37943de32,0.00014089326328925388
Source,03258e24ed337e26b7f0ba1b4bd39a8e5d457a24f3b6c97b399d4e71e8535807fc,0.00014089326328925388
Source,0269ba746a03bb9b8225c4e78a85b5b8674a5b45ac425860944922460e94241932,0.00014089326328925388
Source,03c3d14714b78f03fd6ea4997c2b540a4139258249ea1d625c03b68bb82f85d0ea,0.00014089326328925388
Source,03e5560037d44bbd0f79e785f2a39829ab0cb249c8b909c3dee4b3ce5b226eb834,0.00014089326328925388
Source,02f4bf342f6a2267a0d15e62a02227f89cd4da1aa3e88cccf0c064bce50b0d26af,0.00014089326328925388
Source,035ac40a32530f45078b68a381575064920fd3c7b5c658da220bec030d0202a535,0.00014089326328925388
Source,03b7dc772622940b87507055888ec303c6c5f1fd3ac1a8c78a58c5cde2b5f59d0e,0.00014089326328925388
Source,03a3cef6d54b815a92502ae638fd50d602f986c959ecc582295fd456ca85daf125,0.00014089326328925388
Source,0349f11a40fe564fabfb49e9b552775b104115bc1a461287e534e93b668f7270e9,0.00014089326328925388
Source,024f5a73626471035b92b303717d155c63bef5288644a2c939464e3cfa59189d46,0.00014089326328925388
Source,035601c90637c02e93e54ca8f1e1b7602ec0607b9b4d41d7dc074f92582258678a,0.00014089326328925388
Source,02d11ab83d66a1c07b768ea6731b2edec9cc352a6a2b3438465e0fbce274316409,0.00014089326328925388
Source,02f568b71e3d8bb3ae1f2bd2035a9bfbac942ded484f812e201ce084c0e3614737,0.00014089326328925388
Source,025c622f4c4ef8b25c97d262b93a887c019fc77d9a793d648bb22626fe7b0f860f,0.00014089326328925388
Source,029d96cd39b20f6cb966922a2abf2200af22267e40a002aabba819c6e70e233138,0.00014089326328925388
Source,0212e500e63f4816dc11e402393c9b7192746b32028fe9258a199a252d3995392e,0.00014089326328925388
Source,02793f4f2f89c1834e1cca9b1432d8ab73f92580f9817da997522ccf105cd8af38,0.00014089326328925388
Source,036533303d73c34c58c35017cc286da18b5958a14ceed21f1d419eb818942e3698,0.00014089326328925388
Source,02325a6735e36233461a9d37c7daec425ecfca71f000b9207359effc86d63dfbdb,0.00014089326328925388
Source,02aa531285e87cd827d423e9f733791715f8497c23059c2a0444221922755083ae,0.00014089326328925388
Source,02f48870e8187cda8a0f22f35cb511b9f7df798ef5db645abf17a0f6db5e1a4519,0.00014089326328925388
Source,0329a396b7dd4fd3b718e50e4264150c3f2aa836d9cff89751e11bb47ae3572008,0.00014089326328925388
Source,037e303e5dcf24e605aad6e27e49520fcd5e47fe1c8fb82d4d5acdf122d0d3bf1f,0.00014089326328925388
Source,03d872dd2fe34757e3b61a9b2c2264ef7ead2166145c8f087adf06bae13f9fc4eb,0.00014089326328925388
Source,03eabffb8cdadaf8733408388df76ae4a7d8e487228e7925b96e2b389a61af2050,0.00014089326328925388
Source,03f0ebf167bb4806145b134459233f5ecfd0523e015044e912aeb09d0499c76dea,0.00014089326328925388
Source,02ed059647b2f73e84db3df1cc450652b5741d013ecd2bbf2143af63c733ecf14c,0.00014089326328925388
Source,0385afac63fdd711a83c25a63465ceeb5be8422dccbc82c3eecae90b79a752c2e8,0.00014089326328925388
Source,0385f7cabe5185ad406ac649e59083b71fc65885a15e2c65701afe798d98840242,0.00014089326328925388
Source,02c6aa0cd54655ffe015b0539db33e712b2f1cdd37a89834261c06ec74cec26a7e,0.00014089326328925388
Source,0270b0711ad349daf1954064f9c794d6fe1c6ad59e1bcea13007917a676ddd43b2,0.00014089326328925388
Source,02122cc345562215e46580425fea6302d0fcecbb4163a921b28a3317ba2dfbd55f,0.00014089326328925388
Source,023b3602340a06b212f176487da497c181ce489daccd386220af9fb6b509fc2edc,0.00014089326328925388
Source,027512dbc5225d2d51354f6838e4b6f6c875d7cf841ff6336daa98d6376c160d9f,0.00014089326328925388
Source,03821613116def5de68a997a9024fbdff09ce3dae050b86c5abec883f230e68840,0.00014089326328925388
Source,031806a71f2c9d973437a2cd218ea5a0c4be1dbae49fd7edae68f34728eec16a13,0.00014089326328925388
Source,03c7ec8f99acce78535721158a3a256c0e8131ea42e40c21be0af128af3dbb8709,0.00014089326328925388
Source,03af7fdcbc26a572407b2d71a25adbced7929451414dd19bed5a43c826cadb8570,0.00014089326328925388
Source,02943c383bc38a56816948629df6147c881703ca90dfaacfffb3374202a2c28ef1,0.00014089326328925388
Source,03d72412398e8cdc7c5960ff3b63a2edce7e4dc92538610addfb2aadfb674557bf,0.00014089326328925388
Source,0255ca166cca36893e18e36ebbf3956dd5e68bf63d91e552da0b5714de397d841d,0.00014089326328925388
Source,02ac0589f813bab7ce62115b75c7be6a5642cf5e46d8337879d794894b459b2d53,0.00014089326328925388
Source,0305564da23021c438ca52a793b5e0bb97a9e9e4ac6b5932c0f42a3d766564fe3b,0.00014089326328925388
Source,03caab5c409f779e64f3a28e8662db2ed10d23d9e31c58865670ea50a8d55b71c8,0.00014089326328925388
Source,039b2d2ad8cbbe5c4f261d09cc3d7efadeae9caa926f75d4066d60742f4b0c4dd3,0.00014089326328925388
Source,02264fe201466c8edfb3f88be77bdb4a1587ebfc556b00fe5a6da7aaa5e2aeedb4,0.00014089326328925388
Source,02e13268142adb988fa62ab14e81a1debc5d76cd52255b654dc4dc9894fabeeef3,0.00014089326328925388
Source,02676fec9428f2de8bb8a172a22a942c7636cbaf608d5cd584eed0862c79db4edd,0.00014089326328925388
Source,0397e25fdacbe8174e58bce84a49438b6306982c7d1c99c3a9d99050013da5611c,0.00014089326328925388
Source,031fa545dec9d33305e5a0777ae802741ccc0c4f1703451ea455b315764608e261,0.00014089326328925388
Source,036d5f176ad838a3dcc76361762c64d452bea769a539fd55c83864843af6a7b9c4,0.00014089326328925388
Source,03b85ae223dfdc4f4cdf777dc583a6c1af78032ad487ef27b07b4cd29b36667f4e,0.00014089326328925388
Source,031e53d89e662a9d94b55f565e66a777ccc6f5c3e730ecb0031fd2eed442950a39,0.00014089326328925388
Source,03e6a4a8011a32976b93b3692d446225f635d7843c35f17e7fd3f8272a955c857a,0.00014089326328925388
Source,0218e34460681abd93f862c17799b2b45dade4dbc953bb8f67e9ee50e2deb7f8e8,0.00014089326328925388
Source,02dec828e9b5432806b762e56a3107067719acdc57db7255f9231826f597c5cf77,0.00014089326328925388
Source,03ced15d387836cad334031f1a503a702746de811b89cba64075afd8e2e5a872fa,0.00014089326328925388
Source,035178f79dc627d8c2125c631eaacd92157be82bf9486be541b9a4914046e3a714,0.00014089326328925388
Source,02f3c32b3ecd2e258bdbeeab5748a47fce7f8b6ba4e169511fee5555f9c6ed94c6,0.00014089326328925388
Source,0395436146181d6e564368e8f383b3c02a3404b0efbf2c57f31e73ccf1c0cdc868,0.00014089326328925388
Source,02c2e6b13c4c0493cff7f63d8c0447c17897991fd490b4ea0a1beb4e8c47dc9965,0.00014089326328925388
Source,03788bab8bfd9d044018a55691fe5721e6c29a12a5ff07e9aed04fa465eb0a94a6,0.00014089326328925388
Source,0382b97eb6c8cec7d13d6222fc7363bc8b665f473b5348de4512d44cc5d7b876a6,0.00014089326328925388
Source,0342334bb915f37c2efc52ad438d71433199613642fdb78ecc2f2187e6b20bdfe5,0.00014089326328925388
Source,03f5412cc88190dee53d3c551072bc692ed64cdf9f2d1f7b8611ce190ec23dbea1,0.00014089326328925388
Source,02c0ffc358c60ef8e185ef857b3304623d74764b6acd0d721f85c68233ff3dacce,0.00014089326328925388
Source,034ba132529b78113773e771ef2abd03e44e96947ca7ab40f5e5bedadc90e68cfc,0.00014089326328925388
Source,03c52df40dd9ed540f379c09451fc532bac17592d44cd070263471334cb3cf3f41,0.00014089326328925388
Source,02b78caed0f45120acc48efe867aa506e8ea60f0712a23303178471da0ca2213f5,0.00014089326328925388
Source,0211fe359e02315a97c8c7b2b7ae10efd1a3fe50c14ce19100c301584f133a1cfb,0.00014089326328925388
Source,021bfb2363a98407e0d01cf7e50c757b8831d058dd2afd469e7256f26c8c74d23f,0.00014089326328925388
Source,022cde66b39d815d2c55bb6c8296e9d5f8b21ecdf1689520c40a1cc4064f38906d,0.00014089326328925388
Source,027d93cd3761c200084865627020f1192282100df1fd02f33201558c4433a6b082,0.00014089326328925388
Source,029961e3c56d6a964c67d46ccb431298d8876ffe39e8e8fd377d6afa5e5c398ee0,0.00014089326328925388
Source,029ebf859f2bd605b7dc1acbcf14f68af639c94e0a534c5b778e07faef3cc8585c,0.00014089326328925388
Source,029f0a9a4fd29322770aeda71acb0c083daaa7fe519c8f9560950def0117ff837c,0.00014089326328925388
Source,02a4d6945b37d9d6df741ed9c959bf9dd3ab047dccb0001df744e5a114702972a8,0.00014089326328925388
Source,02a5d7fa448d102b2b2dd551ba542b244d7dd6e3f36136c6435fa0f2902dbabd9e,0.00014089326328925388
Source,02b16590eb7248b68c1e2d958fcec6b3c2aa9d3dfea12053939682f567b618a7de,0.00014089326328925388
Source,02bb3ed0eff0529753f92769aef377f81760116f7ea84dda3854ae45e420dc175e,0.00014089326328925388
Source,02c134ab2d3747c1ca2258debdbc7a7bf91ddacfb9be45d84a0e1bb2aa273f12d9,0.00014089326328925388
Source,02e6a10c9047cc8957971b475687e074b7b0649a4fc8751e1e3f5e76fb8efd713f,0.00014089326328925388
Source,031476058bb6ffa3da107ed52b235b69166b38e5d59ba93efd057121697f249e8b,0.00014089326328925388
Source,03443b1aa9f03c1698fcd72eccf9477c9e2c3fabafe014cf4d9525b62b7a7f524d,0.00014089326328925388
Source,0354afc2e6aa7c92fba538ce6e39e106b3a97943585370ccb7a3b3ef8828b6312b,0.00014089326328925388
Source,035686dd9a9f396c10ffd1c06ab90b00be28a5f17997003ec0b50e4b9ff408769d,0.00014089326328925388
Source,0358e461ee6344fe8b54d50117afc5666ea9f028af7fe3f6fb5554ff4821e5c654,0.00014089326328925388
Source,03673de8d4526e7b9d10eef999b0d155ccb1623d287e59d2f401a34627bd60f079,0.00014089326328925388
Source,0383cdf2bbb0e92dee0684cf3d76d01fcae44597fcf387e05e822dddd31fe58b46,0.00014089326328925388
Source,03b4419e5cdd83650207cbdff7b703b2ef7a9a8e41167952cea0738914172811f3,0.00014089326328925388
Source,03c3c95ad84783246e526d1ce6a10e0e3f4b96690accbf5e5a75c349092961509e,0.00014089326328925388
Source,03c44e496c1af49f300d205e2bd6d7cf91ea4a89f8daed8bba464101e78ad561cf,0.00014089326328925388
Source,03d4a1ffac58a8ff20702a878af9b86bff2d44893b33a55ea6162e21d6438ae5d1,0.00014089326328925388
Source,037671ea0c2126a06f128fbd398c77436a2ade8ba1b840846b4dba746da439bee1,0.00014089326328925388
Source,0260b5b96ba23a3b88003d0fba1a7c11aa602ed6a0bb2d76861a843601ac12b572,0.00014089326328925388
Source,0286e50ebeaafdf7dc321f6c8cb7e964e236b03ed67494b6337215c5c3c42252f2,0.00014089326328925388
Source,0267933166887a75c55f6a4da39e8b2f7e24e65db470ba8d354e8cde89848cd5a1,0.00014089326328925388
Source,02da34389fc11724cf97689b74caffb14a71649b66e10328b1d3e3d0e0495e9270,0.00014089326328925388
Source,03e9725720f22b653c70c0c059c5f3a4b73b602cd5cf3ab77722ca49923e143051,0.00014089326328925388
Source,02bfcdab693d131125e1ea8161df97d47db6cc70106261af15f3b8c829f112c010,0.00014089326328925388
Source,03e26ff2a9df7795cfdd0693a605fe162e93d8f3c9a5da61fec661ec8dab1f360c,0.00014089326328925388
Source,02e77bf9d6602bb81732c967d14f2acd38b1a073fd76f4101518280ab64ad798d4,0.00014089326328925388
Source,03ba300b423f2911fb6fb680506c95841b8fcd3718f2cfe2afe88e4940b558c347,0.00014089326328925388
Source,03deab570615ad04c8f3fcd0dab7ab5ef14eae944a6e538ff03034ccd9caaf0858,0.00014089326328925388
Source,036ad733269b31ddb39a039dac61f138757dd816ebb12fab66d42ef5d4ac4c21f7,0.00014089326328925388
Source,03bcdbcfddc04582b7b28842fa6f5be936cc539d794038bb8567e0ba454cf73a47,0.00014089326328925388
Source,02523020cbc50522e867d5bfdc9515f076c58fbdda2b76bd8898a14cdda3ce3bc6,0.00014089326328925388
Source,02843e47d8e846252925204652f598d66f3d88b4d0939f5e2353f5245d0d521687,0.00014089326328925388
Source,02c79623006d6bdb4736b8d3cd9c7bbb1a8594e80591961983d31660c29834ef72,0.00014089326328925388
Source,02e245e1c4d36eee789dfe76b46241d169daba68460d03363f20059bd9aaef5ac6,0.00014089326328925388
Source,039f6d28f3302a7b77d36af3f994bba4d16fda6f4d83ba40b73785db693c65a6c7,0.00014089326328925388
Source,0228e4b5e00a05f400411a0b556fa0fd4d7609555dc687bebb9b70419aff15cc3e,0.00014089326328925388
Source,0315a0c3816b8a7942e54eba14ea98c68d5cc23b66b58d249f482e118d52b81338,0.00014089326328925388
Source,02f1b70689049e3db92ebe6bb5993d046ccf0728cd7d65d71a034087c0a41cc5e9,0.00014089326328925388
Source,035cfac4907b368fee370ea6604dd5dbe7e1fa12feadf7f31e0ae3e657b4dc22c7,0.00014089326328925388
Source,037041db9fca8ee411a79ea7165dcac059694c55a7f03e1b63f319c318ae8021bc,0.00014089326328925388
Source,02b932cca768beb6fb43fcf1d17ecfc7a8a724cbd83f52a8463adf1096446d4492,0.00014089326328925388
Source,02a1848703ac985a07d0baba150519794ca54673615242413dd9600bf88f14c798,0.00014089326328925388
Source,0397f5dad31ff9fb047a55134eb88f70acb8f4b4d2b2acd1181480c5f0ace9447a,0.00014089326328925388
Source,028489604063b889ebd1cc47e7476d084978aa92ed6d5a3c824334b939ea0b9013,0.00014089326328925388
Source,03dcc94ab317def2d988552e8d838d20cb5e86ba93c86098e43ba366fa843f5357,0.00014089326328925388
Source,02f1d55da26c119e7a33dffe0fc516a34a21c7318a3fc2fb5d846089dfb30c3092,0.00014089326328925388
Source,02021b7010efdd8126770e3e461ecdee0821005c97dac1eeec89a482fe95ab8bb5,0.00014089326328925388
Source,03649a1b6d19015c0f33eca2d2bb18a5674428c32a7fa3a996d918cf2a8c74245b,0.00014089326328925388
Source,03d592fed3daa35861a60499c862abe49302543738e2223c8ae7ef70bc331b2c40,0.00014089326328925388
Source,02b97c90dce3926e49a97d138f49bece43891af52ae9a06ff1c1dc876ad940212b,0.00014089326328925388
Source,03dee28e54a8ffe935f50a4fecd59c20982437edb033f890af7c3f9c1a97a4738d,0.00014089326328925388
Source,03e1473327b820a88ba6c35f158ef82953ae356e0b3f7ffecf2c88455a52ebf7c1,0.00014089326328925388
Source,0286ff2f5fe0280ed16a37d69e98817a623b5a3254e98e89099f4314bc99626ab5,0.00014089326328925388
Source,02f5cdd5e831b50c3a3b9553c20a0cac0829fec8cc8b8411a35d450994d6887b29,0.00014089326328925388
Source,03d30c55bf772eab3573a3eb8010ba9d34ea0a2c7894f6077dc970961fb5ff45f9,0.00014089326328925388
Source,0235591b82c3856e6ccfc10b70b7ccdce45c30994500c848fe1c81d8f6c3db604a,0.00014089326328925388
Source,029a9b6cae3c41077542aad1f07b81f89b273497ebdf10c9b61ffc99de1019ddb4,0.00014089326328925388
Source,024e6b554b83154a77bdabfbbf7b5bb474f66f84d668afca8f5a8ef5963b730573,0.00014089326328925388
Source,039f5bf94d60f0e62dd6868ca063568e23b77055b2700716add508aba55a9dc0af,0.00014089326328925388
Source,03d16e368652be985fff3352624dff09200bc61d7500a5c093b03dee85fbe38202,0.00014089326328925388
Source,03ec9ee6920809c8ca0b51dceec432718035344eb1e6a146424842c580c36b1516,0.00014089326328925388
Source,0221aadab30b769f60f289acd4c18c9f16dd84d994c7254c9b668acb1e0ebc1723,0.00014089326328925388
Source,0233b1184e6ea72af9f39e85f20e5051dca171261c324ba3316ba35af0d041ef2f,0.00014089326328925388
Source,036ea2f5e1446b78617c30feb84083375f09685d03472a17e515d3d7de283a321a,0.00014089326328925388
Source,03e586debb30f6e50b27b79a53def12b67e1a221aa0b395200fe026d56a4d20a16,0.00014089326328925388
Source,02d06bc8b3c6b9e94f80cc7d547349ba977ca62184e024cfdf23c2502bec27d6ce,0.00014089326328925388
Source,025fd609e5146a723f1fad7383884a7cb91d7fc68de1a72e598cdbb2ac1766553f,0.00014089326328925388
Source,0246bb067a82279cb2930cacb9782664f31208cdf34c1941b6eb1e917e11ed9299,0.00014089326328925388
Source,036c751e43d16a0f760de32af778e0bf021c27092f68ed139d8b55a00d5355a013,0.00014089326328925388
Source,03bfa5906e81b29b1564f24665636036419019bbdd1108a438556dd8ad7580daf0,0.00014089326328925388
Source,02dda24009e7ac8f7f8d0074e831f4a5e8ff5a8f6f72e069c798f5feb40ceb6227,0.00014089326328925388
Source,02fde528065ac5be1c82c309e46475ab0d2dbd7beeb90d85dd1cc87cea2680c2df,0.00014089326328925388
Source,035bfc9299763898e0e5910846313856435a2a236e7b449a09279a341344c3b77a,0.00014089326328925388
Source,02587953b4c0b58ec55db927934da07f53ffc97248f763505a10598cbe22d972b3,0.00014089326328925388
Source,0250b847bc71f6d3f13d6e440bf823d4ad5b4239d1d443209b8d40501b6d570e10,0.00014089326328925388
Source,028a4bb9edd8e0bac30555f0f1aa615383581976ea65377841ab75debac171b049,0.00014089326328925388
Source,020fdcd12aaaa2484535cf82aa317c39e2d2c400a7c134e5b0412acd73c44f2ab4,0.00014089326328925388
Source,0285cf82660f45894af931df8e5fdc5cefa64126f8f9389b417e062924abe8531e,0.00014089326328925388
Source,0290ba7b9d7d16d86c6ab71b43258f38e6eea12c71da110a2d895c6ae20fcdc01a,0.00014089326328925388
Source,02026c546d3cad18c9ae5a11c45789b95cec7d1cf1b6f4d396d945f768091f380f,0.00014089326328925388
Source,037f4172c79764ccdd4ac9e664f8c58da42a499a33b331953fa7783733e249574c,0.00014089326328925388
Source,0376fd22d4541312d4fb1fefde71aeb64c325cb16f27bd2adc4696ee75b2bb8fdb,0.00014089326328925388
Source,031ff2a08e6ada312980fc0cc4bbe380bc4c28bdd0fd76f4ca2753c47c91c61bed,0.00014089326328925388
Source,032e42afae47fafc446608e34d42c4483179014a49aa409110108cb00617395910,0.00014089326328925388
Source,03a4d23196b17e1f338c7143edd58c0a49c555bee17b0da159cfc4c62b8c7b4822,0.00014089326328925388
Source,02e344bc1ab46940cf1cc80a2ee2e983e91043666bb7a7bf937e3466fb700e5954,0.00014089326328925388
Source,02f4b30c558bcb3ed13b37b294ec5f0c8308580e3053454411f1c6f058cb48afe8,0.00014089326328925388
Source,039dc42f737b519d18278022d307196ee91fbaf586f68ac6c4eeeaa1ccbbf7c739,0.00014089326328925388
Source,03b9bfbfee5464048eea9f01a0e41a0e029a019e7df6fb5ce41299e75a369e2f3f,0.00014089326328925388
Source,02f578a763ac36afc421a0c65ae9c2befc36e745d9ee5e31bf1f00917534516304,0.00014089326328925388
Source,02fbf994bb48fd2a17865eff35a4c3c6a64a940b3f1554c366b65d02baf7801f3d,0.00014089326328925388
Source,03db011a6ec901fd9002e403e69340516bddcbe2b5f31ea4e24a1bdd0ea9061502,0.00014089326328925388
Source,0253ba1d8e760998c3eee4681df9a98cfb2b01281387282b3ba18f0e26f4227adc,0.00014089326328925388
Source,038158a2671c342368457cba6313e9ea18d5d0931a7e294b8a05b4445bfb45fecf,0.00014089326328925388
Source,035a6ed29e7ff4567d9878701823131c4c172ad0099332e00129d053342a1311bd,0.00014089326328925388
Source,0358fe9854b499efc83963ec50a7370fcf19dd16171d10edfbc0e87850caaa0c8f,0.00014089326328925388
Source,03be1a384d9b352aaeabe880ce2e687dc22712c763d43b87ac384cc539421bb9a0,0.00014089326328925388
Source,03776cada200fe237a1aaec4478bdd4c016f3c25c2fef4f1c3c409ca832c4943af,0.00014089326328925388
Source,03f546835942ec2643d058d9d81e7ea194be8ba73cfe23d66674fd50cffd6c549e,0.00014089326328925388
Source,02f82b917f1332e0b9beabebb5fd66f5767f2258f5a9135eb4de5dbf427a490b21,0.00014089326328925388
Source,03a719acf4174e713015591d895ddc0be90a47322877e76bd59bd29370515f671d,0.00014089326328925388
Source,037153811cde2522c006c91b13aa774f789b2209925889d1d52b21d12707b8ffb7,0.00014089326328925388
Source,020323d8f47d10ed146cc630c6b79accc9540213f907454f7731c337dc5ae9a7c5,0.00014089326328925388
Source,02259eb5d3e7a1fd18199c132fb6d19c663248cb86a1681e12ede3d4cc53120896,0.00014089326328925388
Source,02b1355ed628eea6e39b83a8954fed0894577da39c014b4cee2e1715e32d8bd3f2,0.00014089326328925388
Source,02b9056132ba7a5fc514362e07e49a51e2a96af0f7dd210e88f6e44bc9072f7aeb,0.00014089326328925388
Source,03341ff24de5443439a28af2388df09345f96a9f7e48ccf92e0b761daeffb07d81,0.00014089326328925388
Source,035a86a0ca4f8f09b608c9c9ffa336dbf474d97a87161451b0688636c374a7fd9a,0.00014089326328925388
Source,03ea56d087d74b1f65bea6e7ad7ba3f9d7cd05e81c44b122ecec998c725174e1de,0.00014089326328925388
Source,03020deaa5213f7a44ea0c289bbe37e96b852bc52a5804ff76d9ba9a519cb2f5b4,0.00014089326328925388
Destination,038525acf733137b782116669f512116f717d4cddcd065cb4f9da73aa653794d46,0.14288589658434475
Destination,026f1000e89e4749d25e164336b1f9f9ecf18dafa19505f00bc6426f4ce468c1da,0.1428456413662621
Destination,033154a9036e9200becba3367e146d0555f1eab85028787e5dfc33cc5864489e9f,0.1428456413662621
Destination,02f312d17db5c2c713f6f185b4818a7785dc23922eca7c9122eaf06a32d7f117fb,0.1428456413662621
Destination,0208d8f0e3000f596324afe9fe7811fa5c94814eb7bb282ab608a8abc271e1a857,0.14288589658434475
Destination,02f289b416fdc876c06a423f20c49424d7cb2b1cc400e1e3dbf419abbdb7e92057,0.1428456413662621
Destination,0258c0888ce0c27e23fc6497e381803e76e0a600d4fda23876b1891fd87e98fc01,0.1428456413662621

Summary,,
Most Probable Source,0242a4ae0c5bef18048fbecf995094b74bfb0f7391418d71ed394784373f41e4f3,
Most Probable Destination,038525acf733137b782116669f512116f717d4cddcd065cb4f9da73aa653794d46,
Average Source Probability,,0.00014086491055078246
Average Destination Probability,,0.14285714285714285
