Type,Node,Probability
Source,033d8656219478701227199cbd6f670335c8d408a92ae88b962c49d4dc0e83e025,0.0003630397598352358
Source,03cde60a6323f7122d5178255766e38114b4722ede08f7c9e0c5df9b912cc201d6,0.0003630397598352358
Source,03864ef025fde8fb587d989186ce6a4a186895ee44a926bfc370e2c366597a3f8f,0.0003630397598352358
Source,039f5888701d162da5c6fda161521aea1df813d845405f964ec54bc432b3ce4879,0.0003630397598352358
Source,02d5246fa6bccbb80732146e198d243c49348a29d847ca8486742f5bbec158744f,0.0003630397598352358
Source,037659a0ac8eb3b8d0a720114efc861d3a940382dcfa1403746b4f8f6b2e8810ba,0.0003630397598352358
Source,023bdd219b85d02da9b3fd679b32a1098c97122767433eb4ba59641514bbcbd694,0.0003630397598352358
Source,02d0e03736cbfc73f3c005bc3770327df0e84bd69bc8e557c279887344deb8bce2,0.0003630397598352358
Source,031df8ea711416b52d33c2f4a9b2a41d82f1da3c7672ffef2c24b0751cbdb75404,0.0003630397598352358
Source,02b3239d36d7e3e3216a9ad8250d5c01e9a9cbd1ea409b614936673146bc2671f3,0.0003630397598352358
Source,03f4553a2e6092fb7c03e7c4041451d9946e7326f6bf2c852278dacbaff798a4b3,0.0003630397598352358
Source,02972e2342498fa91691dc5efd0deeb3dc7877b2f3d68ba9a698cf276b1d5de6ca,0.0003490766921492652
Source,0308fcbebc6b41084c7df179f4064a5a4997f25fc78bc68446c248badbd30ceae7,0.0003630397598352358
Source,0350e8672e1cfbf20f5853505041a67df6fddbd8d3aea7886942cec9ecd27312d2,9.774147380179425e-05
Source,029f670766420210850a6c388b109d3a356896ff3adba3a0e262d4d8a74f225ff1,0.0003630397598352358
Source,03dd68418e6e3325b5a7d2a57542ec33a707ccd875a878d238a766b82d158837e2,0.0003630397598352358
Source,02db49beaa4d8d229921f1e85370841489981cc0e0f5de4fcb8816e2757232b6a7,0.0003630397598352358
Source,02ba001a2f916ebeacf4546d35cbc9f3c7db4516e37b975e73d119b39258797603,0.0003630397598352358
Source,03ae5e2427a98d54c2509010a78274c87952c3d024ec03ed63d3ff093d4dc7304f,0.00034209515830627987
Source,02491a3434a7db80abfa24f6bcfd8a848e4e5e107361ef458f5e558bfe5ca543ba,0.00024435368450448564
Source,02542b74385b4965bf6b5616a0eaafee06b58ac62e3d441fdb2380a92ded3cf124,0.0003630397598352358
Source,02fd2ff4e1e9398c270e59e4db2ad70ba35b55054d4bd4f6c79e89ada0a7e15da2,0.0003630397598352358
Source,034be84fa9ab4ea9f04f940d44ac6111cc669b4030cd78dc33949847c654fec672,0.0003630397598352358
Source,02628ea570ef167daa4de5d967f692df447e2375f53b4351ce464fd5a5852643ab,0.00034209515830627987
Source,03037dc08e9ac63b82581f79b662a4d0ceca8a8ca162b1af3551595b8f2d97b70a,0.0002932244214053828
Source,03ed688f4f8ac9f9e78baf18bc3843c5b4c6c06bde86bdc97601d30d34fa295005,0.0003630397598352358
Source,038775102258944fbad46ce629d453317ddf62dfd391e623e0db3efff0fb006762,0.0003630397598352358
Source,02c33c8f4e38ea2986675edad9265c59c355024bcde4c5e10e30eaeab47c1fa39b,0.00034209515830627987
Source,02ee60fef298e59b2ae4ff09642a62a1317c7baac97d51b1fc7e5581d1c6fef695,0.0003630397598352358
Source,031d7a6fdcfe5107244604798cccfa8a21faf2027f11e5ddabd9ae35fd3f869796,0.0003630397598352358
Source,0394879d35037b72f19ca075f8ceb1363b3a04a7466ade9af56d83d26301a3a824,0.0003630397598352358
Source,03d2d9b865127074632a6b8f8e67c977e9618b55ba0e7d9c005011549bd6ecc302,0.0003630397598352358
Source,02baf137993ae5da2ba45094e52b4ccf72588b059d32a7401c9759a42d9b68f114,0.0003630397598352358
Source,02be99f8bdb0ceac55cb5ea64b0f4377e5ee5d06917ff55d38d712524af1298592,0.0003630397598352358
Source,02939bd0f036eb127a726b7bd3c9081c36c9b769a94b3a3f74b53ffc18767acfbe,0.0003630397598352358
Source,02a7225838d63a99cf7f967805624d915775cfe96a5dfdd95f23b63ae157a63a70,0.0003630397598352358
Source,02c29832898775ddea5e84996a3120b58ea0a76c8f6f89129e3dd86f46420536bc,0.0003630397598352358
Source,0358327cb80ab2a8db36a5924c62966c7b4a753045600df594aa3863ecb618cc5d,0.0003630397598352358
Source,036902961705888f6f8897ffa99d1fe66dd539e2be8bac59dedb9b8ca717031428,0.0003630397598352358
Source,039aeb49d81cf764691fcce0e1b5a0f43528f3d65337c2156d9baeb564daea3e91,0.0003630397598352358
Source,020fc7e62c9956a34bcdba309a4809ccfd7adcae4b8b644cac81b4dc58d43a2479,0.0003630397598352358
Source,03c8ba74efbb09b4223746e19bdd96ea6b7cbcab06e1cd51f363f9be7b8b444b40,0.0003630397598352358
Source,02740c62f38896511eb98479036b06907fcac283f62d08b756a1e25fb55e3f6772,0.0003630397598352358
Source,02e510f80a36cc0503e8c5b38e3e000e7cf9867108a0c565a122815f5d5aafa6a7,8.377840611582365e-05
Source,02ed7aff0826551947a359d9ff46dd199417ccade5848b2af390dd8538f5f2f92e,0.00034209515830627987
Source,030035ea59d3fc1b6f598dfb835260dc03ea3955207086b43273f4f7966e7e7381,0.0003630397598352358
Source,033a6fadf13d7ac90347cdbc9b47b980d2746ddfe86bec86f0f22c9b5579263e52,0.0003630397598352358
Source,03425bb03614335589b053c57b82884adb6256f8a5fceb0787bc7fda125560c9bd,0.0003630397598352358
Source,035f3eface5666a1a4bcb5950d768eccd35ff122c64dfa71ee50db749ac088d2c9,0.0003630397598352358
Source,02e9c9122ff3a8094eaa5d5fe77a58d86cf74c0255301ce132e58325a6e018fd06,0.0003630397598352358
Source,03a0eff7571c0df85de299fe9dac581f67dae2eabb087fe15e2ddddeead195e449,0.0003630397598352358
Source,03a692458aa3357c5dede272b1bd4502209531a8fc50cd6d416331e557c04aa5c1,0.0003630397598352358
Source,0200081eaa41b5661d3b512f5aae9d6abfb11ba1497a354e9217d9a18fbaa1e76b,0.0003630397598352358
Source,02005a505c16ab5321e73f1efbd0fc74e2cccda04e67fda3a036438c6372b3c918,0.0003630397598352358
Source,0200773d5aee6a9ee90cca37a1350d14def091b51b008e838c6d64671abefd4eeb,0.0003630397598352358
Source,020129a90672158cd9c59acc6f1c9ae1e460c92f28b33e2339882c1b388b45da9c,0.0003630397598352358
Source,020181e74c5c80bbb4b47f58e1e1012013a199989f61597d6fc5b4e386df79d3ce,0.0003630397598352358
Source,0201be5b63e839fc57c66c7ab21dcea3aa79001de132f29ade96a0c2d6680c8eaf,0.0003630397598352358
Source,02021711ca9152f342af9191c13c31fc7e47d5192dfcdd97b0f0632b0410aaf929,0.0003630397598352358
Source,020289fedf16cc2ebd800d3292de03c01297a7da786934622e0c49336f00e15deb,0.0003630397598352358
Source,0202cb8bd84def2572449b28f6dffbffb16b4ecbe00c32d4c02a6e9b13822e71d7,0.0003630397598352358
Source,0202ebd010a208703ba654c178412c23a1e5ca5eff7eda2e46599a1e63b0cf5265,0.0003630397598352358
Source,0203a21e744c231d092383b5e2df60709f9645a538d2a8d7c6f2ede8c4301c0bff,0.0003630397598352358
Source,02043bfe604fea62d38c9e73a76db3a5becd266a0ac8bd3c0d3fc04b61ac3d753c,0.0003630397598352358
Source,0204c7c3957c36fbecdc6b3c64f4638fc030d5052ab13fbeb538b4b4e2bd1bdc3d,0.0003630397598352358
Source,0204c9def9eaa9f467fde0df0e889fa593078aeeb6828b7e71fa39c36075a42002,0.0003630397598352358
Source,0205175f042b46aa68ba5c213ce98c476021efbfcc9b91f5103231f61b023d25b1,0.0003630397598352358
Source,02057240f617091dedd1bce0da761eeaf1809ad9e131771cf1f34858955e2a304f,0.0003630397598352358
Source,0206cbcbb6d42a350f306947eeeb8fc4f25af57d8d173332b57e1a3fb743b74436,0.0003630397598352358
Source,0207783d466310518bc651de86e3181354fcc06fa3a0b1a08b8a942b8080165c0a,0.0003630397598352358
Source,0207ebfbf356bc761a74d2385b5978d88e37a1ea7e2ff30f9fed4813edee2052ba,0.0003630397598352358
Source,0207ec5824eefb0731f88353ce9b533a9c2e7126991b67cc0a0fe9a65f4ac8b0e2,0.0003630397598352358
Source,020805806873f15859492d9ed1c7bc574a7432cbebe6abf13ce96518c8dcb589d6,0.0003630397598352358
Source,0208c8768da0fe9c9e5a6c9337da26432dcc534a5391fbd2955e977dfb67997658,0.0003630397598352358
Source,0209595fc59fa632290399e1e1cc2990fc688bb1ca2fc80e367a34435818fea8dd,0.0003630397598352358
Source,0209941395e5a72a74ad3356a1ec01a11143d89c6a3bd62ec24807bf45e8fcda30,0.0003630397598352358
Source,020a2735dd2776ab180e3d5f3c285e609f745de0496651d05eb2a3def34e1ca5ca,0.0003630397598352358
Source,020a5c23e97336dfc1e68d79e1efabb1b2960766f58ac422c8c20e11a765ca304f,0.0003630397598352358
Source,020b1d32cf2d8b9001f9eb183379417d8d136c86b45bee59e2bf2b83e3fba9aa65,0.0003630397598352358
Source,020b7ead41d8cc6d80c6f152b67037ee8203e7226a44bae460beeca464d75a773d,0.0003630397598352358
Source,020b883e5dc59ad5dc099b994c049665e74fdd998dbebb24d68fddecf6e3f02f93,0.0003630397598352358
Source,020c6155b41e622ac2c1b0285a52504ec9e0ac254f5a0bd6802043cd5f9b2e4a57,0.0003630397598352358
Source,020cbe0029074ffe3546c6e6e74f1dbff74eac37ca7a60b3cc87f7ee2c83c0d789,0.0003630397598352358
Source,020ce512d9578156e00b8946d4b2b2375db48f6805253fe2feb31ae807ed188467,0.0003630397598352358
Source,020d01b5c15c94dc84eb3bf0402f41b073423624a2df35c88ee2cd6c8b4b29e838,0.0003630397598352358
Source,020d6c7f7ae5b4abb0944656311eb1e4eb6a0ef877c4dcd6000c879bd9ab53811c,0.0003630397598352358
Source,020d843ee4debb09feed3e6f7dbeb730f06edd6b4467aabff8d7127628f17b3e56,0.0003630397598352358
Source,020dd8fc221b1075c628bc049a0580e4dbb510d73d5416ea9a1334a518c467c5c3,0.0003630397598352358
Source,020df9bce498c3063f8046dcf036f075556628a2165958e7e5f35838e3534e6c41,0.0003630397598352358
Source,020e03b11c78bf51be0df8136447e057298e1456dfe37c983ac13abe899a24c469,0.0003630397598352358
Source,020e185a68d4fee4a5637b481dfcb1c485b13600eefd0642bea01fdf3c2ec50873,0.0003630397598352358
Source,020e575a044bb98c7290cb2d2f6684262245abe398829cb9d1a084ce42fc2abac4,0.0003630397598352358
Source,020f8d5983dd862dfde6e78bda53fa4ab487b4258d01ee25d00039c019c3888295,0.0003630397598352358
Source,020fb206e282c01b30f77dfac0c111cdf5f3d0e234b90e2528752c05cd53d89559,0.0003630397598352358
Source,021038bdf13575ae9783e547fbe385ce9a9e8ff7fb2d9ecfc557fd863745c12b49,0.0003630397598352358
Source,021053940184f66d73ebeb80049d1ce5c3fd176e9c290ff9433aa6f25d839c31fb,0.0003630397598352358
Source,02108aa19613f51a93910f5e18953c0111cacf9cc0db0e6527d507621f4f54d7d2,0.0003630397598352358
Source,0210b92e257e57025bf9dcab45c2b5dff7eae77c43699369edd943b130e0693f49,0.0003630397598352358
Source,0210c2b9701f3b7c309437c73151b952f11c1f53e236aa40316a042945cea5a600,0.0003630397598352358
Source,021109721c0f5d60297cd26da4e987c4b37706c1d36242e1e402af08c468c5f47b,0.0003630397598352358
Source,02116779af189cf8f82a9c3f81aecf056abb6e5666e268cac8de7c07c26d66049a,0.0003630397598352358
Source,0211a3bc1328c473247628a446b4c3902d81b03dcc0847e5714763bd026dcf7fe6,0.0003630397598352358
Source,0212287641bcf57063a692a445e0baf08d64d461745ae9708ce538c6e64921b89b,0.0003630397598352358
Source,02125633cef3e48615802a833fb9efbce7ce6a5e963e132f5bdc959c7c6a6b826c,0.0003630397598352358
Source,0212a407aa2b75b37ea243d7ef4f7ecd80f2f5f25e0ff847401446a66adeea9f35,0.0003630397598352358
Source,02131afe0b4e48bd4e9a72edacaddd35a2f8e472f61cb6578450f95b779fdcf1f8,0.0003630397598352358
Source,02132a03d8518b95e1052a8b3835756f9e40903baa87f9ca36d97692665e00eb08,0.0003630397598352358
Source,021368ec4526827bc0acfe8c1d0b684d7678528fafbc695faa517a3ab191e92c92,0.0003630397598352358
Source,02149688a7f2e395e39cacce9b33a55b44c8f04057a72bbc0dc8fa994507a7ce87,0.0003630397598352358
Source,02159c81c5fde1dcddff8130ea45321dd701840d8e0c3a46c03f54991c4eb2e475,0.0003630397598352358
Source,0215a99e8623fd9709cc0997fd84feff772e7559375206bd4cd0d3032aa821b9b1,0.0003630397598352358
Source,0215dc24e22168a2056bbad951ddeaf494c7ffef28c3a2eadc48d9552ccc69b989,0.0003630397598352358
Source,0215ecddfe06345e9acefbfb1faf064ce2ffca5bab7507043eadbb8ff082f99f87,0.0003630397598352358
Source,021663f2ad55dd39ab708992aa9934bfc1635885a47befeea9782c42bcef9e9f0b,0.0003630397598352358
Source,0216781c1d994c0d5daad5e86b29c54b1a6fab3827781c97529799c471fcdf0724,0.0003630397598352358
Source,021691a57faefc1910e75355ba79b21502ebe0852fc496374a14bb9884641cc4f4,0.0003630397598352358
Source,0217a75ccc5fa0b0d56c3de5a90a13c1c62fe56aaf3d55c982ff79381268b3cdaa,0.0003630397598352358
Source,0217d77af5fb2f46dc826de7818c7070a53309ccbc313f9ac13bd9b95e978f6e9f,0.0003630397598352358
Source,0218335ba669f61f9eb6442f65e045a8ac8c524724dea9c3ccfb4bad2da70ea5d5,0.0003630397598352358
Source,02183ab3028fc876a7ced70a432b83c93935120a7941665a99e90010df520164e9,0.0003630397598352358
Source,021859ea7461ad23fb79a21638c6ad1e7f4c9c7980241bc17d99526025e5f84580,0.0003630397598352358
Source,0218ac64009ab1322f01bbf3103771b59528495f6f32711bfadebfafdb63cee18c,0.0003630397598352358
Source,02199316fbced0b01d2f0987aa74f1a383669c4348c17ac24b82fcf8146f2d6a90,0.0003630397598352358
Source,0219b2e8898ee01afd30c4e95a7481e724b56c315c11ed710044575a74626c944c,0.0003630397598352358
Source,021a5c8e6d38e468596db450b90a68d63a3ce1505ea73778ec0729282381191410,0.0003630397598352358
Source,021ae1459830f490ffb6fde437eb99210ace2bf4ff9afebb8b2b9c4a704440e3a3,0.0003630397598352358
Source,021ae1e5b99cd56ffe5040e24bf8f00ee394393e01c46d713d181dd7b2a17f236c,0.0003630397598352358
Source,021b062d68e6b63734a559a40bf08997e6a9ba8df07e5b2bd198f7b344e8264742,0.0003630397598352358
Source,021b66aa695a8d939a201118b15e98768f50538cbfe1f718c6c3a1816a8d1a2ef9,0.0003630397598352358
Source,021b692549a44a6ea5d59d908aa8c14515bea07a4496e53d222c8f506a3aef82ef,0.0003630397598352358
Source,021b7464aa1a5c5298885689f0243e40bb5a80713e154103755114d8ca12a3c41e,0.0003630397598352358
Source,021ba5729603c9821c8c7e5baa0d828a5861e3deb9f624a5173a842b526e1458d8,0.0003630397598352358
Source,021cf7e967397fea7a8fbdd1a9d1b7bc75d02a1e44de3b1fa70061fa481cbc3925,0.0003630397598352358
Source,021d5b37197e000eff8ee503659958e0abbecfe2d4761f75aff6aab4b82d02a61a,0.0003630397598352358
Source,021e08c4621d5261e6e6375078ac162367ac7c2d5021520f598c94953895b581d2,0.0003630397598352358
Source,021f916a46b69ee9541c13e0a4a0ecb571f7c72f1fe6b7e53376b2005365b44a73,0.0003630397598352358
Source,021fc76ea803c7ff989cffb1b52bea96fa8a2c6d1721cbcdc5c0a4a891ea2782aa,0.0003630397598352358
Source,021fedd090dfca119ff2b4cdd5c91c027dafb738950a67bd39915bbf802b92cf71,0.0003630397598352358
Source,022030420656ec11a47fa4b5a4dfe397e31aa53b7b5cc34942c7236845672f6215,0.0003630397598352358
Source,0220df632669ab1d70caa73eaa9d05edee1fcf27419163e0e78d259e4c8e8e9337,0.0003630397598352358
Source,0220edb1d15d1dd6e3c57d8822d00fbf2a9768060c91c5eeb3ce8aa56f42342426,0.0003630397598352358
Source,022178d189661a1d96904a02f8696e6ec2f9a79cec54514ff638e9ce74294c4a8d,0.0003630397598352358
Source,0221f3ce3f7d2ac19e9c3deb84bac68d1f4c6f616d49a221b79e84ba2b63c92ec2,0.0003630397598352358
Source,0222781c89319c5964ed28b75876971fa82dd55eed93c8ff6cb2857e40d76cbb37,0.0003630397598352358
Source,0222ad16e6fd93cb57f36be279aeb1972c9d4fc19974a5cb1b4605c42bc53b2146,0.0003630397598352358
Source,022306bf59377e3c6c8c445c025ae9e030dc2714c199975ef18de0421a4c03c7e5,0.0003630397598352358
Source,022316f1c42c310164e0b660dbc9c630d2ffb7b660a81157c168331f1e20daaf51,0.0003630397598352358
Source,02238f0f9a2a9e2b418af6f751ddef43d4d81e6650d9de50480885e62a38a459ba,0.0003630397598352358
Source,02246b2b802a75946ce00f18df050e9ce3edcb4b57f303967f7470980e5834011b,0.0003630397598352358
Source,022480d22b2de01b8eb7d94b76e38feaf2d72ca49c84cf3e691182117a93f2e08d,0.0003630397598352358
Source,0224f8a99c01dae0fb027122e6ec07c2e298ba2dfe45b9a957f062b8648272b894,0.0003630397598352358
Source,0225175278a7714738a9fa2a17cdde1d1e98b19909c82c83c9023681c638aee383,0.0003630397598352358
Source,02258ef4b60edd70bb5b004baa2008eb974f8972f516a414627fe83fdb6ebef60c,0.0003630397598352358
Source,0225cc394912e01894f1cacb5161fa563eed6e524b231309f96fe746f0ba30c3da,0.0003630397598352358
Source,0225f33ebf88e8d58d3ba7006dbfc70d05e6f797026f2268df9984f29b738d483d,0.0003630397598352358
Source,022725f2c95caba8c191eaf7d5b32674e446b4027f0afe7df39b8d437c4a4fa292,0.0003630397598352358
Source,02279207a1e4ecfec9e528469273652629e5c54c8bed70a347f47ba663d53c6922,0.0003630397598352358
Source,0227e8baab7b4397a88ea2bb3976a7fc8f975aa4fc28ef9272a33b6a1291ffff63,0.0003630397598352358
Source,0229715d85d30a71e3714debecf6d1a8f9afdbd3e1e9b79ba27ae9efa12bbf4105,0.0003630397598352358
Source,0229a627f0acb9a0d4c22c4abc8f79710a7beab153956318303f8780d02ede95e9,0.0003630397598352358
Source,022a1e66cdbe7739b19338357534c99a24a2a1fc0677b08fafc7f10753ed28cef6,0.0003630397598352358
Source,022a7809052db05fde648391a53aba82286e4a517cff1dd61d52cc58572f481a3b,0.0003630397598352358
Source,022bce70c6252c6c9198f40f8f1c8bfd2b22975c51b4d222b6743d6736fe49ede9,0.0003630397598352358
Source,022bd0aa893db4ac890e457cca8c83f112518d6941bf9153dab4bf904620503a78,0.0003630397598352358
Source,022be6257c27afe5410c732d1f0269eabef306400725a277c5ffdf32fcbbb32c0a,0.0003630397598352358
Source,022c3ce1e4304aaa6762ff78aed9fca0afc08f928d78208d584150e52a1854196f,0.0003630397598352358
Source,022ce3a40e10c7a4beb0d852490b025b0aaf75d203dead5cb28987a439fd7c3f3b,0.0003630397598352358
Source,022d0315cfe2cb6b9b1616e3eb31b2744ffc525d72e05eb66e30dbb2fefc44f5c8,0.0003630397598352358
Source,022d97ef3ae9d5fe6518cdf42336f7a5efd31d18389cc2cf1e8ae45a54c388160f,0.0003630397598352358
Source,022dc9c1b9732cf08168f0005ce07920607fee96bfa1b91daf4c1eb8f05a6d16dd,0.0003630397598352358
Source,022e63a17038519c55d5bdd4a8b77fb349934c4a812c337da5211b4de7eecbdb26,0.0003630397598352358
Source,022e9d43e9ca90ab8817f3581c0a34db186d83a1a6837ed61d6b08a06f79909ed8,0.0003630397598352358
Source,022fa4a3d76c4fe8cdabfc896e5bf5605451c724c7cd4f5979a7c0fe2957ba6197,0.0003630397598352358
Source,0230c3d8719c014ab024e6ffd68b1136f57a2d48100a6f09c1a1e417b8e682bc6b,0.0003630397598352358
Source,02312ae5b618f26b3754454a3f5ba80d8c714f8f107e679d76c4f334c5602a5528,0.0003630397598352358
Source,023148d9e853d515ba87ff3ad98c0cb125c0855756e5dd811a857211658c4240a8,0.0003630397598352358
Source,0231aee28fad87798e7b702ec5184f900904446e5eace03030c4f61902f66cd42a,0.0003630397598352358
Source,0231db47b1815e2f021ce5fbd6518d07c50d1a4ec07c2d1a273e17b6b12fc46d7d,0.0003630397598352358
Source,02321e8f1301fd95b93b2dc68049b8d457c9c941352ab93cadd94087ce57aea8d1,0.0003630397598352358
Source,0232fa3a7fc460ea7efcb407233ff4aa0eea3f2a2746ad84e35d9c96d83abfee19,0.0003630397598352358
Source,02334b5e14ba6a5238150242ba8477eccaf6d9dca34ed5137a8eee402b2b3913e4,0.0003630397598352358
Source,0233b3df8172c9355f1a808d5c3f4766813083ff7386190c9f69c9c5a7d00c717a,0.0003630397598352358
Source,0233cedbf5539c05a50b2efbf88a544e89b89399646589bf95fc18572658fd7da9,0.0003630397598352358
Source,0234444ae8d91ba7c019bcbbaf59fc9822f3d3a266274558ce4b2bb0623cc6b29b,0.0003630397598352358
Source,02344fd35bc80f464d89451f17544108bc252936819e9319cdb646caa173a64bf9,0.0003630397598352358
Source,0234f3200e878b8312e738ba42d37e2aa5c9028fecca6afd9b1114f8466eecb5f8,0.0003630397598352358
Source,0236007805088112d7762966d5d509d8a506171a88bf6a79f39320133cf2d9bf4a,0.0003630397598352358
Source,023730a2241aaa503648ef51668ba36a56377672ef8638672c3cd39bc3e2a14721,0.0003630397598352358
Source,02375a9ea813209a256f180dd885165c5af64c6cd749725a18b3db05858ed6a8df,0.0003630397598352358
Source,02398fd3bd9b43a86c49683865da7789e15744e92849bc7cee85c7b7b1729436e0,0.0003630397598352358
Source,0239ace7d127dec146939056be6951e2f08c85e9d4977c7c6642b109b28f0302e6,0.0003630397598352358
Source,023a75118b00ac011506e63e347924138330293eec94977a725c82048aefbbc883,0.0003630397598352358
Source,023ac2823d9f672a747db435e6d3fa0915e9d753fd53b2cc442dd95490b557ed80,0.0003630397598352358
Source,023af487e8558d7d6ce7a944e54c207d6a0c1a40645f85f1fefc2860cb2404420c,0.0003630397598352358
Source,023b40b208a9a25be7c6111ea99b8ac213e5806c8747982fb9d0d856f87fd7fee1,0.0003630397598352358
Source,023c383d93123ac596a0961ef061008bcb5c0d05358e921ff18aaaa440206fbee6,0.0003630397598352358
Source,023d0c9a11da6f93e932c96e9b17301893981cf9a0e1ff231097611cf9d5bc5de8,0.0003630397598352358
Source,023d16b75464e939ac90c67c6ee3ae3d02805230bfa0182f0fc7f6fe551ea1b015,0.0003630397598352358
Source,023d3165143024c8bf7538717ceef296710f38317a9b8d51521fc1aac83626e1bc,0.0003630397598352358
Source,023db4fc53bed872bf1f639b553c643c727461e5c2ad41c2fe525c5f4f9b747a71,0.0003630397598352358
Source,023dbc829f93cfd3dd590ebe0496cdf25114cd14717ae0a4209cc3cc864fb3a2d7,0.0003630397598352358
Source,023e1d002022f5aa90fe4ffb71c5ddc2dd20cd9aa4540e9e15290a2b52a78a9f4c,0.0003630397598352358
Source,023ee6fb0d1af1c2a240331b0e5add6618f6f4ce8e59b13fccc78c220a8a61f4a8,0.0003630397598352358
Source,023f6ac900ed8d20b85533afa498448e33c53ba59adc1525732255448005c3717e,0.0003630397598352358
Source,023f88840786f8d54905062def41872b613a1e192e0c886871011c87e4a03e0793,0.0003630397598352358
Source,023fc9930eaf87955db3615ec4da0d12d09839578cc544dda4df3218ae683373de,0.0003630397598352358
Source,024026e7e6c92f48df9ffaf5c01ff1d6110cf74b99e19a9436e62f1681695bcd1e,0.0003630397598352358
Source,024038bc846a7febbf8dba84fb1982cecf431ba03ffba74c9b48a24c24d2ab066d,0.0003630397598352358
Source,024094a59dc794181648a928e39a1fd2312ec02cf7e2b89c9505c04f4e416ee5af,0.0003630397598352358
Source,0240a6568e807179a2b61e27291af01310648ce541992b2dc137ce454941fb351d,0.0003630397598352358
Source,0240d316a961d912988e8feee7dad89a24227c953b8c4f9eebe4b4bc524ec47b29,0.0003630397598352358
Source,0240f910f0ca3b45ce7493d5dbd3fceec82378d0886275843db22ac9239bdbd497,0.0003630397598352358
Source,02412d393206736f5451511a3a527a1ba565911ba40d05e8811546816835594355,0.0003630397598352358
Source,02416502374e1c81eb2e952ce1d69a642b4902d147ffcd2407250114deac2509fe,0.0003630397598352358
Source,024188028817022670d2ace78c90f1f69a54e064263914d7854ae44862a88fe300,0.0003630397598352358
Source,0241eae1ac5fd3f08567cf4ca579b076cc96d3c4f35c138379a99a25b2c26e7a70,0.0003630397598352358
Source,024301dfb5f0ebc722eb3c73e37f06b192840e3628b076b654aaf09c82ee1713e5,0.0003630397598352358
Source,02433e6029595c26834c3e95b739ffc0c7a59a61de8e0addcc8de704ba73ee5d3f,0.0003630397598352358
Source,024499ba06a647fa11904c781889630536fc55837c61ef9fc50080ba060a3c263b,0.0003630397598352358
Source,0245c76eddf79d946628515ae470a2458523e6553c393311ce163fb96596af37f3,0.0003630397598352358
Source,02462b5bca3db0753aa65e71c9d49ac83d65cd787c4295c86284d0c3a2b0f98f3b,0.0003630397598352358
Source,0246e8f06ef0e7a42d1f1adce6520329312851513452a259c7bfbe648233208d80,0.0003630397598352358
Source,024722a3ac8fd714ca658534611327fe898eb221491db3aaf01e5ae972db2047ef,0.0003630397598352358
Source,0247e898d2e72acf6e386472b9b98467b11ca9fba7289caa6d658abfb6c97c0ba6,0.0003630397598352358
Source,0248d4f63760360a6c87c59ce3eb446258986b2efbe23ee9164c50fe000a4636f3,0.0003630397598352358
Source,02493033fb238cab27a1412acc55101bab4a9b644f1d18b76287aa8d764c9285a4,0.0003630397598352358
Source,0249528e8e0ae41dffe6186d4760b79caf5851e0642f94f335069f1da4df5c7999,0.0003630397598352358
Source,02499ae9609e459bd1d75770a450d4f9c79d1990664e36b325dbb8ca0ffded8400,0.0003630397598352358
Source,0249fe70a49cd5c6d6e28697794af388df0422f9f66088427e7e066b776f84088c,0.0003630397598352358
Source,024a65932bdad1c4ef070289a6dd9f71b315e61d871b38c79339d0cc3d26e100e1,0.0003630397598352358
Source,024acd1c8d0e46713ec76cbbacdbaae7f394d6cffc0509d7e42c21e2822879a06b,0.0003630397598352358
Source,024afe7ce90b3b09a886e68b498e0593050cb364bcbcf3b4f97ffed0124cbbf506,0.0003630397598352358
Source,024b5b162cb90768d852c9c9b5ebbe712be34f55f78871894f7ad7a761a1b7138f,0.0003630397598352358
Source,024b9323715058abd3687f621db1ff91ba73ddfb5bd4d369881169297f303f848f,0.0003630397598352358
Source,024b9a1fa8e006f1e3937f65f66c408e6da8e1ca728ea43222a7381df1cc449605,0.0003630397598352358
Source,024c711b33483b2cdd09670fa220ef7effb7c0340c832df5db64264354c12d7a86,0.0003630397598352358
Source,024c71c987f240c9987f6f3d5386a2c9146f00f59bae73defcc3bccc1a6e61b11c,0.0003630397598352358
Source,024ca705edbc36bcae5cec4a2196b2e4c244b3a8c1b1aea4b97d5cb69ce94b5fbd,0.0003630397598352358
Source,024cea6454b330c186a6c7db8110f8f4791596042ca6d7365ec5b03c75a28cb9bf,0.0003630397598352358
Source,024e6f7ea0ae529e30db63d6ef1deb743af2c5efd58a78837371fccb5eba898199,0.0003630397598352358
Source,024f0c856c64a2dde090f3a9855f57cca1f57c7303f96ce0778ee5e84d9dd3819b,0.0003630397598352358
Source,02506e19cd5ad704c8ee2a3b93d043e6c2cda60f1631597ad08346b26ce957469f,0.0003630397598352358
Source,0250dd2909456bad0ba942df21c85a02eb80e1a3b66ee6ad48a3f6bcbe999dd43b,0.0003630397598352358
Source,0251269ad424c00de9b570f5d7490c909da4c13c9512af0dc03b00f7b7ecd5429b,0.0003630397598352358
Source,025148d53c5b71bb8e98cd71d8b663beedadbd296f5b462741d0b6cf84ed117d06,0.0003630397598352358
Source,0252061bd5cde993af2863eab808d21eaa2face86949a3915bbe64c0a7b9bb8ca4,0.0003630397598352358
Source,025220d94bbb6d44ab7163047faa8f1769bc800a6e330d7f981a8af0356d84f2fa,0.0003630397598352358
Source,0253b02752d9629e6029840e2c6a70aa13c72d6de18ef4209f6fc809452be30236,0.0003630397598352358
Source,0253b838234635b673e5d57b104520099f6f2935edcbbd6e6215b5eacdd11e3100,0.0003630397598352358
Source,0253e62868531838dbc07cd2d7b0d3970533777c5bb78dbe8238f03fd6fc5d6a1d,0.0003630397598352358
Source,02543ba64ac295fb8d59610faa652af812694561eb29bc481fb18f799844cef847,0.0003630397598352358
Source,025479debbeafca668da93958f227708a36e6fec9c82cf3e544b3cc59b44bde37c,0.0003630397598352358
Source,0254aece594745b70a0ee6729c649eef57c0b5020be8cab2f4d46ff175d9333200,0.0003630397598352358
Source,025507833c7924a2d64f6ea45296615291ac6ab42c51cd2d3e9d8f268e1c1a8556,0.0003630397598352358
Source,02552057dd53a6c646400c91d785d4ef2adccda884d8595b3896f44fa538b3d137,0.0003630397598352358
Source,02559f7bd0aa9e35047ee32ddfa5b531968245c644cb4f1f0e41ab191af0afdb19,0.0003630397598352358
Source,0255b0812589b3d10657655394bea298cd9f2033d9220f313607eb495291f2a729,0.0003630397598352358
Source,0256aa1e6b8bb0546dc60b5b6074b7ac031344a43eebde126fd930ae7e0e3d0ec7,0.0003630397598352358
Source,02570ce017069fed62d531fbcc46636c6c128d2aa24aa8c3c124fe084237d191ba,0.0003630397598352358
Source,02574d4de238aaf6f382883d91001bbeced1f619cf1c00693bd8fa268503dbad1c,0.0003630397598352358
Source,0257a0e81a593cf53737197478d01dfe1ce8e09d0269df3aafe29d08da0ec1ff55,0.0003630397598352358
Source,0259204d857955118bd6363ba99f967ab1647d9371d9206bc4752b056c4ba683f0,0.0003630397598352358
Source,02598ac7414867d404db6caf55f7a00cffc5bf6fe173b0c1784a7e5a4520d3b229,0.0003630397598352358
Source,0259bf03f2502722e0d8d90c41afe1c263a20af6f33040a1a549b27fb455eeccfb,0.0003630397598352358
Source,025a62c3ed9fb81a1b5e3d80227beb1ea00eced4aa359a6da2c0ab762b65c7b522,0.0003630397598352358
Source,025c0a0f6700685017ddf41cd1633feb2a4fb626e57235ff2a69635dc4d46c1aa8,0.0003630397598352358
Source,025c33e788de5820e9f0ae31c6e7391dee639ea9991b589aec1e7313c1b7933210,0.0003630397598352358
Source,025cbed624834cd4230c61ab1d36b00eb6d4673f845063d2040a532418c77fc1ba,0.0003630397598352358
Source,025d780b5d74120847aefe384e2b4a733667743d621a9eadabe661f76ca5d23d7f,0.0003630397598352358
Source,025db83e0f5b9141dd86e35bb9848aece9e586e066768d1ea4d0ba7516daa72e81,0.0003630397598352358
Source,025de99b8a83a78e63ffdeef368d5881dca44dd2550d2c1f3cd43de9d408ea9a07,0.0003630397598352358
Source,025ef5afbeab1e6225dab5a1f005b9574460d4d8ad173f499fc15b6255a58d516b,0.0003630397598352358
Source,025fa109a445cff3a1041bd860d55a1f42ec4897039407cb2ca194ddd34d63279d,0.0003630397598352358
Source,025fd943d63581e039a62b748c3435c179357da4b2db5cddf83e066bf6936dca00,0.0003630397598352358
Source,025ff208a82fcbf51c39b1312928f3fb75fd65efaed78732136e7f2f931397776c,0.0003630397598352358
Source,0261ec0a3b6e2fd5101599b86163b9aa160410511f5d31866e8b77ec3431b4b118,0.0003630397598352358
Source,0262d23d13a361f797a66b83881f6f712d2e064807b301a7b247253d1ce5a566c4,0.0003630397598352358
Source,02635d17d294f7f815b22226b3ca9126680e36bb8f42b3d58b645a03ce8aeb3283,0.0003630397598352358
Source,02638c3c27dd3db9edf77449571861a591c085eec152a8b60e3a68931f99ee5ff9,0.0003630397598352358
Source,0263e99b73ca00f5a2000c4b63d93430f4e7ce54616457baf86a8570f0214711fa,0.0003630397598352358
Source,026469a15b4bcf27a814c54bf99508cd36ce6e7ba2973b807ad93269f4ead8948f,0.0003630397598352358
Source,0265301734aaa0a7261d3fb7a53c8499eada114d5cc97797029c0b9dc263c3d088,0.0003630397598352358
Source,0265e09d24b0aba646e8e416dd7e02e8d942decf59ad62955c8106bce2b8082891,0.0003630397598352358
Source,02665cd5eeb875155645483c14704703e88dfd5094f560a14301e4ac7870a0dba1,0.0003630397598352358
Source,026672a37171159f5c68887e339dcdbbfa33ebfca1f93473529e07b687907c4146,0.0003630397598352358
Source,0267bb8dda0c06c9b1dd5c463b7170f13485ac7fa8013ce45d5cce6596bdfa0ea7,0.0003630397598352358
Source,02681b2dc052ba2f3cc0fb5841255a3a209e2484bdf9f9bf1c72801366aaee03bb,0.0003630397598352358
Source,0268338b189ed3d71fd1fa9870e5b5d496f78599230f3ffd414981618f33c8f2f3,0.0003630397598352358
Source,026844fe6d8c9dc51a291f67cf50d6236d4ea92abd665cbbbffce4cc9e49edd481,0.0003630397598352358
Source,026865dadc6e1d5a9140ec5e0fb1fb79ba045d2c88f025c2018192dba3a82547db,0.0003630397598352358
Source,0268fe7c58fd37fd67bd26e8d1fc4fcb207d19349d182cd173b5f891d91145900f,0.0003630397598352358
Source,026a3e50b43e60e4a4c76d840a7b28aa56d7c230d2fe545cf1612b72e1dbce592a,0.0003630397598352358
Source,026a46e065bd5ca228c2b58486566514f073a48b99e60b53fec9fa1d6856a57489,0.0003630397598352358
Source,026a8cfab2f7cddf7621171f7abf79b7825e5d284ab3729853272c58a0f2ac96fe,0.0003630397598352358
Source,026ab669fa9be9451322ea3517d2baaefbe940923fd1a9a5049013b8ee6341062a,0.0003630397598352358
Source,026b6196cfd73603b45151353a3286d5a985878e95402a05355fc89ac751e4f0d4,0.0003630397598352358
Source,026b98870d9fd58ff96220eb0c1e80465d1950d7aa545baddfe6f370a7c3ed185e,0.0003630397598352358
Source,026c038a8d33fd6a8447fa1670ecbd688a3e2adeb1c4e64b29a91d5d6cd7bc6a89,0.0003630397598352358
Source,026c407fec5bb02330beb3d9746b410e73cd471b926d5fe2b7e57ff9613648005c,0.0003630397598352358
Source,026d913d02946ca0539d09934ecf3b93584f7bfb841adead2c724b98652984cdcd,0.0003630397598352358
Source,026db470c8a438657498f034805273d51b4906c2e0bd0f8d5f48b9f53866f8a2a2,0.0003630397598352358
Source,026e2416e8a0334ddc76e957ec803b8fff926fbecdf45bfcd336b2fe11312f0f46,0.0003630397598352358
Source,026e6be50f8c6e539f24e11b989a9c501a107208f99dbc83b9cee001b637433997,0.0003630397598352358
Source,026e87cec52f8433b38adf70a98b9e688aff9a680e2d5552afd629e499d6180fb3,0.0003630397598352358
Source,026ed0eca921f902ac534271bde0f3b38338b2a29328b13448fb076673c2b76d51,0.0003630397598352358
Source,026ef22854adee14aa2f8c4768f55f8649f8cfc6fd87399b25d9d9520d787c35c3,0.0003630397598352358
Source,02707ea0b73ae0c318868c47d5639fb78badfc440b7b7c806ba0c0c975bc9cbc97,0.0003630397598352358
Source,0270cf65c290ba54910af70eb24d758945f1b712584708c1fd35112e16682c17d6,0.0003630397598352358
Source,02711aaf8e4919771fb836aa593c5540915652139193d3fd0bbf5fef26e63c9b6a,0.0003630397598352358
Source,027133d09a45c9bd5109d5710e60a6c0f272c8faf141a6570c5074b8f20a093207,0.0003630397598352358
Source,02715862eb01bb4e8719f340939db31ef6c44b5bbb2641125de60788cd40fd3104,0.0003630397598352358
Source,0271616961c437894e718627e702469629ac66f6ed3ff8cd1e3e0a73371765fbe6,0.0003630397598352358
Source,02720532ca693d59de22c1c059498fa8fd86d28121d298d6531953ca4ff21caad8,0.0003630397598352358
Source,02721f94cc322fb4257d81ae6ce05fe6169ad5e67564d90119e838f021d5908382,0.0003630397598352358
Source,027238e81ed9dbcb437289ca746d974651ae42333a6831b9cb77117d399f0f0adc,0.0003630397598352358
Source,027270f63038c203c8e2e3eb2f92c1b5d208b3b937e2ad383ce942570d90fc24b7,0.0003630397598352358
Source,0272f1d97b9af2ef3ed4547a1cd104b761fdae2cfe156ee4b311cfc4ad85eb9a50,0.0003630397598352358
Source,0272f23607c8c78b8fc2937e6a0fd8538938eac3b04191afeeb9ecfdeace7a34a9,0.0003630397598352358
Source,02731efcec77bafc9389babf2e04fa578cc9c5dd0a805807f70f8ddcb1443d2d34,0.0003630397598352358
Source,02734c504e4636c4f9d9c3657dbdcc371c2d3a7d6bb14e824279cd69f66d3c4ffb,0.0003630397598352358
Source,02739b6f21016c1218cfd0ce2d2f58e391ef77b84b7dbaeba53bd62d426cf25918,0.0003630397598352358
Source,0273bc69bf6028789b0dff54ba78c36f846c455319ef3834d5a353a379fa4c34d2,0.0003630397598352358
Source,0275502b6f71867ab7b6a4175e042c513758952e86cc5bff38161cce7e70302bf5,0.0003630397598352358
Source,02756b06a10854f3d7a2a42239c1d9ab86c7a790409808cab194f55145829a341c,0.0003630397598352358
Source,0275721a2cb785d2294bbe489a79de1f2a18b9a2eac7d95dc40e5e637c281538a5,0.0003630397598352358
Source,0275affd6e30bb5804160e99e1a2871820ab7487dcaa4352c438507ee8740838c4,0.0003630397598352358
Source,0275bf18e91a351a5aa211833226db901449fb08e986bc84f94a10774407b24da9,9.774147380179425e-05
Source,02763d8a6be55b52a6a352f417f6cf3a1680bcb6b9e9d3e3e369fbd2df0435e8e8,0.0003630397598352358
Source,02768cf079dbbeafc174221d377a6fc46fea6a49ab67deddbd8165f43950a075d3,0.0003630397598352358
Source,0276e7a080aedca47faaf1f58b130bfb3b8a2de3e20d0008e415190f0fc8322928,0.0003630397598352358
Source,027892f5df9b775211897e714d45be355fd5c831886e78bea1795eb4616a3ccdc3,0.0003630397598352358
Source,0278bbb976c52e14fb17d67368531a33ba64643a6fffb6bf6c8029bc1e9270a670,0.0003630397598352358
Source,0279130d1b0ef9c47029874486487991b88ab9cd4aa769c4921dfb3efc7109aeca,0.0003630397598352358
Source,02794511dbcc3a86e399a0e3ef83802f98397c8de96ef637b20a63531332cfddee,0.0003630397598352358
Source,02795a9a9d9aee4dfbb9247b7bc07887a965d9e2a0a583673bf2f48e0841e7962c,0.0003630397598352358
Source,02798c53da0fefca9bb8d3535b339933655f4d1bc8b59345eefee3a4ec3c67b865,0.0003630397598352358
Source,027a4cb61d55f7335a53140894ca5bc530c71b5470e8c82cd4c5111f17547760ce,0.0003630397598352358
Source,027b097206d890b973bf8ff3486002308aa48cd6f021c6a3aa45c936ec4be56a4c,0.0003630397598352358
Source,027b405134210d0d051c28a8ca19a58bf2d4ebacb1f689402caecd902d1b2ee4fa,0.0003630397598352358
Source,027b4faa23aa5ace29c8fbebc1f6df704ed5fbe0575e0e0634ecbc479491b52529,0.0003630397598352358
Source,027c03012e294ba9abd92e40710f028fda5f021ffc6dca46ef438179c5c31ad79e,0.0003630397598352358
Source,027c4f0e97acee872ea18a7c8154b92d719b3e8492d22ab0ad005f33e56c8034d4,0.0003630397598352358
Source,027c675b5a01379ff2d8eedea32ea60fe1f8c321b5ee98f3ef968b33ed5264b554,0.0003630397598352358
Source,027c873df1b32a869177a3742bacd5ff940d474d1802dd36d3c9d2003b48d72c15,0.0003630397598352358
Source,027c948a8beed67402ea9ed0e8366064cd4987d141be1a4bfabbe9582f06bbadd1,0.0003630397598352358
Source,027cf0ead09ab5eb9b24bcfeb1a478a94704bdacc241426a45169a055da02399d0,0.0003630397598352358
Source,027d3f840a33cdf9a089393f841829c655d4251746ea048be611d9989c519db143,0.0003630397598352358
Source,027d4f8fd79e846b19c36891004c4e1c02e4ec6452112dd73a5761c971cf880ee5,0.0003630397598352358
Source,027d767231f75f2d062a062b2efe074c9361fd97b5f7c4c8fa2134b41cc63ecfdb,0.0003630397598352358
Source,027e6c3a7f0ec144b371c01248655b8403b21b7b75c5cd6718a89f887e8aa7d708,0.0003630397598352358
Source,027f0379cd857a690a56c389b13d715e11cc4186ce2e22b8064a1d797ef3dbbf57,0.0003630397598352358
Source,027f0a6db077487fc415493a71bd914b5e9f058e92aeb29de5db12954a176b245a,0.0003630397598352358
Source,027f9a4a62e4a6ee29b1b64fb9fd752c5b930927bfe47623056c210a4d3eb580d7,0.0003630397598352358
Source,027ff2837f2aab5ec52251d09af600822b31084bf47688f99901b948b76d7f9239,0.0003630397598352358
Source,02802eb75dbebdadcffbeb74e5b8fcd19939950a1ff40d3da980d5a66020054ec1,0.0003630397598352358
Source,028091ad2b157f76f8be07594d6b884f707d9237bc1dff5bf412cdba9af75c193d,0.0003630397598352358
Source,0280e49ace8ca07e8647b8e503a01fee260f32b08d7f441de1476467fd8cb9fca7,0.0003630397598352358
Source,02810d286574eedbd0ea00d2ee11e2b89212636f8466defe7d27b85aaaf1e6eff0,0.0003630397598352358
Source,0281541fb8be936a337873a652ad9ddd991ba1291e5d0d814367311f6c7fabd63a,0.0003630397598352358
Source,028223eb3b8d5e96842a65736828e14b6285451cbe086d9a903feebf65afc8baf3,0.0003630397598352358
Source,02824b491d1a2199ff87eaf42b2f0eefc25d7198ebfa8c95565acedab01f2bb00e,0.0003630397598352358
Source,02833b7a5020a0afbee8edf42e05840e5fa52485d1ee56fb2fcd0c87b2dfe7b84b,0.0003630397598352358
Source,02833c2d518851358dcc5000b45ab0e18c64357a825f4c9a009bd725a2c39aa7b9,0.0003630397598352358
Source,02843b54ef2f286f09dc60587ab1fa80a77abb7f4c1ff47fe1235f19e03bb1db9c,0.0003630397598352358
Source,0284b5fbb91f14d90f71e83cbaeb32f956c1b1740e4b762258e3da565b5e1450d5,0.0003630397598352358
Source,0284c6ea868df6d703f814a959bec23c333229a990e4d3e27083305a63304ea93e,0.0003630397598352358
Source,02856d85fbf903d4b2bca3522a3feec72d0b3625fc2221340d164e63e4b656dcf2,0.0003630397598352358
Source,02859f538cfd45f2d5f4a6b7697738508ff548e89d1fe725c6d727915f992b18f5,0.0003630397598352358
Source,02862df6de32708d7d1dc3b9c96af9d359f22851549e1b6b938de91573ca23a028,0.0003630397598352358
Source,02862e5864dcfb31b777ffb11ca690ac59b896c4ca718bc18319b56949d3d44d9d,0.0003630397598352358
Source,028648b4891ab197926e10ce10e7ef013937cfc05387ab6629e76918fd762922b4,0.0003630397598352358
Source,028690f24e527ff41051c985beca9d87d835415b9b1da378701ab5bf8f58407582,0.0003630397598352358
Source,0286a67d2d17274312e9c230f6bec5111fbba19ded43e5b4504a2d8b2b0703f410,0.0003630397598352358
Source,0286b94884062d42deae42d1a1f0200170e672c5a902860c2ef712b41b2404c56a,0.0003630397598352358
Source,02876b10c763ec39f20409f891ed5dd0f42f4452421fcdb31780f16c0a9b5f1a0e,0.0003630397598352358
Source,028822691bc2d9a60d8ead9ddecd2e00b230f1b01536b06a5303310f25df45629f,0.0003630397598352358
Source,028850b11542155adca4dfdd339b254b678633ed80504fcfa29920fef681078048,0.0003630397598352358
Source,028888989ca03c90f8f03e768eb8706e3a6ad0899675b4a3e063760a6f871430a9,0.0003630397598352358
Source,02897b79f66d8a98548bb055a976776399d284700927dccdb6c3d363845e2dc4a9,0.0003630397598352358
Source,0289b7bddeda923c7380141f32b60bc12234be58f59fe883cd2a2c7fd46931d1fe,0.0003630397598352358
Source,0289b841e2d485dd9aa279ddbdd26320bd327fbc9f06d7fc8b43e066f3cc1b5398,0.0003630397598352358
Source,0289e3a0ae83caeae695fcf18999e99e2e5897cafe9cf35dcf6779cd06a1f1c643,0.0003630397598352358
Source,028a28a17bbe900b7126bd2671e931d64d0b98906a9f6f846f8f32ea95ede2e01a,0.0003630397598352358
Source,028a3c1fd78290c989e73314e21ba855e7c9d8ecd4f5295738e90b13f953043547,0.0003630397598352358
Source,028a89f35c9afedfad6764ec7d32f9d058a702f4e6ecd8cfe327296fdceef6e8bc,0.0003630397598352358
Source,028a8cdfb4801416bb95674893398ed9a8308125805542f1c53b0f6cb3f6431614,0.0003630397598352358
Source,028befd7d41a70934a942263138b615801cea342171089b7c2204f79ced3eefc8f,0.0003630397598352358
Source,028c17e69dc04d9846861df816de7d53339c555773387a1900cb28a2e2bfd89bc9,0.0003630397598352358
Source,028c345f7b4b7298d7340ed531e2c6f46e1f136fc43de6316f5af42345d619c7a1,0.0003630397598352358
Source,028ce75f63605e81f9f2ae54fd4877bec21e8aa60c4e448b45ce4b86bbadce7d3c,0.0003630397598352358
Source,028d0312d392b6d9b6cc5dc6b41e229a8e1b6d00b82d8b72bbe58d17548ee77f46,0.0003630397598352358
Source,028da2720cc25a5c0cff623b340be5d772330247ae08e11b451e6c22bddb0d7605,0.0003630397598352358
Source,028e31b583cf30de16ef8859579428fcd5cad4c539e279c4e6b51e8bcd2518879e,0.0003630397598352358
Source,028ed1ef4717411f2f092132a81a880e62a5f9d26835aebcf3069fc5b205f6bd1f,0.0003630397598352358
Source,028f0259227ab1fc1ece9614fdb372eba5f5e0e934cad7481fd0684f780dc5771d,0.0003630397598352358
Source,028f48d16c9745fead9b87c5f1670a7ceca19014cd9bd037dc4be2906a1d4a238d,0.0003630397598352358
Source,0290732f9772598474d13c4796ab575795b93ceb91db5ae6a09a180c8417dafbb9,0.0003630397598352358
Source,029105c73b8fa86f59b3ced5697bdb568e72aaac3ecded1fa6e3e0043f166a883c,0.0003630397598352358
Source,029105fae590a53a79947514c357e58190372f165113f4133144cac1e70d123a2e,0.0003630397598352358
Source,0291c7f53612e1d64be43f2b388b9cb7f5a510ec98f887a6b80600ba5cc8b09e5f,0.0003630397598352358
Source,02921dcfeaaab06cbd28b78297d3e49da2e22aa1d63d9da3f314b8c9d422022022,0.0003630397598352358
Source,02929389508527c3e3ae38d9bc198a2dd460862eb8fb8284a6254300ee723eaad6,0.0003630397598352358
Source,0292f750ff520a92b9eca098aa3f05aff2f4a67d702f7d1882c71e538d13add7b6,0.0003630397598352358
Source,0293a87341870580fcdc7fccd875cea3bc91f888e6ee3f03324d1e24b0c92b31ca,0.0003630397598352358
Source,0294fd19a1c89a8f69a90a5a0489153a9d2f9ec134a84199e87c47304c4bf2f221,0.0003630397598352358
Source,0295455c9cc7cdbac4ce47e5d74290ffb26d6872340f98ee4bca922326382d017f,0.0003630397598352358
Source,0295e9c42c208205285a5b8a42d44ac66729fad017fadba51fe23ac47b2f9bdf47,0.0003630397598352358
Source,02965189e2bc026c023685c51a505476185e9851c907c1ea895a7ab31f5cff3c12,0.0003630397598352358
Source,029664347c65b71900ee4edc585f39997faa6f93f744a976b2f720f2ebaa94ca4a,0.0003630397598352358
Source,02967658e461369f01d929a14b6e7404b461a6210b183a060429944bbf67db2bd0,0.0003630397598352358
Source,029775aed2dd13f493fd7e1ea0a198e726b633e188c3c0c5c3465acad15fdba3ce,0.0003630397598352358
Source,02981baecdd0bef96c366967af6d15f111d4bf8fef8fa40d545abc3b9d728c40a6,0.0003630397598352358
Source,02982d3a34caabf69f5c2ddf241878e8e685b463f70ebbf6c048588463be35d37f,0.0003630397598352358
Source,02987d39dda86bfcdaa3f3bafc3563e186ead9968d5ccb82f7cb7bd262a5c0aeb0,0.0003630397598352358
Source,0298ee08a8d3e93fc6358bf9e3ad1ed76225be0447024c754200bdb7b548561efa,0.0003630397598352358
Source,029a1316bc91eefed16e51de41db5ac8237758ae725486fd3beb5dd0501c32437d,0.0003630397598352358
Source,029a5b4904dceca408a4334cf7c3ffa3e5ec51ac3bb5ba7023a94876b8d07ab58b,0.0003630397598352358
Source,029a63c501139273b679f0d0f5feda9b7acfe096db975457414720367eab9de0ef,0.0003630397598352358
Source,029abe5ed9812e296379c97976428e06682465774a791089cff0fdc0bc04714bad,0.0003630397598352358
Source,029b5694bdce8dec3ee25168485932d5275963633d7f897dadfea1f0ab682d9e36,0.0003630397598352358
Source,029c1f31132d20d8242a75d09cc96a77fbe88026acf292c63714835b2b6c42eb1a,0.0003630397598352358
Source,029c6c8715a33d417fc753d5c824e461b11c0dcd8b354e489f9ca3e2c7a515462f,0.0003630397598352358
Source,029d40776fd9fb60f8cd3f1cf7168a8af46c08ea75fdf15a3fbade987376315e31,0.0003630397598352358
Source,029d944b8dbc8696177663c800dec674f98c909e6a038f79f7d8c6b2b5f1c3b54c,0.0003630397598352358
Source,029ef2ce43571727104099576c633b2233bfeb8dc18b476f93540a32207da9e9a4,0.0003630397598352358
Source,029ef8ee0ba895e2807ac1df1987a7888116c468e70f42e7b089e06811b0e45482,0.0003630397598352358
Source,029f430d501c4b8f4fa3db11389f84be4bfce455ad056df87c8644c66cbf85d05e,0.0003630397598352358
Source,029f5e1a32f80ab0714deee369024bdc373229eab5843dc925a7ac72975ca9eb38,0.0003630397598352358
Source,02a045759558b72d5d843d2269d1fb5fcc38b0abb685201920b1684c5d53d06899,0.0003630397598352358
Source,02a06b8470199c686194b90a31c6fc91662f67861c2cfa3f299915151bdb7e7b1f,0.0003630397598352358
Source,02a2139b791b673c99ddd512e2c84eb2c4c36400418053d58ef6065eea5d423a0e,0.0003630397598352358
Source,02a268fa37c84022f57c82e11aa854e7a5d973d5f831613eadd3686404886dd697,0.0003630397598352358
Source,02a2e2e47fa0b981df4653223621b43556b3c5e6bd4764142bf87b4a9a18452ee5,0.0003630397598352358
Source,02a4be6e6bbc1bee17a8c4b706ff9fbd276f7aef44aa18dcf9a12b7bfa703b8a3b,0.0003630397598352358
Source,02a4cbded5edaa2b174502f6f481b16d15e52f22ca8bbc0b5e288abcb3788b29f7,0.0003630397598352358
Source,02a4ee943caeb847398960230bccc19937dd04834e768472b711a4ce0e2c77cd98,0.0003630397598352358
Source,02a5d90ed9b0d41d2fc7afd45356c9fe8ffeef1794ba6c12fba64e1a5c1f11e931,0.0003630397598352358
Source,02a5deaa47804c518bb4a1c6f04a85b92b796516bd32c4114a51b00d73e251f999,0.0003630397598352358
Source,02a69381f0b9c5b2faa794aec56bdc3076a450ec46e65e33018ff09dc8f9828083,0.0003630397598352358
Source,02a714a0dcad8e311b49e6fc438c9cb839fc48a8d1702cb84bfa3a6c08be54ea20,0.0003630397598352358
Source,02a75dfca117a626896bd1299a96682cff28da0b62ba7ff05781054f726cb34a91,0.0003630397598352358
Source,02a7724cf8815d185d292b413349fe3df3b577871c8eb29803f379409eea53adc4,0.0003630397598352358
Source,02a7f9c7f87d03be03aeee26beafed72f1a8323d111fa1ca7d11faf16374e38e35,0.0003630397598352358
Source,02a80106b6c510c4c145d83bdc7882c70dde9401b6ad19160a76c84c24990a2dde,0.0003630397598352358
Source,02a80fbf917ef6f6d47fe764114bae9799807e0169b3d919ddfe4cc49ed0406b88,0.0003630397598352358
Source,02a834395d10072268931565a89164abbe16a5194b28c2e9295386fa14edaacf59,0.0003630397598352358
Source,02a8a5851029e18cedd26e6d44ed39984c16eba8af753cc633ed0736a178c250af,0.0003630397598352358
Source,02a8e00f0b1b42897beaa5fd37560b1ea1b0dc3c07062bf5a458d11020c81cb314,0.0003630397598352358
Source,02a8faff8ce2b909e1f91257aa6168a1a80c0e8b32d71e425957ec16c7d10f8ee1,0.0003630397598352358
Source,02a905d39d7f97d2aa74dc10772e41e18061462c4501b8e4d7ce24c38f2188a513,0.0003630397598352358
Source,02a95cbf567844e9de906aa5764bbb03a9a4e7dc43c0336ae2c6581b93959a02b8,0.0003630397598352358
Source,02aaa6b229cba65b540bcf0d7d6eb1724a9ed72e632f66ac2dfe6e7b3c2275fd93,0.0003630397598352358
Source,02ab72f8eb147cc62fbbcf551d26ea27560c60371d2f42e34ed5e48d561c06f805,0.0003630397598352358
Source,02ab81bee578b3b09b636fcc5960c8628605532724cb0bdc52f48cd5271a5a6070,0.0003630397598352358
Source,02acdbc78c92df2ca02e77af77a87ddf7d2a64d8ef8ae96b047eb2343cfb306b4d,0.0003630397598352358
Source,02acf2640da11bb9f3e817bf5a15f741eedce24a4343696155f05d1db4f3f70bff,0.0003630397598352358
Source,02ad74cfb336667e8b57b63023294b2aec2610243435b900fd9ff6e47b6106542c,0.0003630397598352358
Source,02ad8a5e571cf776a2b13edbcd95a301b363aed96c9558e2839598f6195ff144aa,0.0003630397598352358
Source,02add360b297570778c23b8c74ec4bab5612c690d4ae5871842d5bcf314a8bf8e5,0.0003630397598352358
Source,02ae6cacc5ac841d8833603749114fc378fae4540f5047104a6274428f59a80219,0.0003630397598352358
Source,02b034945378ef698ce06dcc9ebb5d5023013c9de1c94b83b188ee3ad9f01b443c,0.0003630397598352358
Source,02b27ad518cbe2338558ad2a616fe0d2f5d633428533f4c2c219749c2b6e1215b8,0.0003630397598352358
Source,02b2e12caeae8c2a90e715ee556cf2bbb44ff15ec2afb6e040cb26ccb4d9217cf5,0.0003630397598352358
Source,02b3969ad5458a63749020af4185cf2e7511ca99626339028dd50e480cbdcd0a8b,0.0003630397598352358
Source,02b4a5955af2d3b0eeed574b8e3313a9f4b671e1b555926ff62181bb9d512ac2e1,0.0003630397598352358
Source,02b4c4fb80ecac3908eef31f390cfd5423434598142f254bf8d1c9db19d8e6f0dc,0.0003630397598352358
Source,02b5ec403e9a298a43b3cf025e4e46b2f30ab95cb26bcb5223537fecde247b97d4,0.0003630397598352358
Source,02b5f661d26668cbe325df698afede3349a1dcc2843ff5e6275ce90d70629770c7,0.0003630397598352358
Source,02b62333c0922fa5542906ca0f98ecadb24de9ef9e259e4a63ac4db33aee8fdc7a,0.0003630397598352358
Source,02b6458eb26f7997abb9be11c244bf44015f85c34710044a3902f3c46ed91f9d49,0.0003630397598352358
Source,02b667830be98cd914508005856dee6e5838724bf6927c140627fe7e1eb40941ba,0.0003630397598352358
Source,02b66c6dd7e3f8998730e789f7b8be4b606901c614fcf732a22448137488260a47,0.0003630397598352358
Source,02b676996c0c4686f175d040e915d2e962b19bd92d4da8cbd49e7c9f65dbccf5a9,0.0003630397598352358
Source,02b7c32c923a175afd01e86d9cee1bf268c46438b5acaeca05859f18df22f52aa2,0.0003630397598352358
Source,02b7da9f73401ae02d4781ed10b6fde598f567993d45dd4ee9fc03d5c8ee9d9bc5,0.0003630397598352358
Source,02b93ff3203195cd24c01eaead6fabff071f98f7cdca7fdc31abae279431f1b961,0.0003630397598352358
Source,02b94f8dd1d25ac262245c8d0b240e8e78c142183376b37cefe8edb6e0c6c8d640,0.0003630397598352358
Source,02b97f647df381d9495c3c5fda63fd872855d0c65242d66568f4cc9414663a3021,0.0003630397598352358
Source,02ba825f01f0b60b8148a3c3776ae729fdc05ee1fd45e286abe3c8409720b1c5a0,0.0003630397598352358
Source,02ba9663008b80b841389595ef64758f9eec868052570fb2a90eb6bd0549db76ed,0.0003630397598352358
Source,02baee819fed134d148df140b46185e35269982c416e7e47a3f78daf39a6543d84,0.0003630397598352358
Source,02bb10aaa77a95a358cebb2d112c4de00e47c08f56e89b1acb4487ddd44cc98d6d,0.0003630397598352358
Source,02bb2a0357e93205eb891fec3fc144996a85389ae0b330954d1aa8b3e5cb3a1664,0.0003630397598352358
Source,02bc079534c5f19c8439b0f73b57c3c23d51b2304074e3b7454eeb6474803be1d6,0.0003630397598352358
Source,02bca5e545b5e6f868dd887653c16d57e8e177d433fe455e41db5b87d1bba7f317,0.0003630397598352358
Source,02bcc802fa6bda919a69250c25b6dfa2f02aa46503ed09e023bed6688b392216c4,0.0003630397598352358
Source,02bce5d05690d07b3ba639828ecf0ddac9d1b162aff64c5dc3386296f60de61c9b,0.0003630397598352358
Source,02bd826ba381fa913f191d9750e9bec8a5ca5ffaa3fd226f8822ac86664d9beac1,0.0003630397598352358
Source,02bdad1847051c04285a8afe76fec9495343cc9dd9e87e8f3cf478c3e64cc3bb63,0.0003630397598352358
Source,02bee56e4ea4b0f3cf0e21b0fb68236a7c246a7856b803ead1f886ef528a8843d1,0.0003630397598352358
Source,02bf398ae45bb6b3d2fb1faeb4aef1f6f9e9b73a4d7acbc5dbf2fdb1ab3d734c18,0.0003630397598352358
Source,02bf457d8372ce18f444715e19324aa47bd1125b5c817428e43f1314db92cd13e2,0.0003630397598352358
Source,02bf595953909b6cc1b994928e2115ec2430c2d4a3eb0a1f0fe89b36f5b246ff4b,0.0003630397598352358
Source,02bff5302df7932175d07ed06843f9cec58382a40e9d6e08e3c4e510ccff4d7a01,0.0003630397598352358
Source,02c0a7f2e9ba3f8cc61c5b438b9bb37f0e0400445c6ca89c6cc1da12dffca27b70,0.0003630397598352358
Source,02c0cd59d003d9850c548e4c0f390d38c48271579fae7bbaea2c5cc9374a0dc1b0,0.0003630397598352358
Source,02c10d14cf5f67a0bd71248a789539112532a249d68d8efd46c695d1d3630d9abc,0.0003630397598352358
Source,02c12363b0f977f2a23e4b9bb8555d2fd30a2ba9649e3bd6d9b00aca9569d43f15,0.0003630397598352358
Source,02c13bc2685cfe48129405eb8a56a23955d08098b7dce96c3360189b177a5edd12,0.0003630397598352358
Source,02c1b4b5669288aa35a8b0b11466388e5c8cebe8d17f6477ad0ae60bca3fc72c6b,0.0003630397598352358
Source,02c22bc3371ca350cddf8fba2fef3919d10a923ac9c6bfb1f4ac3e49818d7526ed,0.0003630397598352358
Source,02c28080dcaafcf12d2eadad77b96c884fb28ae2a4dad6d2cf916df62db30e6888,0.0003630397598352358
Source,02c2edddbdbe63639fbad420421ca7b8aa4f99f1a6dc12c4c9d1a578702fbc3dbe,0.0003630397598352358
Source,02c2f356abf89a5268a48f3f70f19fd903a793864ec34323f478e1f9bb3724a449,0.0003630397598352358
Source,02c43115328a5bd4dd5870c4c2e129f0f19bdb685ff8c1727c9320c0c6f5636a2e,0.0003630397598352358
Source,02c48b179afd174184d316f910215776961abff135dee7f7b4b4da77780c70f26a,0.0003630397598352358
Source,02c49429f3c6ff30ed43eb08d00325f5d83cbb059b5b69d674c4b602c606d315c3,0.00024435368450448564
Source,02c5097bb37e94318b4e18a51faab68e764b234e9fb90b132397130e008d775d75,0.0003630397598352358
Source,02c55b405e1d5afc8d59c38ad1eb089f86dc4a296767cf0bc10bc08f51fb382111,0.0003630397598352358
Source,02c5898bcbba603c536c0ffac22a4f32f67ee441b32d119dd74c55b362499da4c6,0.0003630397598352358
Source,02c5898e90424d4b9182ddf2d38f9349713a77c0f731b9bf955bcdbc0dd64942ee,0.0003630397598352358
Source,02c6732ab257ac180af7eb9788cf5cbe647b75b66a80a443539cfa063bf3e66688,0.0003630397598352358
Source,02c6f986b3c5a05ac6d3e1ca4d28e49d09d02a3b5963bc2a071b8b5cb31a250927,0.0003630397598352358
Source,02c73ab6e0a2b9c32503d2a3d8009bbb6f494bb36dc4d5fe0b8aea388c075f72e0,0.0003630397598352358
Source,02c7b1ea0deea10e794f2afaf984e0585d4eddb9f017aa5841dcccc483172cffda,0.0003630397598352358
Source,02c8277f6893096f0f5fb230aaf2b69f9a5fce86c6c2ded9b5e4e57fb3fde7d9f3,0.0003630397598352358
Source,02c8b9a7278b6a55a45a6e2b2fd4ce7d400b792cd4df9257cba143f62d0d6f4c15,0.0003630397598352358
Source,02c928bc676d292ce59b698be45710ca93b7113af0a9726486ee3ae6183ccc3d1a,0.0003630397598352358
Source,02c94853a1e402c179d3eeb926c0229676965a80ebe9d0301b59ef57f15565a945,0.0003630397598352358
Source,02c948eabb06f24b0ecd44298d4195095e431ac8680a6890f291546de57632c6dc,0.0003630397598352358
Source,02ca29817bac5cac709cd90b5366abb4bd7a7cdae3b704163bb0d26a5114a1f390,0.0003630397598352358
Source,02ca3248eb460c64a3572c8c4fbae295cad74ddaee3a3814e08ba55d51111c0654,0.0003630397598352358
Source,02ca98373e4cf05bb1cf1f24df11ef33b6872f8f8c14a5561478c47fc62a263ccb,0.0003630397598352358
Source,02caa94cf6971801daa2a747dae96d87d0ca3cfc929ab301e0acb7d9883d6cdd95,0.0003630397598352358
Source,02cb381d0c49305c01f0ca1eba475e30606b24d3307a0509ce0f9135c8671288b1,0.0003630397598352358
Source,02cb5509d2eaf24dfa62ec7582cdad0aa9768ac808534cd439d45820d05850509d,0.0003630397598352358
Source,02cbfe92960e44f0edf2330c9353a623acd47496b061817f96917a6269ac3f8555,0.0003630397598352358
Source,02ccdd849caefdd2ef8360f10813ed8247a4d063fcfffc39623403885c9dfa39e5,0.0003630397598352358
Source,02cd0a415120f9340229aa6213cb6e2f44383efd826fb507b3a581959d2d4f8a65,0.0003630397598352358
Source,02cd41700af9a18915911fc596d11243e77dbaa822cb0925fa0566a454cd51f625,0.0003630397598352358
Source,02cdda98af6cf2d886cfa0940e35ecd8b3f6aaa8d9bdd0348ed6ce1e73a9886578,0.0003630397598352358
Source,02cdfbf22d57df11fda9fabea8b168f9547ffe3f79345d18346f33c0e1617c828e,0.0003630397598352358
Source,02ce3b8bb5ec1426d56bc5610ab081ff7f959042a7a00f4b7f7c62809d1854599e,0.0003630397598352358
Source,02ce3eb22fafb1097f6fe58d62f94aac50da8d141373219671974010e9db8de15c,0.0003630397598352358
Source,02ce9aa93943d73e988ca4d2a358945ddacc84e112f2b979319945978b538a1205,0.0003630397598352358
Source,02cec87edb7e4702d5466bb9686e38c070dcb78c0b19050faabeb5210becd22396,0.0003630397598352358
Source,02ced8314568af14bfa836908f8b6e86bae23ca6a1a3ad65c4be6367a03a235a87,0.0003630397598352358
Source,02cf27f75dc2ae173b4443e351c21c000803ad02374076847198ac86cd49c2a865,0.0003630397598352358
Source,02cf6919a70f3d09c487e59ebb08f801ec2691d10c5908033ab2ab917ffb29150c,0.0003630397598352358
Source,02cf9b8f668d133c4e37b8fd9d14b34c8f70377f3f47c6ed549a568d9c5beb7778,0.0003630397598352358
Source,02d0b1a625e63c4bd500db80ac711ffdd19014fdf986998662c3e27005100fa8e4,0.0003630397598352358
Source,02d25fa564d7f6ccbc92c93abbd27b7c3b30aa311b88f76ff749e23ef47401ec05,0.0003630397598352358
Source,02d2db4bed1189e106f931732cdd26a1aed0ea937c237f55b40b65dace7df9ab95,0.0003630397598352358
Source,02d310706cf17d14dce6ab1855668420e5bd5fbcbf4b2e4794477baf11eacd83eb,0.0003630397598352358
Source,02d38871e8be8431cfcec76ed5886eb31cd9dd48816c9eabf3d2cdbd9a998b7428,0.0003630397598352358
Source,02d4ecd3cc314d355f31b01d4bb3ff29a5aea59183b82ff74d6eabcb117679d455,0.0003630397598352358
Source,02d5850c9bed78d46763e863ad81b7c8d2d38c3462b5c80c6edaa0a77e49899f49,0.0003630397598352358
Source,02d58b8a27c8fe982cf37360ec053ebf672d0274817d77c0e9ceafb65deea9a5f0,0.0003630397598352358
Source,02d5cc417b20f3c158986f97f1cf3970bec05f1e26b52b234ee22eec517461e8a5,0.0003630397598352358
Source,02d5dafde5130e2a8463463fbd9cb72a26f88a8ed840e4c2b7ddca3539caf81122,0.0003630397598352358
Source,02d6b13ab15548fbf00a5884eb64cd7c8e364cebea86608e5a60257ba766041165,0.0003630397598352358
Source,02d7120e248bb90972e9fadc2a3eb21bf7a1295a50b8d1611a5b7c5a91200edcd0,0.0003630397598352358
Source,02d7c035eb4f87a40e5a2b1a14557e7e8c4636eef6dcf036e99b886a567a96ba80,0.0003630397598352358
Source,02d895399133d203fecee5a462febe8d42d26b8b4de2461ab43943a56755f3ca1a,0.0003630397598352358
Source,02d93a3ebde8d24fb3ce7b00d63a9ccd160de2a40c905e842920fb236aa37dc3e0,0.0003630397598352358
Source,02d9496a1a5a0ff0ab5a27d3fe7fd0e441536595336b146d831d6d23a4876eda0c,0.0003630397598352358
Source,02d9b93301a6464eb26386503872107e03962a05c59f1d359e184d2e760a623ed8,0.0003630397598352358
Source,02d9d2c24cc3ff0fb34ae2e18ceddaff77d404646673e50b4ef9e2d61e786a2dcc,0.0003630397598352358
Source,02da5cd27b0f548e3c79988a8d302d04ef8ab2d8e76b510761188fed3bc5b4fb01,0.0003630397598352358
Source,02da8d5a759ee9e4438da617cfdb61c87f723fb76c4b6371b877d0347abe953a4f,0.0003630397598352358
Source,02dabfcece1cf3abb06076d60b8773713a890aaf88ac2161cb90d6a0043a7a0257,0.0003630397598352358
Source,02dbb4579a0af3ff4e6fb456783b763ac5896f1e4397d1502a880c1dc9d6686909,0.0003630397598352358
Source,02dbd4dd8cbd7fee2d231cd44a17fb655bbaefe916757712036ff63f7d4ef73fa1,0.0003630397598352358
Source,02dbdb833323cf3e7713290f76d96089177752f34bc229b7560b494b52707df700,0.0003630397598352358
Source,02dd6c405b7d7e10435805f07e8908e0d19d54d9d2061be302e210ec2e54c49c61,0.0003630397598352358
Source,02de82f7de84e51269ef048b38880b8a1f838e22dd7322471bb6f46221c4565052,0.0003630397598352358
Source,02de8a8a645bc2b01eae36b91d3c22580daa28e1f41e68131b5e9bc9bc2f3dd255,0.0003630397598352358
Source,02df601e84fb432da71c333e5ec65d137195442b28403325c190a700dfb8875d59,0.0003630397598352358
Source,02dfd3cc8212d496ab64f59be43c65702ce9fee04eb78f4c06f350e53318237784,0.0003630397598352358
Source,02e09a5b87f3d9122c3f3056806d61a6391c1f6a9204ae03bf43b9d25768e7071e,0.0003630397598352358
Source,02e09a7d40fbc4876c47604c376cdc3a099152b164b343263e51fd6df046618166,0.0003630397598352358
Source,02e09dc039cb5a7ef42e202a3c71ba612d8aec5c283eec882f54079541659b6e30,0.0003630397598352358
Source,02e0d706e1e571988cc3ddd946ff429354251c9803165c568c6127a6d7a8617aa3,0.0003630397598352358
Source,02e0ee992ee12d5ed05f1a825483c8d514d1dfcede7fd336d4ac0f90ba278a0a9a,0.0003630397598352358
Source,02e105b09d9b07a4fd583a3ad10e02d8a034b9acd4f1f9490731bb6a0eb8d6899f,0.0003630397598352358
Source,02e15b1650f6d93633d96c3fbe213cabc4fe2bf65db33295e3f96354a558ab857f,0.0003630397598352358
Source,02e1a30f5761874a1f186cb9aaec08632b6a4e5bd8ccfb88ccf40f4db4f2828f1c,0.0003630397598352358
Source,02e228d01dde44d09ff93d8c8e7be034d7ff9f4ee1822796a97857a377924aa6ee,0.0003630397598352358
Source,02e2897c6f393adc5aee8e9dab308946703cbc219e51fec511147d2c5bd7cf831e,0.0003630397598352358
Source,02e2bf9e87c7ba0ea046882d9b3301ca9a3b049aa920dccbd836c4008eac32d4e5,0.0003630397598352358
Source,02e30cfee5d8eb3739e74bb631b5e3e2b523b8a52e92c27ee7137166bd2afbbdfe,0.0003630397598352358
Source,02e49f290df1e8bfb7c995da5781f8a91575236623f704531fa85fc286f15d22da,0.0003630397598352358
Source,02e671c2f1c27a680e3876f59cb5b70b6f824451b3e37312b9d4d8e855068fce9e,0.0003630397598352358
Source,02e7163efc0595c8a25582aa39a8d477598084a4dd80fe11fca0d92a93ae6ae236,0.0003630397598352358
Source,02e71fd624c23fd99170d2138102b9ebc32fbe781bba675c0ec601718d9b2810a1,0.0003630397598352358
Source,02e7418aa6adcb97618f3c49e1927eca2c935dc38963e22e799e35d00a0fedaccf,0.0003630397598352358
Source,02e7a7d3c1e6055b7b7457d95e04d9bbd24f200fd4a58daca7beee7bc776e17440,0.0003630397598352358
Source,02e93cd0a13203d290acbbc7ec538c93c63cfd8204a8a999a31f5fa395d935971e,0.0003630397598352358
Source,02ea01e2476f9c6c69f720e369aa302b43e5c101423d7a5dc9f0e5834d1b152fb7,0.0003630397598352358
Source,02ea39a81e8f335b4e8fb3cb7087ccaa10931af880223f8af32a6ffd5a73b8aaa3,0.0003630397598352358
Source,02ea63e45a8f201fb2884b9cb910f5b41cf7bb69ded286474c9fb27806c5c5dcef,0.0003630397598352358
Source,02eae5c16903ccd27cec355125f01b04010e6bd4814467a056017f28bcc2b32248,0.0003630397598352358
Source,02eb34848fd68058c2ed4fcf867c9485982ec37cc21e30aab0749be795f8d9addf,0.0003630397598352358
Source,02eb751d26ab0359e5c076e2c4821dfd4122966e1e78c456119435e781a2343e39,0.0003630397598352358
Source,02eb9aaa77bef4e919b1c14e2b91a71991a78be553e09f6fb4893983425515b454,0.0003630397598352358
Source,02ebb3b8a2316b3e876ea3f3d8124a3ab97f30b128f619608eb06b5251235dc2d9,0.0003630397598352358
Source,02ebcdd9187d70ba32b50de3aa23e4b72360f285484f1cdf96122bbf1c10e8bdb4,0.0003630397598352358
Source,02ebe22c61a37a27b667f3e1a89287c0c64b96f93d11d066508672e3d65e995ba3,0.0003630397598352358
Source,02ece7e2b277d83154ee9c9098db7762d456e2aebc5f7206925d6b1f609aa1544f,0.0003630397598352358
Source,02ed09e8fb8f2d2de638159958a108b1c374830c55f3ff46275b010dd34cdfa50a,0.0003630397598352358
Source,02ed11a06820a79fb324ae3d9e206d92adfcdddc7ab87ff4ecaa43d21d4de89d29,0.0003630397598352358
Source,02ed13faca3b2e612018e768e2881ee9a289c3f5bcbc45443de668c1de1f12de40,0.0003630397598352358
Source,02ed845240c369753c662e6514288a2c093811ae01beb3d2b50ba818020d2a9d6e,0.0003630397598352358
Source,02ed897dac171e2d9ddb8c80a2840fd253d67d22b42d4bb94fc3b8f7ca8525f91f,0.0003630397598352358
Source,02edfa2d922363bba99aa42557f82f880cebb806ae3c14d42ca8e196ce25608204,0.0003630397598352358
Source,02eefa0df220393744685187d89e96f65a1bda730e477c628f79fbb539acddec8d,0.0003630397598352358
Source,02ef2a2144de419b66f490ab3e91f0139afadb5f7c4bdf835c9e222c7e576c2597,0.0003630397598352358
Source,02ef754a13d37b6a1d9747a01866dce19adf5adf82b7581b8bf08e7dab16041eae,0.0003630397598352358
Source,02f0b52ca841a2cabe8b9852e5f9bf34697330e5a9f3bb7df25844e309bc8f67bb,0.0003630397598352358
Source,02f1962328552371769881a9f49c192c0df261f3e0bdf4cd68a4f6d449cc6fd4ad,0.0003630397598352358
Source,02f1acc53f20fbea9d73fed77ac70a555d2207dc2c3b371c63f8686d16a2174d6b,0.0003630397598352358
Source,02f1f060e9e3013804d6458b9f734b092fa8eed4c4b67ee67ba4af65d00d431399,0.0003630397598352358
Source,02f24b8830cb056da6c5b7e9c0f98aafc97c9dd864f6e0fce0f8e391f3c5ef7f4f,0.0003630397598352358
Source,02f36b2e377bac08ef4cb6b228255ce8c7ca2d50f613f3e1f875463dfe22632c7a,0.0003630397598352358
Source,02f3db9e1d8d10a157740f6fefc5a0d9b5996935d90a57f748c62a4e50894a590a,0.0003630397598352358
Source,02f41b50ea42c48b1bdd7d4d75e27d16f93958d0071367e4f5960a755e0a2067ad,0.0003630397598352358
Source,02f476643b14036bb9baba345d61accc20f861583d68bd7840f146dd5deed4c81f,0.0003630397598352358
Source,02f4e1fd5a6222035a30f0d0d077918576a9a53e69eda7208d34dbdc24c8717d2f,0.0003630397598352358
Source,02f54386746f6542e8449eb336ad162287aeed8314d65c9eff4fcbdf094e4e79b6,0.0003630397598352358
Source,02f5be5f3d54b66bf531b96f06327f59cd139f6e2c301cc0131a3f632025c2704c,0.0003630397598352358
Source,02f65366476f3b27284125104a028880c83d7b83fd7378243c85b731c8116d6931,0.0003630397598352358
Source,02f78ff74aa2e0a5aaaa86c71a8923fa3baa1d7b820c0453e82cd86f2a636791c9,0.0003630397598352358
Source,02f7dcc28e15c0b55238a0f7db02b2082b1c2fa5adf66ff96e79db8f7ae17fe7d3,0.0003630397598352358
Source,02f8abf84b102a61b7fac723fc4ec88eef2c1c5ee9c80ba747b82942cc2d819cb1,0.0003630397598352358
Source,02f8c6379fce7cc8eb2e0be16fe5623f6b93a724dfb7428004c51ebfa28ef53e39,0.0003630397598352358
Source,02f910e74c2666a909930cba9d63424df344c50141b70dad151bb12fca11702166,0.0003630397598352358
Source,02f990558f06c4167018d7d58e99462333bd947ce17b73770396fa1552564de3fe,0.0003630397598352358
Source,02f9f614c55a0813e1460a08b86b08ebb87d543745c0535e09f684e681227f54b3,0.0003630397598352358
Source,02fa7ea1a406c8d4c809af3f06802263a816b2103b7f8b4d54e04075625fb6b4ac,0.0003630397598352358
Source,02faeecc19423fbd8273bae9c551d4d0a385b98e2e2a1843bfb1da09ab65fcdbf8,0.0003630397598352358
Source,02fb3a8392b49d1f02aff91cb47bb24b232d62a4b6ea2b7e7a5127e837b0f17cce,0.0003630397598352358
Source,02fbb175a01a328a57d8b9a707d519b75a818efc29ec48d4ff7507eeae66e53e04,0.0003630397598352358
Source,02fbd317aef57f0007dbb3acd1865c8ad9a6491c9e9d82dbee5d0d3d111fcf480c,0.0003630397598352358
Source,02fc2e8e33b9a2e611c5e7ecf04dd97c76f34985c8baa3b388136078aa4b0449ce,0.0003630397598352358
Source,02fc845f19505d6207d0f426ce40cd3a43dc319af2f32674465f1f428821f5b6d5,0.0003630397598352358
Source,02fd0dfbdd3301d82d4d3950eb90fae817b5e3a30dc6ac69480d67e155a1f4668d,0.0003630397598352358
Source,02fd2e662b4fa84610a513bd972db64fb48eb5efcb3444054724ed0197347765c3,0.0003630397598352358
Source,02fdd97d7075c458029c76d147ed7187a1f667868d37417ac1bde2cc090cbd71a9,0.0003630397598352358
Source,02fe158eab31e2b84177fb378f2e07515e16856d179bacf746fa2bfd13ab1ab015,0.0003630397598352358
Source,02fe66dddb3f74ced0916989d5ddef13f8ed839bba67259597da501cef84898815,0.0003630397598352358
Source,02fe769b85f480823dac4bf2557c715746ca2646fae6cf0f212be0556ce763c7a9,0.0003630397598352358
Source,02fec65f49fa55baf1f0f58ba5b8d8386e1acb37e6141412a845c58723e08509e5,0.0003630397598352358
Source,02ff2c9a69ab2bdae7496e41b248663a0fe250551eaa79ccb5cb92257e63b433c3,0.0003630397598352358
Source,02ff794247957e4a73797ba3edeb00ad16f18009fd0556763fb4d2a135ab528e72,0.0003630397598352358
Source,02fff7d04272591730b0329bf72a095ceeaf3eef24b6a30da473b976e809d391fc,0.0003630397598352358
Source,0301421ad710a74cdcca5938ab9f0505a7139d5c19317a829cdbd6c131bdad8f31,0.0003630397598352358
Source,03022cf8fd85cec30fcd705fd4c42adbce73105110a46fca29d108b5f88be98258,0.0003630397598352358
Source,0302a55bff0c4f02483bcdf602930ef94091eadd1ab42aa5aac2364a509526bea9,0.0003630397598352358
Source,0302dcdbf91e5bc2cf349d5be50008ae82cf4fa0c16dc8965367a43f0563de4eea,0.0003630397598352358
Source,0303aa2b59c4eb13945e5d5d1d742e5b27ed85e891b815efeb50d9984421c34da8,0.0003630397598352358
Source,030425cef2484bb833bd4d28e033c56ac7a4c665eebbacc3b1b7f1db6137117735,0.0003630397598352358
Source,0304cb6754fa272c00f4934e67a314d3c4d709086ea6b9990e740a393f35b96db0,0.0003630397598352358
Source,030545472cee5376806eb2765b6b9068eaaf04f4fff95006ff4defea2f852d823a,0.0003630397598352358
Source,030588fcbf2e1496a3bbc17a8b50b74a8779691d7be727f93e567a96c3d1053e7f,0.0003630397598352358
Source,03074a8b53f02246ea06898c5573b3e585bfd8b446022831b3ee3e767fd7a2b141,0.0003630397598352358
Source,03074ab83706de692a91b6e7c5db4def16686e40f0fe7ff6f8997706a604671ba1,0.0003630397598352358
Source,0307af0bb98f2cbdf027fa8833321214de69fb502b7449dcca428b82385fcd58e0,0.0003630397598352358
Source,0307b23656662d0a9b8c2673c9ae3347bbea401f0eb31d38a2f7a29047648087ec,0.0003630397598352358
Source,0307c479b7ce720062d031f3b6b5471c05f46dcaf099901cdf345d0309cb4a718b,0.0003630397598352358
Source,0307c74dfaf1823e177097d1ac5c64706845220bf70a99a4fbbfa2366f0c9c0926,0.0003630397598352358
Source,0308ba223f2e9bf7577e9f37eb421cb28e93a4ff632667c6f858055d86581c2f40,0.0003630397598352358
Source,0309232945ba144f970177f6f9067ad127e879b3965f440221b94c08e748bee2f1,0.0003630397598352358
Source,0309372b1f822d4b6982d628b6d963fa51dd6c18007336ae4dd0b004467408396b,0.0003630397598352358
Source,0309506f816ef8c60bd9be263fae9df0818deded18f7bbe35887246cbbd29f96a1,0.0003630397598352358
Source,0309b984e585af52d4f95816d99eb9dcc62fdc1c3df4fd68865f88121a8d256170,0.0003630397598352358
Source,0309f02bbfcbad0dd50a14a7ba7a4050bae9f404f5a2c7306634453e852fcebda0,0.0003630397598352358
Source,030a0274ea8e172060973a34d0d81e55a67e8ce22222b0c50b626ac5dd5d8dbf5e,0.0003630397598352358
Source,030a3af967d63bbb0048409b0adb4f8999eeab7155c3e972597a71b03d369c0d2d,0.0003630397598352358
Source,030ac0f610b4f8e0863ec3fdf93a262818e9f26fbc9340ab7a54c3070f654ef8fc,0.0003630397598352358
Source,030c5e46cf2f62755fe597c47ad87094df54514a10da5af221357b46a8e8ca0178,0.0003630397598352358
Source,030c5ea5732158b3d7ecb15b4d4da35999d786f33c341a27becdaea4d2e7e09513,0.0003630397598352358
Source,030c90df49347aca5cef19ffe419c90ccad6655bcdfb10ba0d3eac609858e313f7,0.0003630397598352358
Source,030d60e08f418262cd2a9d65e2dff026760fcf2c8db5968dc56da004c11c94cf17,0.0003630397598352358
Source,030d7a2ec0aae5d52efc433df8903ace2137db96833f3b966f795f02562cd879ec,0.0003630397598352358
Source,030ddb132052e6e8ec608655e9b0ffe43975582b1c3b2ff837d5ba36af943d6580,0.0003630397598352358
Source,030e0078ed41e4920bda7025be1eeb5d7cda6202e1fd31bd32520da103ecc87d69,0.0003630397598352358
Source,030e3c5473d6fd21844958bf4c75f9ebbd751f7f3f9302f336594bf7b7b85c4006,0.0003630397598352358
Source,030e4243b8c8c9ba1a590f922a77f9fd8c1a49092c129f161752e300b415304232,0.0003630397598352358
Source,030e6af245da51ccc1d43d161c46df6d21099d14c6383eea7b49352e6e656509cc,0.0003630397598352358
Source,030f35e2e50cd3e097cb243e137191d28b9628ed85b5e24b0a56c8940a8c51b1c3,0.0003490766921492652
Source,030fc73fbe3fc52f49fb2b9feed41b62689b53062696eda5a31bf4644cd1bc89b0,0.0003630397598352358
Source,030fe1e426098d3f9423f18ce6aeda899672985e8ffdb13d84e85e16eb48a53c74,0.0003630397598352358
Source,03100616418bb059ea8a0fca0b251a893c09f86cb50f5bcd7ad0de9c4d6dfec4ec,0.0003630397598352358
Source,031043f3ece8f6ef0e5aba5e51511c51497df0747b05a1c6ef107e1a7717ea8890,0.0003630397598352358
Source,0310a347c1be4f2b3b55e63f7f1e6a27fc3717cec5e256496fe710e973d8f40001,0.0003630397598352358
Source,0310a4762503eba286c094776e0461845da6a0b8f48523543f2a422ea2830a8fb0,0.0003630397598352358
Source,0310eb6b041b5e8ad0b19f321683e1e2d4146153d4b33392c02f7cc383e1f3aa02,0.0003630397598352358
Source,0310ec8a7d5067a4a0554c851d311731b244e0a9e5ebcd442a37f6ebad1843b3f2,0.0003630397598352358
Source,031138a6e0a5d58bc144dbaa61daef305a97c6d3d8946b46675d26e92aecdbaa89,0.0003630397598352358
Source,03115b94e6207d2624272fb2fba0596e31053ec9cc6bd5ad91762fc091fae5769b,0.0003490766921492652
Source,0311d229cba21a421c623c8d880c15f6e4b45b15d6ca966222407b9550b2063ec0,0.0003630397598352358
Source,0312d61bdeeaf335423453dfb45bb9f091f8fa1459b7e99c21d43d47e5fe714fae,0.0003630397598352358
Source,03145bfd9aadacd3fe67265c4489f846f7fffb63879049a50e6134d3d13fe937e2,0.0003630397598352358
Source,03145d7bf5275e814d082e0d0a395f7a93ecb5b87f59aba5a21a4da53281dd2b72,0.0003630397598352358
Source,0314a114bade0bc508d3aa6b0971821935932a45aeca71b504fe6f08c4058f2f30,0.0003630397598352358
Source,0315b826ce97e99d2b9c9734c57b575e74be2d56eb219779858a338f5247307fdc,0.0003630397598352358
Source,0315bcd52d1fd69aadebdb0f43dd14844c6a0d8118d8ecf078ac6b27eeb244f372,0.0003630397598352358
Source,0315f59f515dda83fa0de6df79d631dc7dfee53422a5f80abf6e87b87e419427fa,0.0003630397598352358
Source,03161920646c732c02d1684b28b2548c28d935ce81266715cefb5707e192781e0f,0.0003630397598352358
Source,031671ad09b7133aa271ef1ecdf697308569b3e2b2fe754d3cc7c45798fe7b4d36,0.0003630397598352358
Source,031746b3f6d1676ed7585ad83a357367760fe3713b0695a9e6a66369f104d7fa4b,0.0003630397598352358
Source,03175dd66a8519fe4f8f80922fcee05e6e4ab99dfd32fa66acf8bdca051bc70ef0,0.0003630397598352358
Source,03176e7cd539d4918c58419c6eaf36dba282b9b96157d670973e6c88ccee823c60,0.0003630397598352358
Source,0317967faff954b5c3aa3bfd2841618742f84cf263495d8ef11db4bbf64e544355,0.0003630397598352358
Source,0317b6b5d63d0bb0b819d94782be6641af46297c58bc9ac72ffc70786102892276,0.0003630397598352358
Source,0317c6cff804e69ae7eca45a059370f91b27a085559836fa93d56fd19fe41f2f78,0.0003630397598352358
Source,0317d96b4ac6fdfa3934632204498dd326f0da364d9d159d5d39f19f5b4668557d,0.0003630397598352358
Source,031898b33443892817e3093690d2a7b9bd72188170a0e8b77045e55c0d21a8f6eb,0.0003630397598352358
Source,0318f775d0b7624302ba448cec6e35649b68ed165bc0700d6cae43e7d35d17eb96,0.0003630397598352358
Source,031964cbbb0242117267adcd3e04ced928db0a80c9beebe51856949825b2d61499,0.0003630397598352358
Source,031979fe6ce0e69ece6d99a4bc4a7b30ed22a8cb8703dd7dd2dfaf619e07127e0b,0.0003630397598352358
Source,03199ed0f5d35865453d3936aee5dfe1e393d7779286208b6b4733296e9635ec12,0.0003630397598352358
Source,031a029d20a88b9623fb23254e5a6e585ee633237f2183c345b0f57525f658b9a6,0.0003630397598352358
Source,031a6ae5b1099430135cc47aaf927f078d014839d97840fb20c6577a1f71dc044b,0.0003630397598352358
Source,031aaa39139979f521db13315658c9b1805b10e75dfe3edaa604135fb9c30ec71d,0.0003630397598352358
Source,031adb6adcb3ba0e0f5d23cbcb06e45cdf5363bc81c15c95ffe1ec8ae3831df66a,0.0003630397598352358
Source,031b6b704464781455bc2b2d68311fcc5649f1268e081b6d17e4279ecc1591f4fe,0.0003630397598352358
Source,031b8c114b93c162e8d8a29fbda7763e81089928b838436264509191702be2b4c2,0.0003630397598352358
Source,031b9cb933a3fd9e269049dc9d5b8e01231fa18752bf2eb1696c22d90a2fd5349f,0.0003630397598352358
Source,031bd35ffdf9efe9488eec8ae606f6aa5efdc22c2090f7e2b66d8c8e41189a877d,0.0003630397598352358
Source,031c447dabc92728b35d9cfc271842b6c1173e59e5c44c65c245446bfa07945916,0.0003630397598352358
Source,031c624b716f0394d73ce76549a81ebd19612ed4426312205f0cca4dd2b3a0da05,0.0003630397598352358
Source,031c6d6d6f241e253a4b7702a1cca1c3b822bb2ef1c99919a22c093e1a3b1e7b10,0.0003630397598352358
Source,031c88581f20575a2eacd0ddfb42ecc89831f16c83534c03cf1fa02fe26f1c2398,0.0003630397598352358
Source,031cc118afa42b3cc411ff4cfca1e83fa98ba6513e0c32b5a275e4394efbe57723,0.0003630397598352358
Source,031d1d31d1e6b6610b41773ab4602c96e5347651d19d117f5d2fbc9fc98f7b9e6e,0.0003630397598352358
Source,031d5e427abad6a2aed64fc790f0aa424831cb487ce64d74cc17759d2c8e59bb4c,0.0003630397598352358
Source,031d9f1d7e81f7e9cf17aec7f965b420671de5b4fee0cb72274408a9206e09ba7a,0.0003630397598352358
Source,031dbe26c99e69fcdada847e56f3fa8ee6751e9bc61f8808245f4b2cbde5f37b7b,0.0003630397598352358
Source,031e54cc958ab7867d098c3e300878eea05a441f930f7f3189d3731553d5247b89,0.0003630397598352358
Source,031ed8dfb565fb4db6d856c158dcb7501847c5babbd4d1d23cbebe4112f91fd1cd,0.0003630397598352358
Source,031f00ac5d4eef4896b19ebf44ae604ab95e70b080ceb386d4c20240ebea62992d,0.0003630397598352358
Source,031f164d5811b6af103b815195c5428694bad2c71665b25321cad498818ac388b5,0.0003630397598352358
Source,031f684117a3003d2603f6fa913147fa316fa2ee719c11994c64f984e7431af8ea,0.0003630397598352358
Source,031f84495923de9cad4521b7d1ad1fd115d8c6fd32fbc6df688b940deb2c3142e0,0.0003630397598352358
Source,031ff1fa0ce00bece0879270798ee06d29a54f54e9a4ac632beeddcc74f000e217,0.0003630397598352358
Source,0320087f97186e6eaac8c12620de71823680076f5407ac3fc98cd4b8ee3f114bf4,0.0003630397598352358
Source,0320471748b2b3461d9d0ea26a2049fa84e3ed56b77f61f7f04d10adb05c325f25,0.0003630397598352358
Source,0321349b94d9c240f69062238b46a8d87dde1aec7ef870f57601b569dbc702650b,0.0003630397598352358
Source,032175977fab393be97b8fe81db01ea0efe5fcaa9f707f5c5e8983a7e831e2484e,0.0003630397598352358
Source,0321bcb5ff9f039348e4522f47dea1cffb823631f3fe8bbdbadf349376b12fc087,0.0003630397598352358
Source,032246096fcfbc787bdb826bbe5ed7c5edc2516ba5cc96728944a6e386655b3283,0.0003630397598352358
Source,0323275aec51c5912be718103d2e26d239c477bd7b8a24eef59bcbf85c50735ce2,0.0003630397598352358
Source,032381f925743e86cefb90087d1f20f7bf2a338a4b5dc80a88e0412c65ca7af534,0.0003630397598352358
Source,03244a339bbd76df175cf9512e16f19604bfff655e3f1651f9134704c541e90637,0.0003630397598352358
Source,03246f90256ddadb3cb861a0beeb5c20d5c4871c1cf6b3a742a544109a0d23d75d,0.0003630397598352358
Source,03247f548316b1f29d6df47672695cdf911a4291a885137804f80a8c61a031b429,0.0003630397598352358
Source,0324a2e360fd6bd9c5bce793cf1a7ba799353c9684dd5f57bf7430ff3559a5fbb7,0.0003630397598352358
Source,0325ee6e037c9a62a927597e3687e90b671365618a4998f17af7265eead92251e8,0.0003630397598352358
Source,0326c93a05d99722c5b7eb4c1ab8ab0cfb9947cad069286d1e2944c7e9e16ffa49,0.0003630397598352358
Source,03271d44374fae2581810d11342472764ba5e838601ecdb8ec7c8e60ba5f8e14c9,0.0003630397598352358
Source,032774926f388be5d394c5bed86b5ecedb6db826d87c07edc45e5e914ed090c861,0.0003630397598352358
Source,0327e580b90bc1ff5646bb7e24af6c71e8ff093bf5002d00f1fa334e1a9650b251,0.0003630397598352358
Source,0327fab32a4f349fd8bb729d558688cc74112363ea6c1443af0fac22d731ae6ccc,0.0003630397598352358
Source,032842adb8bcc9e1fbc41ea54950a523744d2b834af0c089b9dc8884cf809adb11,0.0003630397598352358
Source,03285b65f21af4eeedfd3f7e270eda80cdfbd237c7313870a5f522d3acc169d32f,0.0003630397598352358
Source,0328b5d9d56c4f4192f4687611dd200765157d07b721343b2247472d386d551cda,0.0003630397598352358
Source,0328c52c77b8eb31820b3f0411fa67525d3b6634e3fddbb9b224175f7eab720735,0.0003630397598352358
Source,0328dde826ad3d00b8160eec8ff946c206f8289e9544cf227a04b425e0ee7f3488,0.0003630397598352358
Source,03294dffd7bb073ed26173f05ef71f27d2b30d64e03aa670925220c8ce4584422b,0.0003630397598352358
Source,0329975881824b49dd9a7a9f8b5106cee4ffe4d80575596f0fe318d9859c6fb100,0.0003630397598352358
Source,0329a46f4739ed70b1821542606a3b2a0e947f545968f62ac9c731e9036aa744a3,0.0003630397598352358
Source,0329f5884afa9c6167a11f8f50892c88a9d047adb65069cae436909900ff056cf3,0.0003630397598352358
Source,032a3e7c39432f4609b0bb7f35630ce2abd5e0261d5d9d8b2311c6b8a05c84d5fb,0.0003630397598352358
Source,032a54b1e9cd2ff8ec5f58915a749cf074e957006e8b4da9c8497fed4b6c6f88dc,0.0003630397598352358
Source,032a61e216d5a0baf9d597aae9ee20645f280c6903841ba2b2371cac8c0591d1b6,0.0003630397598352358
Source,032c0a2a29dbf91f7a7a5aaa3a6bc700128d398a715bb87453e218092525e137b2,0.0003630397598352358
Source,032d4257f1cd676b5fe8ed678178448a185aaab2de729062eeda35a99345e763d1,0.0003630397598352358
Source,032d976796d920976182da5a691b2370907110fba27d264bdaf04cff014b70de35,0.0003630397598352358
Source,032e1a65164397d45991ee455b19daa7ee2652a2e7f23d7b49863cd310a1f16076,0.0003630397598352358
Source,032eb211947385644bf94a661f84f6979a3f9c4f1dcdc963bb70202553e26c449b,0.0003630397598352358
Source,032fe722d02f64cf1e9877e157cf5c1106f21ee414c2249d1b64a0fef20db2bbb0,0.0003630397598352358
Source,033033d0a3279d91c366c22932d1ef6cbc906ead5cf6d1687d81bb79217bdeca68,0.0003630397598352358
Source,03305a714e271bb6cd931d7bb0277113a5052d2411d6789fd5e71dd0e5c3610832,0.0003630397598352358
Source,0330741400986729410dbed8dda38564d3029db7119872f34f1a0a23750b46324d,0.0003630397598352358
Source,0330c8a24bb4200a8f3b604f91c6d8f6bc7957596c01cbec4093d8040808e35ac7,0.0003630397598352358
Source,0330e0a4e314681b739cae329cf93d5f56469b256b46f834f599eafceb8b081be5,0.0003630397598352358
Source,0330fbfe20227f84227e5823f80a7f9759c7529b4071852e56e6f550360d428dda,0.0003630397598352358
Source,033160724c4f2ab8bcc303137e8430906cc9a2462fa02d5d769bec2f4cd5a6b1f7,0.0003630397598352358
Source,033187e026f12077a89e8f296b792825aaeca0ed077118f5fb5c6f2fc4e319b740,0.0003630397598352358
Source,0331d01a1311f87190cb7c8407ba7c3ccaea1bb350e9fda0237b12a1741fcfc847,0.0003630397598352358
Source,033254519c33b0b86ad8796c44cd8a04b3333149881d1453ce963c14e4af910099,0.0003630397598352358
Source,0332c1aaf0ea171e5d8c7c0efb9f82b3008481a773b42c3ebd0f333bf9e5d80fbd,0.0003630397598352358
Source,0332c3d8f33ec5b214da6057010b6208b26cb0ec756a27eb20b9d0c188ff5d06a0,0.0003630397598352358
Source,0332c9009dcb7b452d802b013488098f491d938521b45f3779ad0befb369dcb641,0.0003630397598352358
Source,0333b7764dc5e2bace3e9eef410cafcab17e19e9bf48176d7474d0f2b8e62822fc,0.0003630397598352358
Source,03343fa29764058b0f0dc1afb202faabbbf46332f48ce42e39ea9a9b569bba1d57,0.0003630397598352358
Source,03357f33428bf6a9c9006a2be737ef2bfebdb11a7f451c3beacb40739f8dcb1625,0.0003630397598352358
Source,033681a92e71ef203155ab0a336c218d541697bfc69d32f070beb7845d879f1ed3,0.0003630397598352358
Source,033960371f5e94a9e6fa6d5bc73bc7020f33c32aa1efd106a1a6daa75fc19e2917,0.0003630397598352358
Source,033aebcf40b7c3ebe1a051a85c9317541536b29ae8241b9528725905095b24f03d,0.0003630397598352358
Source,033af5090e5530aec789e32e6ba160a2abb1e567d4777bd3c7b6fb59a92154b841,0.0003630397598352358
Source,033bca8ef6e320ada397b0d8d008bdd7fc9cf1485ba29c52dea6d055e1a09a757c,0.0003630397598352358
Source,033c4f1aa398bf286e3f0c90f37bdc0704d6693149885d690500a006ba9fae6586,0.0003630397598352358
Source,033c87508fcc89d7a01dc9a8a0c1d91874a9db257a7d337dac10cc9c33e9084317,0.0003630397598352358
Source,033c951032f501f20abe22f35296c1ce0455af2a5d8cf699cbf54b5fe5f0d43e5f,0.0003630397598352358
Source,033cff8e80cb004501f93ce1b45cebd08fae1f7cd2152187e3c055cc1f40fe1bfd,0.0003630397598352358
Source,033d3c4a60dc0b37d06ffa61078e8b21113adc3117d417889929823d37e5782551,0.0003630397598352358
Source,033d69e63a6aaf87d59b6d96497207c90c3cccd52853f8dbcaab16d111c64abf86,0.0003630397598352358
Source,033d6c9b2da94bccb4b7b74131eb21795bcb3acdf191da1095b486604dc0219ca0,0.0003630397598352358
Source,033d8c5e401b0e66a64dac12b68a575a811d295a5ed5cd5527b612141ecd9df38c,0.0003630397598352358
Source,033dc4a3db8c558203d47fe15b0409d18ffea90ca87071b88560f87330e794aa74,0.0003630397598352358
Source,033dd6e3bed83b1e233f816aadf6f930ee657c9cb7342704797810c79133003dae,0.0003630397598352358
Source,033e000f7c6a0e34a1e50f470a038eea019cebca4314d63eff1aea250d8e4b61e0,0.0003630397598352358
Source,033e7ce9c4d6fa1133792eb0da8b7309b48de6270884a24ab9022dd06582e4771f,0.0003630397598352358
Source,033eeda30f7738c9c80629fe61d0bff246f48c1fcbd383b36a99f1abf660c8b5c0,0.0003630397598352358
Source,033f481fe0e9344228b58e0297162bfa8d648d5043c12b6323df5eac61bd39094c,0.0003630397598352358
Source,033f6152ad78709985dc9bf7fbbddf2ea0255dd60c97205bb1dcec2db4185baa1a,0.0003630397598352358
Source,033f9f71f1b8dd7060c287a17fa9de26d8fee81df0f811b4a2c365631fa3485621,0.0003630397598352358
Source,033fc3c54ddb3fb70f5ef0414ffbb6d779e6ff750b9f75433cfb1e58400fa662a9,0.0003630397598352358
Source,034025d58117f4808259dcb9bf6b37330b2bdecefbedaaa47a0bce4ca79b97510a,0.0003630397598352358
Source,0340c67d7ff2042071763c54d3074c5d207efe2eaf4d133fdb157d272ad4f136d7,0.0003630397598352358
Source,0341d0f04f9e309b191430a34ddab58184be611c2b9d5e6ae31f487cace2439414,0.0003630397598352358
Source,03426bc660a4facb676490e6423f6b25a4be087a4e8c0003220dd1430c88c5e907,0.0003630397598352358
Source,0342984b67b36c1cca27c5e63d06df0d6cb850b1f5374bce362f7a688c5e19f8ca,0.0003630397598352358
Source,034325d1f0149405ac38de4c3504c8a113dc67d79038968f9a311ff5d6e474b9c4,0.0003630397598352358
Source,03433dadd3bad0c00c0a50504eb8b4938f6689e9d48e60feddf78256effa20d68c,0.0003630397598352358
Source,03453b5ef95c3b28c3013d708933e94db06f9356b9f198d545bbf9537e245dcee2,0.0003630397598352358
Source,03456e34aa176a6b4e3764b1fb656f0e8fba61db158c728a29d44109bacf4e614f,0.0003630397598352358
Source,034598c5beadf46d4f35bae5ae86f3c4cd02dd264232f4746d66d1539fe804c9fa,0.0003630397598352358
Source,0345f9d15dff2021d7cb1537314022893d3976a85bffd9ea828e0eb673fea4b27d,0.0003630397598352358
Source,034745a4188e25db811efae00ed6428ee83dd840fd6c6161db4865d5517b2ebfbf,0.0003630397598352358
Source,0347693321653ae3fc0f051c231c6ea80a0c12190d1c7f8a72b31a3b79b2041c5f,0.0003630397598352358
Source,0347790b31b10e8c0f176fa3f0486ce1877e75908a82073e487dad1d1ebb1a0487,0.0003630397598352358
Source,034782c1790bf795dc3e4dc06926a6b74f8d690e7512db864a980b82606cfa88e2,0.0003630397598352358
Source,0347ab327d7e573416ec0628f1edc77c3dd5d1e3b51a2118fe254b925f543ecdbd,0.0003630397598352358
Source,03490cd9ba5cffd4aa2d446def79f000c38ac7ece9a7279b06ebaf9870efc304a3,0.0003630397598352358
Source,0349697734dbd497aa3139fe099bd5dca259f464751d3daf6cf72e3c7c7faf68e5,0.0003630397598352358
Source,034a3f448d5911e531e3862c37c949dc41a4f94f8c4220560a582326d264b983da,0.0003630397598352358
Source,034a67ca719d0373ea66e1bf6f16242db228a7af109a69518b4a8ca865e9e89baf,0.0003630397598352358
Source,034a92e825053e858f7bff0e8d6608cf520fa5da9d1a3d2c8502f69068e02e8754,0.0003630397598352358
Source,034b0a2d6f0a95ea05a9ebf1dd602b9367512eb3d134c606bae7ac2fb1457b7827,0.0003630397598352358
Source,034b0bd81b4a8134b054c06858c9ea2695ea8f67ae0fb30eb6b362868987bc1c22,0.0003630397598352358
Source,034ba5fc8291fd22622fefa7a74ad821d7d184be482a5115da1a4b07b10e205441,0.0003630397598352358
Source,034bc385daa9b1dd6dfd9ac65711d5a1d53a108713ebf8f3b83523690e12b9314b,0.0003630397598352358
Source,034dd644c5b06f0e5845cd483bc8fc39ac3f4c85c7a73d83854324a3cd15a9ca81,0.0003630397598352358
Source,034e59dd95213f4469e0b5fe5f066563b14942ad979a85521b1e6967543105cea8,0.0003630397598352358
Source,034e8111d4c0876be06f6333020ba86c61b4a2d81cc14447542644bcac93fdfa8f,0.0003630397598352358
Source,034f39773a250bd39a703eb67ab3dc296ac83e6f02adf4941de3249ec30e513f16,0.0003630397598352358
Source,034fb1f39d2161e078cfb6c53a49d758469f69342807f73e576dade06b0f5d7603,0.0003630397598352358
Source,0350ba80f5581b5b4a5dde57771e8fc1345b1091c435c43450b3f74cf264cb3677,0.0003630397598352358
Source,03518cfddeb18d50db01fc316984bac961a6d978115a52259cd5d2e47fbe363e94,0.0003630397598352358
Source,0351adee2a8206b03073f20c865f707a335780ce1254cab9da4ddf77760a6c1641,0.0003630397598352358
Source,0351d1372b33f7db0f2888e96be4ad1979fb2e17666f20dbeae66a34ac2ac566c9,0.0003630397598352358
Source,0353081d41a8607e1bb8c56277b09bb4082722cae4b0a2339aa8b2b4d45618cbfb,0.0003630397598352358
Source,0353fd0b27072d5d994470b65506c5df926641cb0db07f7032dfab44977e22b99b,0.0003630397598352358
Source,0354e8d36e51d285109ba15d20432ea25dde34f90068f9d8201ee99099b56327dc,0.0003630397598352358
Source,035510dbd1d58e9031fc37f5805c6c58e1763d33ab5a406f4007243a8e75a75e24,0.0003630397598352358
Source,0355809648e6e1bbdbfab0424d590aaf3d2fb4964c6fafc672ae1e87bc844fd16a,0.0003630397598352358
Source,03561d4dcc14a587323afd29704f702bd51d30903a208c4021360f0e124ca31dd0,0.0003630397598352358
Source,0357774008d681e1d98245c521e5ff1f929c9be7e49ced303d17a68f870795e07c,0.0003630397598352358
Source,035822a521c25ad307e64c0e4437031a04f2766b490391cd377a8a0930f112e18d,0.0003630397598352358
Source,035940fcacbdc1ad61e5480e8c8cf156df5af12aee92b98ae8aaf46d493f2aa785,0.0003630397598352358
Source,0359a361c177fd16096e6d97f2c0b1ccd04ab722056303c6dc1d1b97cc4fb49670,0.0003630397598352358
Source,0359d338d993fa339e21c0fd0320219144e3fb17efb1075d63737a1f99cbc22a31,0.0003630397598352358
Source,035a1a3e5fb6b618fce65a1570e7c8b3ee4db9db8860531ebbf4f2a4577909c1f7,0.0003630397598352358
Source,035a7161b3f8101eaf34981caeb012d332afc03e4586bfab8a26b331c9b2b844d3,0.0003630397598352358
Source,035aa029eba55cae1deb97b39f6a8ef7754c8b12aac2e6ec7e081f89b15370a5c0,0.0003630397598352358
Source,035b19eb912100253e4f4b83445593416dc73447788f828fa79a652447e88ba3fe,0.0003630397598352358
Source,035b241ac078a67e2deff6c73569816261b65c3125697149ba9548b1713d4ecec5,0.0003630397598352358
Source,035b733d94418b1a7626c76681518cf56d05584115a264309304d0742bd1e979be,0.0003630397598352358
Source,035bb0859a50a15aa8977b973cc71ad1f54adf719f14af87f8e2d006554de5e8e1,0.0003630397598352358
Source,035c03874c6116312afd210dc0ebda5edaa5164c2296ee738937d10ff2a45916a7,0.0003630397598352358
Source,035c99ce410f124c08d7218fa6b9fa8d74d52e361f5c1648d3db1c0ae8c0deac6a,0.0003630397598352358
Source,035cf880cf0ad052d0f4fd2ba54c1d15d22b97951b15194fc4e27e485b977a0b91,0.0003630397598352358
Source,035d38b8c2b7c9debd6828b514d08fde8d7c23ef2f436bed70f5c1ffc4415cf954,0.0003630397598352358
Source,035d476ec8f6572c7cfdc4fc4d81d61e1baf834138fb088d825a6cb053b566a495,0.0003630397598352358
Source,035df40d260523db32cc90dd178176d60965e23b6abe076861909c40aeb56120ff,0.0003630397598352358
Source,035e9e326c3d1979a2d60e7e648f2a3b6ce2d9855a7bfd59d9fa159f469358be76,0.0003630397598352358
Source,035ebe1bc65fb589bece4df419a07a48897dfb39d09e506236b6257a09220bcc12,0.0003630397598352358
Source,035f3171b63ba20e4063f6a214195a532de53aebbecf44d62d7352e74448e144a8,0.0003630397598352358
Source,035f6cea030176481dca0aec07d5ae076c2cd652ea34d1d04ce122577c836170a9,0.0003630397598352358
Source,035f8eb867f7212f24565ff144afbafaef7ec1c44d3ba141dd80892f57bfed1940,0.0003630397598352358
Source,035f8ff4c24ef12042273a08e83c4de31506debb86c31b39056fb5b53039f74fe6,0.0003630397598352358
Source,036006e9eaa2a4e1f878c3ab0bb9ec7f7bda498ad081a303cb64c888d5f94e7271,0.0003630397598352358
Source,036023cca9e3d05a46eba1f6aa33627c34714a6de5b2841869c6f11fffce2a7f3e,0.0003630397598352358
Source,03602f32b12ef408fb7ef38cb15933ef7b1597f040c916ee3178e4333cd942039c,0.0003630397598352358
Source,03608c3a8979b6a1d2418d24e9b3172814a13af9d21bd7a4a1b2969478d129c6ef,0.0003630397598352358
Source,03608d129098f701677611ae8fd0e5844e76f349aad2ac5c1756ee66e325e0457d,0.0003630397598352358
Source,0360c5a6a875886b1b3141d2ccc0ca77a61130107d0eb13c7a0638c5b21a046872,0.0003630397598352358
Source,0360cc97ba752099eb1080c6ccf33e3abe04120ece04c1ab087760ccf3bd36531d,0.0003630397598352358
Source,0360e1c7d6046aeea22d9200e2d9fbcb76e9cc4678dc4cfdaad4e292bbd886ac26,0.0003630397598352358
Source,0360f50e9b79dbe6dba04edff82385d6e4edcb4ab4ca4b87e0936c755d666f1bfa,0.0003630397598352358
Source,0361e3cca1fd1ba3d44f0c8db3f5e426b74ee5d2addda2aa4ba31fb729a39661b3,0.0003630397598352358
Source,036226fec3acc7b4d3d05563b59c6b032f81541847e6c9eb7369c50e070d2f16eb,0.0003630397598352358
Source,03628334a499105a1d6d6bf07abccc39d8514f613acff3b626e4fb68f9d3147c00,0.0003630397598352358
Source,0362a0624fa28c230a92c77e09290f51a3a0f15657e443620d32b333dd2d280dac,0.0003630397598352358
Source,0362a9ae09629670a825a8a461782828ec5819f1c733ac96696f8b7f1c1b0b31e0,0.0003630397598352358
Source,0362d19cece3c4ef124e7f3c8191d9bcaccc37daa5a540e2789f95e0e67396dc30,0.0003630397598352358
Source,036360986f6673fd63711d6153841ae613e040bd1f7d32d648a1befdfc6ce4a702,0.0003630397598352358
Source,0363d4daff0506649f6099872f08979f1571fd94c6a828022ea1f4eb7c8516f244,0.0003630397598352358
Source,0364356cf136034814e9f7a0c542286d65d94b20c72afaca9cfb1811656de609b8,0.0003630397598352358
Source,0364e154e015741de52158c2498c6e03b57ec688ef1c2d953f541636968c5cef83,0.0003630397598352358
Source,03658e1736c420c07e4636eb2a7521d617dac34ad7599f6f9e5cf6dc028ccef9e6,0.0003630397598352358
Source,0365bc9f5bfa169fb6efe53cc7cc840274da3cbfd8fca4e1065d0f1794dbc5448e,0.0003630397598352358
Source,0365cdc4691906370e6ea973e31d200c9977151f297fb90bd49cfc479a5c9f467d,0.0003630397598352358
Source,0365f057d4e318222eef732cab95baa57a06c0ee0d814de182490f912a56d9f026,0.0003630397598352358
Source,03665c37edf641aff4606db510774a502798083e4d61bca09baa0b5e49772cc869,0.0003630397598352358
Source,0367390e3a95014a713e8320f4d454a2d75be37d7204ff710319eee2d38299258a,0.0003630397598352358
Source,036754ace92d5c07c0e278d5c87dfb2a12f36c96caf16f5659076959ab0ea51e03,0.0003630397598352358
Source,03683eb49daf605cf5a1d558a24813b03638f9fb9c8b9d1d246bdffba07ce3c7f5,0.0003630397598352358
Source,0368607efcd1aad74835fb3aaaa0ac5c1c29995a1a2f9aba8b0dd734bded251977,0.0003630397598352358
Source,03686128db3100e8a66caa3a50943aa72b80c00b3f8700ec01f3bf2e3657d69d54,0.0003630397598352358
Source,03687d61c88c23491b5e426b43f3b49971a718a1e106755821f34f1d1a1f691c5c,0.0003630397598352358
Source,0368fb3946ad428085cd394f2b2f983f9f6730ca7af8861ecf20b604c4cbb07536,0.0003630397598352358
Source,036a320d0667dfedebaecb02833a60b58a59a60350a4958e87411b1f4c2ae5d871,0.0003630397598352358
Source,036a67c7d200918d2a917f535c25543c9b76ef15667c711fc19f2ca4889d66c04d,0.0003630397598352358
Source,036abb1d2a350188a9c48c9fc9eb2f16554d4d435122a7470ea37dd9c2c7689719,0.0003630397598352358
Source,036ad2da9b057d4ac40f911bc4faf21ffe43bb84802e6cf948e447753488a7246a,0.0003630397598352358
Source,036b3b201d2232f9f9305011f5f539bbaf66cc2145ff74e0de0de85df2637a138e,0.0003630397598352358
Source,036b40d18e6d0fcbeaddb4afa6f0ecdba32018d8ac28076e51bbbba415266e3471,0.0003630397598352358
Source,036b45b031fb34295a45a0ccf99a337758f55ea9650720248b5bfe73159adee4e4,0.0003630397598352358
Source,036befbe45816a771ce6958bbfe28f6a9585a66f8ad6471edcd6d6db4cc95a5294,0.0003630397598352358
Source,036c5ef5a5acd99a9a0a36f417a31c3226f8626bc37c2befe7e85d1a1c69c3be90,0.0003630397598352358
Source,036e0721b94f40b66c0aeb3ba9ea646cf865aac339dc70ca4361fd15183418f58b,0.0003630397598352358
Source,036e84a061346d6430f838a431c16895905ffcdbda115f0b763451995da5347b1b,0.0003630397598352358
Source,036f80166855c6b706a9e59e2f41a276ecca464bef08afc48d364720231a4d6ae6,0.0003630397598352358
Source,036fdf30295c3d9c682f294de07a11c65c40fe86a721cb04b061e7248542b01eee,0.0003630397598352358
Source,03710fd32f9722395ac453afc4b8eeeb145ea9afc3a41174e18af96fb62f38c8b1,0.0003630397598352358
Source,03718bbb44877232a672ef2a8cbe79d357fbb3f506b646f0a0741da6f0618bd1fc,0.0003630397598352358
Source,0371b9ff705aa4d624d32e1323a3b0fe2aa989a399a529a2628e86b519f3aa718a,0.0003630397598352358
Source,0371e771520a5ace7d49272d943652c816388f17938ebaf712b26383769045aec9,0.0003630397598352358
Source,03729533776fc0269a7e6e7c0b32ad746d9207237d89cd9d6f608d54341ac9c69f,0.0003630397598352358
Source,03730c89df450469df06cdb4c34e5744222edcc10772700934f98486d980310a2c,0.0003630397598352358
Source,037368a9fc7eca41b290700d56e1e5390b28c7a3318d8944a1f2e8812a4d1e7bf4,0.0003630397598352358
Source,0373ad758a334a0160177877b20df3f5a27667a75fc13b0b0c6e8e41879f3ef9a8,0.0003630397598352358
Source,0374a0c5616119ca260eb754218e7866c2940476c138a6b9e9e5c16fd383e438d2,0.0003630397598352358
Source,0375008f1149a604181698a79766c261daedd453296ed66a7b92a203fef6dc4640,0.0003630397598352358
Source,0377c9f9105f3decdd06962f164001982de9f26a28b1f21a1a9ebcc160d13e6574,0.0003630397598352358
Source,0378015105d688db09c0ee702b54e33dd6ddf269c66172c5512112b0a9e96a3e50,0.0003630397598352358
Source,037808a32be71ce0201ec04d1d975ef1fbba5c2a8cf83ff136d580ddc08b396187,0.0003630397598352358
Source,03783fe0ad682e695e1d132df84222066d483599b5b49b879a7c6aeb66f57adb56,0.0003630397598352358
Source,0379207b7be86fb083c56aefe6b1f7c5d7c1f6d3310037b8e75b3eff263ad506e3,0.0003630397598352358
Source,03795713f1ec4261acb727761e0818699ebf3848c3313e8107fa34e8cc8f543a1e,0.0003630397598352358
Source,03795b7703c2b4f53dd9df44f8023d75a2dcc0b6cb9bf8452b960bd03ca9a5aa85,0.0003630397598352358
Source,037a8369c864b51039af9fae6cded7d58046874e8af1a84a30d1cba848d2d195b3,0.0003630397598352358
Source,037b10000376f6f0250d5c2b8f0a6ff8948bda0b140870067e789b2d5f00f8e8c0,0.0003630397598352358
Source,037b61ffd0775bfb485bb6e4849bc6a6516bd37a7cc228cb893d1acdd36185634f,0.0003630397598352358
Source,037b722e082579d9e05aeb1f2a34bd5b0941e5b2998da37e7589d749e8ba56ea57,0.0003630397598352358
Source,037bfd5ef44d99a401dd8358e192a50b0f980622f57261424a3ec6f9bb431173c2,0.0003630397598352358
Source,037c3e478246066301f381ad83b8e6abc0105332dec4b8538d1708a18c77089d33,0.0003630397598352358
Source,037d1ae7759fc07370a764dfdc32d6b21d43bd4aa4096e4ccf5271745e9d497b4a,0.0003630397598352358
Source,037d3bb0edd3eb5e22aa0ece7ecb2cab7323ca2e768717023c015752c47267c7de,0.0003630397598352358
Source,037eba2193fe30b8f875cb2f8ab6cbae20fd71af8eed7f5dca09974f2df9440529,0.0003630397598352358
Source,037ed7ac857a34baffcbdfff77d385b445221b18b4b1aa3450225ebfdd895c902f,0.0003630397598352358
Source,037ee4231f148b2c9f9771779843c0883a118909f73d408d970068870900a1f20a,0.0003630397598352358
Source,037f52dbc69d5a7cd8e93c0a9da1e983fa800938d935aa9b8662f61fbd9c7fff7f,0.0003630397598352358
Source,037fdfbbc714f42af06b5effd24fe1ff7de5d91ece6d9a83489d8c1441f1b56d98,0.0003630397598352358
Source,038008290f6272b6717c49eadef833fd6ee6bb29e1dce367bdf7ef0595fb2c084e,0.0003630397598352358
Source,03802f08967cdd0dac6b008ce27881695c2decd7c91392c97fa4fc067fb9d024dd,0.0003630397598352358
Source,038039907cc717ffefc2d8c12c1e4bae3112543f822ebdda94b170004387c7c2f1,0.0003630397598352358
Source,0380eccb4d0c299ba0cafef20df6c43298fdbc2c7c78c11efe467d43960be192d0,0.0003630397598352358
Source,03813340301bf1db3ebeef455b0f07fc9ca4ac98087465732afeb44ef57377e62b,0.0003630397598352358
Source,03814103e9a95e0a1991fc7ff590e7ee8e6ad75f7348f01d30ee58b71546b3c942,0.0003630397598352358
Source,038199a41dff255d181371a735823a78429632051fa3f1e722c6ac20d89e1ce9d7,0.0003630397598352358
Source,0381dfa9a8a490f9f8699a831364d4d465c2dda2c035b15f7d510a5c599db33f8d,0.0003630397598352358
Source,03821e0cf58e76f6d763409ba9a115537d44b12c46a5249a60256965bd4473abb2,0.0003630397598352358
Source,03825052101cd5402c7ec0bcb814141229b60faaeb0019f5aa599fb3384c909d28,0.0003630397598352358
Source,0382b9a7194d38283bf97566bff2f4c0c8c16646478541a87f30af14cfe3661222,0.0003630397598352358
Source,0382bbeaf6920684efd54608b307d9168ceb450d88941b55df8df88dc6049ec297,0.0003630397598352358
Source,03836c54f1dc73dae4a5dc66e63ccf4ee56d36e54b5bc26fd2178d8c229405a7ef,0.0003630397598352358
Source,0384b713f4879521634586ff2c1c6e0438c4bbcbfadd1e3addf0b40e2c4b77d01e,0.0003630397598352358
Source,0384e9a13236f14854d7ede62a764fe4b9d4122601ca62a89b54f9356704027104,0.0003630397598352358
Source,038545ecb3c80db999140d82e457ec903ea4f205bdc64209a983cfd9d63787da0c,0.0003630397598352358
Source,03857f8a9626a9f20a0bab096956abe50aeeb3a67fa33735f939d64df5eeeb7cdb,0.0003630397598352358
Source,0386aa645e9abc21e4989e69047eb4da750fc6c5c458ab86433d76e0e7cdf30b80,0.0003630397598352358
Source,0386b0dec9e07db8d78d6f40d987e2baae8aceb0bc5fec1e18eb5f606c5bd65ba5,0.0003630397598352358
Source,0387875d3a8de01bd83124666ba078d9ec610c2971c5aced02b648179c5b29f80f,0.0003630397598352358
Source,0387955f67913f73fec57b34011568aead2d8b9902c94ff7770885452bb9acc842,0.0003630397598352358
Source,03879fd6d982be84a369368f5ae0f0065c5c3dc15f8b657ba8ab7b25de5b428d34,0.0003630397598352358
Source,03887fb03e24c4f0e5b43868ea707ae4d5a63747b1564dc4b5869c4cf7139500cf,0.0003630397598352358
Source,0388f89086bc5f4bb1283a76bd27b0f35392e467a6e9411086597c01c23c541d26,0.0003630397598352358
Source,03894bca92c802a5130e00aad6d6cb211af2e5d652d9290aba8846b9809c394b8b,0.0003630397598352358
Source,038a249a063e5e991992fdaf439441aa8e085b1eb02f7c596406c7e85203966e2f,0.0003630397598352358
Source,038adf725da5c1f08815cd22fdc575bcea8e59b36caac89b1818d2729294fa792f,0.0003630397598352358
Source,038b19417ee84b5469217efb333b677caec115e0298823e71148d2741b40cb62d1,0.0003630397598352358
Source,038c7b2931f0de49a5aafe40cff04f11b3d6cf8382af64416eba1787fb48f763d5,0.0003630397598352358
Source,038df68f8275e38fa0a53a84f13d4ca0c2574a2e923a41e14771352fbaf4701e5f,0.0003630397598352358
Source,038e16b5d779735810ab39c95d4de01649c79deca3228e396ef0887409c0554627,0.0003630397598352358
Source,038e8396a8ad339224c7bb055ed0f00490b3cd83775351102d88de2edce3621dc9,0.0003630397598352358
Source,038f3723ff347c1b521c77ef587d965ee6fbc2b67e31518328110562eeaca8fd0e,0.0003630397598352358
Source,038f5b2058e1435f24a61ff45c3c0c9ce8901f0e970744a3231c7248cb1552ac0d,0.0003630397598352358
Source,038f8de9f7d7d7459f55547ebd2452998e24e6ade073ca07630e68fec7f2132dca,0.0003630397598352358
Source,038fbe52aaa975a7eb78e36afce6bb5b609c8f8edfa4619b87dd4c3118acb92c65,0.0003630397598352358
Source,038feca33faddc90f9a62076ad33a1ec3c7d260849434b89848bed0125f3e518e4,0.0003630397598352358
Source,039021a5b9801f925b4cfad70cca14aaa257ea265cd994233439967311a55fa6b2,0.0003630397598352358
Source,0390301bf12b20af9ada917711715232fab50900c3b2f6757cd188359ef2c6e744,0.0003630397598352358
Source,0390822c16135481647a5ad352ea60aa43542cad9a9bc54429e7e01af6c4304c82,0.0003630397598352358
Source,0390bea638d3af110069c49cd6a96caa6aab8323d0659f5308d090adf3f67c474b,0.0003630397598352358
Source,0390d350f4ed908e42d7f7db15c751904413e8ffc61e3ae0b667906d71516dbe48,0.0003630397598352358
Source,0391574fcdb49dcbe1f38e27abf384d03a445a8c1b73ec686fa6d0d473787e39ef,0.0003630397598352358
Source,03916fd08d729ca61b149577c7f2d94109fab87ced92f0fdf9db488f1a402062a5,0.0003630397598352358
Source,039170120cf7502e10c5d83f109cf23708ebe00a38ff3ab83ce87088fd25d811d0,0.0003630397598352358
Source,0391c73babd29fb3ce40ef634f6479fe1c3a0f85ad0c0e2ced26563b172d7e1270,0.0003630397598352358
Source,0392243c08c24092167ab89c95c3ae3ad2c0a67158df4598597b3aa09b3d4859ff,0.0003630397598352358
Source,039235c2fcfdc758b5118edbbe4b70535e0a68650954b535b3fc749c522dc8dbd2,0.0003630397598352358
Source,03927e57d98bd16ec79240f40a53a993ea320d9295efe7333c343bbbe93cd0f40d,0.0003630397598352358
Source,03928b4b7cb8199d11b5e0ddea7fefbbb33796a763ffa1837f875cda5c7fbb08a9,0.0003630397598352358
Source,0392c1bfd44ef31a5989f95a01b421fdf6a83d927eaf0be58ef74e1503ff08da33,0.0003630397598352358
Source,03930e706cb05af0b8e12e59c1eaa2958d7393bc4250a7581c876f65f211062328,0.0003630397598352358
Source,03932179f4e20fcd850fb90dca6297cbfb2a1c1ffb3b3a8a10a2894c9b15a75fd1,0.0003630397598352358
Source,0393990dadb1e26fea7975360817545e537d6c1794dfa3e946085cdfdae4b66f89,0.0003630397598352358
Source,0394972ae58841345dce46a0050f39d89a0c8fac3379f16c482c0722c0e4183151,0.0003630397598352358
Source,03949b847fe3d4296aca994ed0fec4c9b0efa82b427f7fb3d20a1f4e1a6e487040,0.0003630397598352358
Source,0394b4c7fc6e2ecbb78b0fe4825387d4d5742a8c4240404110377cc72473ed3689,0.0003630397598352358
Source,039600f149e81d78c14b2aecba9999ef773266525fb5ac8174ccbef6e2cb9c6166,0.0003630397598352358
Source,039627555b1c62168e206ca10a196b9d779e6b0b6dcdd3e1ec24f7502ed9ff8348,0.0003630397598352358
Source,0396361c74640eca3afe8a48e2c5c0ff4a9adac24091d42c665852a29e7b7ddd79,0.0003630397598352358
Source,03963bf932039bbb0e0fdd28b7901fe85f71983fdb2b5ce6de140419d59cbbd2fa,0.0003630397598352358
Source,0396cbb6ad2d46c372693ad375e2b1cb22c5b83046b712cfb37319ae3d26548193,0.0003630397598352358
Source,0396ec20635d4b63d884d2737a838e7b0329e5ad44782b8321d0773541d0bacab8,0.00024435368450448564
Source,0396f67efca57912e65ab1d7c877e11a8ed7d78242bab70822db6f6b6cc8720736,0.0003630397598352358
Source,0396f85d0826607b5ce1c8eaffaee0f30cd224349f2c75a0ea8dd87d00bb77e59f,0.0003630397598352358
Source,039780dd55eaf595381d23d16e438d6003269bd8fcb3823be528b66209e82009ab,0.0003630397598352358
Source,039788dc9308b5905e77826a4d9c1b7e6cd7851d23397d0f57e3ef0cf12928d733,0.0003630397598352358
Source,0397ea26c5da04733b9699b30bb9e7c0b3d9f2583be1f799a28c7db12f032b0daf,0.0003630397598352358
Source,03986214fbaef475ee1f1b48858e752f4a0575ba811841a3a82451cd119ebd6b18,0.0003630397598352358
Source,0398884d8bddfac789c13451a29fd9cd2de0feddcaf5b94a7d3d755d544aaa2154,0.0003630397598352358
Source,039945eaddb2788f1e9422cc6b2ffc2c75027a797842d3febbd33ddfca65432c5f,0.0003630397598352358
Source,0399d94ccc0c5500335aa7c6fc8d0ed955cd6951aff926b8a4c2c9b3ddaedf6740,0.0003630397598352358
Source,039a2a77b9a1ee9b57a201e4230bb16b07b0d8654e10664710c2ab66e66568f9ae,0.0003630397598352358
Source,039ab76496a8856dc195a102e5edfa1ed7551df335dc009860309addebd3bc4283,0.0003630397598352358
Source,039ae7832f08885625e9e59cca373386c0506bb7e7187ce262ed8e9745b6428d89,0.0003630397598352358
Source,039b1e8092e8a992bc960376c01287b3b3c89c502084d233e2881f0cf911bd03ba,0.0003630397598352358
Source,039c1a98666ad4cf4ee5e7441a220a12a838dc8d5787ecfed29824280b7ccc7852,0.0003630397598352358
Source,039c1cd58831668e7fd2b89ff2a96fe868470e360e813f7fcf27f170374e6115d1,0.0003630397598352358
Source,039c996d954520b9b3dcfd0005426c7ed0bd4d516213f92380c20ad5f774b33754,0.0003630397598352358
Source,039ce84f34205c2a730dc5c2a5fdc8d092b9f89d253d6fe1ac03a9ae8b6c47291d,0.0003630397598352358
Source,039d5b9f5afe924dc787a601aff6e87a89f6704f91ff90bdb24daa04594cf5b4e7,0.0003630397598352358
Source,039e0a9759d66ed39b4d0fc152ca79aea948e3552aea5faddf3ff4df3c1a7e1751,0.0003630397598352358
Source,039e8c6b83e74d0bf4db1e930a6e19b6a3bdd3e551668188b694934320993719f4,0.0003630397598352358
Source,039f95a09199ea8b7e4219e27cd779d44832b58ee85b8f7d86965361456d882dc0,0.0003630397598352358
Source,03a00049175db3b3eb61c446ee6bbf6320610b048f028f472e29fecf05ed0ff05d,0.0003630397598352358
Source,03a06420ba90b084cb7eb73489f3a4343061b1fbce51c495151c8d8bf0b133092c,0.0003630397598352358
Source,03a0c41fecdcfc70dd4212a8dec6c290415b8f34134237f474c7d1f803621bef35,0.0003630397598352358
Source,03a0c5423f3c437bbf0cb7b094d53d6aaabc5bbdb6c1e29c57ce2110ac6c7ff030,0.0003630397598352358
Source,03a11d273c65583d94799862fd6e13b445af1d6c86acc437b0be26274ad9d0b2d5,0.0003630397598352358
Source,03a187e92d850d81d15e5791d4d773940d0429fca5533e293d8cbd093510187fa5,0.0003630397598352358
Source,03a2807e87f2dd84193a41f8c289e9ca4723dd9e27b6d814f010ad8da5db03830b,0.0003630397598352358
Source,03a290348379a936196de128aa9e0258572bd78f117764fa90b255c6375551ce12,0.0003630397598352358
Source,03a2d0d87c0ab21c9cad1c5077c2372abe15db694b6eb41c4bb8d9f9f8fe7d0496,0.0003630397598352358
Source,03a2d9707aa15908ae00986a650eeec057ff026bd9ba17ab0fe18b9e19d19d77c3,0.0003630397598352358
Source,03a503d8e30f2ff407096d235b5db63b4fcf3f89a653acb6f43d3fc492a7674019,0.0003630397598352358
Source,03a5c63b7879b42e120f2e2d690d8b8d8ccdc83356789fbccbecb1c9f075331938,0.0003630397598352358
Source,03a62b4b722d0804f78a9b7a151bfc690a0f80b1602061050b9b04b3436a46738b,0.0003630397598352358
Source,03a65d69fcc81cdc6a8261b26471269722479e1760a0de8de89dbd41898e546d97,0.0003630397598352358
Source,03a724d1749f388c8ccc4114c031c02553003caf533cae77dc2001ba655c4758fc,0.0003630397598352358
Source,03a7acad9d2435feaab67abadbb6a0ee2e80cca28686945717832fa7aa04b78a88,0.0003630397598352358
Source,03a804cdbf925012509789cfd373b96234c8ae8f38cbd6c852c685f118d68aeec7,0.0003630397598352358
Source,03a893c133cbb14ec3d402212c5b69b507d0f23e601a214f526277b11d655b79e4,0.0003630397598352358
Source,03a9197388a32311454717f9044ce2751e116b6f03facd70f49522b1f592087060,0.0003630397598352358
Source,03a968b17f2cbde50978d627c376d7ecf33101e951c14fb4cd42bd4bd955d2dc07,0.0003630397598352358
Source,03a9bee7638c96a67333f9cefece0e80c9e16a90b7c2fa3b041616e5d59f7bc64b,0.0003630397598352358
Source,03a9c8d5c68befdae5c0583e51e876bbe27a260024036a7dc8da0ffb3383388f65,0.0003630397598352358
Source,03a9f14ffab794e38191a9bb676b490740d61ff27487df3d0d264d62eeb0b9ee22,0.0003630397598352358
Source,03aa47045c4095baa0a4d69e3c2f304859abae35dfb453407dc28e8a31943b19ee,0.0003630397598352358
Source,03aae93a71a3211cc2f2238e68617eb315cae7d34fc08d6fbfc9d46c39cd177c97,0.0003630397598352358
Source,03aae9fe9aebf495ab565c29c498e9219a1d9694c379f67425b39d8400432afd67,0.0003630397598352358
Source,03abb38e5aa1a85cf18a77d0e60ce908b47b86b8b32eb83591a0c84357ecf65cf2,0.0003630397598352358
Source,03ac2f74e9dd0801891647261e661dccb0e641e75bc953c923228b806360a0f289,0.0003630397598352358
Source,03acb45f93c4d10c1df39ce3a303dcdf2c7e963b671a74ae8d5423b6bc6ef58639,0.0003630397598352358
Source,03ad29451bab0d63d75b148e579c5d9b54ecefb7398499bc2809822dd519cc2240,0.0003630397598352358
Source,03ad31e19c94c5ef331aa30047252d9b173b0d5fcdd07b9340ac7e828c8a239cda,0.0003630397598352358
Source,03ad5562c0c8e6a49e2efb595ff8fa13a745133513ddbaf2d2f63504f92a475bc4,0.0003630397598352358
Source,03ae19786884da33c7e3220337fd01b4f5d44b8a920af310779863072f35ba25d8,0.0003630397598352358
Source,03ae30aa8af2e1c34a5502ebb8a2f3974644374d6b239b2943af1e902a8d3d2322,0.0003630397598352358
Source,03ae442918e39be539be65d61bfd383e7b958202cc3f754c9970656265f3722622,0.0003630397598352358
Source,03ae546c4a08383f2eac3d0c91c12f8d2b7665b6f3d260a33f37d7a4f96233df6f,0.0003630397598352358
Source,03ae8a63996a54fb8c2e4ab745073e745d9654ef6b76e128e415874fdc8ef338a9,0.0003630397598352358
Source,03aee1c8e5b11b25934d5a4e941aef143af279c033e95abf2e36596bb072e35dbf,0.0003630397598352358
Source,03aee568d90684e97f754a0d01133ff6412c5530a7665856abd0cec1f3f1fabb86,0.0003630397598352358
Source,03af6b6d1b2c17e803f5b102cd042f2ba62977418e7da2ee5416931ed8a944bc94,0.0003630397598352358
Source,03af7471dcdc308fb62e72ce1b41e40ef38e9e4a31e711f3f6124489095fbe372f,0.0003630397598352358
Source,03af9907b20acda85012d855de45176e1a204214d59c45b7173729a6b8379222b9,0.0003630397598352358
Source,03b014c3f5159debd6e7585c23885967de252b25c487244fca07881cdf0ad19f13,0.0003630397598352358
Source,03b01ed82152ee1d3d7288cf14c4fa09f15e78d270150e7187717f33330662a295,0.0003630397598352358
Source,03b0bd9afcf51d7de20c5cff2eecd6b64be765d911bd765e6ace506bc02e677488,0.0003630397598352358
Source,03b1c1fba361b72f3a14127931cecb21a4100814658f756a157a6e84f111d9e266,0.0003630397598352358
Source,03b2041843c2fe2bec761a473f11f4dcd590e5d0e037731f4f1f3c40057fe65e37,0.0003630397598352358
Source,03b26f7d9708790c7947c59baa2cb185a9a24a3a1b320e76b646dc94b5a52c28c8,0.0003630397598352358
Source,03b28291001487066ec6c77aacdefab18904ead41f951d329d50ea3a4512ee98e0,0.0003630397598352358
Source,03b3268f7157a30c050fd97857f071ea6bd411bd966a7480ec9200d71d329499bd,0.0003630397598352358
Source,03b3a32526f05c45b70d02cbc98b475503c3c97e13d9daf15e5cb632b8adcdad9c,0.0003630397598352358
Source,03b49f814c44c815a480d8dd3ae3f61a1f5d844cb2270709f16584cb446151a1c7,0.0003630397598352358
Source,03b4a569785e86378eaf6b685f649ba336be14d9a32a8d7812dcae3c81a7e26d84,0.0003630397598352358
Source,03b4da98855d86b7cbe359694f93aef7b1416037d3bff8ea856a5439b33f9d7c7b,0.0003630397598352358
Source,03b5006b578f5b113d8031c6a671ae1e135e0de4c010087e26ee7442e10cb563c5,0.0003630397598352358
Source,03b5205679a18b4ec927fb828cee744b5e2feb1981661bc652bb195493164a0f02,0.0003630397598352358
Source,03b58efa9e3757c48cd901fc6a7277e9ef6efecdf3f24ddf6e67de8280debc09db,0.0003630397598352358
Source,03b58efffe1a9e73390221863d29d3d1532963c01ce527500de0d7cfa9383627dd,0.0003630397598352358
Source,03b5dcaf8d988e139cbed65c3f48fb553ad54b4565e7c2531ab0319b156b69d715,0.0003630397598352358
Source,03b62be17563c3ed4b9f15b0dc6d4fed01e3aa77a970b821c9f89404e1a72954e1,0.0003630397598352358
Source,03b7205c4c8e87d60db8cb80d99b9ec9a9678485b45864dc51774c1a8b5fd42ed7,0.0003630397598352358
Source,03b76e259972f448fb6915c0287463e52576df1f972fc63d34bd7884421a46467d,0.0003630397598352358
Source,03b7c661f965105e9e8220fbaf4bf3e70f24f30a384a2536e89acb5ebbd73e6633,0.0003630397598352358
Source,03b7fc0de1b295d5df9fed256b945b89ec77843cf3f0f7cd0572c56469ac1c68c3,0.0003630397598352358
Source,03b8253877a515c3b6d857c5a482df815e70a84e933b5fef040854e6fca3c5ed68,0.0003630397598352358
Source,03b83404feb66eca08b2343579c7ac09eccb1035ff07cee30a0551e071a9c26b0f,0.0003630397598352358
Source,03b847485a3a2cf7d9d162d4069b73ed86b7b4c517043bf13357874860e20c3515,0.0003630397598352358
Source,03b8acd7655a1ebbbe9b1ff02fa3871bc6f2d7b064bd31f90feef7a951460e1b2a,0.0003630397598352358
Source,03b9ac17154c6ddb27c05ae8c830a142f4742a3de280941988085ae2fc711ef2aa,0.0003630397598352358
Source,03b9b238a9e07336d4902e007f14d6597363b8563fef2316bbe98250146d0bd9cd,0.0003630397598352358
Source,03b9de7a7d7e8a474b859a59e314cf2a143ae9c569ce78c46289b3ad16cb8c03f9,0.0003630397598352358
Source,03ba54821a4e1178df3b4462085a4aa7c8a3768b1a2b6856dbf89a3e407c217acf,0.0003630397598352358
Source,03ba552f02f323bd962a0131cc5eaaded5b0b03ce1ce3f0e828c991239873c3948,0.0003630397598352358
Source,03ba55d04cf42f4dded663d046ff11f1ee44dfcbf284e1bf8afe564af41a172a3a,0.0003630397598352358
Source,03bb086b83afa45795c2265ebc76dcc749a590bcd83ba244c27d4f47b1102ffc60,0.0003630397598352358
Source,03bb7206e2e50e7b2aa8c263f08d994ea6c3386b1bf2c124acc3568e077c4349e4,0.0003630397598352358
Source,03bcee3d0911944cba06aff72c8b05e22e8cf5d2d74a92a337cc510749460c9465,0.0003630397598352358
Source,03bd3e94eebb9d7297ac50a7149b44212348f6f7aa0cb1fe7d4da3ca572ff65e60,0.0003630397598352358
Source,03bda4dac5649f52904fd2ec23b45987e968649bfc9be728a58eb7efe48c464013,0.0003630397598352358
Source,03bda9f56ef2866886798fbf897a51e293e59e504fdbf5591635856ad549d75bda,0.0003630397598352358
Source,03bdfb1208bab9b4808192ea16ea099c14d54d6d2f92290dc7ad0a8ed31dfe36ba,0.0003630397598352358
Source,03bfb32d6ad2bc70bde78ce9ca96e0e1cb4efecd10b04a344ec73361db77292c41,0.0003630397598352358
Source,03bfe283e94ff0d6df5a9f9ff4f6d7cee6b4b84f158d8cddaad639578fada34485,0.0003630397598352358
Source,03c0073829f66fedef74735d159c3528b01ebb74f2d4e663ef388bfece17716862,0.0003630397598352358
Source,03c032d577923910db0dab0d2f66b5f1401f4a628a125535beb1e6cba78c231f8f,0.0003630397598352358
Source,03c0d27a6d52571f23b35676fd1db4d46a7bfced44e1e824758f24fa2e6b94350d,0.0003630397598352358
Source,03c10d7c9ad24fa5c44a4aa6df3c1c97f079ede5d0f94c81d001c41062cfefb588,0.0003630397598352358
Source,03c2abad46160f5c51acdd45292861d48816f24bbac93dad85efe0690f6231fb55,0.0003630397598352358
Source,03c2c55aaafd3af3d6b7eda7c542c1969a206ce5ae34061a2ae3504f2030ba30eb,0.0003630397598352358
Source,03c355b9b90d4f6b85af4624d728a729d67e04c39d1edf7393492e5eb2e0f89543,0.0003630397598352358
Source,03c37a99544279ba9b792b94991467774adfa96b9dab8e8dbc9babac27b47d317f,0.0003630397598352358
Source,03c38c9abb6694747ea04bf7fdd008a413c7833b338dc79622a29e51bac48b5bd7,0.0003630397598352358
Source,03c3e9f55581947e501c63aff341cf91bfa6f9b9a31b7581b6da6e0cf6f738aa8c,0.0003630397598352358
Source,03c43123aefc252401a256caa4abdf2b41eb7d4878e37aab539602307a03c67985,0.0003630397598352358
Source,03c43b2bf06cad74849e599a8d3e36ac54defad9569751b49866f08b4f7ec52ccb,0.0003630397598352358
Source,03c43bc4f842d85676bc69223ebb7d0b5a7a7230d66b1e8a81c4009714918e7e1d,0.0003630397598352358
Source,03c46b35a15e9ead3068c8fea06463c72fefe59ec87b3323fb9b4137fb2ddd26a7,0.0003630397598352358
Source,03c4f44b26dabe7cea67dd6ece6e683fdc942f130119ebab55dbcdfef799d96736,0.0003630397598352358
Source,03c5720f019dc9697fa26e2661f5b6015e93b2d2d912ac1b587d0200526be75d4c,0.0003630397598352358
Source,03c65f59676fcb31951fe4c610f3a17612dc5a5c35d1f03733468e19277aad6f6b,0.0003630397598352358
Source,03c6c207b280f47d5508a0c2ec920502f5e4dce56d45e115f32ece73771e53ef7e,0.0003630397598352358
Source,03c6ca14385508d7ff3349f84521a4117f47730f1477f8790601f75f2b828c60bd,0.0003630397598352358
Source,03c7b393cc8f948f675e7ee1d222b4a7ff01126a66b0872e3f15a81becbea93ef1,0.0003630397598352358
Source,03c7bfbffe406f771f3cc4eb45813b68215b52cf55c23a56decb239e847decd72e,0.0003630397598352358
Source,03c867a0ac34008a0436ccdd8f8a51365e7cf70e4534e82d008f3e55ea6514fc35,0.0003630397598352358
Source,03c904b0128b355a9084a0caeaf1c5f628ac410a1d1ea0227f912c859f513ae288,0.0003630397598352358
Source,03c9419fc4ea899cafbcc993daa0a26d1ef60eb4098367893619a6218f78b049f6,0.0003630397598352358
Source,03c9651327a31793919508669496b83f1a4ff87ee9899b04bbf2e2c6e7ca532625,0.0003630397598352358
Source,03c9899d5325f08ff6d1d711a1832041172cf0c11014d1010d8e0abece3a7ad278,0.0003630397598352358
Source,03caa1c155bb74a3f68dfe6a9970aa2bcac6a5a05457d72694c6865d5c3882e581,0.0003630397598352358
Source,03cb05100616209768d3cbef43ceba65fdda724582d6c8a053625a484d2386e85b,0.0003630397598352358
Source,03cb89337b773120bab0afc8c02c9dbe6862e6643555b45175d5d751d72a15ce31,0.0003630397598352358
Source,03cb8d1a782babd2060cc0bc953da81616ad6c413b4550f9027df70e79cb7f77f2,0.0003630397598352358
Source,03cc3bf1e3eca891c2cb4b60344f62fe7021b7e0d530a4589a51252aa1c051f7aa,0.0003630397598352358
Source,03cd041b1b39e4de40eb9001d3eebf6cc27a2528973e363812e5931a3028c5c7ad,0.0003630397598352358
Source,03cd09745d8cd8c58f51538f55444abab3c3899210c52d1fa5cb9301f88be0a097,0.0003630397598352358
Source,03ce3679664eb3210fe74c3a867ef03ba31fa33e8fd523bbc3c9c307397ca5d874,0.0003630397598352358
Source,03ceec727344da88d1dfca6201b6e4c188c6ffe8a1a829744dfbc2d832942d1daf,0.0003630397598352358
Source,03cef786778cd26a2a839d822f0d16827a2a26902c35dee8d12e2a79a1dc3ace36,0.0003630397598352358
Source,03cefb509dfa1c7d1a61e673546794d10e1de427d7789c8b135651dd259035ef71,0.0003630397598352358
Source,03cf0f690b296b1f3e0de7ac568fdd9a00029adfd8723a4121a64f6d115fe04a2a,0.0003630397598352358
Source,03cf2c6799c0342b11887ce5bfff1492c2295754fe4c33b0a6b86426adf6e4bda0,0.0003630397598352358
Source,03cf99d284674ea9d07235a6fd519ee25fca15247046318d94ad82ccacb7b856d8,0.0003630397598352358
Source,03d0a721d9a13d15a9fda3f456e815afc680e5876695aabb0987ab9c151033c2e8,0.0003630397598352358
Source,03d0bc874630ccc97402a58223b3e34e4efbac3b7a2107bd1485f30d16a5809ca8,0.0003630397598352358
Source,03d1534fbd4cfb6e41b3de0765088c6add555fbe0a19b8c0dc127c17103f5893c2,0.0003630397598352358
Source,03d15bbc0b4ccd957183834adb1a04e8b28fb5c5d78d07012f753b931544df37d3,0.0003630397598352358
Source,03d16eedc2c4064c0691d6948e56ec58468e622330602113797519a6819bc8b49a,0.0003630397598352358
Source,03d1ae5acbc2819539ff4d41d1c65683558fa9551ad6156e60fa215fa6449c7791,0.0003630397598352358
Source,03d1f177dbfe2ac9223b46b15fb0f92bdc6ff454cd48e80c75ff9901654e03ffab,0.0003630397598352358
Source,03d20cea620c2e4c7995cb05ad9587d67ea6f054ab93b16c25df43c82238dfe672,0.0003630397598352358
Source,03d213f4115a55f0d0ab185434fcb6d3f119fdede11e901fe57f8b91d57ed316e6,0.0003630397598352358
Source,03d2c066c4b99a14cbe341658c09bcd76de7b819a5972500eac2e07dc35fe7fad4,0.0003630397598352358
Source,03d32827cb2bf58ff1568ebe5396017cd0f23df56b18610cb3df9113d5cb71d0f2,0.0003630397598352358
Source,03d38e5631647c10d7bc930dc9630348bc92a2c6e09b64df7eba50f910a8d35c50,0.0003630397598352358
Source,03d3bfd79de6a82c1ebe79530596de3f7acf3564165f274bea6e4fe0d5f3617c59,0.0003630397598352358
Source,03d4994371df21fd75a049421ab5b1e3a66d81fb4a22755b2a3db9b290f14c8464,0.0003630397598352358
Source,03d4bfb8b8ee6daa76ccf8990f4db5895521c6b8675061f9d405b434a7823762b0,0.0003630397598352358
Source,03d4c251912853b05a5b4ea35e31af5e4dd1193a6cc38a3b2930c8ee35b14028fc,0.0003630397598352358
Source,03d51dfcaa0e0e362a047185d0f018dbfa1660f12308e4ef6babf61b1a0a71473a,0.0003630397598352358
Source,03d5b4f2301352bb28aa02337f654969af479f0d3b58c4aac22a0d5b86e496c6c4,0.0003630397598352358
Source,03d5cc8fb20d1a95c06a63348ee35cac8a885a6e10b2259b9c8a2d17b510500b49,0.0003630397598352358
Source,03d706b2586962d41dfe1d81451ddcb2f18b47a619dd3f706426cbcc5c109fbdb1,0.0003630397598352358
Source,03d73316bc75a10e97b538618b132e1384928471009b87af7c27dbeea20879e3f6,0.0003630397598352358
Source,03d793d2dfacb241ea8847e271e8f38a2cf0aa16fca0df137409e8c8e0845e12af,0.0003630397598352358
Source,03d819bbfbe2eaa7085007bb291ea841504e8450ae883335e878f0064f0dbd3f4f,0.0003630397598352358
Source,03d8205bac19c2371c2fee1f7212dd4de6a615d85bb6ccaf0430e9824b4da5eea3,0.0003630397598352358
Source,03d829f2a214473bd6300f3b829c8dc5755583f2113deadf4b75dc83da2c4ee149,0.0003630397598352358
Source,03d8658dcbe7ebb274bde030ac0f6bc62b0c6d95310f5740f5be45d3a3e9efe234,0.0003630397598352358
Source,03d86a51997203c1f7b22552befd9fe7ea78d6ecccfde658ea0042e8567b6906e2,0.0003630397598352358
Source,03d8c38bc942da6042c5d299275c46cb12eb060808eeca9fedf81ab6a3013b783a,0.0003630397598352358
Source,03d921b4c9b5a5f155e70be01b340d99117896c4fab9efdfef71ca9999d059862f,0.0003630397598352358
Source,03d92b15fe182940c677d0f8ce616aa694217f5274e17fc24fd4e02f5f12e3ab59,0.0003630397598352358
Source,03d9485f27c433ff17fc103b925dfe1385e77728662e65b4e5373eb408386c4c66,0.0003630397598352358
Source,03d96cb09f7eeb841bdfde0bbe5c68efffbc66f3bf17889054441c96c8582bb272,0.0003630397598352358
Source,03d9c9079be4c73ea8d5653613cf2ef20ee414e3d335474ce64eeb780ffebf79c3,0.0003630397598352358
Source,03d9cdac959597685966e2ffce31a00dff02d969c5382839648c700bacd913408b,0.0003630397598352358
Source,03da0d4d5945bb3742fb5c07c22dcf6b36e17f5601f302f97e2e129f6099967169,0.0003630397598352358
Source,03da8b23c27462eb7011f2d17945aac723a54e42102ae06cbaae1e16144de38b82,0.0003630397598352358
Source,03dab86982d5f9d605e4ba0e04ec163268dce1814ef38a563620608124b469241f,0.0003630397598352358
Source,03db76f0e63150badacf4f1cec2328a7d3c386ad8aa1e622dabcec9f6605004fb5,0.0003630397598352358
Source,03dc2d618c677cfc6cddc77c3b4891eff8582a9626cdb79787e09ff7f8ed20bfc8,0.0003630397598352358
Source,03dc3180a32b1278c15e1756627f54bcf0128b3e6dcda10ef6c1876b55ebc976c0,0.0003630397598352358
Source,03df257120256b5f0b87d25659946d42067a094c765bff830eb66d6ffba6f4d5da,0.0003630397598352358
Source,03df89db564d0def2c980503e3cac06bce21cee409e2bdfea35146a70c049535bb,0.0003630397598352358
Source,03dfd4be058b0644849112ba719d895233f725b6fc2238445615e7901e57e0b27d,0.0003630397598352358
Source,03e0214c8ac4fa7580cbc2ddc1d71da9ccba6b3f62b3152bb0d7ef0bde90e4327c,0.0003630397598352358
Source,03e043fee083718d631444023f3b548713fdf152b99371edc986144c54c033f1e9,0.0003630397598352358
Source,03e04f62803231c60a9777888e467cb0351347ff95837a74cbaabc2ebf130f0151,0.0003630397598352358
Source,03e05de453195c9b2d10458a810b4fb49d356e1269a5f182e39253afae8e05f9aa,0.0003630397598352358
Source,03e0b4bb27b9466ad58640805f7dcb370dc46998eca2f498ea2a66271e869f806d,0.0003630397598352358
Source,03e1a9ecc1b00c79000e59d8e4422e4aa4707d9d13b9aa60a758455b425a9f241d,0.0003630397598352358
Source,03e1ab9d0010aadab7b86e2d09ffbcdb9933acbc441e8a8fec2784dba3ad4640f8,0.0003630397598352358
Source,03e2311a59e8c4e16e85929dd45b8cf12fb4f635f9cff9d01eadef92d8cc00db24,0.0003630397598352358
Source,03e2700107ab7d12173c3e3e74fa7796c8a14536ee59eefe58a79d154e559526a6,0.0003630397598352358
Source,03e33bd36531d14f1e9cba22c3ee158a070e27c6c17e367725168fecab9f93e362,0.0003630397598352358
Source,03e3a316db3f5fcb614af846edab9a4a73f58fa3eec24c6276bb5fe34ee64ddd5a,0.0003630397598352358
Source,03e40a2f5123066436f75204ad0c7c0af0481040e126eebb02d85dea213def0be8,0.0003630397598352358
Source,03e4356de7f0e46806e9eeee1d9e9deb90da4f0e780c932c0bd97016477bfcb167,0.0003630397598352358
Source,03e5c00309b869458f79a2f264423752ae14fc1b2f180ef53a0eca9e03c347e6cc,0.0003630397598352358
Source,03e63f11e55fbb2fd54b9ede43300eb3142a4041971bf494fd62c93999eb6abc5b,0.0003630397598352358
Source,03e697a1899a17611255edd8e3f43858a0168b1874cf50b8c3d4baf1ea1fecbb05,0.0003630397598352358
Source,03e70f6c4c538d1857ea33e65146d7a0f51d801c91fb74779c2f7d238a425ac9d6,0.0003630397598352358
Source,03e7360ec83dfc9bb7de16b146ee0cc17b84d0fd510e3fc61d7e1747d10d91972e,0.0003630397598352358
Source,03e74dbe3ff65cb6b9d7c82fa23ba17f1c34bcdf17121a7541b48f8088d3133d66,0.0003630397598352358
Source,03e7805f7db464ff922748182bf5ab66a74e4439771e5d090c4bcb1aa8c84d7fb3,0.0003630397598352358
Source,03e78423c7a744550bfb7c02978badf59302a4feb33c7b305e67e6f4633cbe5744,0.0003630397598352358
Source,03e8099849c38e036c82ab4b5a128210379a34e4da7abfde2420bd54539f3626dc,0.0003630397598352358
Source,03e81888c35e67cef9c9e6adc0755a70a9be5486a4ccfc28c7370536b10cadbcf1,0.0003630397598352358
Source,03e829b2ba953e433bb6867f898ec24cd6763bd6490df1985aadcb7904b07b70f4,0.0003630397598352358
Source,03e88b9dc27c42f2d5c252baf25d49996780f5048d68cdddf987a4452f3c590297,0.0003630397598352358
Source,03e8c48101365133aa9cb248784bedb1abaf3785ba6137beaf4474b20438f4a189,0.0003630397598352358
Source,03e941369cdef7b0afa3ee77ba8aaacc486dad218b5eec3a0ae6b2114a46a78df6,0.0003630397598352358
Source,03eab5a765e59052de58f439aa955b23aa187b47fc21439f62896886949bc4e58b,0.0003630397598352358
Source,03eb554f5faec894e443d7777152a115ccb7aa0be43e4726b9bfa18b8c6cf87bbe,0.0003630397598352358
Source,03eb979b85e904dcda0766c55a0745c6191b1e9f57d12847eca9458b3c86a96d1d,0.0003630397598352358
Source,03ebc575bc5385f589ba396801d74fcaa90d3cba067315cbf3fda6e4b864e6af47,0.0003630397598352358
Source,03ebcb8cf02338a86ba79af7f7b7d449ce6d72512762c7f55a012830c5260b494b,0.0003630397598352358
Source,03ec0f5e7d84a5502afdc0da026a9efd22fefc3bd33727f776225733090d01d35c,0.0003630397598352358
Source,03ec4be080c34aff5aed17daaf5e31bde047373a0c5baa94cb2b5e63ffec48d23f,0.0003630397598352358
Source,03ecec065d9a286f3ea0dad7479223e619d439df227ca178d47c19338891bb66df,0.0003630397598352358
Source,03ed8f846e8eeadc1d2e59d4ec86507faba5061326a634e4e4897c81b970c5eaa8,0.0003630397598352358
Source,03edaa7827506a7627e73f5ec632ca3a10e186a7b3b4313fa3893c2c58dadce52c,0.0003630397598352358
Source,03ee0445de8b91acfb05688e3b240f4e061098ed4841564ada9b299a980780546f,0.0003630397598352358
Source,03eee1d38ccfad3d6bd934614cb9fca8aa7403e3c4ffb72f84b21ea6cb877dc022,0.0003630397598352358
Source,03ef3420364513e991b33c8d757647a14f627e2acf76828b188cd8e5cf56f481c4,0.0003630397598352358
Source,03f033236fe5af5942175eaa0326fbd493abc3423b2416acbb1b41184bb1019718,0.0003630397598352358
Source,03f0383bee4dfe3f6ecde1624d707cb50cd93e5d13d080be270e27cb753866cca1,0.0003630397598352358
Source,03f100591b9cc2d4fecdacaa555712c14aeffc281de160b6a4906547aaadb2ee61,0.0003630397598352358
Source,03f155f9e23f608e3eb825428124050376bcefe43087fdfd067e25eda9f56a729d,0.0003630397598352358
Source,03f1c8aa7d41bc52f28407cb284ce7dcfbe2f587f67c126a3dba860fd47c94ae61,0.0003630397598352358
Source,03f284baa8b2ae9f0a6f70ba20f8289da0c39ffb63796c9492990ec1288f5e1791,0.0003630397598352358
Source,03f293d12737736d6aed764167f6a815811c225f21f9fd94610b00f44afc9f776f,0.0003630397598352358
Source,03f2a728c47095026f68bb85716e98ff504b7295816947d0823f8d792dd71dfba6,0.0003630397598352358
Source,03f3657e3c4f586169002cdb68505d4a3250fb5ed59ebb4d781d64dd558d43037a,0.0003630397598352358
Source,03f4d2fba5aa0ca3857a1a58ef86e08eead8185ca21957413e052bf3a456a927d6,0.0003630397598352358
Source,03f5b5620bea104d91921b1effafe83bd0921d60b084b4e738b81d2e97e61f415e,0.0003630397598352358
Source,03f641f79a344a106547ebbbb2889e0873d82458b2e72531f4dc74509a6b66241a,0.0003630397598352358
Source,03f6ce53dd3ef26fa45a87784359c5221e3d6a39be7bcf9797129c117ac50ced59,0.0003630397598352358
Source,03f6f94194e20bec90ecbe21f992a9e20ff66973940b71b2267d5be540817a89b6,0.0003630397598352358
Source,03f7cc801b3ddfc1ad5b445f084ffd61fb0605a7465fcf50b6ccb389e50b32262a,0.0003630397598352358
Source,03f8746bc9b95599300755ab9d62b6e5e4c10ea9509c5f4edf44fa498f74f95711,0.0003630397598352358
Source,03f8a0d401257c24c3a6128589d4d7f2a4fc5f3eaf62b57bce8583fff315970fb1,0.0003630397598352358
Source,03f8a4e7cd9242109db317e6ae82b0147831e0d40b7bb4fa06367a6687155d4b55,0.0003630397598352358
Source,03f8a926f1c53ebcb3ae13c34e0f5968d9c666ae81911548c00d7fef6d4189e9b6,0.0003630397598352358
Source,03f8b973b8c576e93d5d4b1e1c5c8384fe1f89aa9de198fbf5619437889b21a644,0.0003630397598352358
Source,03fa362244af5f2dd4aea4dfb6d301fe160fdf65f7061940c6278b628d5ccd29e8,0.0003630397598352358
Source,03fa52a19c86f24e923a6d44744800b4d354382efce0780136e16a4f5ba5eca2b0,0.0003630397598352358
Source,03fa79fb7d88d250a79976000d6fae4d47a4d923b73bddba042474582b7dbbe076,0.0003630397598352358
Source,03fb24911a8ffb909e7eb7eb3bf65c9f9494ed73ab81e0522a0db71b570a9ca9ec,0.0003630397598352358
Source,03fbb38f7e5df72e39ffc20f0ca5d7cee508ccb8bcf6bd054ac5c2c1a02ff3a924,0.0003630397598352358
Source,03fcbf00a68484c8a4d09cc22241360b698e139a095514dfd9356c1350c9cce237,0.0003630397598352358
Source,03fcd190c8473cf877b356f040f4319e2dc475a6d2e801b2d31125b9966217a060,0.0003630397598352358
Source,03ff1d4bca094d1f47729a7ca7b7580d6274dd6ab87cd953c4cc38090d1cc87ba1,0.0003630397598352358
Source,03ffa28a78ea6aef060594a66ce9209b1fd6201b7cbf1063a45381f180fe161cd1,0.0003630397598352358
Source,03ffc72cbb54a9d76d89f562bdca16fd81e05c6651490bbed90640ca3ae86da7c2,0.0003630397598352358
Source,03290ef2e6841fc1c30ddd8c3afe5ae208ec9ae1f6206225b0636d77b3d7532e20,0.0003630397598352358
Source,03d1a8f7e6e3e4cc5bb56b896a8a9f1335eebe4baedc717fcc5ee11bec01c17de8,0.0003630397598352358
Source,02d0cf4b46bca89eb81d1fc30131ca4d473f690ed1d3127da6485f844656aa3878,0.0003630397598352358
Source,03a98eabe0dfc5b99ad7a54d2fbf4ab94f0e938c1b92c6843ebed935a4a97cf875,0.0003630397598352358
Source,039389a69782c16fae4d52100a618db3a3711bfc9b9bf65476a1b2c502443b67af,0.0003630397598352358
Source,03c96bdfcb9d4c107385c96f1b60a3910f4f28e679fb119d8ee5e243217f717bd3,0.0003630397598352358
Source,033b786516b766552bca5742aaa35cc4d11675bcf91fcfea7e0c22928643d14137,0.0003630397598352358
Source,0325dbaf76e0f0d2fa34c675fbe2847a516b4acb24d5c8b79bb9c643a9344bac09,0.0003630397598352358
Source,03540c5a5159390c5644e16a80e5a8036f99759a06c6eb4ecbd0a84c11dc64f7de,0.00025133521834747095
Source,025ee97f817a7811e76b7f3389fba76c548cd29dbab5ac31c6eda1858ca85c8dd0,0.0003630397598352358
Source,026c2683f3a85822cbb262baaed39d3985cbe3b8e9838135edef7cab7776a1df0e,0.0003630397598352358
Source,028255744af25ee5a4a01f8b310b74b104d35faf7c05ae15e0fbf2318a38ed9975,0.0003630397598352358
Source,02a18d70eff6b85d8f23f37449e8a0d525dad6eaf8433b4b52747e722a0705ee56,0.0003630397598352358
Source,02af388c3847b3dcbefc2f61363a8d9c60aec55267f08a5ab887b3cd8e0f10ac15,0.0003630397598352358
Source,02f8887a2ccd9afabae852883de2dfa2861199b04dc55799f920f122d01118f4f6,0.0003630397598352358
Source,031f6622ab3b5fffa80bd7a3e15492facf4f0249524229460a0e73dc188c6fbe90,0.0003630397598352358
Source,031ff7a20feff8784bac738af7f6c8e571124e5580181bae6bfbf372cf68d40e41,0.0003630397598352358
Source,0342a82e858b7ed032b2054639016a6f398cec11b9428db269c61bfae150bc6870,0.0003630397598352358
Source,034b64a81aa8acb1b2807a508694ec91f50e08106228d0f6cdf2944373db80b0aa,0.0003630397598352358
Source,0359acb921e19b2a5aa350a909581f8750ccf94994547c3a4e4a54a4facbb58f21,0.0003630397598352358
Source,037e1439d8f1394d00868beeff636e42518a30b3ead303bb3ad4185b53e41d6d52,0.0003630397598352358
Source,03aa074bb91145a10d946fdb981bb89354d35bf1d3ab7fd6817c139308825b5eb5,0.0003630397598352358
Source,02449a142f1f44445c0be5892b0cb5bb0b095307fddddddabebc1526a1a2f15555,0.0003630397598352358
Source,024c60141110ba650d2e70598d8e8362f22ff7db0cfa1d3bbd710ab5e18fbef87e,0.0003630397598352358
Source,0257e3dbf93f47421dce969ea3c0fcc21ccb8472b59f88b86dad8fbddb6073d244,0.0003630397598352358
Source,0267586e510d80fab314fbfa091f383b775646e7a87bc9ed8cd59bcded50405d6a,0.0003630397598352358
Source,0272475383f923cbb52236311b8d81410a820a3fa59cd59ed244a9175948d6d64b,0.0003630397598352358
Source,0274543b3993741e380ad157948177a3524456245bd3c1dd9fc9b24548c771f5ef,0.0003630397598352358
Source,02c212e09ec198ce0635598a03f53d68f69e20af4dab6b5bbe4a49d095148659b6,0.0003630397598352358
Source,02dc0b1ce7d10349839045b448d2528bf560acbf9de6cd55b33948e2cf08444cac,0.0003630397598352358
Source,02efa4cfedf5b09cb6b2b9cd3a281ed97e6078e8d2567f9872921959ee0274e92e,0.0003630397598352358
Source,02fb04d899b988804791e043487b2793a0ffb0369fba4477ff314150dd52234255,0.0003630397598352358
Source,0308acf0df0f1ab5bf35876f8886e5656b0331c6db0024197e04ce96d9e186e4ad,0.0003630397598352358
Source,031669e30f8fe43ac6ea2332c49392ef3869c51b815ec104a2a4ee8677e15132b9,0.0003630397598352358
Source,03228fbe81eca0358a016c0b412edd27ef9c24ecc12ccd538ee207665315549d9a,0.0003630397598352358
Source,033fe7c583d44f5fa4cb42bbee5d86f35de1ed55f2246fbf3b26c98a7ae5bbaeee,0.0003630397598352358
Source,03453349faa9f5e2362c5c4ae22f7bb14bc4e99b7332aded86dc09823dbb6f9ecc,0.0003630397598352358
Source,034761322b9125256a1d8e505b68466b5de37bb57dcd31312dbf7d95a087d43da2,0.0003630397598352358
Source,034a43fd81d5af4bc78a6230fe72ab5f4d197510055a240ece3d89d5b99ae8a22e,0.0003630397598352358
Source,0387d319b931aa9ee57f4bcccd6a78e8c0525225c7bf357cb953bedc4512c6612d,0.0003630397598352358
Source,03c1001018a66630780915c71aefe3924d945065db01f8c59d9f04dc5ba7e92242,0.0003490766921492652
Source,03cc30e97b8ef0911ec848c3d12299eedeb006e7b0c710a2ec74d3fd745e2d6d8f,0.0003630397598352358
Source,03e9bebcb3e6f4f3b5d0b44415ed2c3cf0e9ffca41ff2b433dc625eaefe7ca191a,0.0003630397598352358
Source,0256bf97644dd1d839aadd76e2351c1b6bb8173bb9f5ea4affb07075f880e52302,0.0003630397598352358
Source,02258c4989dd2c13a4dced3bab2d7181720718f3a3fa75ad340e59ef56de988065,0.0003490766921492652
Source,02d51bd8283fd69fdf1a70745e6780669c71cde3c81df04db821ed6524a71b9139,0.0003630397598352358
Source,032312e5e15e89211df36e473d76af60672e3efebfe42a9b2113acbb456050b502,0.0003630397598352358
Source,03ec5195d03375516e09bee2a0ff372dfa636f998699adfd98d67649589d07af83,0.0003630397598352358
Source,024feebf8f38d2fb62c8a047d9943d2f28aba9a6597c5ee9db443718b22bb46919,0.0003630397598352358
Source,025d8cca3a924202b76d9a81a7ee2830c0d5a35eac93a36d869ae9a7dde8e13aa3,0.0003630397598352358
Source,03c5b754955027273fc7aaa4b66a3f22b2a940bd837dc08b5dc3eaefe61c233c81,0.0003630397598352358
Source,022b213281fad5065c66ed53a53198a04b4cb528ce92d76ed0175471b93f1db74f,0.0003630397598352358
Source,02e9569263672ad7a7e2acf5fe390917f69ad94a3d8018ea7ffb37881576a4cc0e,0.0003630397598352358
Source,032070588c31da61fac91e282bf17eb90488785a5e1e6fc89276e729e13bf15e09,0.0003630397598352358
Source,035c3fd836faf2eff316311fc70c56995772e9e719b707c41d72fabd2ca4d8a226,0.0003630397598352358
Source,025caec338b667c6ac29fefc94104058c1aaa8396188e14d8de8dc3e0c9ab93ab6,0.0003630397598352358
Source,028524789b5688c47371d74130f8284c7c6bf53928c95d441d36018934f3b3afe1,0.0003630397598352358
Source,03486fcd9121d8015dae2e949b80d036c27e0b829082f12bfe4b6526b08bef0e56,0.0003630397598352358
Source,03bbb811dddad6ec707714674cdf09b185782bc764fd70a1e9926de9baba1c76c5,0.0003630397598352358
Source,0282d22a092407a974048e51531ea51a0ee8471a01c711fabd01db1e14d5f2142f,0.0003630397598352358
Source,0228a46cdb9122f4334eeb9f774392c8df8027884ef7cf7bde3d32866f6beaabbe,0.0003630397598352358
Source,020ae74b18ca85e826304dc3c5729966d503e2f98d601c56d256f10a768d5b5ad0,0.0003630397598352358
Source,03b02eb2040c507973da5c51bb28dd2c951c6a9d1ebc222d2613a3dd3c8ec9ba95,0.0003630397598352358
Source,03f72d1183db73532084d7e9290a78e36a796b334677b2f68bc4312de4f89d9c80,0.0003630397598352358
Source,0293bc8988a035126d3d343cd918c9f336567faf8cbe41d9df7574c8644895aa14,0.0003630397598352358
Source,024779eb6d8e5d0b7c42a674c9e0d51f29aa2eca4f3ba79f31ad9e904d83ba39a7,0.0003630397598352358
Source,0202e97f8a3479fe0858ddfa51dd10951d2ad1272b20115aba004aca9813c59e64,0.0003630397598352358
Source,02092a1bb15792d5f183942200fce28ff1bb865ba5e79d9cdc3c5f8cb0d88b46ca,0.0003630397598352358
Source,02293224b003321e1c030b60a64311b1af14f6e17d6d74f762d3875e4450beaba0,0.0003630397598352358
Source,022feebe2b580b7f421cacb430fb09c5492955054ee4a54182495927c8eb0d5d22,0.0003630397598352358
Source,023a19f1c59d49d5cea3aa7f977de11babc552602cf27e0486b2e6c24f7f8df468,0.0003630397598352358
Source,02469b5571b17f8abe3d0a1b18c90055321dce8ea4acb0fd6792d4442a590e6b44,0.0003630397598352358
Source,025c281b6692ade8fa524a2fce00aefe522cfb3a4eb63f63d3e44e7cff954bec2c,0.0003630397598352358
Source,0282d3f067cc541bca91e1016125c9361631fe7b6c8bd3a5711a8809489864fa8b,0.0003630397598352358
Source,028dcb644197ce997574bd24360df94d3f5cd7926caae51eded371e2926979ed19,0.0003560582259922505
Source,02999fdc0e05c7662804f5b80de5b9284a8fdb887b01a3b768e910de4802a77de5,0.0003630397598352358
Source,02b793cb09a07d86a3d506d47f333a1df8baa988174038ab7ba1093231a390b0cd,0.0003630397598352358
Source,02c85a51e7a854bc5d973bef9f051dd53bbc8ef0af520e598d5c7fead81fcc5959,0.0003630397598352358
Source,02d3fba1db8b1f53df5b504de5e8700c02f9b7e3f4a2e34df43a5437cc2a05bbd4,0.0003630397598352358
Source,02d51e166340e69718876b2cecbc031b479cf57154d8b239bcf2d7213e66b28333,0.0003630397598352358
Source,02ffc78795d4be89eab5e39176cfc66f436bd30e264642af530c5f6e72490fa654,0.0003630397598352358
Source,03124617c4dd53d1931ea1613591bf4355e52fda78874589d0a49aff4f253476f0,0.0003630397598352358
Source,03187687660605760788858c9da931f61b47eadaf391ce5e174bdb37f8e9e32a6f,0.0003630397598352358
Source,031ae72afd29604e6b4f51da107e7fa21ed96e1e7bd0af146c4b39877876f54541,0.0003630397598352358
Source,032a39f66598090a1e8ab1cfc5efbdc1f163c0fa97889ac2431ca8a8b2e8e2c1fb,0.0003630397598352358
Source,03391dde5e1bd58e026f1c34b8b5a27c2cf2ca9e77129d48743728b97563f3d88b,0.0003630397598352358
Source,033c11734fb3c9f30db392e12b4661f0ffe114737a49871c0cabc73f0fcd4af69a,0.0003630397598352358
Source,0343b2dcb9e8eb17a3ca674491ce391d804e4485478a7b5d9d1fea150fb6c060e7,0.0003630397598352358
Source,03459785059f9382fe3458f06dfe0d32176fe6951ca7c5b414393ffdb359fc626b,0.0003630397598352358
Source,035af1f82a1cb60415159a288444476c889a04d972ade2a5ce6a2b9a5d42ad9c03,0.0003630397598352358
Source,036cef9e0badb2abd3d452e8a51d6fdcc3ebf6ce7fce3dea1a9331aef3737ebd6b,0.0003630397598352358
Source,036d8b3498c8fddb3b15f4eca6841bdd2f9db6e8208685134ccb7bbf05f06d7c06,0.0003630397598352358
Source,037a712f920ca12e9764d9b1120385ab5f052bf9e7cfbbf73e89bb32b75ebf2943,0.0003630397598352358
Source,038b06d38c70ff14be64f26a6f058f7acb4afbb9a19d02f0a34d0097dd00c901c7,0.0003630397598352358
Source,03e0f57cd0a63fc6a9185d8bc08c58f085062b9abfd0dfbf4fe1abb03945a9be58,0.0003630397598352358
Source,03ea077fb0f3275ac931342e62d7a207bb77ae8e03fb1a18cd971fa979d8e84f6b,0.0003630397598352358
Source,03ebb325a29e0a1e5b8f403597eca54ef7a45e6b0a37cc9e638cc4b6d811fc96b3,0.0003630397598352358
Source,03f549621f35737aa78428cbd271ae04c4a06d68681dedfef06aa6334f2384ce5a,0.0003630397598352358
Source,03fed56f0c5b2f4ff48ea5fd7d32201b9d1df6adf941ac2caa2b230884d68429a5,0.0003630397598352358
Source,020111074bd304e17a1cc74e1f4b76d64b1764895ae3a26ad3ab2c4fd0f63cdc35,0.0003560582259922505
Source,02e0c7c42be040b4d7a13e7e0cd5b4c67ded1a78a308c68509a65a58f81ea51bd7,0.0003630397598352358
Source,03a97406df5351f4be2ea136706098edcb2cadff383e63a53385126cbeb3537c29,0.0003630397598352358
Source,03ce61cb90aa08f4b19b28d8393fa39d107fefa3ff8d303808449ed0853487d150,0.0003630397598352358
Source,03db689207d4cc4ea44c13a55e3c0a3b9bfc0017d87b3257b56cbbcc83b6a9282c,0.0003630397598352358
Source,031df9367377758ef6a167f218023c5a1dcf3994d3e96327d32f0f008548fe4236,0.0003630397598352358
Source,03838d0983b84fa1d1fed499d4d0cab9a439a4dfe8d5d540a5418c944d7fba940f,0.00034209515830627987
Source,032c4b954f0f171b694b5e8e8323589e54196b48cf2efc27692513a360cb11d76f,0.0003630397598352358
Source,032e8faa455d3e45e24aa04e36634e23e8a382be6bfbd9184b23b2d8e7438d0821,0.0003630397598352358
Source,0291a5a80ec61d83b8212b49027cddb8fcf883bcf64a1fd86b827fbc03a410777f,0.0003630397598352358
Source,026db2cbf3d8ab4a4c01eed2df432d20cf0a13136402097574209d2595cb9e9d93,0.0003630397598352358
Source,03dd95faf1d95ea38047ec9a81a5dadf7a2875ab50a51720cb92c09925189825e3,0.0003630397598352358
Source,02b3a3a7bac515ce3f39113c0876a6bfb566584a808bb64b3d305aef19e4056455,0.0003630397598352358
Source,0381de1709efbda38f9afd2d47399caa19a2630c0c795acd24755efa442685fc7d,0.0003630397598352358
Source,0326f1d06748f019ecd98484eb23ba7367b1361e0ee6e38234d73afcc976dfdb3d,0.0003630397598352358
Source,02c10ada6c6bed574f216d4decb799743921da2ed13dc51c410bc9559c1f90acb9,0.0003630397598352358
Source,02dba7ffa3b8e6414cdd47b89ad97c4f5ac1e0d5da29326eafdd779d91fe3ba716,0.0003630397598352358
Source,031a7781eb722f1200213906a13ed0286a4faafc3dfd7a97f8e3c05cec7b310ad1,0.0003630397598352358
Source,03b5d69c1e21c9f784fee29a5ec5aeb687fb9cfeecd4e1d15292ec08504e554ef1,0.0003630397598352358
Source,02e347e9d66b508c77f25d3271e0bcd1eb2c7f5db5c1b3e8b968885007e9b05168,0.0003630397598352358
Source,0261a9eac856f5a619a75fee39cd8c579bd5581ad1180c9a4c77c3236f38881a62,0.0003630397598352358
Source,027e62436314f4a18b5cf459d3735977d00830dd3ff24da7f14214824f89fe8d34,0.0003630397598352358
Source,028a83341af7631d56e68ded06d3e28e407ff100dd3b2362680f9e42a26c3cbf4c,0.0003630397598352358
Source,02e9fa6b495d07ce19796b06b5c0f51a401dbb48935c3aafe54067c89299add0ed,0.0003630397598352358
Source,031005495ec32c915c992930a0a9471e9b832fd77d133d8417729084779a308b1a,0.0003630397598352358
Source,0312bf5f0279d315fde0a831019ae0a47461e9cfb65376fee367d987ebc72b1e74,0.0003630397598352358
Source,032060a40a94dc7b848d02314e4ccebe20f451dc87f28c1ed685caa58bfcc3989a,0.0003630397598352358
Source,034593537dc19047de45ef90ec22b83243b184df595a613883fea6542caf39a656,0.0003630397598352358
Source,0366a57e383a6191064933765332a9c912066912ed21b3dfe63c3d360852c9082e,0.0003630397598352358
Source,0394396e6e8cf8d9f91de4269dfd2e8416b93b91cae6139057c7283b463e4bfa31,0.0003630397598352358
Source,03b1be68b8f564fe53f5456cf4bec901ba968fb72ed7291279ab0c87e0d22f1f49,0.0003630397598352358
Source,03c766c806d84d6da0c52ce4ff8a0a3c4b869c06fb13e4fc352b44dd545e267dd4,0.0003630397598352358
Source,025df956754d7915a44cc3b1924a1762759a9593957f8da821fe5e8c6b40343560,0.0003630397598352358
Source,02d922ed08d534506e58458ab88024575d16f38777b168464bbd202a7c6374979f,0.0003630397598352358
Source,02ff12b70f1095ce240e109d108c39571d9a282b0e331d46e89a752db69a22ed13,0.0003630397598352358
Source,034f9a418cadb7ea350f70878fb42331a8f0e247967e2cd833842e4dc0524f6a57,0.0003630397598352358
Source,03e5fefa29743c6b44189f945527f6be2c23852f94450ab0a3a0bcca15633a4cd8,0.0003630397598352358
Source,034d34153d11f6e13189ef7425843c03983c35eb5a6a0aea5de584cc335122c316,0.0003630397598352358
Source,02acf2f7b80dada07286f77d1198cafec975d1644017177568626d4284a529a370,0.0003630397598352358
Source,02d869f8ed0c83732f0094586bc48ecd68c64e2b0ad0cfbb842dc0ab59eab05a76,0.0003630397598352358
Source,02b1d72f7d8a15a3d23f8ca30924cf43e4def8908db2bd72ecece7d2e6362c5f5b,0.0003630397598352358
Source,03655280379bd390d35d15ee89d2f59f96eb4824c49595da2411f4338c107c0e5a,0.0003630397598352358
Source,03f30922d228ae730080921044e09e867b6e99055e8173ba77cbbcd47e1836c4ce,0.0003630397598352358
Source,0312d5340bffdccce97f4ccf9e06c2220fd58202129b6220dc597eaacd2389e69d,0.0003630397598352358
Source,03c436af41160a355fc1ed230a64f6a64bcbd2ae50f12171d1318f9782602be601,0.0003630397598352358
Source,02b4d2557c18418b3c03a2e8d1e09a0bf9cd079705aee9575891024878fdba1267,0.0003630397598352358
Source,027c5166b40423795c0fc41fc18c944dd95e070582f514450215ed1dc1d98c0afd,0.0003630397598352358
Source,03281b35eab4577aada6196fc6fbc5658ae7975658a07b4d89fcdcf2d7d81974b1,0.0003630397598352358
Source,02da3c71c8c66f66a4ea13ce007de71f805b5642bea614a6acdecbf97048f5b46f,0.0003630397598352358
Source,02e11df9a48e7b15fcf8f3e4249617d508be2dc211c08a06cdd47b10ff053996f2,0.0003630397598352358
Source,03ffbe95fe8b14161790c6f2a22b488ede6644621bee28b68d2bab9e1fff4fcc39,0.0003630397598352358
Source,03e68d054e3260b051bc5ab802760e14c7bbc0eedfa56b824e0f5d16b5addc29f5,0.0003630397598352358
Source,0388c24704ac6bbc21ab67f2739c4ffd7a02292002d2712b4a445604c2aa31188d,0.0003630397598352358
Source,022ce76cb9f11dc8c1e96ec90b06f7703b9c99e36fca0ef731ba8f90dea3aa1ee6,0.0003630397598352358
Source,02e36aa6b0c9afef437e34608519934fea82f77930185bbcc93c0a219e221cd482,0.0003630397598352358
Source,024b82d69859d63f9fce375041a34e61f4bfd445494b41d873ae7505322323d384,0.0003630397598352358
Source,0279f06eba0e1080f6a693201f090d0635a0e5dd2ef57d0207210e3d338133092e,0.0003630397598352358
Source,032394afb98fa3aa9b47401943bcc6d93a5c1b57c22175579068396520e2be2cb5,0.0003630397598352358
Source,0290b50fa40dc7a1bcd3735fd1b888f5c25a7916ae73b13991f8c1dc2327d957d3,0.0003630397598352358
Source,02e26f050f82c63e8895938ce782bb123de9580a3e1100531f6ec1cdfc7c25fe2f,0.0003630397598352358
Source,03861620293c59d53acc8871e22a609f481a20f04edf678c46469ca64d4de36274,0.0003630397598352358
Source,032a5594015483860136fcb4b8be1e5a7c0c414d8d432d9cdda985b3426480f90e,0.0003630397598352358
Source,03123960416d707cb60c5f659372367a31b79f2fe492ab69e305186db24edebc3a,0.0003630397598352358
Source,03e87608a34b8d715c0e49c7e8a2adb92fdf496e40a9b1fab2f0ecb32b502714ce,0.0003630397598352358
Source,037db9daad1eda4f89970cc9d4cfa1869662b614880b73229909b8a4d6a2f59b6d,0.0003630397598352358
Source,02aecff209ee8e066e73df7b7881141007a72ab4055856b2f27b92a884bbf16aa8,0.0003630397598352358
Source,02d91a5dbb9202e724c3501338adb511c761e7851e004cba1bb413368aa54d394f,0.0003630397598352358
Source,02ebbaf9a9c74e70938a22e6b22eae47680891d378bfdf54059804ddf02d86980b,0.0003630397598352358
Source,03a26381cb9676ee1f953cda0220cfdeeab91230c670633ac69ffc1b229337306b,0.0003630397598352358
Source,0252cc8aa0612490b18495fb56754f6d7a77ed15bd48e717db56dde3d299bbbece,0.0003630397598352358
Source,02651fa5f3f6676c6f13d88b3ffd3101421cd3bd1773d4af92242c46f0f902ef39,0.0003630397598352358
Source,02ef8e70ec71d50b876cc4cd82cb24f9c766a75e308c27c1d52e674c8c6276ad4f,0.0003630397598352358
Source,02349aa765b37ce40197e0009206373044e58ebabf5792e51d1b8da9fce1a7b230,0.0003630397598352358
Source,022e203f548f079f34e488518e597571b8d83a66e0d96ce4e2f4cdec389e28deac,9.774147380179425e-05
Source,02cf4017276487a73b5a2bab253eabfe37fdfcd7c75acd4fc90d492e85dc3eee55,0.0003630397598352358
Source,0222c672f55d009fbc56fbae6769a37e95d8a3c962101f902ecbc0b9162d985a16,0.0003630397598352358
Source,03ede9f3021cedc7fb416f2e8bcd61634b32729ff4979aae305e022d2b5941fce9,0.0003630397598352358
Source,034e3a3287e54f8fa82b1234ca5b45fe739dd0c35b67d43938bab0e59945c4ed23,0.0003630397598352358
Source,0283065d6d5b1fbeaa1f21e62755b4b834c4fabd2765d9522f5a79ec216fec3013,0.0003630397598352358
Source,0306ac478a3d4a63f5226d6173ce600c9b4a6cac0da1449451c2b29bbe6e99f492,0.0003630397598352358
Source,0348e881b4474d71c1f0825f54e3d99e487ece8a41f3fbf1c4de469833ab27206c,0.0003630397598352358
Source,0365b3c06aa862ea0c67a656eec426d4132738788cc629c6873724e0ac4065bab0,0.0003630397598352358
Source,03a8334aba5660e241468e2f0deb2526bfd50d0e3fe808d882913e39094dc1a028,0.0003630397598352358
Source,03f86cc457090011282d8572a985f32d16ac698f0a1eb428faee02a46ad07c8cad,0.0003630397598352358
Source,03f93ded37d70d2e5e30143114bc9f132385d51d196b3bad09ef8e77f950f13903,0.0003630397598352358
Source,023c27029183fe3e4caedaa9a9ee4d9eca5ff44117b998222b36d1cd1db43db5d0,0.0003630397598352358
Source,028ca942be25308d5077811a2c2a3e18dcc25267d39ebff9081e3deb8124a45317,0.0003630397598352358
Source,02e2e7ae54d6a09de98118ef247046083908d98ce42a3332482fd1f643757cffbf,0.0003630397598352358
Source,0354d8382003663d8d825954224f80dcbd740b5031c5a588277a20c75586d41053,0.0003630397598352358
Source,03bfe4008a3dcf2f8f6d892d00e61086abdc23b4bdeae59319e9ad884b2038166d,0.0003630397598352358
Source,03d7b97a58568cf7dc39f54c115d0a2cdcc72aa505446adf63cfc17d740d89ed26,0.0003630397598352358
Source,03fab7f8655169ea77d9691d4bd359e97782cb6177a6f76383994ed9c262af97a5,0.0003630397598352358
Source,034ab300d9fe87b50d46e8eda166ef75a3f377cf4c8531f0c595924575f3485997,0.0003630397598352358
Source,022e25d4ebe02f42ed66863e00aece6c8672272935bf8008cf141cbfe06edaf427,0.0003630397598352358
Source,02a904ed842ac89c909896a668e0175c17022e333e33abe4718e836202fe9a2b9e,0.0003630397598352358
Source,02b75a411d60a1e848e3a80a4ac23d76d771b14d261a4b5acce335a69ab5b8fdc4,0.0003630397598352358
Source,0326e2067d2a24b738a419f8dcfdc5956d7a399e3566f0ad52923343bff57d7759,0.0003630397598352358
Source,033ddbb427e5b2cec65b329a369876ba1294e61297e14ba85f2d30715729b25959,0.0003630397598352358
Source,039daf6a6698cc60572dcb172088e3866dff2cabc0b47dc0aaa4b40cb48316b5a4,0.0003630397598352358
Source,0362eb0939975dc5bb53da4bd02156ec779724226610433eebe536ba8fe5e3ece4,0.0003630397598352358
Source,02a192cd5278dc00c88c71d71e113360c3962e1f25bdfc6cfce5f71753d97d1818,0.0003630397598352358
Source,023a2c128214988ff63d73bcdc5893bedf873cca655bf2e0aab775bee04efbf59a,0.0003630397598352358
Source,02edbab1f30224e4ccc4d70eae7dc5c06e742c1e0d79a375125ef9200592932ba7,0.0003630397598352358
Source,025f1534958544a90777ffff70eef59601bd7c990e7440aa2941cb6f12c6ae418c,0.0003630397598352358
Source,022c271e1318a3b70eff75c6acf715769135c607b7f067929846459e35487c7bef,0.0003630397598352358
Source,03d9caa73541ab947f2944bddd0a83c42a660c97752f8951e5417c4a5f5d13c13a,0.0003630397598352358
Source,02afa5aae44e4937a2e651e059359fb4793bda70c351b31e0474be86ebd1bd3226,0.0003630397598352358
Source,03c4909cb262a7c7a4d88ad216086783985153b6bd837e99768b260b4a4d315c38,0.0003630397598352358
Source,03d5a8b99bdb355ecf0ec34fe299a4c062b70f152d44154a556d24266a28b1d308,0.0003630397598352358
Source,02025fda526d502061238b4b7359ea538d8f0ecd1248c8b5587d4e6ac9bac9aae3,0.0003630397598352358
Source,034481df15f3dbfee9a9e6761aec7916f20de4fabc3a1b98d6b99217e50dc41ed5,0.0003630397598352358
Source,036a7471e5d18836d3284cdbc0fb723dbbbf0fcbb7cc00f9f2cb9315f18a56733e,0.0003630397598352358
Source,0332d57355d673e217238ce3e4be8491aa6b2a13f95494133ee243e57df1653ace,0.0003630397598352358
Source,03cfa83324769bf02afb9b501b3cf4184621324d1e7e71995dd1cc6f37cfe16651,0.0003630397598352358
Source,023f8f3f80149858f49b14a41605e2273a86d758402fd31b1ba8ad0448e1eadc74,0.0003630397598352358
Source,037cc5f9f1da20ac0d60e83989729a204a33cc2d8e80438969fadf35c1c5f1233b,0.0003630397598352358
Source,0315c255c08f21cd43817f6a16805699fb011262c51243fc1123459ef02f175f89,0.0003630397598352358
Source,022536987e692b002191fc9f97638f1b27f5ef65488cb64fe85af2c89727ef0b9f,0.0003630397598352358
Source,035313b33462721596c01a824d61096196f5c1e759e6d8a52eb35804910d2fbf08,0.0003630397598352358
Source,036657f9cb57826d33d1ef85b3e983c365259143575fe367b0c803cbd068b5b255,0.0003630397598352358
Source,03bce1b91fce34ed76c35d599688b620cd0043b04416a9bb6cb7871bfbf4560591,0.0003630397598352358
Source,03f91a1a0613ba795d889c679aecbc75acd1fb00dc7b16a775b571682537b452b0,0.0003630397598352358
Source,03d141e35ea7943999c8580e023e5f7bbfe20b21c6e49c979dd36daa56185d5df8,0.0003630397598352358
Source,037f120d70f3cbec15980d0170c0524236e89ca7e7b632ccf2d39f50260896e617,0.0003630397598352358
Source,03a1df1dc121049b65af3004ddbc69d0a2afbe202958a85758101e0fee9ab355e3,0.0003630397598352358
Source,026888c7593968f1f151c40d730d0282cc5e6e6a1588448aa4e5eef67053449817,0.0003630397598352358
Source,03235ff4eaa14aa7281be59de6b5c82b1f6b8f09118ad8afbc3a4c4e3c1a2cec81,0.0003630397598352358
Source,02100f980765358415bde78d569e1c2a32ec6b8a5c93668489a45025615bdefd67,0.0003630397598352358
Source,02853b872b7f8d4e27e4a1643d6a585e509cf4ec2198b07cf6cada58dbd85fb98d,0.0003630397598352358
Source,031e41426d7ac75496d090a92f778d89edcff3bedc36db913b0975cbf112ff5283,0.0003630397598352358
Source,0358c8870b263e43c53131d2d5ed49e45bc3e1fca7255c13bf69a275ccf05c6ede,0.0003630397598352358
Source,035e6216ba5e121b1c9e8285d1553034893df2cf32d3e216717d1b93a5069e02c3,0.0003630397598352358
Source,036fea2a1cfce13ad06022cb8ae593d76c9e9eb1c6dbbefe26ef3b365146b379cc,0.0003630397598352358
Source,0378e741889e9def95f488ad21d195d3357b28403527e5d3b4987e92e680b1ba53,0.0003630397598352358
Source,03cbb81178f97645fabf3c310197eda2ab44c00d41dcce55c82949bf482d4419ac,0.0003630397598352358
Source,03e0c11eaafb1e78f5c0e0c16bee7649828f8359e4ac275f865b1f89222e5b7f89,0.0003630397598352358
Source,02790248f74e750d495ab5a0fb4a5019776d19c9e56b0ad000a0df2ca93acd0480,0.0003630397598352358
Source,02981f5414c5031301b84c9e55e30c2dccf7d206b2a6694ed5934929ab702d710c,0.0003630397598352358
Source,02a225ef7077353b74179d8a74f1632d3ed45bbafbeb1ccb5470d02a6de79016de,0.0003630397598352358
Source,03395689d8e2afd48d223d5ea66d243c9ed89e7d8c30534ba43eec4ee960cbb583,0.0003630397598352358
Source,0288874b9510d93e476005ba1bb33765ac87155a4acfd232b821a6c7ee55159521,0.0003630397598352358
Source,02de5965c0de62f0a3a6464b7c1848510661d43df96caba5e868ed7520cc3fa437,0.0003630397598352358
Source,036da0201ba1f16a2089d1e17a8fe236114adef33bfff59073771723c60b08b4ac,0.0003630397598352358
Source,035b09226500946987aac38d1efea8b35cd9db5f1c39d46376d0e1fa8ab669f5c2,0.0003630397598352358
Source,038d8ad0e91f31388608435fe9268177db539802b9f3e325df023e2cbffd9a1cf4,0.0003630397598352358
Source,03b49e19c247d595d1642f334a2b985b16f777d9ea4503053c41994a8fc53cff54,0.0003630397598352358
Source,03d13347b580a3b27d3d532ca4571ca50789b92ed3495d939eb688559abfcf6162,0.0003630397598352358
Source,02a5dbc008844d58b839365959d36f841e2498519e9cc5e8082b3ae2db0c1669ac,0.0003630397598352358
Source,02de20d6201d7eab9b3c23aab22b1ef981e54cffbcd1430ad30f7d900914052275,0.0003630397598352358
Source,031e84cc53aabe3a2335cbc16881ae1ff98ef2f0559e76935ebc2b4a4ced1ec79b,0.0003630397598352358
Source,037898af4aa8419e2b3f9221626e3ac977b3ce0b91b10886e621ddb290019a1334,0.0003630397598352358
Source,039f0ad37eef3e1813ebe825d2d91908914a2c3ec1b2047fda6a9fedce3a6f63dc,0.0003630397598352358
Source,03e1db6388dc6a3c6adb4c6b78831267b80e26c3bb129c9e0d516c6a799bc29021,0.0003630397598352358
Source,03bfc06285536c8f3f4ce8e68f720551438ff9a9f5334f274e8381d36e538505c5,0.0003630397598352358
Source,02ce691b2e321954644514db708ba2a72769a6f9142ac63e65dd87964e9cf2add9,0.0003630397598352358
Source,02d32da3c03476767c4c5cd4c7c8d5fb15bc35d55ae9930cbbaf51c97b86084f74,0.0003630397598352358
Source,0393bf2a16f1d4ed218815ce66c3f542aefa0e2a6dc9200a926ff13c1a2a0b9eeb,0.0003630397598352358
Source,02d61bd7d56c6256bea8666124f141132eadffdc25dd90684dc6d90b2fb2a62116,0.0003630397598352358
Source,0300cd18af20a92f7b9522c640be5bf56ebecb20478f4b2991a908f02d33b588df,0.0003630397598352358
Source,03c01a7e406e5e2125329a56b2077d7f6d8fe3ddecf737d470f9e9bbd06fad665a,0.0003630397598352358
Source,02997098dbc04bcbaee1999fb8f47b06c1623d3c3fdbc5e0c04227ef4cb5991173,0.0003630397598352358
Source,02aff8c90b8fb829dc062c91c5f4e55a1ce3e207037bb2a9877afffa2e91363ad7,0.0003630397598352358
Source,03cbce9d9920bdde78937dc3cac3e3bfb5fdc885f98dc47c586d3953c30492fb34,0.0003630397598352358
Source,02e027690dc8f7bc08b7d8a913dce725effd6164d1b96732e03c069849b2af5b4a,0.0003630397598352358
Source,03a7c61c056023c804c6d63693345e00ed8e2b28c8d2e0c455964bfff31128df40,0.0003630397598352358
Source,0201f975f7f6e073edec9f35d061ad56386fce72089f24a7dfde0e97dc89239f6e,0.0003630397598352358
Source,0251b2c9d22f3621f27188d8236db84d9fd84d42adac063b2633744638b81f34ac,0.0003630397598352358
Source,02690881543d633f3a16c8ff97397f3f2e8765a15f5ac057d701243e5adb7ba856,0.0003630397598352358
Source,032c9bab7bf5c3b17ad231c617315890861227a802b422c62422cf03bf4f089a0c,0.0003630397598352358
Source,0364b630575cf59e70f6752a86d6b818a586cad4e8ce52a6969e56a8fda9404d9f,0.0003630397598352358
Source,038b36a43c38f75cd15bb25394f1cd162f717df005585229182e62620db9d3f3ea,0.0003630397598352358
Source,039e17a8ce4659a402da972b1f3314fd0aa230a578bc0dbd669b23d5953fff23a2,0.0003630397598352358
Source,03c26d296e718114d512db1a40c8ed29914feb775efd563a0f038139369c4f5436,0.0003630397598352358
Source,03cbc081bea4020f23b595b813b27cd044b1245c63d2383efb36814fe3fb982733,0.0003630397598352358
Source,03dd80145ece2ff7d69114e2aa4b809c4e93135a869d5833c4b3d1b7b77294c5b8,0.0003630397598352358
Source,026a0a7f005c46ae12cf8de3f9bae9c728d418c27bca8c665d10499b37fb83c572,0.0003630397598352358
Source,02ad921d465e6ecfe493e90864275ffcf1b70c6050c76e6c33701b0c3686d687b9,0.0003630397598352358
Source,0200072fd301cb4a680f26d87c28b705ccd6a1d5b00f1b5efd7fe5f998f1bbb1f1,0.0003630397598352358
Source,028f65c949de5001994c4390ac0d81bc5c5d5beab5a4f32df36265a662922a7e45,0.0003630397598352358
Source,02a60e11bf0016cebbfc725386e12c4122fdc12aca8711e32bf6d568ed790d3e5b,0.0003630397598352358
Source,036557ea56b3b86f08be31bcd2557cae8021b0e3a9413f0c0e52625c6696972e57,0.0003630397598352358
Source,02ee101be22a097eb658131b58a76b6850e3f1b87c9d4492f3c34d1b05089b8515,0.0003630397598352358
Source,03fe723fb435e7b8f67f0c02d93cf079ec00ce6667624948f9e29e6f1bbf459c87,0.0003630397598352358
Source,03107af3936ee262a077ebf9e5ca3b0a7df199c783360f92e92d6e2c13807fffa3,0.0003630397598352358
Source,025222e79bf200873e16260af2b67e409f8740082aa25c5da145e42fe444921c9f,0.0003630397598352358
Source,036f248df55290d23ada487d38c89087ddd6d89aee0357f5adbea2b22e61314b4f,0.0003630397598352358
Source,0331c1eb40738250955e4b4a649bec5b98e5020fe963e0e8529f384229d8d8a942,0.0003630397598352358
Source,0227432463b968609e9b122ddb1b7a8589a5ec9c89f439607fbdff467c7dbdfb45,0.0003630397598352358
Source,024cf3a444352ab13e7a7e87f58765a19fcc649b45474187e678e6e91a372c4736,0.0003630397598352358
Source,02525351b8c2172358638858f8968475dcd6c40344f4171d9537e6caa8bb41319c,0.0003630397598352358
Source,0267dd831e2a46dbe370da944e37e8feafc5740372cc3f1af439e6aef28c9e1d16,0.0003630397598352358
Source,0280bc79f3dd6e46cae85aec6d393cbf52e99610d00954804c4b9c76b37159d318,0.0003630397598352358
Source,028b480cc4091f96c4446f2ed0312923155d86167b6527d1b01b04b22b77c98941,0.0003630397598352358
Source,03b132b2575f3009df5b576dd65fe8ddee9072661c6ac152794c071a5d6504a37b,0.0003630397598352358
Source,0391563643a3e5121e142ddf5c9a374c02f171d14dacc8acc9751fe88766206f50,0.0003630397598352358
Source,032399cae304ceee435d458344950d75c2d29f33e2ac7a7998a50eeab5eee5e631,0.0003630397598352358
Source,02ed79cec5bcd7ca4be5aef94ab252fd03cbe3af7618c21b0591a4af205d6b546b,0.0003630397598352358
Source,0336b0f69a233f1b95b3352dfbb0e79508d874f2c4d427a79d7d72cab5123ab4ea,0.0003630397598352358
Source,02067a5b7c24bd95dd41c85fd07c604b87924185d973f29c33937e7ef822b10fb3,0.0003630397598352358
Source,02e7b39c5523f00357ff4ccc34fbd39ea9fc3525dd46f930fefe31756e8a97605e,0.0003630397598352358
Source,03b6ea63a56823b0442b5a9f9f3145c95ad80d6a7d14258bef0735eb7618a5a4fc,0.0003630397598352358
Source,023b4948f45435c2a39a80792ef48fd2d9edc68ce7f3334c12248f42b91539c004,0.0003630397598352358
Source,02f9b694a7e6a6021a546cb2ffcbecaff3e310594e2995c1a380fe45b788696125,0.0003630397598352358
Source,03922d844b2b85ecbb94e655a3fd46e0544adb4b6c267bc31067909d5b46744a4e,0.0003630397598352358
Source,028edb80cb2a4cfa10dc72fc0942ae42575e484480bf53c6373fc4d46240bfec62,0.0003630397598352358
Source,0329a9c5cea487af9eb0209f4bdc5009aeeeb02730d5594488a97c931e726e0e11,0.0003630397598352358
Source,0384417e479afb21bff425f467382f9c064ac08bd422ea36542fa6799e026d77e6,0.0003630397598352358
Source,02c640d89a909c2aca263f382b03c8a891f4db89e1c217092f4643dcae77e61a8d,0.0003630397598352358
Source,02a3f384ca60b6cbc3182d344a1dc3b6c2c7211ab686f16e985643b6e6245825d0,0.0003630397598352358
Source,0351eb8461e0778696f5620224804ddffeb2f34f4c8b8a70800b25d3b502aa12f6,0.0003630397598352358
Source,0255daa2997d3f6cc54a088a51b2f71bf43a4de42ab4a49fc2b73252bfae92e563,0.0003630397598352358
Source,03d640bbfcdca70b622d8b51a4a18289747732a744adbed72d7f48d07bfd2b5047,0.0003630397598352358
Source,0293db9c19a49309a0bfcaa1011eb49b91881c367e7fb1f6cdae963107eb577424,0.0003630397598352358
Source,031d93a4513dfdeece33fb684ed909fd85317e0229ade179b47e8dd601e91013c1,0.0003630397598352358
Source,02847cb165063ecba5927c564c966206be2893bf9046ffb4ece8de6bcbc0d982dd,0.0003630397598352358
Source,032fa0f1a5875d817487207ce64cc4770cf791ff1287e6cb963be3db275091f82e,0.0003630397598352358
Source,02f8ed871fcf6f3be9507ee781e27cc0f0a3ebd5e53b5717432bce4a11f907e989,0.0003630397598352358
Source,02cc40fe49b394bec5a127da528f45279a1c3edbe40fa12b85e9c465ae3373b46a,0.0003630397598352358
Source,03244aa672f25d1c2ba7879a3ab87757727872698bf79c436f8435bd11e45a50bb,0.0003630397598352358
Source,03ac804b7268038bb9e99bc8c5c0c21f6145de8ef3aa3d2f91ae5a8fd803de919f,0.0003630397598352358
Source,03cf303f01f62f62fab130bcc2d51f12a6db36e476464cec1485e510923a05d559,0.0003630397598352358
Source,03f0ee0ac3746c329cd074018a4be3e472eb3d17ef2a4eb59d515518ab5c5025a0,0.0003630397598352358
Source,02628d8e2f33869db7417c8da48947d441dcd839e0a3ce5e91f9c790d1131cf9f7,0.0003630397598352358
Source,032b9dd79393e4a31411b8e00e38917077f58c776ef420d8671531b948fc838997,0.0003630397598352358
Source,036df65e4ba875a52c027f449a58c152b5de5a4e9c0d6aa14f95022df01ec4d666,0.0003630397598352358
Source,03fef0d5d70eb951e55aec0b6c76c685def8ae1d536e7bef5ff17947fc2beba543,0.0003630397598352358
Source,027fb5a31546c43e28c637483808de01bde7afc8f9016c6a994a818fa2b396e551,0.0003630397598352358
Source,03851ce7b1a82b99a9fa1bd397a63c6342bb0de6d651860af663f9dd4c34b1343b,0.0003630397598352358
Source,0264c1c5c416b481f4dfdc9b2fbfc7b56008461399fd3ee009dd677fd4d11a551f,0.0003630397598352358
Source,02c9226772df3fe5023b2f842fc646d606bda9ce6a06b7b2d958e02b16a970c22d,0.0003630397598352358
Source,03bc9ef0514760dc116a938ff7abf4a9ec71fca13168fb972bc64345d4b06ae83f,0.0003630397598352358
Source,02da7bd301ad17f97f8a07395874ac99a41030cc69c4273debd8c1468941bcd101,0.0003630397598352358
Source,03035d2b1372b89278cccf51ce42024c3b92632eb99db2d2f36411198505cea4a6,0.0003630397598352358
Source,027d5369f807773ed75dc87dd12c585210b72827263f4a1009f052e67c12ac92f5,0.0003630397598352358
Source,03163687a6e5f19dfbd3987ec481fa9e8fbccb9306f568c3223fc45bcdc9ff02d8,0.0003630397598352358
Source,02b72c8f9e24bcad72dabe380c8f7317e934e52556d05714e74e398cece16eee89,0.0003630397598352358
Source,03bcfc26ecc326d3ab012ac7821f6fcec6cb75337ef505675c522e28d69061317a,0.0003630397598352358
Source,02880570366d9e1ebc5f8eb01d277594e1943a1c80116af96331a4be305cb11799,0.0003630397598352358
Source,023c9a852c9d8c95893fe3806ab448d3da15bdef5b5a80ea789fbae32bf31dc73c,0.0003630397598352358
Source,029679fed1c5bbecc0ea92c8e62b172e218fe37321d16cdd38bad8dd7b0095d0ac,0.0003630397598352358
Source,02b67e8e5cdb3d80dc38736ec0f6378b6199a99d769aeded2c3460f548de8822d9,0.0003630397598352358
Source,024bd01f2abdbccf670e1b6c5e0fa33dbb5a32781d9e667b893bd37c72c3ae1fb2,0.0003630397598352358
Source,039a41344ea8949727bc7aa5fbeef0ef08726c0c9c1c064b07b0e18a3fc9bb5c53,0.0003630397598352358
Source,0376ed0d3822229932ff0ec434642add13eb5f2a885e921194649e3efd2eb945bc,0.0003630397598352358
Source,03a693a567dd53405934ae69b3f4b95cf93208d9488767602131c68eb3723e08d6,0.0003630397598352358
Source,02747eb3affddf01bd9e3e674075217dea06b7ae9e13be3b9d4f663511c3c42351,0.0003630397598352358
Source,02870c077874b6c294f6351511fd2eb239754ebfe91f6c9eccc980c94cecd5fa07,3.490766921492652e-05
Source,03248115007084fa39f54ad2e649735c8bc94722fd0039a8569a194a62e3ed5a71,0.0003630397598352358
Source,0382a201b71dcfcdd9e9a35ba6ad0aa25dde8a6a322c8edf000db2a31f3f31f0a3,0.0003630397598352358
Source,039c73f53daad1050a6a72afb5353a2152f3152ee17168cd0ab28c2cb3e0050e36,0.0003630397598352358
Source,038ed03f759dc7d8ac3d28de23b3d5eedd8cf3b919f539d80f0ecfea075e4028ba,0.0003630397598352358
Source,03a561c3c156c03974726ebd9c6d763c5aec40744e7e9d53b062aa5db3be42f538,0.0003630397598352358
Source,03634bda49c9c42afd876d8288802942c49e58fbec3844ff54b46143bfcb6cdfaf,0.0003630397598352358
Source,03156db69ed28e34ed1fe00d87753cf52e1a1a8ad149331cbd68145426f349430e,0.0003630397598352358
Source,02046a6c834ce50f93f72f1cbf95fa60393d6a204ffe085deeebcc5f785504a31b,0.0003630397598352358
Source,0206dc51d32bf88b7b3a5823718e1a2c95f14d13800ab4a66decf8658a560321b1,0.0003630397598352358
Source,02b3b5b6d83ecf98bd04a1e2ca6933056f890abfa8fb83723c821ac1b6d0e8306d,0.0003630397598352358
Source,0226d61ac53502c7edeacbbae2c5d50010213dd2dabc1a9d8cdda07d9e21fba4b3,0.0003630397598352358
Source,0326386e472a453848096ee452f894a8095a13b1576989a239cc663ecc9b328740,0.0003630397598352358
Source,03b7cd8caa00587646081d8a5d9c506f01c32857b5e58e6ca583191f5c684268ff,0.0003630397598352358
Source,0305867c45466beed224d10e3dfe72d141267be3e78a7561fb73044c75d6cf04d1,0.0003630397598352358
Source,03f0a9ee16196e1b1a9079ffde104169cfd4a75ef8a2c5d5453bf7ef35e3458162,0.0003630397598352358
Source,03e1250e9a4da224ced31d7d15abff1ea36f7b18df5926e81b605093ff1f78c3f9,0.0003630397598352358
Source,02f480d6f059e8b980d79370c351c1f638a1021abb0e11bdcbd1352a0c71134b6c,0.0003630397598352358
Source,03f2fec2692d45869446ae83fd3c22c8cb036d2c3f466a728daa05f4bd8e4e9ff4,0.0003630397598352358
Source,021cbf34b0b169ed7058bc8586477a2cab005f2b980b71ca0c637adf2ff97464a6,0.0003630397598352358
Source,02229f94d51028fb87a1fcb5c77b520836c0443b4d3d9fe311591acc481712f671,0.0003630397598352358
Source,02c0e925be6539cf3d9ec0fb6673bcb572a7d087f9db1b954dfdb04502e9cf1ece,0.0003630397598352358
Source,02d5da8ed7c0d11f8ce6004167887814f0af6988a124131a7d0a2a956825607178,0.0003630397598352358
Source,02f61f23c6f2abd2543d2bae3212cc0c1746983f72a39c1eedbccda89c9ff557da,0.0003630397598352358
Source,02407fa98bbc5b6e80df801635518c5acbae6d945a34cee46724e9df6775d556bc,0.0003630397598352358
Source,03e35a27fa8bfad8675aeb9e96530e7b00e6fa03b571d235f6b4e68cfb4ef9097c,0.0003630397598352358
Source,02b66c7fa0c49ad71b6aac46d2c13dca8787bd126d306afaa56c4e1b3fdfb330ab,0.0003630397598352358
Source,039bc282033a91628ed7d5f8ebd76b0fbb80a50da56d8b494df54afab3397ae939,0.0003630397598352358
Source,032a57d7e327f5be21d4fdc12b171b49a75a19b34af428699a7dcc06a9889ffccb,0.0003630397598352358
Source,039104f8194c6f181eb54086f04321a3a4534f918d1196fa9684ee4a6bf1358a4d,0.0003630397598352358
Source,02a606dad5dec0cebca903f02c0bd304f1aa5d3728812185ebd92633fc1a299af6,0.0003630397598352358
Source,02b8224bcc1b2972aebeae479dd5cee88c90aaa2fa5acc1ca11b67724d84bfaa0e,0.0003630397598352358
Source,0228e0118a39a971bbc7095ee6c0eda9f674df9565965297eb628ab2b5008c2b15,0.0003630397598352358
Source,0312fc4cdf881e2e100c88397c4e640d3baf95902ef8aed8100bebad66196a30b3,0.0003630397598352358
Source,0385e9dc4601811a4aa769e6a50401580be2087c7162f8c478f82296c8ee6ea8c4,0.0003630397598352358
Source,0213f90b9d980f2ac11197ae6232e3ff9417a7f25e5b7aaee88c54b2d632076c3a,0.0003630397598352358
Source,02cdbfd26ed048703467d473d15a558a1e40f2e27f717ce9b631e69b9b928d2f7d,0.0003630397598352358
Source,03b49b91435139480c9fa04dce171de764808612ae62f66f37f7ab1c0d5e7f1560,0.0003630397598352358
Source,02c341f9a0140c936bd7be263a4b193f398f4f6c4c3c39aeff8c945455ca35484e,0.0003630397598352358
Source,0252d82174ea9fdd38c8a4653f6d6352d8ffd4879b3e8490e4736d171193265ef9,0.0003630397598352358
Source,036bee6e399de504b84d916f264703211f94008665973c048fba9a0f865f8724b1,0.0003630397598352358
Source,03f9e560c14ee32baa4e8a598c0132085b04aee5b780cb8cbe94ad65c86319c115,0.0003630397598352358
Source,0394693794f93d1e9b1034ab6d217af57a0de3d8ab18e3489d07c6819b2a780944,0.0003630397598352358
Source,02069f944d9d863e15c0f9d3933cacc49400a1346e83de9f5d1396228d06872e28,0.0003630397598352358
Source,0319f83c53996cedc6230195aec002376cc619124fd892aa520eda4d53204d9176,0.0003630397598352358
Source,0358b6d4e10b3a232b7b6f4acee3aab99b5f7f4e9a9e69bcecc875ea1e1a147681,0.0003630397598352358
Source,02c603d30ea3711144d4ee44bc928c411248b6bdf3f3c32af2ddfd2fd06692ff3c,0.0003630397598352358
Source,03a97fa5c075037b62c37224ccad972e8d0b8c1ce7e273117aba4bf9ed83bb26dc,0.0003630397598352358
Source,0255ff94583166afd90a0fc0a3042b73724feeeb4141d5218b00e96d036ebfa2f1,0.0003630397598352358
Source,032b38087244e6478c76818edb15b91760b531444398607d001d444ff11f72fe8a,0.0003630397598352358
Source,020e0b65d0a930893645d8cf0f6aac248111decb927cab58ca3ff9a70c80e02ca4,0.0003630397598352358
Source,021893db301f95d4def153b160f5dad570f7c9efe347a0de89afb6d6a1aa968784,0.0003630397598352358
Source,0266d3b32fc5982b904bcf3ed7bb303ea84862b14237c5e78fac60180c0c1227cb,0.0003630397598352358
Source,027cc4f7586870b76c04233ac066516c7186edd3934c7831e437b95a43bb15b1d3,0.0003630397598352358
Source,0295ea8a519a6f79a8b772d9365d14d3493a3ca1811667f134f09be8279170e053,0.0003630397598352358
Source,02e0ef5a247bea1b1febf249c1b10583266609d859ce63616f54ea145a498c9657,0.0003630397598352358
Source,03238a2390825bff5d987c3f6cd7a648969a524143d984e8b446f9695942bfbe21,0.0003630397598352358
Source,0325b1fc186ffa68c0c9735991bd98275522c31124a373f152dbe77da359226c09,0.0003630397598352358
Source,03a8174947b5ed6a8ca5addd2d0b6a18a10cb4f01eac265a9a47e7ca24d616ff97,0.0003630397598352358
Source,03b465ccccd4f0d4f5fb5aee9aaab282d786a7aa645b2fb3f585aea722e17db47b,0.0003630397598352358
Source,03d375cf25c9bd3fdda58dc154676f8775ae7616b5f3887eff9896628e5441b3cf,0.0003630397598352358
Source,038f41f4a910c82a960ac9c8e5cc9daf729550bfb0b6a13d86edc2f79bff2e89ef,0.0003630397598352358
Source,0222cd9cf400cbe9bcd1472281e436d071b672d8a33bdd964e6a3504c4db2983e6,0.0003630397598352358
Source,02cac066b51bddffcf1e350a3130a7e060ec3ca958be605f98890c2899367e7f90,0.0003630397598352358
Source,03b82a1e38ce212d91714a2a8af260660a73c207fe60ddbe852dcc9b39fd9283f2,0.0003630397598352358
Source,021ff53e5fa02a31978765ac0ecc9d0f9698f4499894acf16096fb7af89e661203,0.0003630397598352358
Source,022ef700bae7557ddec5e49a4cd39028de40d2a9a56202a57b2a0431da2713256c,0.0003630397598352358
Source,03a800d2a70d1ccbe1e214e84dfcea802d5fa70adc6c3c84c946804fcda57139dc,0.0003630397598352358
Source,029deaf9d2fba868fe0a124050f0a13e021519a12f41bea34f391fe7533fb3166d,0.0003630397598352358
Source,035037f67e95f197fdc3473097d5e2948500079dd02f26aa8e89b7534bee4b5ec5,0.0003630397598352358
Source,032440fcfad66143777d06a46e0f53d2d01b9c304c65299599778b1ff3c2cf768b,0.0003630397598352358
Source,036db98e10d72088663fa3b13e2176735353c17cda450b87f3f330afba696e9009,0.0003630397598352358
Source,034fa8e54c2ddded313f97818a5e226e2f552ef79b050896c380b8c7c248379a63,0.0003630397598352358
Source,039debbe207597b2436f26ebc646c176d736a3dc0ca2a3193e054d6906550dda30,0.0003630397598352358
Source,030aca23ab45f25dbc5ca08a72bef04659cec4a1fa5aeb0761026dd6a3e75244b8,0.0003630397598352358
Source,025ffb10066a8982238b9d846e69bae1f0a7924e0e9ca72d0023b276c3051039ff,0.0003630397598352358
Source,03228d0676ef31c1bea7671f210f25fc99e8fedb82d4e5f74d2edf7f77a5ad14ba,0.0003630397598352358
Source,023f5e3582716bed96f6f26cfcd8037e07474d7b4743afdc8b07e692df63464d7e,0.0003630397598352358
Source,0260fba90112a46a4110f166c573fab6173756a3dd4bbb3f0ed734d616e3b659cf,0.0003630397598352358
Source,035a002c71bc9ffb0026ee505323f143055bf1dedd4ec878e5a1b68c792f363eba,0.0003630397598352358
Source,02219ac72a218a62108ec584f0dd74555e16646257123c02747a0f349916015d16,0.0003630397598352358
Source,03d98bffe14aaf187f7d462992b175c5538dcfbf0c6d10f3e60311bdd8f77a3e3e,0.0003630397598352358
Source,030c4438a39940cf6f866fc642f286466d8ee2ef1b286bffc58b5c5ec74300f2b6,0.0003630397598352358
Source,03366fe208e9520b69366efd5006d4779efaee6055b3d8ef88e67e613e05362fe3,0.0003630397598352358
Source,0336a1e9ed6ec5c8f6d15f87990aaf74305a6cd252614810825b8aa60ad6a59532,0.0003630397598352358
Source,02108182a754e0d0e42e7dcbc9d79f145e51afcc3b49ee6a2463d8999274f8aa4f,0.0003630397598352358
Source,022a30b60c4d4975509917fedf77f99c1f97292455a3423e3c4a1bc035aefe2900,0.0003630397598352358
Source,021766246e0580d9486b764dca127182213ad6fbfda09cf87c3ec7d572f9c9dc59,0.0003630397598352358
Source,0221356e026f326338e7bbe1fb1e1030652ece86ceb4ff9987a943ad3006922fdc,0.0003630397598352358
Source,0259fbbef1c371cdb49f964e4614fb12c3edf537e82212e90d26902394ba01e018,0.0003560582259922505
Source,03a7ee2ab747a5f05c333a54680ca1a84ee105fcc7c998d8db38cc2c3631d03cb6,0.00034209515830627987
Source,0246dae073f563308943c44f4d072f226f4968ea6a5a82079e9bfc9860a8a620f9,0.0003630397598352358
Source,024ae2136f960b87b97f11f7a6eb2ed2f346d933c068c7ca642d423f436d116abf,0.0003630397598352358
Source,02875b2ebd367b26d1cb555fe06b129667b5f2f4d3b5d81dd068a9445750b1b706,0.0003630397598352358
Source,02a8ab39c3bd76446a2935712cec861d22ef80387dc9446e23eb23f72a9c49d637,0.0003630397598352358
Source,02b19c4088fff675747e06cc7a565948a530a7acb3cb7c307b710735bc81d7322a,0.0003630397598352358
Source,02cf3cc45d8fee5055c4ba5a58fe22ae973685fa2cb43e2c5b6454eaa1d08066a8,0.0003630397598352358
Source,02f2b7caf6f83b3fe7c84c18d5efd60e7cbea8d60c3f5e81f2783a745c39fcd7b5,0.0003630397598352358
Source,030bf55073acc64d61419c61bdf6a1b9eaa7dea7d2803ae84564063c41f5bee6f0,0.0003630397598352358
Source,0316f91da45debe2fb4a68326512a3c3f0afd7f2b2325663d6636c9883ad5451d1,0.0003630397598352358
Source,032569bb9504f24ad4684fee59223d39f3adb1f846cdd8a0aeaae3f56e2525dda8,0.0003630397598352358
Source,032887d3564183798a3c56f130050fc950dd3448088ed311c779b64b409d187aef,0.0003630397598352358
Source,0398212beaa280eabc2223dcacf248496c59195fea23a7684888cb948baa9f38e6,0.0003630397598352358
Source,03d23456e1c3080451b2e8e539a8edcff8bef5a0be6d158871ee561ae9daeefe5c,0.0003630397598352358
Source,037ae3fb76a9c192a33241f99a7877a435006daf825346d054144d066788d0bdf8,0.0003630397598352358
Source,021213d41afefd1d1476aabc5d7babef5bdb197fa71ab91725d62b840b48a6b46e,0.0003630397598352358
Source,021f34f64d916c296ff736f0b55b053cdb9691202b61c0ce52e07b4cd4627d3d00,0.0003630397598352358
Source,0226177ba487ef0bb5614748ad65bf193aa667399b18cdba4c7f662cbc09e4d439,0.0003630397598352358
Source,0241a3ce59bfef8b08111caaf23ce58d8a38ed3498a4820d3cf9c9e8f072b99e4b,0.0003630397598352358
Source,025b59eb8c92a6b7409b0e05078bbad3d204065131ce7b433fbac7b903eca96930,0.0003630397598352358
Source,02681c8e47585cebce5a7cead35eb418ea05c36b6b6f94fc67bb279384ecc8ea00,0.0003630397598352358
Source,02a19937ec71664dbc1746a8592b664f83826a94193d9ca4eecfa40644ca0c5dae,0.0003630397598352358
Source,02b456f7bed23d660d416772b398c6579e26468e3f4539e94a6590b121e22ab7d4,0.0003630397598352358
Source,02d298c2d030a357008d2f87996a3e3c585ebadefe811abf6c06ac3e432b13df76,0.0003630397598352358
Source,02d5d0f40cf8a5ba306b1be20526dd469bdd20d047b94fcac4562763396b157a33,0.0003630397598352358
Source,03123c0f2f699575693787b92b7145c566c4cbe7a8f00a20e6d6dc3061cc3694a3,0.0003630397598352358
Source,031e03d3a7caf461e8eecd43c8bee518f1ff79ae0ef2ef05b6c0f0f524708bfa72,0.0003630397598352358
Source,03232194f7363aac5dfbbd632c572f27abcc3b6d8ba47eadf5be40097f447672a2,0.0003630397598352358
Source,032c64551031ef36ee1451b702e764af363c099c8e344524e2954f6b8fa287faba,0.0003630397598352358
Source,0337adb8d781f9df4d23d4a29823f46f324cfcc490ec6b678d03a9b64aafb6b6d9,0.0003630397598352358
Source,033c7d60db7b22d46fa96983aadc2ec0ad5e3b80a22be2e56bc8df4d1268e4cf38,0.0003630397598352358
Source,0342444695774df18f8e33a6114b134dbe3b353f20e12a6415df7e35387702e94e,0.0003630397598352358
Source,034fa59ac0a81c6bb567cad89e3b950d488cff7eb80909fdb3a60ecaffe67205a9,0.0003630397598352358
Source,035aaac7755e2101822bacd80b376b4cc8332bed3810d796780a41df589d1c1e48,0.0003630397598352358
Source,03602fd7f61c387d8ee45099b7fa89c4c8570efeec711b43c69b94420b1d93713d,0.0003630397598352358
Source,038dc161ad6da211e20242e0f7918fdc9d22d43013b6522a39edd0a9f69437a190,0.0003630397598352358
Source,03aade6a9a4c743b4effe2c20231a8e3efc1d6d2fc846dc685dbb364738b2b233f,0.0003630397598352358
Source,03ab8a87c5ebca90514363c21c5bd7f6c8ac223f80882eb79b293d591f4bb57024,0.0003630397598352358
Source,03ab9e0a3d136ff248aa8a4b2e3cfb7a198f6011fd2f729fd10abd7023b72ae13b,0.0003630397598352358
Source,03f91df51f244d6e102b4f58e299e7c0b6d8c65631703c111d379c23a7b0ad9768,0.0003630397598352358
Source,021c75196ead6d1f9af0fb141bfc3f622f2454b6f7858f28ec110bc8bba5c508ac,0.0003630397598352358
Source,0355ee43d8aa70baa70cdc13d19b02e23a35f7a84b741be69177929b51e1b02ffe,0.0003630397598352358
Source,021af7817acea62563af90ebad4b6de313de8c47c91b8b2e2afaa989a3f07a60ee,0.0003630397598352358
Source,022252e7297f23601bae05132eb944a0e89f8a4a95debec6d63060bad78ff1fca7,0.0003630397598352358
Source,0225b4f382c31dc5920ad1e896d4fefeeb185ed542f97c287123e31b2721426575,0.0003630397598352358
Source,023fdaaffb92348f99a68d43663fb657fe21489759402d1912a9c1a9ee2435ce92,0.0003630397598352358
Source,024e1e73eb3c3f3c3881989bccf73a88599fc2b71d505759d031d1091d5b3fb815,0.0003630397598352358
Source,024e7c5fd782f4456f20c579dfdda61f5d3d15a5a3eac5c2f7e902d6963c414f94,0.0003630397598352358
Source,027fc06b1bc36a6947b2ea38ac36cf16b3aefbd54b8f573fb71c6ec5c04a3e3630,0.0003630397598352358
Source,02985cad3fe71b84567a48abb44df5db52ff46768360b6b42fdf7e89ea81b25a67,0.0003630397598352358
Source,029bda7d9ca96c3f6f94b3ca4ef0f57417e4cfc2a5bd8c76af0ef2245d5779838d,0.0003630397598352358
Source,029f6118a30a2479e2661cc65418a203c00be8bd49a12ba1746d85cc981a0c8b9d,0.0003630397598352358
Source,02c4b64b2cc996a562e3c6a4ed592906b72733701ffdf1a17d1a27c2d7cf132380,0.0003630397598352358
Source,02df2198a0fd75ef9335fa4c56800687cd91773bcb8ab197d244cd948ca8d56782,0.0003630397598352358
Source,02e30a46d01bf64d72bafd8eecc46cf289a712a26fa68dbd80f5432bde6140b3b3,0.0003630397598352358
Source,02e5337ffa8de9919f05d5520d674769d483db534a25381cc3bfda0394abeade28,0.0003630397598352358
Source,033ef62a75784249b04117b5b596eea7a3d938d45f5e05b76ec371c88dc11cdd95,0.0003630397598352358
Source,0355358f9ca397c92779a8bfc29e17c23cd9dd409c161d8a047ce7d902f54b4dea,0.0003630397598352358
Source,035db7bce8b88eb6040d7e3deeb8564e8f23e1ae9995987126ce2e2a2ded1c4608,0.0003630397598352358
Source,03653e8f7e7b96cd8d7c7f9641f541b7e24833f6e8b81f65eab8d9c614f8376324,0.0003630397598352358
Source,036549ee7d15d45fe9556104b2f82bd14f0a0862c941b6f08f333dffd512423168,0.0003630397598352358
Source,039a039dabe7249acdfd1947cfb0d606e106fc2c8788aa5a82b74c50300307c89d,0.0003630397598352358
Source,039cf2cbd172ac1bbba9c104942b8fdc40cb28023d6ade8f9f247f160532d81e66,0.0003630397598352358
Source,039fa311ca6795a10287270c7804c1718ef0ef12546d70893a68f9246232baa32a,0.0003630397598352358
Source,03aee2bf07ceb5351a8c98615c1783ddca8a0e753800bdf33d08627ea7e56ea93b,0.0003630397598352358
Source,03b089692b76ce8e897a4eddbe6f498b10cf52bcc97cb4f3acf6d69a04a35293da,0.0003630397598352358
Source,03c6c3df8a19322479652a8fc04b6cb948d323afc09d6bd1ffe28aa26e6908ded7,0.0003630397598352358
Source,03c7e5b029a17101e006d70b1c5d079eac93db593c2dd5f260dfed3883a983e5f0,0.0003630397598352358
Source,03d02c4d64fa54c4ccc8fca14a49abb438689205a5116e026a2c7babb8f559362f,0.0003630397598352358
Source,03d0a346bdce7d3e0ddc1b488f6318afd99f67510a4d559fce2a36e1496827858d,0.0003630397598352358
Source,03dc121877f5e4b4764b0915c8916fb843ef89cc559885cd696e81bc51232b1886,0.0003630397598352358
Source,03f0f1f7709880c633b25142d5ea9d1f7caf801a4f456b1155460aa330550084ad,0.0003630397598352358
Source,02239d2cd10c6ca3a5bdc76ea4e492f94faa62a45266bc81684a1271cec145d200,0.0003630397598352358
Source,0251da16817d0ffc18c221819e072aef40fdfd732228b2a467e011804d3644d6ca,0.0003630397598352358
Source,02deb264bf87fa523d7f36bdbc05fa7274a890b8467fdf6557c3a589a58d757d45,0.0003630397598352358
Source,0332052748755d74b3395b91eaea78b53bd64b55eb031ccb6a7ae23ac445bb6af7,0.0003630397598352358
Source,03ef2c7ed0c1dc252de737aae15073146bcbb98ba8d252cc576cbe315d8e169e15,0.0003630397598352358
Source,03360499e0d9c152d95166fca8d6989ff6bece771ab8811d9a9082e86ecdba0faf,0.0003630397598352358
Source,0326976815fd2784c70823ed21293ff5fbc8ef213bc5bad3e55572b662a64e953b,0.0003630397598352358
Source,02b49bb90dad806bad46772bab383f51d0e81d11aba43adf0b2216ffafb9548bdd,0.0003630397598352358
Source,020fccc5602053c438b13ebee7aa31a25e9c3803baace5afcecedff8db70543747,0.0003630397598352358
Source,02267c52832e6dbe52781d84ae24b391923270b0c916f68004a8f694106b18ea2c,0.0003630397598352358
Source,023668a30d0a27304695df3fb1af55a4fb75153eac34840817cae0e6a57894fd51,0.0003630397598352358
Source,032ab85e0bd9d74c27ab2f8504cfc4473f6bdbf998a825aeec6db5b6d49509a7d6,0.0003630397598352358
Source,03557fd11b58cb93d2ad4fab4dd4cff7462a97e21e8f6b7a712cb8bd27a96b9eef,0.0003630397598352358
Source,0397b318c5e0d09b16e6229ec50744c8a7a8452b2d7c6d9855c826ff14b8fa8b27,0.0003630397598352358
Source,03ce15213fc42f04132edc0acb73d5830371970bebd7e25ba4a3ca2552d1ae6fdf,0.0003630397598352358
Source,03dbd26bedb44490bfbf19c876f41c4561e3c650517a6c6ba77cb5e581b0b886b8,0.0003630397598352358
Source,03dbe3fedd4f6e7f7020c69e6d01453d5a69f9faa1382901cf3028f1e997ef2814,0.0003630397598352358
Source,0207d58b94bd3946bf7eb8c27cea6cc29d147485efb33f284894e59062592f398a,0.0003630397598352358
Source,022b0a4179c6b449fcd4792a7d3a3af6e0b2ac18c5f25b324961ea55732d1aebb8,0.0003630397598352358
Source,024611c978ca4ceef94135e4f82e45d9b26a7aa76c217f211009d5b3038a3271b4,0.0003630397598352358
Source,0283a074cba09b20a4e6d059a9f7c83acaae51648a045f1edf0e1cb559d4fa1eea,0.0003630397598352358
Source,033ec518c6ad5b565a89215d9f59c9d6dd2ca3d757b4c8fc4ea28eeeb0996ff837,0.0003630397598352358
Source,0354cf19ef9fb5b9a03737d61a08644457d9f9ca6dc8b73de25dce80116b6e0d9e,0.0003630397598352358
Source,0383bcd5030220568a3fd44e08aabfbff877d27c04b949cc3e4aad4a6e0dfecbdb,0.0003630397598352358
Source,0388a2cd707ac944a2b0c8adbf67c4a313d24b6dc2ab2baba842f9a9eecf925131,0.0003630397598352358
Source,03086e43d54b3a901499b4fdd1d5740dad2197419058a1e604fd22b1203a7a4f9d,0.0003630397598352358
Source,033fa7b78148b09eb8d6b542e3e19400bd705b1dc03a62da1578f6c480c751de5f,0.0003630397598352358
Source,034c5950fb9db3809b3eb6707f79bfae114a001b579d5516fa947d9d860094b4e9,0.0003630397598352358
Source,0367e072b7b6e40e5df3fbf8701bf1bc7efce021a5702dac7d0a9be7bb59f1f01c,0.0003630397598352358
Source,037603400ad316f1711a629629bb4528817c325f05849733ced4658f090fd46ae8,0.0003630397598352358
Source,0314dc1c496290a33f8fba3e78332418b1c136d9fb2a14d4a181e3cc9a653ee2f8,3.490766921492652e-05
Source,037eb17d0fee2d20bacea3d78940b40f4ac61a5a7040a23b6e8280c80d7ebfb420,3.490766921492652e-05
Source,03880f6bf12094a56fe42f74d0c7f043d15435301083b1c7edab352e2676d0b52b,0.0003630397598352358
Source,03a830531053653d9988731de174d8cf340e8a1742df01a81d02f4c5556c514736,0.0003630397598352358
Source,0385b0501740b2ece3f1577a193c9f659a22aaa9001b38c2891cc53e91fde54554,0.0003630397598352358
Source,02ec1239461dab3cc1a0525e8e11d05953e21862e8229c89502acb26b63bcdf137,0.0003630397598352358
Source,03166a818eb5b9245f2838795f96928815fcb8e010aac7f5e4d5e3e18f6f21c066,0.0003630397598352358
Source,035aef5661e1a6e370db60dc0455796800afd5b51fbc12a0a8b34836b15f5d7ef6,0.0003630397598352358
Source,0219fd2ecae06c8c84dcaf380ce22cd722562e2976b01556720d8ac0d4c11f968b,0.0003630397598352358
Source,022ca0a8a0c2278c8ec543e71b5a4d260baed616607570d540f19c4be5abbe2959,0.0003630397598352358
Source,024f8a8350dbc4a572f51618c9aec5458559d5fdf255b00740bb031c2d51ae25a7,0.0003630397598352358
Source,0250906602b92583db08a7b154e57070007d7c6c176e96c446e6c21021d9bdf1c2,0.0003630397598352358
Source,02634b5d6b7db0cf26025bb59ddf1eafed2f1857de3550c129cfd7dbfb403c4e0f,0.0003630397598352358
Source,0271b587f2f195d56ef66fa50b2d76b60d1d0eb671288a25c9011eccf0556866b0,0.0003630397598352358
Source,027fe40fda644dbbce9b51fc7cff5809586d02bfc7c308d54a80002989c14f40de,0.0003630397598352358
Source,02881abbc2185ce06a150a9c74499f3dc7369ef9c47b9715b966a8c8df813a6413,0.0003630397598352358
Source,029196b18f91a0d1ab53adfde49fa381b0e228f1b6fe7623ef2a1023b7ef2dcedc,0.0003630397598352358
Source,02a13a67131bb41c8d6b858d8c2f37b597e07a2341b9e393ac1cd3f7e9cefc4760,0.0003630397598352358
Source,02a2275465cc4dd1fbe2891b746943fa966dbf0e9d0fda09e6039efccdf104295f,0.0003630397598352358
Source,02ab16f790c7727eac2048771cbe95cbcc1aa93931558c0fd87c06d5c389475a7b,0.0003630397598352358
Source,02ce7adcbaf97f78592ffeabe71bf75e41a20fa15f255a4def2aeeb8297966f78c,0.0003630397598352358
Source,02d1856af0fc1eabd35b4033cffcf4adc201ec0c133b598bb8adb4806b2015468e,0.0003630397598352358
Source,02efddba17ca713f9ec065242c5e6582cc40b40627ed6934fc0d1cef19c9aaeb27,0.0003630397598352358
Source,037d706d809b71937dfeab0cc0577018d31bca5a729605529c5fe746924b2562bb,0.0003630397598352358
Source,03836eae75ffe6fc9e74c76c979b4b79b2d14db49db52529518ac28c9c14effc13,0.0003630397598352358
Source,038b95886d1e9a93b66c7bf782fe279ef41b3b25d65cc9822d836309bfa641f144,0.0003630397598352358
Source,03aad175872704dfbd8d918c7ce37d932241aaa9cc5c58360917593ef8b8f35cab,0.0003630397598352358
Source,03c409d19b1d3dbb2191e28ba150e89273675fcf2812b58ac3fd88bb98abed41f1,0.0003630397598352358
Source,03ed7c190c267924be784e4ee5e69a26e06b168553f9a9222ba13eb46a8eef6826,0.0003630397598352358
Source,02108e8231dad3c19fc2aa3d31f5175f89dff41f1a280de1289a7ec7fa96d1126a,0.0003630397598352358
Source,024b8eec9c9a3bf66249396a43011e8a949ec8c580b33f63b085ad34b0dbefe1e0,0.0003630397598352358
Source,02513e59cd20bd31bd4c47f6af1be5760c26f6fa9446f648c7a73e17ff7ab6d32f,0.0003630397598352358
Source,028cb872871e840ff257e59f14e5b3a435d65a006ead2aa191787d2dafabf6b90b,0.0003630397598352358
Source,02bb7805e3458259a3dae6f7ad0ce8c45cd34d11e1dea31e5a3aa1621be603b13e,0.0003630397598352358
Source,02ccb499f83ee471ed28c6fb9a5d160872059d3f4bfc63a35f68271093b036f7d3,0.0003630397598352358
Source,02cd03c23bbef0068eba9b27b680f2da43e0a1b80e7e0438d842d17bc160a9761a,0.0003630397598352358
Source,02d716011c96c7fe63703f3c5e064df389f2237b2980c866f237be8f893edb65ea,0.0003630397598352358
Source,02e786f84721176822b546a9e170372b2c9c86db4bfaf68f7c12fb211a4a9ab10d,0.0003630397598352358
Source,02f838f774549eafd782016c7a18451d36c4aff0a663e3d1d44b8ef84c5debf8c9,0.0003630397598352358
Source,030474c6abc3ec16c163592480865f76a3c18ef206540a3554889973fbd5be6375,0.0003630397598352358
Source,030b3039fae0fb81a9e201b1eeef1a0cd45fce016d4f9c97d43f71850454ad220b,0.0003630397598352358
Source,031de60d9f2aa1356f43a3452197d48a0987ae57b1ab8bc08c196d1348050c3090,0.0003630397598352358
Source,033f142bfa5185797a8251cfbe47d64c525b922610b2856c6bbcdd5b812505a17b,0.0003630397598352358
Source,035113f62138cdcfd391e1f97550aecb08938f58e86b47d739085dd898b0509fc0,0.0003630397598352358
Source,03956050c4d153ef9bb8c265710e901deb2028428be8eb6012ea20a6b85274384d,0.0003630397598352358
Source,0396948e401c19d1b2e25ca7996eaa6f57d885da9940349499a53e9ffac877de1b,0.0003630397598352358
Source,03a1ef812b6b934c5e42444d88f78bfead717ab1b940e4d9d5b51e433c9f61e702,0.0003630397598352358
Source,03b4ab0678003eec5e19e4658f771a68b229345090e7e88ce36d69e177a38b5275,0.0003630397598352358
Source,03b91f9e26bce0b501102a1c35ae41a883f636e94704c00d941356d329e0e7f9ba,0.0003630397598352358
Source,03c04ef9d6941a71d8fc34b7596fc8066c06ad72f955f9e37afe11be2114f25694,0.0003630397598352358
Source,03d301eedc0949238bf919452ee7ef5c45bda4adbe17faba4037170b3573841446,0.0003630397598352358
Source,035b2b328596738817e1b8e4524537fda5884ce04c7715aee2058bc283f55b413f,0.0003630397598352358
Source,0208fb7f9d909c9c9a4d9f83ed150bb2d2d25ab7e49c4b7abcc22c7db37118bb31,0.0003630397598352358
Source,033a5ff126c9cc5b803dc38bb2e7ab8cc8ba96481f97cb5953a58dc0b728bce805,0.0003630397598352358
Source,035dcde9122bbac5048443c29a21c77ced865340767412f6e76ed3cae4cc45c609,0.0003630397598352358
Source,02bacbd81f5867e4c13c1a3764e7263071d0efc2e9c30690fa4a927fab2c356eab,0.0003630397598352358
Source,023ec3f43f5896226f5c39aa1de856fdd6666e1ffcfee274cc623a5d856ded397e,0.0003630397598352358
Source,027579ac31677119b1dd02cf98fc058583e007d83c02a0cb75fd09358d9f77befc,0.0003630397598352358
Source,030047cc676d1f248b05d6a9a2f01b35771aee63c6694f56f34586fd396a0470ae,0.0003630397598352358
Source,022d73890548be3625f822f0294d1c30934c6063df8904bafc70224920e14f10e7,0.0003630397598352358
Source,0258354cf18cfd7e8887ee59a50916a83c129485fb10a44912046cfdba67426c0d,0.0003630397598352358
Source,02c9a5283bbd02725aa2f15831db7a55e36da9713c7c6188d421edfb80254d3d43,0.0003630397598352358
Source,02d5e7a13e928e5eb35b78c715ce5839191d73ad735fe9239884b48ade61f80e44,0.0003630397598352358
Source,03248aa461ccddda04e30dda8ec94f0c70bdc12ca2494dd91d0e11e396954b1ba7,0.0003630397598352358
Source,034be50d3cf20bf7f57e98b067fcfad35e2606e82de77f6e193d2750c0289fee7a,0.0003630397598352358
Source,0245857aca28028e1ee89f1cc4c8717bda1a479df426ccf1a55c44b68a135a961f,0.0003630397598352358
Source,02040d058e0504c7d4b1fe2fef510396f33bdabfe36450bbb6c7ea0d567d53a15f,0.0003630397598352358
Source,02218972b752f42602291810b1e9c0ed2df72abcc04c9b4defc5d4d444092d20d9,0.0003630397598352358
Source,022c715b377856f5e176c52dfbe1f19b0283c4a85d563b1f09a9c7d9b6820ec375,0.0003630397598352358
Source,025f3888eff5559c4c69196455a3129cabf2b4a74224e15fceefacec4083ebcbd9,0.0003630397598352358
Source,0266564e26bd0a2f78b7692d0d9ffd1e0642251f4876100492e44cf1a688904e75,0.0003630397598352358
Source,0275f36cb168718dfdffd546adb6e3eaacc6276731b2440f9f538bc65efc43db3a,0.0003630397598352358
Source,0298f4c665268b4906ae486ef681510d7d4aab2facb6f6a620a8f6fd18f5b4fb0e,0.0003630397598352358
Source,02a4452b0854f164196b924eb36fbb764a35ba2aa32bb7d7885376581be3b971d4,0.0003630397598352358
Source,02c67b64efdb5db26b90d79f1ed9012e637c4cb3bfa9e74abed617d19b9e14a34b,0.0003630397598352358
Source,02d249db09237f974f1c67775accee37a9d1eb3f04f236dda177f5a5c083094f15,0.0003630397598352358
Source,0301f33f9025d623df59eef0fe57813062447cd427cd4709ed974d12f268686db8,0.0003630397598352358
Source,03149e1e8b3f7a328b5e8847f478608f054de1ca4a1679bcf55039653e150a7093,0.0003630397598352358
Source,034c5c5250c08acb62df2ebd0ab728bf2d6c757c7d433e7269672df280e3daca2c,0.0003630397598352358
Source,036345e4b4393d0d25820b9db3f9dd2c98deed16e1c352a3d94e755ac3704e0b6b,0.0003630397598352358
Source,037ab299ae36082b2c439144400ff9be4b52c30df3ef90d6c54aaeb986ef40ce34,0.0003630397598352358
Source,037f709e708f83bf2217369154316c769f5754e5eaf6a2c667fb9b4476ba8f277f,0.0003630397598352358
Source,03a72fc9f29dd760add68a7ae10e40f4bba8c71b95d097196116a5cd254d19993b,0.0003630397598352358
Source,03f2e1a52f35cc0bd3cfda53864cd663b98345688458761cf039d57f22d1c4347c,0.0003630397598352358
Source,03fc5d1dd5cea5fafe3a174dcb7eb03215d97b2ed5bc39419de81bcbc7153a9e09,0.0003630397598352358
Source,03ab7645c1d1c853f4191b35cccf356a97d5b2314958846629b51890719d9cbee3,0.0003630397598352358
Source,036efdfddbef4f283c45dc166f77ef6dccf6457fe6cdabe7d437b9b2a56d2cec38,0.0003630397598352358
Source,03cebf40a97959ae43c52a2a70e6a0160925d4b0e7bbdb845468250b6fb5b76239,0.0003630397598352358
Source,0332317f2fdeab6fe83675ffde9d8092b5bdedcf7ab6e6c2dcac62a149f8eae8e1,0.0003630397598352358
Source,03ed28a7c2654fe6d654ef39d6d25d87b6d0daa5aa6c03717853c73101e5362cee,0.0003630397598352358
Source,036756a42aff29e849cbf9b8b17c3b5b7fdbd2cc557dc92a1039ca736ae9d1ff70,0.0003630397598352358
Source,0211e453afb090f6939f2ed9df5f2925d29d4eeeed9c38786e872d96f4fa8b0730,0.0003630397598352358
Source,03e0b4410b51d6708d912e83418229bb2dde208c69f0aceb933ae27663baacf5a9,9.774147380179425e-05
Source,02825cf02875e386fe47406348cd76b924b2e277ab4bdee8d2477bc2e16158ac8f,0.0003630397598352358
Source,03adc3f09284c67bc208630cee3af49176a93255804f99d3af8dc7d89611c89d31,0.0003630397598352358
Source,03a78b0b4a66f53981baae6c29c1861d68ce29dd6391ce73c3e174b9128c24f193,0.0003630397598352358
Source,0394b072a191f1d26ae83d71b8f6eb8a587ce04bc9aef3dd44a2a66baf28c8535c,0.0003630397598352358
Source,0247051a29c9e7c1160540389a8ff68c2eb6bc5570b68fd3df2e3661118cf8aafd,0.0003630397598352358
Source,02a092e6dd299fd9df7dcd0744856d78d00f7f6ef12a07cebfa3d5cfda2320bda4,0.0003630397598352358
Source,03312c2cfa357eb407e0aca55da76cb64bed8284b6420380e6de6840f5da489b08,0.0003630397598352358
Source,03df274842abb3393604d70b3468629fc0f1edf9311de85b70b91cc53318a41720,0.0003630397598352358
Source,0208b5c70e635cde43dcc8e619d0fcb0273224aa6caa45bde28e8eafe720ec9f2f,0.0003630397598352358
Source,0219cf91de41d70a8f955697601ad5d18cb068e84060f9cbb7aa9dcc4138e1d9af,0.0003630397598352358
Source,02282cfc83d4e4ac088a654184be62d7de0be6298e83af39431f9598c8c5631c09,0.0003630397598352358
Source,023f09dd7216838dae25ea0acd081f8b0c08c2ac5fdf07ba51457e8291ad6027f2,0.0003630397598352358
Source,0247604546e9380d47b3de1420d18b6aa46ea6ed10b8ddf1d07dd8685d686a84df,0.0003630397598352358
Source,0250f64187d3552ce31728b88862ded7604345b81bfd6ea897d5821e28f0063228,0.0003630397598352358
Source,026313e7dd7d1ffff069ad9b486909dd25ca2ed95eda78b42ad7e61e131e95b3f0,0.0003630397598352358
Source,026d9b9c8e55b435f117496e6a885fba7bf76530a5aa6f8f61304f84f9a31dda09,0.0003630397598352358
Source,027e89abcad1afde4bed5ffbbea530f197639ce0d5069dd753d0efd1a0ea373fd3,0.0003630397598352358
Source,028b77c7253912be8d7f444f869a7d13059eda499e1e1bf67b4e4f311bcfcedcc1,0.0003630397598352358
Source,02b9bc5bfb92b7eff2c0057c4ee77429daab6e290ad3ed8b8bf37c324188d2b92b,0.0003630397598352358
Source,02befaace6e8970aaca34eafe85f30f988e374628ec279d94e7eca8b574b738eb4,0.0003630397598352358
Source,02c7260d1c3e6f6afe94d47913a636c690fa807f2b1464afb2245e4e193efdc011,0.0003630397598352358
Source,02d5ebd3385840e6296bef346d69593f6ae80c649713d08c832feec81288d5f532,0.0003630397598352358
Source,02fddcdc6ff2e7fe104d9b6284ec3376801cff2fd413108b62881fcb36d35a1bb0,0.0003630397598352358
Source,0307312f157abb65f78f0dee3cc9aa81d343dd3ae44d8e08bbb61ef513c52c9be6,0.0003630397598352358
Source,036ab86ff46cfacb87e883f2ea6e1136e10f71110d7bd09103df09f075f358fe28,0.0003630397598352358
Source,037b0b34599a18395fff42e384caee862a2077a445b7cf5fc436d05c8818d5d56d,0.0003630397598352358
Source,038d0543c2f838fc6229bd7b80df46d8bad9f30c874ee3ac4578c4ce6f57956f08,0.0003630397598352358
Source,03961c8b69c7e8e52a49d3f563d9b6160a2a235a19c8bc7eebde35fb3ae6fa0c32,0.0003630397598352358
Source,03e65542e1a5d49d11886f54d84292e55b75ff6128e9e1299b0f2115e63d7f979f,0.0003630397598352358
Source,03ec167b8086f16f76f8e723b253089b3768f063be9013e47c00078fe1dc3c878d,0.0003630397598352358
Source,021dfd5b4cdc4283eeafe65fe0dcfe8be45db802ece99305e56ba3694805d68a89,0.0003630397598352358
Source,02230723779a2d4a31d2bdd5f8da8b441316aff6915bcc731684ab1df2b5cf6bcf,0.0003630397598352358
Source,023036f14f7c2f9eec92d1c0ac07226e0c1516deba6e3a9fb577861248f204f677,0.0003630397598352358
Source,02398081f4dcc0bff305b734f0eeb11ffc10dbb8ee38bc50257d65ed0b003f6e88,0.0003630397598352358
Source,024b8a22f13d368e9dba7efdf679190ed97b823d3666717fdebdddaea464889aac,0.0003630397598352358
Source,0281926ebe860660d5d9a21c211864a3c9686bfe3fd2a6affcfb6b64d0c55745c9,0.0003630397598352358
Source,02fa65b153b5901381c5cdd1db7856ae7e085a08a19a5c7b145278ed8ebfdc46ae,0.0003630397598352358
Source,032dc8a1c6a362721e8ff79cacff78ea870c9e1f9780b2b7c3d05dc6d922a20fbb,0.0003630397598352358
Source,03495177d7e4d92f32288ba25e49f40ed6350f58450da1f6ad9dfbc357d3c3f7ef,0.0003630397598352358
Source,034d696d1088507ecab32a16e454dede22809f67461572011540894fe5083a1344,0.0003630397598352358
Source,034e5f6afc1b5dfbf4b48099ed22227f62e54889fafccb0dd882c9d6d4e2534dbd,0.0003630397598352358
Source,037dda58c0e1b81237f1fecf4cea99e9aaa5918fdbd0fb87042219f0b008ad10c1,0.0003630397598352358
Source,03db39d2f0bff36f69969807f54829e82073afb88f0fd2996e61d245a797169a28,0.0003630397598352358
Source,03e75f7c4b46d02cc31feed50937d6f1466936361db962f1708e14052ff8643dff,0.0003630397598352358
Source,02a7a0980d12cca9d40239369e5bde7621d6b539727713f052cb9ab931f4034097,0.0003630397598352358
Source,0307b1c0b5f1fafac96d9d661f6d9c7f5d800ac1bb9bada02a249f4eefce82927a,0.0003630397598352358
Source,03ee296cefd82de3a8e8d6963d5b7b3a3769e6c151b625f2526221d1cc1cfed5f1,0.0003630397598352358
Source,03fdcce8c0b7ea50392aad8fd072379d547e8a76896da93396af1f283232ca89bc,0.0003630397598352358
Source,0227d5b940cba21be92244953475ccdd3cefbed8f397be03e3155a5f41f304fc93,0.0003630397598352358
Source,023e2c654b2d87a960f3fc12ec3d50fdbb4b9546a81d1c353a679a0a0cecf0bd45,0.0003630397598352358
Source,02960bca9e62f900626cb316cd0d689f183c3eb7a35ea04ee67812955d50a55368,0.0003630397598352358
Source,029f874789dca322484735ddbfe58785395c7f4a67d77d3d0b52b4c2fc72914faa,0.0003630397598352358
Source,02be830b9c86c74abfe4c7af27a22564b387c076d33517d1cc9640702c96f87157,0.0003630397598352358
Source,02d379fd4c3e6ccced10ec93aa87eb0478587152f88fde963f773d2101bcb84ba2,0.0003630397598352358
Source,0308a48a7bfe49f77a7e4309adbde789a194969c33c30518a8f51a0db895e5fc52,0.0003630397598352358
Source,032925faba461d86f51c2e019fce9f8929795bf974b5114a73b5c8ad263d6a2c5e,0.0003630397598352358
Source,032e5717e09b291ccbd18dcece1a3eb9ef95946534591f2aabedd5739a8190a413,0.0003630397598352358
Source,038373ff3ab67a74078be52b8dc6061b9272063b8b842c0eafae8bdc044a7bcbef,0.0003630397598352358
Source,038c7c4e7283682eaa7802ce60fe7d7d71d0c9e9868563fc9468daaeae995c6289,0.0003630397598352358
Source,039b9567a0f8176305290af2d21f32e6a54993383f56b859515c33a775d2d94a2d,0.0003630397598352358
Source,03e0a26dca5f4d4dea43ba104d41e4f54b6b66c5b2559811f83b20efafbe307183,0.0003630397598352358
Source,02401127b192e2cd944af5b6348e9f4d731e7a0de40cdb7cc4da0c039eee9f413a,0.0003630397598352358
Source,0204b302712b89e9c8af327e7ec9ff5caa497e0ed61aeb9f3ccea0a07063f412fc,0.0003630397598352358
Source,02063c72d0143d753c5ca7c5363067950602d394c99e837399c34febbd3870cc0e,0.0003630397598352358
Source,020bf0c421ce915ceb0c1702e136ac3be920c7f6afe3ed75f722babbcb726abd6b,0.0003630397598352358
Source,0237c16fa3bea73aae09434d93ab53c34c22cce99a7b0de7d80a58c081b9566cef,0.0003630397598352358
Source,023d717737650163928e7bc24a5dc37c28f35dcb893f2a27c0f47b08147242e5d5,0.0003630397598352358
Source,02421944afae59a46b236fb5090e4f4d1a8f4d7421ddf81c814885948a98fcd57c,0.0003630397598352358
Source,026c824ba8572f109607cdb86d7c93382bc7830dff4cc73a219489a14d224088ed,0.0003630397598352358
Source,02a8ef752d4c07b39ac16458fc02199f08e6856b4bca4c1b1ba2636ffacf74b99e,0.0003630397598352358
Source,02ac68441b9f203eb21d49bcaa7e932c7d4260f1b8cd504c01d6e67a0d0949c0f7,0.0003630397598352358
Source,02b7d14833184acde50ea2e6d8c10d68273b17b19f80b3bfac9d745a8011450d27,0.0003630397598352358
Source,02d97e94cfeedca2a3da47acb400bc6836e671b3cb3fc05bdd6993acd64483d09a,0.0003630397598352358
Source,02e2ac7934d648571910ed23baeb56999c9b498bf222e8d8416739bc40a6f91ddf,0.0003630397598352358
Source,02edee759c37fed1e58e4feaf42ae923d7f4e7cfbe9e361001e1d1179be694c82e,0.0003630397598352358
Source,030de9ceb7633d9fdb0ab185606c16473fb5c24b81b4ac8c89d8d578d4415c826e,0.0003630397598352358
Source,0346eb9c0beba3002b5725bd814cf779933113164193d1e37dc2c93bb59df2ed10,0.0003630397598352358
Source,0384d130bfd760b6e9e1155963558367533552ef971563a72c6c5cb117af9db93d,0.0003630397598352358
Source,03a154ba369a1f11e22ded522daf42d14d758f04e55ba9b89143aaf6211c3d7c59,0.0003630397598352358
Source,03b7426d09cec1f310d1b83d4c3c660c747fb26b69687f4dc9987bec8455f320fc,0.0003630397598352358
Source,03b7567cb6a168d177311b4f3639226211173da50a5eed40fb5bd98150cabe6dd1,0.0003630397598352358
Source,03ca0d8ffa217f86a5787b9a9d1310998b6b8c4ec60d3cd1c785fe96c42dfd7fdd,0.0003630397598352358
Source,03d7066e423bf7c9667c0613b4eeecf036937407ef33f997237da3c2b5e2746d0d,0.0003630397598352358
Source,03eeffb7a2ebecedaaed8384447b1faf60c3147b935c971cb385ddfa77488e7f34,0.0003630397598352358
Source,03f2dfda18d0731007da1129e09ba9ea52ebdf2910603804d08848c65456047334,0.0003630397598352358
Source,032d35028960b98916ae4baa3d3f6c7af953b56cf15a8688610b3cf8473d6ce78d,0.0003630397598352358
Source,03a3f3412d81f42640057a2bec2b23209d31dc3407ebbd3cd5ae39a8f484cc9746,0.0003630397598352358
Source,0344161bb2453453fb4e2ae1ef4b7275dda89869ff359d60f621b440e50994dd52,0.0003630397598352358
Source,033f6f451291a4ccb57be4b475297b0de3f279cc6e1ce4e17ffe3cb0d08601e287,0.0003630397598352358
Source,039566ccfcbf9851d364c5fd384c0a83cba5e066e53c0a19d1ab687d3ec4298f12,0.0003630397598352358
Source,0213618cb2c5aca21f09964b48d21f64cef6559f1bed3bfcbbf570509709a3b4ca,0.0003630397598352358
Source,02fe23846ff5b27623b2df30eabaa4a95402490f8b39825af8c1c6897238639ad5,0.0003630397598352358
Source,02103be0c04b16b0a5c19147c8e78966f07b76a54842b1a3ff63273f68f65bb083,0.0003630397598352358
Source,02910d9065d4bb05b068ea99aca9c25b3e2ceaa55334e125850861b3d21d3c2009,0.0003630397598352358
Source,02112e5938dedf44949f443fab0a37246919a8c832e5d4db572d87f412a45f3936,0.0003630397598352358
Source,0274a542b693385f9e38d7acf4017ed31748d00693ff219c54e1b33749595a7419,0.0003630397598352358
Source,02a81c886f7cc867205c4fd4e6e9d4049a60db183599ab006d45e0c7170547a7ec,3.490766921492652e-05
Source,02b3a79949fcb53da53050018837c8eff56ff571ef1e0552a80edeedbd7320ffb3,0.0003630397598352358
Source,02c08d255f696c55e870c784904031c074f9552305e09d6b116a4370a1643ff7ad,0.0003630397598352358
Source,02acae80ee43b7b5392b8404d24d63e70efe5029607b4bc593cbea097832e62729,0.0003630397598352358
Source,02a355e5aef43e4dd19debb06f7e462396b8952318853c7859e86f3f425b1cca01,0.0003630397598352358
Source,02b3b4d2636366633181de8a0894024974c045ae04102e92405973abc0391142d1,0.0003630397598352358
Source,02cee8c495128228805affaf4ce9000380445a7af04e8a4b19bced6468134a87ac,0.0003630397598352358
Source,029382406505e4c3e26393cca56c2ad4f2787830713b878cb7e0706314f8136ff8,0.0003630397598352358
Source,029c52a4a99e67b67923c6accdbe559b0201ed78ed77c55608132ba1536e83cb7c,0.0003630397598352358
Source,0305cacde04dd04a1957bfdf1e61dbcbf5c422a4ef2024aa8cc4c5df65f60bc3c5,0.0003630397598352358
Source,037463d732e03dd262b68df543bcd0cf147645d76a88f70e3c9380458e0effcc4f,0.0003630397598352358
Source,0324e156481ae347d4a6657a9bc9985f982aef0b6582c37929988416f6ad47f8fc,0.0003630397598352358
Source,0350306e4bae69b7944888d39b8d5f107b62e274f64b82c8de76a80908990d4935,0.0003630397598352358
Source,03d7a0b512ff764296b46eb82292e739a6df21ec29ebed9cf6f43c38ba3c129dc6,0.0003630397598352358
Source,0240df8422414d60fd1727d9e5ac3851e7cfbbc02dba16f88b87113083ad9c5550,0.0003630397598352358
Source,0289b175772f8f2d17dda83a08cba18bf1f0484019cf5abde7fa69acb9a52652f7,0.0003630397598352358
Source,033a79ee73d58c4476e8ed95b65746e63e806540497bdaebd6bd21a633c41db70b,0.0003630397598352358
Source,033bb906e0c7286101e65a74e4e43627ead4ff8df1f5f05fe97f1962528849837c,0.0003630397598352358
Source,033dc7ebdfc181f398d564c51f26dfc2b67a6201607182bcfadd283689861103b2,0.0003630397598352358
Source,03939ff69d65a13c4bb2585042e7eb7e75a7c77289ab5794d1b973721d86c6839c,0.0003630397598352358
Source,0347ffcb271ef54fa6103fc6392370ce398d1bc98460829f7046cf64026253a68e,0.0003630397598352358
Source,03a2ff540e25310b9d7f8bd15871b49befcb8148daf0282fa411aecda2f6266a92,0.0003630397598352358
Source,024b7ae6d1795cba4513890d0fede261e2ad97b604b50602141f4eecd3cd0d3f54,0.0003630397598352358
Source,03ea56f9ffb95cc9809a22476702a8a5e5331d67aece05158d5955787d800f492c,0.0003630397598352358
Source,02e7c58145c8fdf48f000bb754bb63cbecb6daa5308d851bf186f3ae2cb8179bb2,0.0003630397598352358
Source,0290152ac5e665560be63b890214c168df3deeb8948167c5f46de52a92a4a74540,0.0003630397598352358
Source,02283eb2262a9b89a568c30a173b8fa51eaa00025c056118696ecedb5513e65b27,0.0003630397598352358
Source,02953a31260ff0e13f11c14c85b58001bc796a88bca4532a0767ae9d4340335d99,0.0003630397598352358
Source,0312785161d7fa1721760b38e2d246a28c8092bd22dc092321173c0e3a015e6e00,0.0003630397598352358
Source,024c8157806c1d130769962e4f7eb461065e7330d45f6548a3a2f216c9b7c5c057,0.0003630397598352358
Source,02616fce0681c0402fbfa7f3c0b2f46ebc7681f7c2580a468749e6e775a7c530b8,0.0003630397598352358
Source,03632a82cae255b39f47cf37b2117217a76a7db236827c44df24898499126ee38b,0.0003630397598352358
Source,03d216c73166943229b0880137422c5e4c58784328e28ff4add00656370d8e0f39,0.0003630397598352358
Source,03f9a351fe8baf9ec4991369f8425ec5ffbbcffa604204e8ce7857f94d53c1054b,0.0003630397598352358
Source,03ffd4cf867f2c9bb7f72f7cd26cc72810ab5553d6f14d66aa6b047556412acbaf,0.0003630397598352358
Source,03d50989c2a872befc94a9052b6e3438c1da7605bd9046c98636d9f0f2da6a5a5c,0.0003630397598352358
Source,032154b2cb4d775459f918b838149b17907dd4d8c6457ab32f55e17fa06785bfb0,0.0003630397598352358
Source,020327bbd6b7ebf577a041e24cbdc0b3ddb6ec4a2ec89e271260fc9d6fbaccc80a,3.490766921492652e-05
Source,0205cde0d3ee57d7b580eaf7262940c55ac0c02a0802149777304d1d1858154e9b,0.0003630397598352358
Source,024ed53fa7065f409749c8caebf058289bbf392c3e282e9c843de2c6d28bb80f9a,3.490766921492652e-05
Source,02567508dd9a75076bd46b0bfa6e1485d82fbd9030ab99a85ec8b012ed773c9872,0.0003630397598352358
Source,025ecf01539958ffb3b912df349b762732afa2e9f010996175930e484c10979e9d,0.0003630397598352358
Source,026871ba2db890ae47f3a4ee11e6bc10badc038e9eaed9b7983d990aee0ff3c1cf,0.0003630397598352358
Source,0276c5e7cac95039994619d34238ce9ab32502199a931b4246d6e6baba979f2f3b,0.0003630397598352358
Source,0282f9df1cfac020482decb0d63734b9fec5bd2786aafa0d74c89524693a746245,0.0003630397598352358
Source,028a29151b53f059bcf1ac893516d58fe59e7280dc222af148bb2ff81f419c4e55,0.0003630397598352358
Source,0296717f7d1f2664b31b3b0ef061a494c3b0baa44e6f67a913e5d230970eb12eec,0.0003630397598352358
Source,029671acc9ecfae0af2699239b9e63ca3ce6bf87fb58c222cbc1d758bc72e71ec5,0.0003630397598352358
Source,02a4b5f00bc1072169db6cc76e2250178993f1bcf0bcabc4fa3f3b6db758a05240,0.0003630397598352358
Source,02c68169a28016de14cb59bf33983f18dbdb030601baef508105c7fde8d0d85159,0.0003630397598352358
Source,02ef69d8c5c5e8a1535bb79a3893584eb407d0136129c1da8117899c56b28707f7,0.0003630397598352358
Source,02feda7eead5cf5d981004560e366e2344719fdf2d56316fe6ab0e6ff20ce4aea1,0.0003630397598352358
Source,0351cb0ff3f66a89b95d1401a802738fe0580782b493ffd85b5474ab2ee70e2628,0.0003630397598352358
Source,0357a89996af0e364d3b2a471bc58fb977a12b4da843cdcce863b86e52e9477dbe,0.0003630397598352358
Source,03678d054d15d450fbb63ea0accfa938cef8f0ca159df82937a902f891ae13ea22,0.0003630397598352358
Source,03697040d580505a8e847776078db062173d7a2a2093f004c67e2c0734790e41fa,0.0003630397598352358
Source,036c3ef10d18897be7beb188ca29a06c385ac32e22879d0238f3c86212eefd7b06,0.0003630397598352358
Source,0376a797f509dc2a7f5b27fa6cfb6e953412c3525783d16fd2961dbaf9a2a1bc2f,0.0003630397598352358
Source,0378986aa771344e2f6d7ddf18fb9742adc8f445f51e783ed5f1a004a8f635eca9,0.0003630397598352358
Source,03a46347ced3bb8ec782572db7f32a2ea5d6a14ec4b6167ba0411975e3f863c434,0.0003630397598352358
Source,03b6b0a2a5e8300e2645f7728e699606d1df0408492ad6c88631d569ebcf511151,0.0003630397598352358
Source,03c402afec79d52f0a6b6eb7e63bc416e6d34824adda023fd6777c00f44dc5408d,0.0003630397598352358
Source,03f44fb753b3671b3ebe43a6f98ba7430f7ddbe5870ab65dd541a6642e73dcfeac,0.0003630397598352358
Source,020aa1b4448974defb5a2b4058700ffd53a9ab8c2fa3bea0e1cbdd71f2e452b81c,0.0003630397598352358
Source,020da13b3a016ce4baf3a5c3e3f31b94e41493a1f3754837ace03532fcfe9decd6,0.0003630397598352358
Source,02390b726b5139c5447b1ee2ed9e4ad81594041861b4e28f8c7ad36fc3681bf06a,0.0003630397598352358
Source,0256c133d4bc7c0ad9f104855a568718ebf200a0cb35576cf670ab8dcd3999292a,0.0003630397598352358
Source,026c915977811b4c4efde1b465fda1952e25bc702a3bba8f7346964ae302115efb,0.0003630397598352358
Source,028b892b15f5cabcea5165b236db0e36dc06553c323c84d3768867dac7c95e84e5,0.0003630397598352358
Source,02dc4acf321e4ad61a07b4f3dd33ea93935290dfd66a12c599fab86143bfd88d80,0.0003630397598352358
Source,02de4ba1b08b2895bde816f012d4b4a5fdd797dfdf6443c28db183ca4a83043835,0.0003630397598352358
Source,0303238e8f3e25a49da6c909452e320130f3f45e474df08dde7ca9a25f008b2b87,0.0003630397598352358
Source,031330e55210ea87898be3265c2e3285adcd573f6e6deb33f8f314a913596bf543,0.0003630397598352358
Source,032e000d7927b0d78f7ce4285b7c8e4db97300fb55f2833173d7c28289abbed5bf,0.0003630397598352358
Source,033fb418c4676c9a71d1e36cd121c8e97a6bef8ec374273488dbfbe6e4c13cabfa,0.0003630397598352358
Source,0340420ae018af63722aaefed313bb5d2b9e0b42966a7755c1e8cf1cddc7b96a22,0.0003630397598352358
Source,0368d6487e9d215f7d8c69ac3230ddf7307364e4a7608696e45f1764253481e6bf,0.0003630397598352358
Source,0395ddc32f9c9269a2c25815e6d3e99a749263bc011fdbbdd7bc4ef46eba9c0b83,0.0003630397598352358
Source,03f163a59b2929b4b515d9dfd558f15ce23e95eadc109de013e6f7080d24644be2,0.0003630397598352358
Source,020c7f6d847bf0fc99418351a5c02b0d36babf833f0613216dff3e808ebedea656,0.0003630397598352358
Source,020dcf8798bdc8316f6b84302e5895ab55832f73bd1d3775b1e96296ee4f42f069,0.0003630397598352358
Source,021d9deaf090a021c6e464e3becc5296161e8aaf5de3c7a1d517838cd74525834f,0.0003630397598352358
Source,0273209369cf43965cf46be5ba41dd5e04756a658c440c873083f36344dc01a040,0.0003630397598352358
Source,02921ef5865a1f3ac9d96b7647e44c7145425b841bc533021fcbd241a3a27dce0b,0.0003630397598352358
Source,02be8a7c6e669047bafee5091fc65ecc00bf035eaf7be5774da11ffe7f171f1964,0.0003630397598352358
Source,02cfda4768450a63d33120d08180a4aaf727a19d264262ddc88a6904b6f4766fd4,0.0003630397598352358
Source,02d11c4c4f986ff547288d873f6a33758aab744927355b01272ee560a3ba44d01e,0.0003630397598352358
Source,031aab6bcb92800b101fe0d02a10d78fb99bcb5f84907c7ce725df0e1607a8f390,0.0003630397598352358
Source,03238fb1ca6567a84f190fe7f661550581dec1340c44b7d56c12ce3435ec228d15,0.0003630397598352358
Source,03398603de59d47f16bed1232bcc3da6715745e6609e84b33548755322af391f23,0.0003630397598352358
Source,036d293ee276b354e153da13c60b7df632119c380d163eda73fdba944d2f9cd847,0.0003630397598352358
Source,03785c99cd75dcd0b3f2f4cedc5a82e108396abba65f107e97d93e3fdb212d38f4,0.0003630397598352358
Source,038cb9619d293bcdb495530ce8783154cbf90255c5caca1d6adaffef5ee7f88626,0.0003630397598352358
Source,03d91ffaf5c8ca34c8f01dfaba24654965f41b650ce67c031dbb49b0be1e965bca,0.0003630397598352358
Source,03fa87695311cf210261b014009c3f40c1f0f1359f20b9b3892e3a174e67f32489,0.0003630397598352358
Source,03fa8f06dc028d46cc75be1aa12abffe7fc0a1859d78e07c9fe5cde12f03036c45,0.0003630397598352358
Source,020aaa5790fd3aea7d00ca3fff13da2d7b69cbfb2ba0aed904b761e23b0b15a0d7,0.0003630397598352358
Source,02795d8bbc1c094db16e8b0eb5d58ea0ab0beda7e4fe0d3e9cc6973e1209dc0aa7,0.0003630397598352358
Source,0304a7b6d0f9bce7b0db22307e1e46d5cdc50fee6ed6409b23aea2137eae9796e1,0.0003630397598352358
Source,0337851110bac4f1b2657bb4d05c824f2f0ccf4acd9987d65aa8860fa751be9bed,0.0003630397598352358
Source,035f804103054d1d24aa4b1cbe29a90c06af2695c93adb6e7501dc143cffbc09bd,0.0003630397598352358
Source,03734a479d6ae7231b72eb0cb2a2a8318e3aad2797f7dd4318d236df10e8e9b5b0,0.0003630397598352358
Source,0324957a5ab4f045fc02a492eb7a3ff375a4bcec059a6a31cdb6360a5aab7c53e0,0.0003630397598352358
Source,020d0801b445d07d8981546010519e640403d406fac5636e23427a45240318aaf1,0.0003630397598352358
Source,023b7dba0075975778c820a56a157de5eed67e988e6c7edd723af73ad20e4463ed,0.0003630397598352358
Source,028dcc199be86786818c8c32bffe9db8855c5fca98951eec99d1fa335d841605c2,0.0003630397598352358
Source,0370835959a58ef9144b993e05c421fa69b549f441e2eb367c116ed062c78c9188,0.0003630397598352358
Source,03765088ae55a5999014b58a1531eceb4cb75ef1164841b85fe858d25768dc8a56,0.0003630397598352358
Source,039f01ad62e5208940faff11d0bbc997582eafad7642aaf53de6a5f6551ab73400,0.0003630397598352358
Source,03c043906b71a4dea9146b1fe2d2c87b3e595dd9437a355efc15fb3a40b0dc2e02,0.0003630397598352358
Source,03ca764b2116f081d9457c007f3615f3f9820b1bfd8b3a9223b9429b9d6d468aab,0.0003630397598352358
Source,0232d86b65f57659755ac9b36a18d5df65c4e40ca31e5afc92417360a1f30d9dbd,0.0003630397598352358
Source,020c4680d58c61afcb73c3b7fa66405dadf5e8cfcf1e6c3bdf7457209dfb930ee7,0.0003630397598352358
Source,02382d03cf29a50cd78b66bfcd554c29abaf771c938a65eb228f04ba8be7eff051,0.0003630397598352358
Source,02395c3fd43b9de70ce401b0a4ddde81e9c165f352fd6bce0a8038e8570b7edda8,0.0003630397598352358
Source,0252509109f8dd6bb1c253e9629a6d33c98c2d057db48ba7182ba595d356fe833e,0.0003630397598352358
Source,0267a13582274ad9b725df10795a45873f829da5b97df571b530ba7d05d265999d,0.0003630397598352358
Source,030f7d4140a58ed51d5a20f3168c668abd5cb334b2513e9deb80f898075a160e82,0.0003630397598352358
Source,036fed1032d6c65ae0bd77a486b328d05033e5912b3491fee538e1426f5840078b,0.0003630397598352358
Source,039275e7865f742431f2ee9136fa8bb6c9d2bd6affc5cdbe3ceb543a597750035d,0.0003630397598352358
Source,03ac7777d4ec12aef66c2774ab2645fe9284451c6ce1aaa8fb20ef71f4896958c6,0.0003630397598352358
Source,03cf590b086e6fcfaa7f600bc01cb34d5dc04f5844ea0efca0f0a675c4c7207eb4,0.0003630397598352358
Source,02045f04f3456f498fbd6c5b20df43646beb39dd0f30dc46f03cd9ccb4619b7726,0.0003630397598352358
Source,0212864d59d5a902634c4a3186615446e9d56c17b14600f3b74fbabe3509aa707f,0.0003630397598352358
Source,036294c721f7987aa48140e7b374b29003928b67e92a11bc5f782923bf71b2ffe4,0.0003630397598352358
Source,0223d51c41b020c4682735ec2402abd3e0b3f369a4a1c55013446065798c885ff4,0.0003630397598352358
Source,0266c8bc400b0dec376106812019ab96d986d59f21c7ce230ae690d3cf1efb261e,0.0003630397598352358
Source,03148ada4817484654c0d8dba4945b457ed13f50003160706b77cdad790a5b3d60,0.0003630397598352358
Source,023e4a4c0e0e114d88ab50ec14582fefd60ad8baae63eb0934db146d995c5567d7,0.0003630397598352358
Source,03e6b8966a2e000f1cfadfb547bcfdb71d9779bc20606ced38a1045654eb6f58ef,0.0003630397598352358
Source,026ac2ba497263197b599e592e9e1116a308f8b3a8d6832d68b249b79754b0fc8c,0.0003630397598352358
Source,0277516c86cad9df72cb1e815d72099d4cfe4beff1b47072120843def247dfa61f,0.0003630397598352358
Source,02c7d549e06a34d5579313fbc7117c24d33c560552f0c21fbb84ac766670a408f8,0.0003630397598352358
Source,038a7f830db2bdc5474a9b61e505814a5b5b6ef3f0c9ce513c4d21d5b9bfbb26e2,0.0003630397598352358
Source,03bde3699957c0f1dec4f3439a033d94b5f93cdd7fd496a0cceb702d2bbed6c92e,0.0003630397598352358
Source,03be453075758979d83fab2a19738d1783f235e8fba1b4f5101a0f8936b50e2137,0.0003630397598352358
Source,03e0d26a3469daae35254beefe8bf76d422b56a21657a04dded687ad84ce222442,0.0003630397598352358
Source,0352b2651964338267b8cb003a1ce135ffc28c2f814653836693cc828f1e5bede3,0.0003630397598352358
Source,03555a11db2e0c3a97571ba144076adac8513d68a2cdf19580e2dcc54b25b78a3a,0.0003630397598352358
Source,038736f8355c63e517b2b8f26336eeea7b1970fbcfdb999b861aa173aa5c7c8423,0.0003630397598352358
Source,03b12fae9d38becadbf7cdf0c0a17249c1bed70b46b2f5d89e774075e990993c3f,0.0003630397598352358
Source,03b907799963aa703feb3951634fc5a57d74e52855f292da67045be418f48638c9,0.0003630397598352358
Source,022251106217e1accab91637b08e575de6cc18ae076f6b50cd1a879c2d69cdb549,0.0003630397598352358
Source,03aef71a80b1f0bfdaa9457e46b24a048a4dc2c3d285f6368c5815c26e35b8232c,0.0003630397598352358
Source,03dd269796b402aaeff23b46d0d74db9980abe07a0889d83110efb681bb1fdc8af,0.0003630397598352358
Source,03bd90f91fd10f3f66fe1c1215abb6b58ac5c96f74ac3fc51f8f85d0ce5d7a32cb,0.0003630397598352358
Source,03e81a5b8af31bc00a1c1c08419d3272b4982db02feafd739904df2edfcbdf6f7e,0.0003630397598352358
Source,0219a49719b6ff422f2d11870c7c2a88e4879d2a2ff99f43ace6eba8bf53670a06,0.0003630397598352358
Source,02ed9102fe81a117b19f0c1fe0586536a04c962838677dcdb762aeb9804d9f33c7,0.0003630397598352358
Source,02f64aca3b9d52e2f2cb0f137fbe5101db6eac4695510f32ed46c50004b7ca1fa7,3.490766921492652e-05
Source,034363e06553da98ceac17bd4fb1cdef9f69d6ba32510c051559e017724e2310b7,0.0003630397598352358
Source,03ce648061614b971a3a990e62cb5f782ac94e9576f2311256b2985bc05b5033e0,0.0003630397598352358
Source,023f319e47e3f742e7b65892a51e9906d472168975006a3d1c41b4c08a7fbab7a2,0.0003630397598352358
Source,02462361f699ee46547b910d0af2717a06e84593db79044afed3794047697d57f1,0.0003630397598352358
Source,0258ee97eea284a64d8a2b2b9b85bdacaa4bac3870292d35c98db8865b3d42b016,0.0003630397598352358
Source,03a9f47a42aceadd8ccd44dc1ffb5de8bc45d93d9fc15f7d9db9761463974bfe5f,0.0003630397598352358
Source,03da24daf8390f97e1d55106e3454f093609430fa39103fbff0ad873778f212db8,0.0003630397598352358
Source,027aeaffa0a60bdc40375d6341ebfe496e8f20984de0fbfa2f9c8dc2307733d77d,0.0003630397598352358
Source,035b9c1794a62fb649e6b98828b521203f99ef314ec3be9d30f821d647618bae16,0.0003630397598352358
Source,0299df1e967ea00efdc6663e21d97291296c42c6dc3a4281c389103c28d47263c9,0.0003630397598352358
Source,02a35e94b403dead4d08a00e3df3577682e34f5c4ba39476497be838dc76d15a09,0.0003630397598352358
Source,02a54deb8d0f11d47c6f55cec5e673063c9fad2619559e8d87ae3eb4c381668449,3.490766921492652e-05
Source,02dd9f426545eb2727500c98533d63de07d8095120befbf13ff668ea49ec1a751d,0.0003630397598352358
Source,02fd3b3897bd7f7353d3719d3a6ef291ca7616c893f3b3a5bacd72701f20b01dd1,0.0003630397598352358
Source,034bbf5739ed4f1c596b007744f678d7c43f4eba77bcbeffce4dfb8ff67419b3eb,0.0003630397598352358
Source,03f8d50e165302b2acf72768e6912b01aba0213460e78cde978c42b2c9cc97dce7,0.0003630397598352358
Source,03ce16b71fb6f70b30321e867bcea9cc52f39531380cd6673bdd8daf257da27e57,0.0003630397598352358
Source,0200c06eaaef0ffc98447b5f0c5810c8325fc50fba4c509ebf558d67d1f088bdad,3.490766921492652e-05
Source,02fd17656f394299d6b455827e406e54dec4f6f99f6b71a8d9785c263b8ab02888,3.490766921492652e-05
Source,0318699928e2eceeaa96fb480b8563c8255b83d7206fff11d410c40df120f4a0fd,3.490766921492652e-05
Source,03454214c65748030e9b92d05b585e263b8f8fafa4c6697e1acf8e5f13cd9e6de4,3.490766921492652e-05
Source,03835f425b54cc52be24788b2ffa82061e1e36a903c2417be27d35e5f0dd4cd684,3.490766921492652e-05
Source,03bdd0c39415d032bb0815271cca1e71a7034995b6a64768d2d733904bcc780bb8,3.490766921492652e-05
Source,03cdf99e5c04a158ca528608765c023b07d1738df06e12e871c833f49bf3b15d0f,3.490766921492652e-05
Source,022f3c0ceeab498504aadb5fe2eb19581ceec0feb70bff24c39973a12a569e01f6,0.0003630397598352358
Source,02d6b78e7c18aab00a62d00e63de41eba9d8be500b0465054acb7c6e8145b68182,0.0003630397598352358
Source,0379a683108ef0d273c6dcdf380f567cc98e474fecac12260e0934ff6f28973d0c,0.0003630397598352358
Source,031d244a60d61936834f290656cdf0ed4b9979260c19b07804bde681819f8e14ca,0.0003630397598352358
Source,033d6e9711d6fc9a16921c44721b24f225a7df922104ed4554b63d70ded32e65e4,0.0003630397598352358
Source,033463ce6afab5d2b41a89e4ddc875e7e1b778c2ab11a105989809c0b889ac4ede,0.0003630397598352358
Source,02410812336c78cc0e8b58d6e07229ae9f23f57f93fde31e4bc9686aeb07537369,0.0003630397598352358
Source,028164012ff22a8b588ccac995ed356ebe7f978e95249314eb643349196d80747f,0.0003630397598352358
Source,029abf540598472f90707170fd1981c27adb1129f2608e80e5b1c88cf7f1b8290f,0.0003630397598352358
Source,02b453f2fb9a8a850ed58065617325db7a601a9783bda1f53e27feba91f2c46b99,0.0003630397598352358
Source,02b7a8701a3c2f87e290dc50d2c43cbaaa80cb5dd156207db39e78c6b5a497a83c,0.0003630397598352358
Source,02c99e0cba7685beab99343d6fb81cbceb9ed0647c38851a0ad600679cba4e51d8,0.0003630397598352358
Source,033a48ea85ee6b6ec1cca3e27fa06fe135bb4e285b73dd03e9c28cf18912ae65d2,0.0003630397598352358
Source,039e16e8a5fd39dfc9be565ef25a03ff955278aa7f563ec3490aea0450e8c59429,0.0003630397598352358
Source,02075128534d3cfb7b8c17de20d99710e794d6e3b113defb50ae56b2656b874ac6,0.0003630397598352358
Source,020773935f1f212565c53939ea01d70f0c75abdce57d8a0abf6c5325a30b7c97ee,0.0003630397598352358
Source,02155dc604c38b3410d5ea4d73e10d29cb94cf8cc472d3e8fcd7e2aa1aa47fd9bf,0.0003630397598352358
Source,02406379f06d25aa9e1fc21871f4b279775c3b802e03bed00071cda44c0f34cf8f,0.0003630397598352358
Source,0276b569a5237c597c156ae4f1a7076667c628d97ac695b4d9c5f77d708b189b09,0.0003630397598352358
Source,02e5686fa8de511e7c0557e65defd4bf6202d9f619d67038eb85d95939f91ae9ec,0.0003630397598352358
Source,02f93138c7472715b39f9fb634dd19f4a53d6c1cec80b37b93ccaaa0ca23b6cccc,0.0003630397598352358
Source,02fe0e177b1b819e821ec9baa3b0b925deaaa2e6dd3feced84337bba992e4f06d2,0.0003630397598352358
Source,0302880b4a67ab349a79424428b5da4dd6117019b5f9905d22ee3ff6fa02c87e76,0.0003630397598352358
Source,030783508b89ba6ad5ec36744927fac31eb0c1991fcb6d4b45ea04e045bb9395db,0.0003630397598352358
Source,031b184871526e9b7e03f5766cbba8ca11834e7ba4b1dc4f5651803a46fd0bdbe3,0.0003630397598352358
Source,03342545f0741997e75e0ae2b56b0cee910e24ffb3b869b0ffbf51864e6c1f7502,0.0003630397598352358
Source,0339540f54ac8ed5fd64dcd75af990159e9c9684736163dc909a7f21106637c2c2,0.0003630397598352358
Source,033ead090345a5d3a0fff938cb21cb9d057d405a57483c13965151c543335948c2,0.0003630397598352358
Source,0356518680de810fa539514f68ea86a865f8db5eaf55c4400c18b200ff39a3a025,0.0003630397598352358
Source,03911012a122cb5f81980002f4efe9ff68d4c56f6b03c0cd4b3cdf72b26f4a693a,0.0003630397598352358
Source,0399a312311ad4faea5a57e4983766dc8f44a04627bc1dd446cc479fc0a194fe84,0.0003630397598352358
Source,03c3ba2197dc8163c3ce033b35f38f6d119a7a40d8cad9d076aab9fe716c3c42cc,0.0003630397598352358
Source,03c7212c12168cc01dcb5302a2b597e33e14824495db8b04e5700cc0dee6218f74,0.0003630397598352358
Source,03d47e1782e1b63011b45053746bd4deea12bdaaa15f3f1c3b081a3f50194953bd,0.0003630397598352358
Source,03e462fe0d34e5e23bd3086a16725309ec1ae49da97fd8c72bfb2c67f58a95d202,0.0003630397598352358
Source,02f26a442f7da7f7536513d2a4939708cc4a96e4541902d9e149567237b536085c,0.0003630397598352358
Source,022cbf25bd176b60478f82460f015dc205f54c629559268d518092947f118ac39d,0.0003630397598352358
Source,0384187e07cdbeeea58a204d0484437c910b74538e3c182806f547b042c4cb39cb,0.0003630397598352358
Source,03bf02fd87769546958404501e6a1590b9c32d48e74649499dc83c4728025932d6,0.0003630397598352358
Source,03de425f890369b21d37473321b992bfb95e03b32f68aa1ad54c46ad381fea0cb9,0.0003630397598352358
Source,03d8a7d49531ae67268425a51f8201d275e5f949a5111e0f29166273659eb7c4e2,0.0003630397598352358
Source,03fcb0ceb34eeeb1571b191fdbd5d95f6da4db931f49149b014dd97dcc0de070e7,0.0003630397598352358
Source,023ad7104645556a41fd7d68125299e63e86c4b0b8a8e745a2eb833822d55a98fb,0.0003630397598352358
Source,025663f754086dcb1f41d6a67487a042f911f46c2fb95571253e47983db8bcae71,0.0003630397598352358
Source,02c59145831a78bd2d9aeeef3b36de3d5ab8f548bd026e521907d09b6cd4ac9bfc,0.0003630397598352358
Source,02d4937779f44afef840e3fd17a04bee34551d58d100bc63256408e694778d1579,0.0003630397598352358
Source,02b6f799b1fbfb5bfa81380b466a586e8e47107cf7ee8b35f189bc08cdc540849b,0.0003630397598352358
Source,03f259a1908e98d3b618c79581e0ee04295a55e2d61e609db40f4e6f38c526a46a,0.0003630397598352358
Source,025dd646e955e40fcb03192bf3d99c981179bbbb80cac86e1ea1af85753bfef4d0,0.0003630397598352358
Source,037dca1d190c1b0da5a053b54f6c9eb68b7c99758943fd696479643b6ca7dee53c,0.0003630397598352358
Source,03c44a3fef1637aae26c96bbe932baf5094b6f48a060d8944bd32d4f67032cc027,0.0003630397598352358
Source,034e7c4f09d0307ae4df01e3bde4bdb4b83bf3d295746a03e73fd54425fdae3010,0.0003630397598352358
Source,026459a495093be23e27db488a95b484e6b9ab5e4d68c5a07c9fea8d6c96554795,0.0003630397598352358
Source,022b0eab812ac300d5a013a18b385127b10b9ecaabd2b1c251b2a37abeb16d0291,0.0003630397598352358
Source,02b7152ea6b3f4525aa9c65987470f18b026523c2882d56b3dc78316999ae821fd,0.0003630397598352358
Source,030f275453f36fcdc2fc68fd78a8a2e3a27b06f767e7831fc58c35d1c9bd8d71e2,0.0003630397598352358
Source,03db212f915615fa8ee4dc98e6c7df7a8b1252c98e8a391ae10b98e81d200947a4,0.0003630397598352358
Source,037c8d28484c285de5b252620ee4852f5c59b662dee30eb05874156fdda36c095c,0.0003630397598352358
Source,020d6989eaaf107a020501607aae8f489dd207cc495fbdd6b80eee14336ed3217c,0.0003630397598352358
Source,0237446ef84a1fcdcda3b76c00003c4891e8f3904d9af27201941f361138943ad2,0.0003630397598352358
Source,028b452db3c44c1a2fd4ca10b9cd6e2c4fe63e1a79c112590c6c93d6b3c2b7d8a1,0.0003630397598352358
Source,02474521c814b031024fc295fe144ca46ebdde045a4a1d80abe444d68a08e272b5,0.0003630397598352358
Source,0259156aceaa943d8831fcc5252e3fbc80022256c56d39d430a27d7b59aa56c6b7,0.0003630397598352358
Source,03255c472821030291f0163afcb1382f4e7b3bb35ac45e104e32e46ebd39c6ea07,0.0003630397598352358
Source,03a0251303c04f1ca4353eeb1467cc7c233e728a6ed7462d844c043aa73ff86149,0.0003630397598352358
Source,032535e13df87203f52e080140e77d26ef073ba0db69caa6497a454a8ec244480f,0.0003630397598352358
Source,023e400c55027866b8ae12ee9aa873b3a78fe6e4eb2a94b8c21fbe273e251ea32a,0.0003630397598352358
Source,0374fe44f3a2864481fb97fbe52a17abd4c616c1f495bc37d7ac1eadadbd9a4155,0.0003630397598352358
Source,0242fb717b6311840aa2a2d96fbd4e98ef92d48ae02d8def7adbd71ed72aa7746c,0.0003630397598352358
Source,038bfe5054cd7165609563b696897a38aaf1cb2173a83589c98a0aaa6c372dc77f,0.0003630397598352358
Source,038c8020737d520e8fcde3bb6671944f5aea5a64ed01c608d105e6683fc862c8d3,0.0003630397598352358
Source,03ad179343c73a1bbbfa0a8d2967d01ecb30aaa4bfbfd13b0bcf0fbc7d1b74b221,0.0003630397598352358
Source,0236dadb8a2b51e2032ce435917ffec5322477a1463636003e0e924e040902be42,0.0003630397598352358
Source,02e7a87e3bb8a0f23d4b3a70ffaf6d15f8f5fa5e350f24938a2256270eac83fdb9,0.0003630397598352358
Source,03436f6203071b5ab077535a4577103fdf26dcf5ddd688cc12d6a020ddf1d7e22a,0.0003630397598352358
Source,03739cc1ecc491622e2ba47fc52e3157bb45bbe825c2f406257b6d208ae4654168,0.0003630397598352358
Source,0392f57b6a6ad4268d48950541c663892d2c9e3857f42f1ee33043fa4069f5290d,0.0003630397598352358
Source,0217b5c4691c811b14a9221921edf585a5259963523049060eedee2fd81b5c171f,0.0003630397598352358
Source,02ceb91a6a27520ae8d8f4d933c12e58108fe612bd810607786fcb040c460275e1,0.0003630397598352358
Source,03d2ff0992c0d4f471796c64b721b5ec7491830f032d9982f32b7af62f58c5afc6,0.0003630397598352358
Source,03a065349c9147e7cca90f114700522ef595288463a018d15b8a41bf87a7ff2f5b,0.0003630397598352358
Source,026f3861342126133f6ae773f9aa561b833bc7b3b23f5927623192ed2449456de6,0.0003630397598352358
Source,02f64b305d82b0f8e88404e7343f0e9541d127334b882a04ffeebde3b31a173aa5,0.0003630397598352358
Source,03b97023411176536b6ece3109f7a559ea933d17891a9bf8b6013c5cc661c2b2da,0.0003630397598352358
Source,03cf7e9b79a3230749db642ad690889065ec35b9ded184266d4fce424ab75470fc,0.0003630397598352358
Source,02b22bde1bec750e01a14f274176af171b218580fb4c4edd859f1276bc5a2ece3f,0.0003630397598352358
Source,03cf279716f127a51d3ef345fb0329493696fd3df2ae402d6c58208adb62ec1962,0.0003630397598352358
Source,02676f9a009419b2a2f4dd64f4a5bef38f5a399de45dfe58872182489d36d8bf61,0.0003630397598352358
Source,0330922d701bea26dadee8184fd654a8397c2c3e096ecf7e52967d6131db9158a0,0.0003630397598352358
Source,03328d89d96610451b8da6f843a68a9d90a5a694127d7703749b1331ccf79f737b,0.0003630397598352358
Source,03d7f8e26e2ad08f19901212284c126d30fd811cceca25b6214c5e0e025451d16c,0.0003630397598352358
Source,03e3ec0c6f3c700fccd698614c811d8353e08834d386a31cd8c908b8853f83dfa7,0.0003630397598352358
Source,03f92c0e20202d35d35c3eb7c4b08050fbd917127be593436a1592d3941c5819b9,0.0003630397598352358
Source,03df6c0f08f51e0c72d532c27064dd8f3c814f120ba9655b0b8ae140ec6c4e59c2,0.0003630397598352358
Source,02dded01476b793f815383c6c278cc390dc4aa8ff28b4430f26f67b1a619945eed,0.0003630397598352358
Source,0386cb8a01e19de1e1d18c3373fcaa404abd2e21aad9d1fc599a67a6f17bc2711b,0.0003630397598352358
Source,02c9b8e793f5e30ca3caeb7c547b349f48e24c8b1202cb295554912a45c6a25187,0.0003630397598352358
Source,03193b3dd9acf5388c9e88a872c9c771d0946fed2d075b24c3f0f1174cb063bbdb,0.0003630397598352358
Source,039b4de2c51cccd445820379b2b3c3c7d990acde887cbaf1a1c95950b5812d5881,0.0003630397598352358
Source,03d58a9b39eaa2edc19ed2a98e74887e538e5dd3694d9580419bfac839d993f358,0.0003630397598352358
Source,03e053293ade277c33eb785e895392fc915356f008d7bfb460de1d3c2ec8da2295,0.0003630397598352358
Source,02fd7f4ad049984ebe2d137d47c8353dcd7cf070b89a551fc8415dee7a137c9774,0.0003630397598352358
Source,0333a91776bce2a9ab20203f60a9408213a9d4e44cb51f6973cb4bc6d36fca333c,0.0003630397598352358
Source,03c33b2296b2d50a94dcdc004c8f5a6d027865ee458348e2b1ecc8eab60d65ecea,0.0003630397598352358
Source,03a42d6da845fa550db7f79cb8f3cc6ad6f776e7d75111edeef96f3c1e0c152294,0.0003630397598352358
Source,0248fa5318d415e5f5eedf6209f672f0ad96b85e2c9af37d8b4c10905e0cc3fffe,0.0003630397598352358
Source,03aa16cd4e90af61b6f42c70551cf0750911a6882b9b8b7b5756a9f5fbf2d44e4f,0.0003630397598352358
Source,02f13830ca589cc64deed979aa2671678bdf05dc64d35c268ddc54d8ded1dad508,0.0003630397598352358
Source,03b6c239f5f7b73e0570f3390618139591ff9963635c818c8fc139aece569591ad,0.0003630397598352358
Source,02f57b45b2181ccb15f250bdd839d44682e47f0c094c53fb39993cf2424212f64c,0.0003630397598352358
Source,020a8396e245e20dfba19c9c1ab8d13a19b9d80eb5b96fe253fbaee8b8c836c4c9,0.0003630397598352358
Source,020ec7e95afc18607ce059ae8d6cd5c7462ac425a7d58766774d70d0afa4a8b9d3,0.0003630397598352358
Source,021084fd9835fcc7d9256a737b067c91eef5f8893513a4c1fafc354b806afa01b3,0.0003630397598352358
Source,022f99eb13b31910c8c33b74da36540ff393ec07310e61079f053c45d53bad2b44,0.0003630397598352358
Source,0246d2ba1d4191b743cccc0c09cffe59d5ac35acd53fe11e8f89f649c8ab25f8de,0.0003630397598352358
Source,025adb6ab285538bf5f039e7ed3303283ef3bf3d1c51c9a4856bd6da300cbe863c,0.0003630397598352358
Source,02647bf54e30968a2c56dc227bcc4a26bac8df94e4a6710df9a1bb230bbfda7e59,0.0003630397598352358
Source,0281a5dd5cde49f989f490cf365697e46c78b478e72196507c642088d157135ff6,0.0003630397598352358
Source,029322a692e1398a0df619495d8187764c5c1220bbcb5e850150bfa669ce4eacf2,0.0003630397598352358
Source,029b9be58dc1d5625dbf59d951296e285776d0e1553c51a91d0030b873000c20b9,0.0003630397598352358
Source,02aa40ca5a360cf9735da325d03932025a9940cb8689c96d0479152ba301259893,0.0003630397598352358
Source,02aa8183444d0311049c0c02a309ce6e9fa41ee60942cb0371af7ba930f65b2239,0.0003630397598352358
Source,02bc6fcc699d3368aac45fbdb7f732fe80879b9a5ed0d7c4a1e4ff4d0f00467760,0.0003630397598352358
Source,02d29613cb797603b3568bc0fa41fca58ad7cb93b1df2ebe40bb7a7f07908278d6,0.0003630397598352358
Source,02dd8d892c348ab3e958a77fac061b352dad4320fc12ad0a04090aff9e64c366f4,0.0003630397598352358
Source,02ed611a79eee5fecd891d0c10a97a8e15262688fbc989aaa25750e14704bbc7cf,0.0003630397598352358
Source,031ad40e94278c0f90284831a4335cf59d17e5de12c249e7ecb3c2a4901fc435b1,0.0003630397598352358
Source,0357ba2121e3d0c150e2e8d1974c48ecaabadaf51ad2c20674962e4a78133a6fcc,0.0003630397598352358
Source,035a64d331d1f96e1e5defbe9fb718612a0c44d06c5cea8ebf09645e6d99c45d24,0.0003630397598352358
Source,035c0fe76eea9faf84d630cf749f3187e5b54b22c0e5a50079d4ccdd4a2b00c11b,0.0003630397598352358
Source,036abe59db322ba1b449023f8c11136c2d0e68ae8cd33fc671288ee1bea0d5d0eb,0.0003630397598352358
Source,036b82fba8acc010cfd65edbe8411dfc13fe1daef58200dcdde99c48c8246fcf5d,0.0003630397598352358
Source,036e7f244372b2338b5df59aca60b88fdc61185cb5ebcbe9e4072e44b7b8711744,0.0003630397598352358
Source,039d815b1a5109ce6a5e178e30cf543b0a8bca14140e7afd737113b81822080130,0.0003630397598352358
Source,03b98a38e37d9f8ecec1568b7bc3090ff6fa2b18c6946eb631c72a300d55e76586,0.0003630397598352358
Source,03c6cc30bbd6fd7ac6537adb04459a4d3b547ea3760e328ce45c23bcde4913797b,0.0003630397598352358
Source,03d2827ce3d8c24cb69c5ed1cfceafd22c2fe359803ade279818ae2a9aeb3a49ec,0.0003630397598352358
Source,0207197d1028b8a7edfee28f4e2dc47905333b2c4f9ed40bcd2c7481abe8fb049a,0.0003630397598352358
Source,0211a030e68b8f31c520f11a5821611a9904a2973c8cfbf564ef9aeb73b03efe86,0.0003630397598352358
Source,02312ff31065efa9cd1af882749d1b91dda97016e245baca8dbb4817251779077b,0.0003630397598352358
Source,0266a34c5b6de88d48af4150c5f0452962686123d9b119f8a43341a93783dbd8e2,0.0003630397598352358
Source,02c213c3c62d267457600e09dc113b244da17fbbda59e904d60d0f661d7b586012,0.0003630397598352358
Source,0342284b265ce9542f7d6d98f64715b2d4571de54acfd343fd4abc90663fd250b5,0.0003630397598352358
Source,0345798398715e92288ead54a53a904a075c6a22f7f4a84f98faa72d360e59c71a,0.0003630397598352358
Source,036de37f2e82bcbf36bc93534a82c7d86d65185718085ac3fb399defb2d1ace924,0.0003630397598352358
Source,037cc080c5dc8f93adc60ef89b5fbc5d83bbafa931888aa47c8e5a08de6f35d6b5,0.0003630397598352358
Source,020384685e321a44cac1a1683a5c660c8eb62b840b174de8427d2489b5e64e13fa,0.0003630397598352358
Source,027ccec61f4bf1fafb5156931da6527dc104ec3613dd4f4050161d89dd76ab494c,0.0003630397598352358
Source,02f7048178897cfdffaf434c096c1ee7e5a711d0e232198c54550883c3f5d19e43,0.0003630397598352358
Source,03c06ad68539566ed023d137010e392dc3a7a101d061dd63c5c38c5a75b87b0fa3,0.0003630397598352358
Source,03f18da23535adee245903c81750745197e3079d3b88b3898981c90a5f2411008c,0.0003630397598352358
Source,024488eb80f1e4ddba96d9035e98771e29203e5bc9e774532d1a8b0373ad8d1630,0.0003630397598352358
Source,024a549e096f4355073e3a2712a10c5a773e48bd21a7d2ddef71639481008ce811,0.0003630397598352358
Source,028000cc256fde5a246f0470aaa80c443902df90df8133e806f9060977d9a063c4,0.0003630397598352358
Source,02ad68e300e0ff99fcb7fcfc7bcd62d4fd94061bdce708a1e8c9b429aab04e17bd,0.0003630397598352358
Source,02ba6da2221ea2d2a86578654c18a7f1df5cedb689d7dbb6f6f92bc4c0588ac7b3,0.0003630397598352358
Source,0307cb485ab1b3d6a520bf67005924c7cb3043215c4f5c32dfd29e11c882941cbf,0.0003630397598352358
Source,0312ef6da659949fe1fac0ea69e265fd5ddf47b19a71708539ef6d6dc10c29a74a,0.0003630397598352358
Source,03ce88a9b56c4601d4fbb224228cf095d84388dcc6a2199ad8ad857a814bf462ad,0.0003630397598352358
Source,03dc5172652827bd39d51f2a0f2021c1172a25a708d604d1b95b09aff8f22f8607,0.0003630397598352358
Source,020c2f8e5e5d60fade226970125f2b19e070bce856b78dcabeab3a7a7e2ce2938f,0.0003630397598352358
Source,0285c2321395529b79bedc4f3d35d7b14f8d4d271ce564742a865e62534eedda76,0.0003630397598352358
Source,02bd54c221f8aa6d311be2b80ddd81d840fc253adc8e913f0f357058e740b0f6c1,0.0003630397598352358
Source,02fd9e6f8c5816471a31e5431a80ac0d42fcc2154211e39b2d7fd9f819e65365a8,0.0003630397598352358
Source,030f5d7b1ed7dba58cdedea67e20d7e24e6c0701c50b204dcd4f92ff0f8f3a0d9d,0.0003630397598352358
Source,031b778e75285f5a3c5f3cb2e8b5d35c968ed1b2260dc96d666c8b1173a8b447d9,0.0003630397598352358
Source,03736d75f8c982e66e4c660f9b3dbb7c6b899a39e39a2a162355ced03c8d9fdd77,0.0003630397598352358
Source,033ea15b5dadbdb19b426e63ed33b9cefe916fd5454308b76aea848ee4347addf3,0.0003630397598352358
Source,029af9e9faecd4d87599778601a57b1c0a0265698c6dac80fddcfc559a2a7b033c,0.0003630397598352358
Source,02b95713bbe4609a337f3ca5aab3a75674083ddf5331a462819b6c70f415497c98,0.0003630397598352358
Source,02ca2df9248933f4cdb220b78f097e2259df071765af6489ba13df23a95d7bb9c1,0.0003630397598352358
Source,034ac0b6fdac5b55b9043c4b12d1b941cffa57f2622731386aab2eb8ca0ff1ebd9,0.0003630397598352358
Source,034d6f8214a3544c6a1fe249edec844c45c3fca1d33d814bdbdbc1b720c9210dbe,0.0003630397598352358
Source,038eef372b02686990f75d738ee397c137893c3ba61c552902f73f93433bc501e3,0.0003630397598352358
Source,03e6aded97140c21aef77d288ab794d3f4ee8a36cfea9d9a2c6a8fb7eb9b25f7bb,0.0003630397598352358
Source,02cb19434eb6c954dae458a499c0cc0b8b43423a894387a4972b98834487d76b89,0.0003630397598352358
Source,02a2aabb49cb1795b7a193e488ebe456c158a5a2ef0d4a0ddef89a351eeff732a9,0.0003630397598352358
Source,021adeed641dab29859a419b493d34962d182d639e60a5090480001b4119ba2042,0.0003630397598352358
Source,025ab7876e3d3c4e030acd14aa290b44ea3bb0e485889cdea172346c1da7683931,0.0003630397598352358
Source,0207ed508844c80bf90a89f4b74bf42d2b3101ebbf0108032f608756ef00f58899,3.490766921492652e-05
Source,02181d2b6d3af11e7c170dd2e7b6becbae46b1d9ac0bb77d0bef18d2dc418c211d,3.490766921492652e-05
Source,024f912a9b27a495839ba6f1f6beef4366748067023497810d42a3b4975b02b80c,3.490766921492652e-05
Source,026e3a82965a23b0fec5e6431c94639322784277c2a02f15817a3fea4df9d60b97,3.490766921492652e-05
Source,0281de01dd859938163c37ba9782b31017cc1a72847c3d8671e542c45c4fbd88aa,3.490766921492652e-05
Source,02824096f3b4f339286140c72e8785d31c62204d2f203309e6fca3aed16a61a88f,3.490766921492652e-05
Source,028341daa36c5e4783f1231a61874ffa1a8f561d7282aef8c473e6bfc3431b0ab6,3.490766921492652e-05
Source,028e3b75a78a52b0233da9ffb8364c128aac3fff16afa19f2214658dfb4fbd9d50,3.490766921492652e-05
Source,02e5c540ba85d1db0d9c6afdd2c9782ca347546e4e4a0216a813e94db354ae5e5e,3.490766921492652e-05
Source,031658e1d582a4de379f6044ae3731ea6c2909e2c0def634f2f9d60ad137498616,3.490766921492652e-05
Source,0331f80652fb840239df8dc99205792bba2e559a05469915804c08420230e23c7c,3.490766921492652e-05
Source,0352e509553ddd100db18d79128eac9de8650ace3061462f0f178ad0540714bde8,3.490766921492652e-05
Source,0358feabb8216933c6d0f9e53f3b06dc5c9bd851a1e9569d8e8c31589ee2d6300a,3.490766921492652e-05
Source,036c977839833af6b6994ee2c9a7155ad8c256a114378bb3718c3cfa24384c867d,3.490766921492652e-05
Source,038307d251a3fc6cea3641a2c0c08fe960e286eca4e5d75bc5d2793844f0e12d15,3.490766921492652e-05
Source,03e90fd715dd766a0ed532dc1ba45e5fb913b1dc29d5afd9b700548d98d53b598c,3.490766921492652e-05
Source,03eaa8ff855184116af8fcb41feeac6951616bf054f57c952d10a47aaf0adbf5d4,3.490766921492652e-05
Source,0303d154c7d43dafb9252f310202804df3fb1e5907b8b5e127f209a1ffdc627acc,0.0003630397598352358
Source,028fcf33530b7d0a5fb84681f4aa55f147174485d9cb86f9597ca4c95464927464,0.0003630397598352358
Source,02b91314c53d6421dd05138298cb2b357e4ed789660dc2e136ed4abc6c0b1c28bd,0.0003630397598352358
Source,0354ad9584f02dbbf2cb7564b45dbbd60dd8aff361f6f7052cafae04e5084a0e06,0.0003630397598352358
Source,03adee7f4d4d8e12dc364676c0d124b5bdf6e5a4b187d05f98c4b312caa115824f,0.0003630397598352358
Source,03ca5484987d488b3190d714eb99bf2480a0e95d2a37f67365c77ddecaf8c108cc,0.0003630397598352358
Source,0324d8f66feaf3e003a12366502f509834ee355485d63d7d50514bad82f3389013,0.0003630397598352358
Source,03a9250b464d6062ca9c982851e0873f9155ec7303a0c4b6933abe58b4c3d9900b,0.0003630397598352358
Source,027f208099c775d7e16f2f6a8d81a3ae2a21c0e29530b39e07780f5be369060ee6,0.0003630397598352358
Source,037892dfd9a2bba82099c9fe42d3ee46e96864ce362293b7a2710469d3775ee5ef,0.0003630397598352358
Source,02a3a17effc394d27bc71b7f458cab02eeafef4eafd1e736583e40e66ebe98a3dd,0.0003630397598352358
Source,02be32b065e268f937b6e80172c7723e02fc0b521493140fc3c69a95ccf35d6e59,0.0003630397598352358
Source,029ea1b9f2786ef4b217cb2f5fd4195cb8d408bd67b738142e7b822c186f255ac1,0.0003630397598352358
Source,036108e71b03b6529b197c33c2143f2f5ce2eecb2b773b7bcb1dc8fda14cbfa9bb,0.0003630397598352358
Source,02f08c2e6bd72e9b80d57b1c444f208420e06f5bc029f8799e4a637eab066ac2c0,0.0003630397598352358
Source,023bf0cee4a999e63bc0ca8aca523f3d43585030d07bb39f9922bbf6158a8e1099,0.0003630397598352358
Source,037f32400c108f8385db94371bfcef08948bc0042069c1ef6f39086cdf23420ee5,0.0003630397598352358
Source,03f06a297a3463f0f23cffa33b8663d7909c7d63f2e1e45fb1285076e89f194d30,0.0003630397598352358
Source,0249a2d0b85d5e17f5374954e330c4481671a12cef6d107e46b0628bfdb509de48,0.0003630397598352358
Source,02d854e9af2e1a695b20fbc57edc8488f0c71ab06a02da5f129dbd7f333162ad35,0.0003630397598352358
Source,0315f37510b31bd075c85a4155fdd2fda46813911892f8863892448026d96cbfe9,0.0003630397598352358
Source,02109b8fe23518430747ec2207933e1a0a45a7772536722c9b865b740587350fe7,0.0003630397598352358
Source,03c795f4f4ef02f1eb1b3a4f4825fbf0f8064b7fb1ee02b425e668b2e71769742f,0.0003630397598352358
Source,02305eadbc7172a9c3f861fad1ba00c9d108df0e99220ec509fafb97cd779abcfd,0.0003630397598352358
Source,035c0730794cb324eaf7a5e79e066ef54fe4c495f1fb54118ef9651f7fb1318198,0.0003630397598352358
Source,035f460a31af1a03db7965575923735bdfdc96c2ac3e78cec63c9e08c3c9b8a529,0.0003630397598352358
Source,025e68cd73188063125795fec3ba5efd0d5d7238f224feefa082691e9c4cc05f1c,0.0003630397598352358
Source,027e4538fde1d3c776970d5d5b325dddbd4097780a9e3433df2ee1f9f95cd60874,0.0003630397598352358
Source,0259f78fc608eba4d974177493deb68b885c1016ab8fbf69bc87a8edd7e3739894,0.0003630397598352358
Source,034157be16f1d8ea468c3ad4115d543d3cf757ac51df60c9fd8efad69f9d20f189,0.0003630397598352358
Source,0350ef95f8cf301c3cef4504dd8478c9c2a805172fb661a6c212108fdbf7301a70,0.0003630397598352358
Source,0360ea17ecf863f88a2c3a99c8fd82a577d80dcf7d97c91b4a92fd89a35002ed36,0.0003630397598352358
Source,039b315d75207e4ef4c3962469addebca3c73988ed2046badc23f67393176cb1bf,0.0003630397598352358
Source,03ad7fe66e7b95e9db50696488a029315cd0e22b7cd36d344eb53e52742abfced6,0.0003630397598352358
Source,02be8f45d38456124ead6ada585c9451b8cea9cc968620d6dbc6fd23bb615255a4,0.0003630397598352358
Source,032bc8f9ad683e141660aeaad3a7c46fc0a38fe53bea41ac55c67cfd6a17a00714,0.0003630397598352358
Source,028467c574276b668a69144103fa54956dc645808f06daf1601c64de2112679dfa,0.0003630397598352358
Source,03cb7bce7bf86e4826405590d61df7673e98f6f876186536045efaf17a8adfe464,0.0003630397598352358
Source,035e3662cd71e0596daf5b150d86a990bc25cb1f73467950e0b08be5c73bf89a81,0.0003630397598352358
Source,020976875f2a90838859bcdb280b6dacdcc0a9854764b5ff02b138ac9ca91a5e8c,0.0003630397598352358
Source,025b33d04d645a36dc332373df7f7bcfc6306b100bef3ca9500fbaad45c60f68c6,0.0003630397598352358
Source,02a5487cab84e33cacf424633e7520cfb3fce51aeaab41942ab01e72fb49d166f6,0.0003630397598352358
Source,02ef8eee471a04b6f5bc9eb69a2ea9625e71f3b93a5ee7dc6350474730cd1f29c9,0.0003630397598352358
Source,038ae17eed1d1e30bcdef2f8f986c343b87d90cf57b5b36039dfb1049815baf4c6,0.0003630397598352358
Source,03d40a4ade94703907f83e0b74fc07633db6d0842fad6aae6c4acef3bfb09d5fa4,0.0003630397598352358
Source,03f3ba88c3e9e68b10f8c1e877252a157291ddc24aa378e9cb6f8b3bd0fed2e706,0.0003630397598352358
Source,020d3d5995a973c878e3f6e5f59da54078304c537f981d7dcef73367ecbea0e90e,0.0003630397598352358
Source,02a32eaa2c27217651065a8cb7454616dd29b9f6eb9d2c0686403174b20d39aca5,0.0003630397598352358
Source,0270c1a5f94b5aab8af91b32cc4ae15de1f1b4451bbf4a391e4f9024747c1d26cc,0.0003630397598352358
Source,0235447c7485ff2b945bac5fbc366d54a87389bab8cacf1b64b26ec01e96bd165a,0.0003630397598352358
Source,03192dde3cb01ac7ce5823eead61a440500f9062ccc2ed282d0c2a47bed04655b3,0.0003630397598352358
Source,033907be919e25a79ddd0fa0c050ceb24d9a05a8f492cc16c32fa08029833c9bdd,0.0003630397598352358
Source,02b41692ce80168d4068d7da477bd7cf65b642295171bddd51b11bd9b7ce83cae6,0.0003630397598352358
Source,02c8c12a198849eb0c0dcea7fd8dd98d5e318686a87bf408207cd3289224ab3a2a,0.0003630397598352358
Source,02cf60741c586aa54ff24381beab1aebf45eda61a8c49b043cf1f6e203e611e581,0.0003630397598352358
Source,0363f6132fa34f0cffcf18b94218cacff7fefebbd085ffdd0cb1bd37d12461f685,0.0003630397598352358
Source,03a38700a1dc68bff8a4eed3b6a74c15c2ed8388dad09a0850ed12daa7de43c52e,0.0003630397598352358
Source,023d280ae29f84dcfd289eb66b57227fea3a7bde97ec2869923d3c4d5c6a426028,0.0003630397598352358
Source,02ec8500991471e3926809da1766d96f14f7a94675c15cd2b2e1e6c34bd3fc43f4,0.0003630397598352358
Source,037a3b5518b90c9f2ce4034342f0a36a29ac71ab5f7beb00ef17995ad8ffae5ef9,0.0003630397598352358
Source,02e325148f637df6f08c6d4e2e80714c395e07e85292ecf0f39551ffb07cc2dce5,0.0003630397598352358
Source,02111d66fcdebc0c89c2a479a848995f8f68ea86743f3249aa05d26dd6c62f3ea7,0.0003630397598352358
Source,02241e3488064d077794b626abf1a227347f817fb1b7c2829b8459131769a5b17d,0.0003630397598352358
Source,022d5e6d892d4df90afa209322de4bfde09bc0073b7e692b6b7cd5dcb82794cb86,0.0003630397598352358
Source,025dadd5eec77677236cb5fa6aca986f80706ae44e447a6cbe9a416df8e10a3633,0.0003630397598352358
Source,031de59bcf73556bed4096bbe1500a65f630381f9e91be32cc13e4444f79c70a4a,0.0003630397598352358
Source,037b3e3956ba47deee6f4df0983d96ae08f3b5f8e4461f2b87c32ed0a2fed5b74e,0.0003630397598352358
Source,0387b54afaab832e1f66c3d0a6897437ea6a7eeca985571b8ec46941583874282d,0.0003630397598352358
Source,039961df1f10e545d1bca8509ff59a290254029e3430590e991aa1e345fe29dd43,0.0003630397598352358
Source,03ec2477612353de36de0ef63e6ea7e21c69f9c9b13d68583581309b9b2ec73a8a,0.0003630397598352358
Source,025b827ba1f3c64b047aa246c20748e287bb8f7e5ffaff8911e32664c9a41db2aa,0.0003630397598352358
Source,02d7cf25ef92bd4dfb6aa9a0e7d955a1225c5f168328b771c6d194fec359302d30,0.0003630397598352358
Source,032ee599ed949fd4e0e639fd17f75a641b27843fb3b983d0e144ac958b9996713d,0.0003630397598352358
Source,03827b1c739f3d95e0ccca84e801fc667655c15892f3b5c59734590dece3f7ea2f,0.0003630397598352358
Source,038e134d9edb923422250ef041b08006404b9733601510d5a0e1a5ca413d4a58dc,0.0003630397598352358
Source,02d3366059edde4179fc0d071828b4bd726effba7225c3851f3d86a6a827f934a2,3.490766921492652e-05
Source,0230d1a9462fae76bc20e9f5eff885a70f4152d9eca912418cbdbeae9a331a96f1,0.0003630397598352358
Source,0253271f3a0cf1876dfaa381728ce1514d2254b0012725567db9429309d50b03da,0.0003630397598352358
Source,0261df8ef49d9a9c64a26d98d4c3f52baf12fb9e18652a2ba37fd9715364e03731,0.0003630397598352358
Source,02757ceb278bfc11c035c14b734af441c50101704f49763c3c3f01e9631d7946f7,0.0003630397598352358
Source,02a0b3f4049964e02cc5f31b479f2fbebb70941377620a5451fdc7edddd3bdf443,0.0003630397598352358
Source,02b40c66b2309ab65d793878d868ddfefeb287669279e7c84accd7dfa94fec1336,0.0003630397598352358
Source,0213f67b69faf7e4e8e45c030fa9b8caaa4ae475b0742d04ad51f93548c4c5b7f4,0.0003630397598352358
Source,023f3f4ea76deacc8b26b61200078c3f05cde028ee8666f5200dd074f4ce0422c7,0.0003630397598352358
Source,0381c2a71e0c45098bf50c54b569a89add7892c0bacd4023db568296d307e97568,0.0003630397598352358
Source,024dcb28330bb766def5e85e064dab3dfb472419d855d05b1e32637c4e7339ada9,0.0003630397598352358
Source,02c0549536c5e14f778dadf4da5511783f90c854d12696c0529df8b27680ad8079,0.0003630397598352358
Source,0213028043ba544713750c363067b6b13fcd3a6eeb68d60ce84aec1827e5b284cf,0.0003630397598352358
Source,036a579c0e7e3f9fa9878edc2297a5790ab83f977a07ea7578844c86e236324781,0.0003630397598352358
Source,02a09c6a40863bf9ba4d9792d80786239c115ed91a16f08c9e211aa8c605de5ca1,0.0003630397598352358
Source,02d95055adc579c0c49a2fe5d3e9f431321508b1b5c62fce8cb9676d363452b9a1,0.0003630397598352358
Source,02682311c979ce1233260ecd302b710288c14925b18d026e75b7e1cbe74c71c2c6,0.0003630397598352358
Source,03b617604af9c58032924a8840118b3a0b8c715b3019c729678fae64aeca144e12,0.0003630397598352358
Source,025033fdfd6f4e0e909776f0e8250c997f75de9cb11466e3a36fb8e6c7a1abcbb9,0.0003630397598352358
Source,025dff6e781d4c6a926a60a3311a70fb50e90f84ffca159d2c5286b88feef41c91,0.0003630397598352358
Source,0261eec2404fe1c2619f822dfef2daf76c50a2071bd81c419aad2a178ddff1224f,0.0003630397598352358
Source,02929175ac215cb282cd965d21b8bde87cf18828a4824f6a6e12b0098631b9f535,0.0003630397598352358
Source,0398302c8b4b32e5bb3767e120346c344bfcba345eee41ad588f4c76141bc53a6e,0.0003630397598352358
Source,034cbb663cdd9a1e2484decac164983756b1e77af29f2b3487a076b9f23baf3d9b,0.0003630397598352358
Source,03130090b399b3dd924969cc36bd9c4472acdd048cf55755cb916cf8fd1d7a7991,0.0003630397598352358
Source,036be92279e96d7662ccad65e77a24f3c4f4c5cbbead557c9227cc9180e27eda1c,0.0003630397598352358
Source,0202ffa14ffd142d9aed33076f51a66b754d8b9024466344d0ff27d8cd54802bb2,0.0003630397598352358
Source,02f81e5dc6d91f793cb12ff19422cc86ae42799f25f4d7786f3fd1550fbf5c3953,0.0003630397598352358
Source,0230cad29b32564c812d589ce206b35ae7f9e76594e3475da06e5239d2e0ae894f,0.0003630397598352358
Source,02c311ef2e8e7c2dd58e21772e854ba89cb26c6dc05275d5af2f551f297b710d14,3.490766921492652e-05
Source,0336966ab8c63a8a5b634b77d9a26bc7e268269f78f7c943b721622e3b6260974a,3.490766921492652e-05
Source,0286a857844b11bc306d3dc32d82d5390b466d611b6455f18dd96e6fc18b2e765e,0.0003630397598352358
Source,03025f24134ac4e8e2c62580b512a9d13017da58c7609ada7c5b89ac38d4df9789,0.0003630397598352358
Source,0317b9bc4b1c197eb9f74f9f45cf14d983fdb2c90efffd5db8b78dfda8a5bccdb8,0.0003630397598352358
Source,03c319ac0fbb1748866836517dd58e8515ef5cfc81a444cb3d3b208cef8238c6d8,0.0003630397598352358
Source,02c9484ad30a3913e93505771b7b739057a3575d1494e8a3ccddce2ef01310ef34,0.0003630397598352358
Source,02aba32fe5119a42f154f797f590f004ac5f421439083d177032a4dda4be0bfd97,0.0003630397598352358
Source,02bcc9cb09c98d141e18ee56e1917586e363b7b54bd9be149a1d07dc1bb9d28337,0.0003630397598352358
Source,03bceda62f96db8ca4deb9156e97542c079c0747d53578dc93c2f3d9ec874ee97e,0.0003630397598352358
Source,02d6284ccb2ce82f79e938a82da23b9f2d2fb659c5147e8d58d146158c8cf48aa5,0.0003630397598352358
Source,02ea4a9c36867208eb35bd5c0d7ef44eaeb443c9845685ac95de42ae4e076dfe78,0.0003630397598352358
Source,02f2fccc11d34d7fce415a97ff9fd46867e5af780c9c71774627fb311815d45a81,0.0003630397598352358
Source,03617110be362e43a7445941970637d710eb46486d8a59dea76f7b611d524ec364,0.0003630397598352358
Source,038fe44b4159e224ecbd92a8c63c24948a807d39c08e2d4aaacb77d27d38fd92ba,0.0003630397598352358
Source,03b56405bbcaa19457bf8aba5acc07da03b95eebbf238582d002c71e2a3d13e41d,0.0003630397598352358
Source,0356aaecdb3e2ed2be2f967e6d3ff2b61d4cea6b06aa74465faf79ca2b9ca24c90,0.0003630397598352358
Source,03f2172bcd63e6631927fd85c2d941ae74e9ef5f3886a07d3f65263d07bad9b24e,0.0003630397598352358
Source,032247f9ff6abdf9b7aacada6c581afa650085031abe09bc2fc933ff1c17f66d18,0.0003630397598352358
Source,031637da200a8f715ee6e929ef86524471e920f49e1a8799c35130e08aa841929f,0.0003630397598352358
Source,035a53c8fe3937228b03b7189d0d7abaafaed558e2470825bf83daff21f213203b,0.0003630397598352358
Source,037ad440711a43c85cc47b6d4df402e4cfafa2e4210b7fb057cc47a71fdc574a58,0.0003630397598352358
Source,03a17e8ec9570e1b71d1c719aeeafa88b0604068863dc88028b490b96c2898dda8,0.0003630397598352358
Source,03c41965cd7796ae54dbbf684518bb5d6e0baacf49f69bd4e7ef02a164387bcb5f,0.0003630397598352358
Source,036b86c50ddf706b9b4f5c03e4f3939bb4aaa3c5cb384da2bc663b2b8dcf1c253c,0.0003630397598352358
Source,03c75d775d0fcd8bd911cfe4372ddbe2ef2a59cdfaae7291b28cfbe2d223173e8b,0.0003630397598352358
Source,03389b266c8c94ec59dc291c4db203df2e80adb27c2dc226b56ddfde93c9a61ea1,0.0003630397598352358
Source,02b60ffca21d6c5fb784c5e99d895c6cabfc467f1233da38c158accafe5ed4c859,0.0003630397598352358
Source,038cc83aee9470c6a30a3ce668d89b7c10b4d6ebc4ba78cd858ba673acbde31755,0.0003630397598352358
Source,02da65c851216c09066b2ece048af560dcf5524fc96bf6e22fc5d872c42740fa4c,0.0003630397598352358
Source,03035fbbc9116e9f56faaeeaff42941ae1ae4f6a93c2af4620a3935222da35eb84,0.0003630397598352358
Source,023ce8386784b1ac177f053eecc24153cc03be14eb5b521fde24f1f1529c5d5ae7,0.0003630397598352358
Source,032ef154317acbb4077182eb1e74c75bdb81580fb51c3461c14c062491f9f6723d,0.0003630397598352358
Source,02d14edc5d9bb10a71c564dbb8a2b96689cc42f666d25f6162647b18647c7bf109,0.0003630397598352358
Source,033eb86da85ff6e07198fb2235e17b6c8abd1aa6c7f3e252c1693a6ea92820691b,0.0003630397598352358
Source,02670d86795b5513afe1e663189d069fef128611ebcfb08bcd00e379868e084ef3,0.0003630397598352358
Source,02705407cde2e485542ac068c449d8b2966d46c5506ecbc2ee1cedd549a6b5823e,0.0003630397598352358
Source,02fd8d6413c9394ed55e7968e4f2cfa7473dee425fc2e72976f843891c749c192c,0.0003630397598352358
Source,02817b542a91ae0b4b29b12f47954ba929d969c9d42f096a9b173da7c2b498f97d,0.0003630397598352358
Source,03599a5b67b048f39bf14883ac82d22428da9c335cae90b34b6594fdebd97bdb1b,0.0003630397598352358
Source,0212744c2857fede0f7904b5e9a2da00edc6567fab905e5e5a3ce846a59c26723e,0.0003630397598352358
Source,02d8eba7ff95342d40497e83fafeb49c0af4b50c03e68ef6dcb9860d30ec412627,0.0003630397598352358
Source,031c9db85fdd9239e6a2e9fa07bc98f5510935f1515b86d5fbdf066123938f8d9a,0.0003630397598352358
Source,03313d332af23703d10f05be8ce7f6d8d491146651629a241ee208a048b7f0049c,0.0003630397598352358
Source,033ad2f920279f527ee26dab471039bb487c92f35526bb5750354e09e9a0b36f0b,0.0003630397598352358
Source,03672df65122a360c85fac4c0b6ac5a1729dc872a5f5789844a5d258b2a2909832,0.0003630397598352358
Source,03b1cf88caf5d5eb2c78f438fe0501a6a56cbce6170605c1d8213645ca0ba29209,0.0003630397598352358
Source,03b6f1cf87be5179451fa776a17ac96e4200ed0da9e433fe45cc1c72a87b3a4bbf,0.0003630397598352358
Source,03e745b99dc27b0e7dc9eb6e777eaad33f9cfae6bf6f8696e81a98ddfc3447eaa7,0.0003630397598352358
Source,0219fc8bad855d3c861166a89d637950242230fd3d475bb4a2d1da8c89b97beb0a,0.0003630397598352358
Source,030312a32a1d38d27312c9596de2f9078b1b3bba522f7d204049dd5282b950762f,0.0003630397598352358
Source,030e52afc05496e2fd02a28082586d38175bfe39b3429dac042adb822b51cecb28,0.0003630397598352358
Source,0303ad2d0f33b441ca0d5fb311fae319daa2654ebb5abc10f0c691a5deb4be4792,0.0003630397598352358
Source,03aeca3b52e028b68c67d01a62eede65df55bda5cd04e4341ac42688d25fc151cd,0.0003630397598352358
Source,03c559d7b85ba1f4a91eba069587f0dade1a19068ba8d41c75108f93b9730c60e5,0.0003630397598352358
Source,03e54610669cca50aae407750cd3becea033642fbf470231b65322cfe2ecd5ea26,0.0003630397598352358
Source,0327e003e3c742db9a77f436e672bd42bd4a302ec0f92f0486c4fe09143bcfb0b9,0.0003630397598352358
Source,03b50e9c8973aa0104e4cbb3365b9dc81713159a6229f4d41875fd9b3246a92217,0.0003630397598352358
Source,021b56ff970675aa576ba3be3c7fe1e8faf0df70a5a03fcbaffcaad17f3dd05711,0.0003630397598352358
Source,032c14422d357563741742d46095785c76e7094d144a9dc8e15f19f929f3678d2f,0.0003630397598352358
Source,03342523c6a0f9595ce233ccc079c30879d83c92a1e01a532d2c0c9113c5f0924a,0.0003630397598352358
Source,03b9a7035d434f1de7f09c89f516d16b369e6aa199392d93f63a5fadeccdea06f4,0.0003630397598352358
Source,02029a5ea890afa1aa8a201ae66fabaaaa50bc5735bbc88239d9f05d241a328c99,0.0003630397598352358
Source,03464340ffe96762ef1fb1d53d0e4aa9aa1527c01bc9cb6d152c49c207de4b2577,0.0003630397598352358
Source,03d4f0230d3fc266faf6f3bcab5f1c9698155db9f2313d20a9aeb3600d214f3ea9,0.0003630397598352358
Source,02435edf69667b9dec50afd075de938cb244b6c6188eddbd45762e6f189ef45bf4,0.0003630397598352358
Source,02b2f80ef5cc83a128c029d8ab5dec5ce15c07e2ab8e241a53c93226c8e5ece451,0.0003630397598352358
Source,02ec3e575a0641fc419b783f48c4ec3a330c80ddd18b6c4ec0c653a0fb704df6ed,0.0003630397598352358
Source,03db5f7b076afd50813d0dc05cd60a37cd1492dc30ecfd6b9de8f07b602f1deb05,0.0003630397598352358
Source,03d91f2dbbe7783d489efaa5b84f9a3b873889d9b0bc9cbe7442408f7df1ec77a7,0.0003630397598352358
Source,03fee917a3c0636f95d2529985a57ed185da42f35413f86a9e5d2d109100f15bd1,0.0003630397598352358
Source,0389c6038a2fa2eed4d187e41b07091fb845da9f44b99a7148afc7bb2a36c33ce8,0.0003630397598352358
Source,0380c798bac797dc2f90dd64cc563a4761b3453639108132cb5de1f0cfd1913032,0.0003630397598352358
Source,03d7c2045223dea00373459154b43d0baa140bdb0a618f7f81a566c3f928ed1881,0.0003630397598352358
Source,0215986537a6ca91ee696f1431ec5c09aeb03494a99104407793bbf1a26c324298,0.0003630397598352358
Source,02a705cbf65c3c402256b0d51657491676a9751ebe7ad3f0a7bc4422474c6f7d3d,0.0003630397598352358
Source,0333d696d1de6d99be227880b4c58328183206e1b0eef31f14c59a1c250a17789e,0.0003630397598352358
Source,03a898b7cca3265ae4ca28b7025e170cbc1e7f97bdc4480fa28d2a855c88c85985,0.0003630397598352358
Source,021ae2986faa33f82ef4106f9ac2265f9fd9fb2061ffd6028ab6782ebfa3d8bc1f,0.0003630397598352358
Source,0286fd9994832bd94e3fe5a6ee28044829a8394560a9a763ad601ed6c5a1fff535,0.0003630397598352358
Source,03619d89f577fb20dba8603092de628f0d34733d0598b4f7818cc61655edc84acd,0.0003630397598352358
Source,021d8a51035430487094bf6ef5bdba3b7b9ad4f731058b940297d4b60706440684,0.0003630397598352358
Source,03c75f96bad4a1a5fe687574a20b2a8b3f9f2a45d63b928f1fa0fb0d589365057f,0.0003630397598352358
Source,022d5798d81406f0ec239d755ed6a10f73f75d710d13d4fe34c2fdecf04295f326,0.0003630397598352358
Source,027e53e6a35c67d1535c89355254841ed82953b7fbbf5d0a554bd8cf4c94575572,3.490766921492652e-05
Source,036fb07937b7282bedcbb017d05b75a435eb4b0fb7b2615f0d47e4ab0183182104,0.0003630397598352358
Source,03044f0a75b2305dbf1a8137bd0c08b6a7e95ed8d219cd0ee54c9a784f34992795,0.0003630397598352358
Source,03ddc2ca04c535acfa0c07c09270343ff295bad138b829c5ede10b8c84b9f099e1,0.0003630397598352358
Source,03fa9feae21eaa194e78d4ba73a82a8401690c61c0ea6c6176c9f079f9d21d962a,0.0003630397598352358
Source,0240d18ee9c211b44e056b3b73e2698522a61b0b323fdb0ab5b0be8e9460e10b27,3.490766921492652e-05
Source,02a5340317463d36d6d2ff9c8fd2e4fad87e4a948ea34dcefdb8e9518bffe2975f,3.490766921492652e-05
Source,03deffec5eb968b11bd9452a47d2a603620b055021ffefba21304fcc405598ca0a,3.490766921492652e-05
Source,02ee884b2e2af0830e4ac2953c8668633acc697dfe0d4b857669508ceb717b8196,0.0003630397598352358
Source,029a06f84c9bfddcf4dca173a4d1a540e6ce7f75cc7d1dde9fd5a70d80c504da07,3.490766921492652e-05
Source,03828307e46e1705897c9ea0ea163a905aa3e082d8ce721616979e4a09a824f777,3.490766921492652e-05
Source,03c1a8624fa6b7824055198bb0bcb943a0e4f4ff2ee8943cde7eb3dcc508bf5d1a,3.490766921492652e-05
Source,02a26d57f1e246f62afce2c1c14e63225b69b302ecb93a384dbe2183c8fda32416,3.490766921492652e-05
Source,02b9481fa492ea730eef90f29954ee978321e7e3fefde23c0fed99c7b5ff5d7093,3.490766921492652e-05
Source,03031155aaf446691365348cf23de626f09c964016022544fa831ec820d3aeea9f,3.490766921492652e-05
Source,032e8fe14f246dd0733dfa23ae51b47c13de33533b52edaabd9046a63a153aef32,3.490766921492652e-05
Source,03c26efddec48b75617972dd54bc83e904cf44bbb40d69a0351ad3c7f685929fbe,3.490766921492652e-05
Source,02220d035b22cdc64ed228286f4dc77622f3023c73107c87b1cc4b06dc4041d7cd,0.0003630397598352358
Source,021b6a273d174738eb808237ae3680a0d8b2ba088ad19449e35082b2642f756fdf,0.0003630397598352358
Source,0222a7a8afa0e7660cd26f2e45c10a49f420167e8bd045aaee22c81fc72d6ed54e,0.0003630397598352358
Source,03bbbbd1b9f79674d07e77da020573d07fe492b0f0e914a1f276ad51277ac58b22,0.0003630397598352358
Source,0239c809cce5473e1ac7deccd3707a0570de046cf2f3cbfa8d6927f47102139a56,0.0003630397598352358
Source,03a79bafaa49c42d07495a7367d670307df082f5ac8059082b2e6d18852f006015,0.0003630397598352358
Source,03fe85869e2304793f452a5064517553a0fb0daec2ca0b90262cbfaba9f26a95be,0.0003630397598352358
Source,02c0b38022846c6b6f45b30031859ac7c5fb0c67ec8ed5cce8409c4b438c267ffe,0.0003630397598352358
Source,032271efcb35188ef00e3f28469a2bb18b50a5f2f325bd130bdac341af24e9b5f0,0.0003630397598352358
Source,022dc6a801a5981dc574d5654e878bec281d7d563848da22e5cc9c1a079fd3d64a,0.0003630397598352358
Source,024cb8d75de288f7b4f36acc8877c98dd48e5174fe8db35a9c2331dc8ed76dd204,0.0003630397598352358
Source,03411950d466290665791bf1ed4737fb910eefb5a019adb649264423be72008302,0.0003630397598352358
Source,0243208ccdd171d3ca9e96d2535c667160e39fa37e8528c0006c09051a6c7f8edb,0.0003630397598352358
Source,02a0c6516180eb52bd4d17ad8d6049d79f8300f668fff6eb720bc57bb981eaad3e,0.0003630397598352358
Source,02a2584ad1c54300f0576507ed63a79727c55314628486f24582ac071153d18a03,0.0003630397598352358
Source,03d931ff991e577796e4f75899e0b8325435e069c32aeb0e68cd60f5a09de5a46f,0.0003630397598352358
Source,03bf7441842433a304a1027abfb75f399cfcf62f75339f15b6c27c24d69100ee50,0.0003630397598352358
Source,0245f703677f3c4066ee684caa3cbec90aef082542009f000186f1e455017169cc,0.0003630397598352358
Source,0263967f25220f4dee1d7f386b177fe2c7f4209fb6735529b41841096c055945f8,0.0003630397598352358
Source,028c24887ba7e349cf35e7148032744156a9f1f21023530b5019e94a19984c53d0,0.0003630397598352358
Source,031d2bbc75802689312220a017c6b51fa246efc59c7aa9355f6f7395038ffb4d6a,0.0003630397598352358
Source,028ed235ce7921fc8fbb2c1a775240115ce4d9edda194862868aa3d71eab3e6f91,0.0003630397598352358
Source,03663d7b3ac41fd9daf4a3cbceb32b05672564fa8634ba420c3a7bb656f226ddcd,0.0003630397598352358
Source,038cdee6ebeb5bbb736f4a64b7687fdb70ea5bd8f5244be081b314e5e4f6e93852,0.0003630397598352358
Source,0308c97f1565175e39b26b72a1941a4ec209bf93ccfed9b972a581debe16210eb9,0.0003630397598352358
Source,03644776186cd07bbf84d283013f9b829dd65a75c8631c9bea51e57c724c0190d8,0.0003630397598352358
Source,02ed76810ba9e204342342ab9de0a63ed84e81b4a8f0920df89571add17f14ff90,0.0003630397598352358
Source,03b7dc772622940b87507055888ec303c6c5f1fd3ac1a8c78a58c5cde2b5f59d0e,0.0003630397598352358
Source,024f5a73626471035b92b303717d155c63bef5288644a2c939464e3cfa59189d46,0.0003630397598352358
Source,035601c90637c02e93e54ca8f1e1b7602ec0607b9b4d41d7dc074f92582258678a,0.0003630397598352358
Source,0261fcdfc51affedb2439c7745206b768c68f7f27962bccc5811bcc611125dfdae,0.0003630397598352358
Source,028b5bc17b23ab71f0726ff86b0fa44289d3ec0eedf352799da28471bb82aa07c9,0.0003630397598352358
Source,02cffec5f9ebe81d0dbdac4e458b0bd91e4128ddb5af5286ae74eff3d598bea017,0.0003630397598352358
Source,03373feb951918e6c5397ca4edade2b959988bec00646b59ea1f1a733e2cf6fb95,0.0003630397598352358
Source,03ecfbdea460a0708e52a116eb63344407cc38bc7b3a54b97a45fa634beb1af7e2,0.0003630397598352358
Source,0311df532f5103d0a78eda76d9d5e5dfd5eee008fffbe024da3725ac64dc4c1632,0.0003630397598352358
Source,0297d6f8d28f0ed31c25a871e21ba4475b781d27bc6ff0fd7da2e563ee0641813c,0.0003630397598352358
Source,02c4fec754506ea170712588600bf23f11fa123aa6b0eaf1e3617c1e6a6cd02848,0.0003630397598352358
Source,02df5cfc10ba188254077be209728f9e436ce0a290f1cbe52062a4602af39219d5,0.0003630397598352358
Source,0323e18348bb2afc29660da8ba06fb1e91fc37a5752301180b8f3afca7f5c49f01,0.0003630397598352358
Source,03341b688f09301a8c0f7528b587bd59db9f8e3f9aec46da19061911d8debf11a2,0.0003630397598352358
Source,03740048dd17ed165decca16bf89aa9ae1b5a61ff498f6b8d874f7c41cc00cb8e9,0.0003630397598352358
Source,03c8be501a366c2807cd065313b3faf9521003d8c9f1bbd175d0dec7da212adbfc,0.0003630397598352358
Source,02f3c9faf45c22821fab7884f64e2381bab40d928f03bc362706b03ec35b8fcc7d,0.0003630397598352358
Source,035a0d21758480330ab852703483ea8a90cf44f75c5f48ecde9b3c8844c29d813b,0.0003630397598352358
Source,0353f353fad0bb38c0772d87a1d8fcf67aa606dcb9e5b4690c1abcaa64449d4b8c,0.0003630397598352358
Source,0320a08413db85085fc9a56a9a2710246d103a579f83f9c49296d3b3468c94710a,0.0003630397598352358
Source,03500908ce584586fc08bcde3d58cc37d0dadcda0a604c662edcae51010c0dd0a6,0.0003630397598352358
Source,0244f82d97b9e83884e1adf102e6346d11a6a2367b375a085b071c8c5188635082,0.0003630397598352358
Source,026a85c5641216f3b21d9a0bf0c0f7aa1ae3f5f7faf2e66071b720b8e310af3c19,0.0003630397598352358
Source,02c00285d3ff580cef82f00fdfc76fcba850e1746c163616b5545ff5db15abf7a4,0.0003630397598352358
Source,033e3ee24782afecda5ee452dd984d013963b98aacab513756cd22937d1a25b6fb,0.0003630397598352358
Source,03771f29c01e43dc18ced2a4e200d88c6d2cc6aad7e924758711138761fb262226,0.0003630397598352358
Source,03910a040f79ea500ed8dfd5068ac6dc2124c0c5273a301f68330d2df0dca4a0cf,0.0003630397598352358
Source,0396578eda8b8f79f3f0efdbe5aa6c398c7fedaf0471f66d145fb99fe352b5ab8d,0.0003630397598352358
Source,03d9de9c6707d4dc631cbcdc66d6a76cb712b9d4519d105f1dad9385370600dd63,0.0003630397598352358
Source,03bef7b008112068b032be3f03ea03839c2f1fcbc5d9f36b66b2a7628bccf776b1,3.490766921492652e-05
Source,0206e0777f02393bb60e09f1bfeb9b95024ba661c8415e98a1ab87c86afe960d8c,3.490766921492652e-05
Source,020cca750b6ce88b1e3b8cb6921782cdbfce972193ffaca7901f0fc4643080e457,3.490766921492652e-05
Source,0381ace79abf177cb3094b7a63c1f09cad9f72775112340bb0dd18fce2929f7940,0.0003630397598352358
Source,0385ac41ac5d6a5211b8755368c33966133c4031778638786ab626235479359b2a,0.0003630397598352358
Source,02f568b71e3d8bb3ae1f2bd2035a9bfbac942ded484f812e201ce084c0e3614737,0.0003630397598352358
Source,03023090988c84c3566ff59c4fb17536c59279ace4f4c242243950d858787cdf42,0.0003630397598352358
Source,029ace730f7ada5901781ada3db5c3f2450b0dd06739a4bf081063a28cad1749d9,0.0003630397598352358
Source,0272440285788e02fcc7bc99f4cb769247e28bb260804564de280d7a89be28a8e7,0.0003630397598352358
Source,032241f9ccb929f38d3ebe3bfd83bdab0484218ca967580de624a4cdf53a45259f,0.0003630397598352358
Source,03bcff6c1a1e97de1ef4ac2e2310aacfb4ad8427b4df6d66bf240c89571712c708,0.0003630397598352358
Source,02df6f092487ff5fff2e03bad300485fdb7e780312ef85dac4ecdae9d087e9f3c1,0.0003630397598352358
Source,02049355ddbff2082890b26cc71edff6600174f9b6971dfdf560324d3577131d5c,0.0003630397598352358
Source,021bf71418e2c6c7545b0a871c6567a0b8b685e6c53d835d32507fe930e1145e6c,0.0003630397598352358
Source,0246d846cdfdc2e20aa90fdb945605fd2f8d3e8dd6821d246857cfc84f9ff7b5e8,0.0003630397598352358
Source,02cbafc329051e1a7becba2ac82622154cee6bb230f2609527fc2e2ec28578f570,0.0003630397598352358
Source,02f29feb1895b28ddd412884dc4bb2d459ea0f643dbd591965d352b3f736b804a0,0.0003630397598352358
Source,02fb37ad9c674fcde7df9b7342f0f9e3b71a7658d0551d5b58a84fa088075aedcb,0.0003630397598352358
Source,031c745726ee260de2e498d1e88478517f7fa2c9b6548e76e94e81129aed4ead34,0.0003630397598352358
Source,03397f996a69f58ba4fd3d20e21daa36ff3be3c3624c03c96f127059c4ec73d15a,0.0003630397598352358
Source,03489edc0b300d4a07be5b61281ce0c94a9a943ab132156b096d4ced269e525550,0.0003630397598352358
Source,036d1712099f44a048463f38e823cff113e92256aed7ec8bc9d1981dd2d915a534,0.0003630397598352358
Source,0373b793237a96e9c8532c8cf8bb8be5a42ad8f57b6fc24172e648d15ddd80fe08,0.0003630397598352358
Source,03a0c1bb4380a1d96c17d0c7e654dc60c3c29ccd3ef7e282ce1d5023fab01ddf5f,0.0003630397598352358
Source,03b238a73093d976900ec4125096927ff3b220b361315384d73903c93e3758cb91,0.0003630397598352358
Source,03c45fe15c475d61c1d39b6e11b3bfbd913b98f3f21abea787e0d5cb889d35337d,0.0003630397598352358
Source,03ed96394ddf5348a7f1556c4f305343cfcb8692c79a7146e7ba3024004166c230,0.0003630397598352358
Source,02d4079fbbed8f92d4eb57712dae93c9df909a8fe876e771b8349380c2c08da37f,0.0003630397598352358
Source,020331a1a81bd8ad2c2ffcd6730bee311c6f457ceca8e8cfcfef0117cebfac348a,0.0003630397598352358
Source,021a5165a51e0216a16f3f33aa8fa368eeea69c5f27f4f647b3fd70d289929741a,0.0003630397598352358
Source,021b4c978a4ea428adc8f9d5546736ed915d85ce763e82f6ef92385905a12ef22e,0.0003630397598352358
Source,0226b317ebf63a888838c2900b0e77e45b3ad35c59bdbbd6a8eaba0c0362303cee,0.0003630397598352358
Source,027e9923151c58a7dfed9c2cd521587dbd0f0928f548b7853dde7475c21ad3a786,0.0003630397598352358
Source,029bb2e03a7c35dabace0857266d9a56d7f059e9d67e6239e6cb9141c3e2c048b4,0.0003630397598352358
Source,02c69a810cd958fb624e9a97bc7b37221caecafed54d23923edcddbb83e769ab6d,0.0003630397598352358
Source,02e4f9fbf93b1e82505064c9fe4a51bcadafe0d54645ca5d88ebf97f83d71246ae,0.0003630397598352358
Source,03310493a255fee32d97616d5845644fc286c48f85875e2c216a33f5dc910d7850,0.0003630397598352358
Source,033ef1f95884a65b3ff292492a1abb8629d47caddb3613457abdc8ec45730a2ddc,0.0003630397598352358
Source,03490382e85a7096ad097c78cbaff2e4cf01e6397580e0e63184bfc7f5957fa46c,0.0003630397598352358
Source,036377ed2d947b6cd8e99e8cabe79c9699527979b8056459158d75d15b66a6766a,0.0003630397598352358
Source,0372abca953cec8bd156aaac28cddec0829b5674923c47803d76ccc3f647252afd,0.0003630397598352358
Source,03786068c44625b4a41a18bf73a63ab54e629f304f428220633903df41ab72d7b2,0.0003630397598352358
Source,0383f4400ff96d0e2fcc24e63322b5bcf7336e9eb4cb9afa8b667f1c337d187f43,0.0003630397598352358
Source,03b9c2400bba2aae6c7f9e4963d97f4ad6f2d9245506c0bd7f9de4278bd718d74a,0.0003630397598352358
Source,03ba7a343029bd3d066c08d747182fb16d5f74c95282d309504d87dceda3e8bf49,0.0003630397598352358
Source,03efee4d946df2cef8a01d91cb010a03124c6575f7b9dfae888fa6fdfa8673ffb6,0.0003630397598352358
Source,02793f4f2f89c1834e1cca9b1432d8ab73f92580f9817da997522ccf105cd8af38,0.0003630397598352358
Source,036533303d73c34c58c35017cc286da18b5958a14ceed21f1d419eb818942e3698,0.0003630397598352358
Source,03e5684ed7a5c61c0364ba2794ff1242209242238f42dbda513b39c91aba7ad11b,0.0003630397598352358
Source,034dc65bba53742d98d8f5aa09a3e0e2fc7e8ff978bd088511899194f3bf4bbdd6,0.0003630397598352358
Source,032cd82afd905844ba456973033e91e129535953de32c150a1dbd6b2c605b3c233,0.0003630397598352358
Source,023ae7becd1f334e63afb62447315b5e993b990c1954971a15f6ade35f7c8b882b,0.0003630397598352358
Source,02be20ab32c37241afd17b0cb6358a839566ca5d96e8fed34948da4c01245a34eb,0.0003630397598352358
Source,02ed059647b2f73e84db3df1cc450652b5741d013ecd2bbf2143af63c733ecf14c,0.0003630397598352358
Source,0385afac63fdd711a83c25a63465ceeb5be8422dccbc82c3eecae90b79a752c2e8,0.0003630397598352358
Source,02c78468f3f9e949ad4ee7701d14a10399cee53cf4c85b78b758045c7dc87f08d5,0.0003630397598352358
Source,03d321e1fb0200921b2fe3e63ef2a1aba278f43eda9672e8cb41b8498799c70111,0.0003630397598352358
Source,030d0f568e376280a2f16726d7ebb054cc659d09322e5653b7b3d2b08584121683,0.0003630397598352358
Source,0385f7cabe5185ad406ac649e59083b71fc65885a15e2c65701afe798d98840242,0.0003630397598352358
Source,0237b3667d24f7effc86001abdc64d53e2947a9ae6f0b13e46796ebc74dbcd07df,0.0003630397598352358
Source,024c2f8612849b173af7a57b78909fa5c139c79fdf8aef8b077601992f58a58ffc,0.0003630397598352358
Source,027d8c1d03dddaadcb8077ecc13d4235ba454876c046735a13ca19907bf5d708b3,0.0003630397598352358
Source,02c0199eafc45d6ba64a1e18e2fea46d7e88ba17c4eb56a9d258de1b6e4a1987ed,0.0003630397598352358
Source,035713cc3f003a00b6aec8e0b0341d0c5668b4285d20dc46842168726c565f23d3,0.0003630397598352358
Source,03ac17aa6b720bb065703f9f797d4711bfa879f10487ec577297681c846514f080,0.0003630397598352358
Source,02899d09a65c5ca768c42b12e57d0497bfdf8ac1c46b0dcc0d4faefcdbc01304c1,0.0003630397598352358
Source,02c6aa0cd54655ffe015b0539db33e712b2f1cdd37a89834261c06ec74cec26a7e,0.0003630397598352358
Source,025722598a87aa9801f3ee2c3e5809fe337908adac7131fc93d8aee7f63294070f,0.0003630397598352358
Source,03821613116def5de68a997a9024fbdff09ce3dae050b86c5abec883f230e68840,0.0003630397598352358
Source,0215f74ae0d6993d2b49f6924089636875cb0e03cb2b443fae8ac5c570eb7ca5b0,0.0003630397598352358
Source,031806a71f2c9d973437a2cd218ea5a0c4be1dbae49fd7edae68f34728eec16a13,0.0003630397598352358
Source,03d72412398e8cdc7c5960ff3b63a2edce7e4dc92538610addfb2aadfb674557bf,0.0003630397598352358
Source,02111729655b26a9829071241a221a3f4272d484e5ac74a1e683986186e1d6259e,0.0003630397598352358
Source,0255ca166cca36893e18e36ebbf3956dd5e68bf63d91e552da0b5714de397d841d,0.0003630397598352358
Source,02ac0589f813bab7ce62115b75c7be6a5642cf5e46d8337879d794894b459b2d53,0.0003630397598352358
Source,0305564da23021c438ca52a793b5e0bb97a9e9e4ac6b5932c0f42a3d766564fe3b,0.0003630397598352358
Source,03caab5c409f779e64f3a28e8662db2ed10d23d9e31c58865670ea50a8d55b71c8,0.0003630397598352358
Source,0212e500e63f4816dc11e402393c9b7192746b32028fe9258a199a252d3995392e,0.0003630397598352358
Source,023cbb6b82b5e8f3479e1ace7e7836b42bd95269234795df53735d5a4d80fc1311,0.0003630397598352358
Source,03d4b06f17456c936c7b14a0ceb370581e8574946b8e4aef630e14a6eb8a178ea6,0.0003630397598352358
Source,0207507279cf30d649d781d077fb666c35798c6afebf4a38c1c2b5531730a07ad0,0.0003630397598352358
Source,0210b9ede50253ebea9d8ef6f886cff7d3d0831e98931c10d4381dabcf1cd930b9,0.0003630397598352358
Source,030eef0b0aecdb9316d6b4bccf20c0a496c262c65d84229e714ebfbc549806bec9,0.0003630397598352358
Source,03223a5ce50f7b912cf0f18b73fc51e3f8e6ed6417b58062ee6ef6bafa690c3938,0.0003630397598352358
Source,0387a69a742094816c7a14cde4d6579b666a6a2c28f52573254f70fbb7f25aeb94,0.0003630397598352358
Source,02264fe201466c8edfb3f88be77bdb4a1587ebfc556b00fe5a6da7aaa5e2aeedb4,0.0003630397598352358
Source,02e13268142adb988fa62ab14e81a1debc5d76cd52255b654dc4dc9894fabeeef3,0.0003630397598352358
Source,02676fec9428f2de8bb8a172a22a942c7636cbaf608d5cd584eed0862c79db4edd,0.0003630397598352358
Source,039e97bd0d42fd4ed120dd08ab1baedb02e9a73f6748f206939bffde9a9ab800e5,0.0003630397598352358
Source,02ebf4ee6d024067cb45c0dd6b1141b7598d69c38603940b21b907ff70401e6d5c,0.0003630397598352358
Source,021416c68bb97f58996d0787280d36f6b97c820d46e277889a6c1303c330a59533,0.0003630397598352358
Source,0397e25fdacbe8174e58bce84a49438b6306982c7d1c99c3a9d99050013da5611c,0.0003630397598352358
Source,031fa545dec9d33305e5a0777ae802741ccc0c4f1703451ea455b315764608e261,0.0003630397598352358
Source,036526aa0d648fcfc4ad7917a1fbc0561cca65631dd990baa0c7deb57663c6819b,0.0003630397598352358
Source,02e1237bbdcfefe6c41e974377f87f847d22c7a0798ddc8885b8549b5d60227b94,3.490766921492652e-05
Source,036d5f176ad838a3dcc76361762c64d452bea769a539fd55c83864843af6a7b9c4,0.0003630397598352358
Source,03b85ae223dfdc4f4cdf777dc583a6c1af78032ad487ef27b07b4cd29b36667f4e,0.0003630397598352358
Source,031e53d89e662a9d94b55f565e66a777ccc6f5c3e730ecb0031fd2eed442950a39,0.0003630397598352358
Source,03e6a4a8011a32976b93b3692d446225f635d7843c35f17e7fd3f8272a955c857a,0.0003630397598352358
Source,0270e559d75884fc5f066158573fbf2091950d56e6eb6c0644496cb88f9ebd7ec0,0.0003630397598352358
Source,02d08eba766c0059b0b5c364ea2947a5db756226f1c5977930d5b04cd5d90d6524,0.0003630397598352358
Source,02eab5800034ad637a23073a4bd26528f3bb2caeeea2a5c65f1507cb1f88d059ec,0.0003630397598352358
Source,036d66fe3c0e838220aae1841fde95b83d3e81c73069058944ad3be0cbdd8f551b,0.0003630397598352358
Source,023786620266d311ae77723727f7ba8a1f6f8641e61e70a01df8aeb6a7de6f2b51,0.0003630397598352358
Source,0248d2094982c321ca98d2bb802c881b1dd04c5426de022aedff6844a149f672ae,0.0003630397598352358
Source,029be51463239591c3c510cbdc3c73b8409f242376cbad0659779750cddf8eee64,0.0003630397598352358
Source,03900174bddb85ddb1c970ec75665f78d2c69230ebe43de36eddfe7f2528a58690,0.0003630397598352358
Source,037cfc1534e3993abfd291ae3effac9fe881a40a3ac14bbd6a972456bdb9a3399c,3.490766921492652e-05
Source,03ab75012c0a552ddb0194f43d57d9af2a83a86cc2a96abf0134c6d9349819c8a8,3.490766921492652e-05
Source,036c0fa27b7f35d9801f7d0dc10b8a8dab6a621d8ca620e54851a42501b8efc83d,3.490766921492652e-05
Source,02c2e6b13c4c0493cff7f63d8c0447c17897991fd490b4ea0a1beb4e8c47dc9965,0.0003630397598352358
Source,03788bab8bfd9d044018a55691fe5721e6c29a12a5ff07e9aed04fa465eb0a94a6,0.0003630397598352358
Source,0382b97eb6c8cec7d13d6222fc7363bc8b665f473b5348de4512d44cc5d7b876a6,0.0003630397598352358
Source,03c2d52cdcb5ddd40d62ba3c7197260b0f7b4dcc29ad64724c68426045919922f0,0.0003630397598352358
Source,02590fe2e8b2b59fa1293dafd7f643306ca8bff65f512abff1f92e7c476d26ddba,0.0003630397598352358
Source,02f1f00bc83b33d33f9201c79a14aa131dc8fbda14f50e371ff3e1f2f4d6099163,0.0003630397598352358
Source,027423a0156e479f0fb8b80d7bc0b61731e700a0dccac697ea06304f5e32f2f623,0.0003630397598352358
Source,0218e34460681abd93f862c17799b2b45dade4dbc953bb8f67e9ee50e2deb7f8e8,0.0003630397598352358
Source,02c0ffc358c60ef8e185ef857b3304623d74764b6acd0d721f85c68233ff3dacce,0.0003630397598352358
Source,034ba132529b78113773e771ef2abd03e44e96947ca7ab40f5e5bedadc90e68cfc,0.0003630397598352358
Source,03c52df40dd9ed540f379c09451fc532bac17592d44cd070263471334cb3cf3f41,0.0003630397598352358
Source,02b78caed0f45120acc48efe867aa506e8ea60f0712a23303178471da0ca2213f5,0.0003630397598352358
Source,0211fe359e02315a97c8c7b2b7ae10efd1a3fe50c14ce19100c301584f133a1cfb,0.0003630397598352358
Source,021bfb2363a98407e0d01cf7e50c757b8831d058dd2afd469e7256f26c8c74d23f,0.0003630397598352358
Source,022cde66b39d815d2c55bb6c8296e9d5f8b21ecdf1689520c40a1cc4064f38906d,0.0003630397598352358
Source,027d93cd3761c200084865627020f1192282100df1fd02f33201558c4433a6b082,0.0003630397598352358
Source,029961e3c56d6a964c67d46ccb431298d8876ffe39e8e8fd377d6afa5e5c398ee0,0.0003630397598352358
Source,029ebf859f2bd605b7dc1acbcf14f68af639c94e0a534c5b778e07faef3cc8585c,0.0003630397598352358
Source,029f0a9a4fd29322770aeda71acb0c083daaa7fe519c8f9560950def0117ff837c,0.0003630397598352358
Source,02a4d6945b37d9d6df741ed9c959bf9dd3ab047dccb0001df744e5a114702972a8,0.0003630397598352358
Source,02b16590eb7248b68c1e2d958fcec6b3c2aa9d3dfea12053939682f567b618a7de,0.0003630397598352358
Source,02bb3ed0eff0529753f92769aef377f81760116f7ea84dda3854ae45e420dc175e,0.0003630397598352358
Source,02c134ab2d3747c1ca2258debdbc7a7bf91ddacfb9be45d84a0e1bb2aa273f12d9,0.0003630397598352358
Source,02e6a10c9047cc8957971b475687e074b7b0649a4fc8751e1e3f5e76fb8efd713f,0.0003630397598352358
Source,035686dd9a9f396c10ffd1c06ab90b00be28a5f17997003ec0b50e4b9ff408769d,0.0003630397598352358
Source,0358e461ee6344fe8b54d50117afc5666ea9f028af7fe3f6fb5554ff4821e5c654,0.0003630397598352358
Source,03673de8d4526e7b9d10eef999b0d155ccb1623d287e59d2f401a34627bd60f079,0.0003630397598352358
Source,0383cdf2bbb0e92dee0684cf3d76d01fcae44597fcf387e05e822dddd31fe58b46,0.0003630397598352358
Source,03b4419e5cdd83650207cbdff7b703b2ef7a9a8e41167952cea0738914172811f3,0.0003630397598352358
Source,03c3c95ad84783246e526d1ce6a10e0e3f4b96690accbf5e5a75c349092961509e,0.0003630397598352358
Source,03d4a1ffac58a8ff20702a878af9b86bff2d44893b33a55ea6162e21d6438ae5d1,0.0003630397598352358
Source,03303973581eeb3f3265eaca594e0eb5d492b4b2ffdd6166343d775aa3828c047b,0.0003630397598352358
Source,024cb7ef46b68d889a1b846d514603f537c42f0886c0db7f9273a3913ff3521f86,0.0003630397598352358
Source,03547b559694d1ec220b5fd69c88bb5b0d1ce332a1199947040da6aee9e5f99a6a,0.0003630397598352358
Source,030bec0fb4a5dd5c2dffa5f008210a9b7e0689ee4bf7ae15a7e52491c65fbf4ca5,0.0003630397598352358
Source,032475c0b56687c589c3409d0aa216178ec923a992e1e835dc01456cf88983ee75,0.0003630397598352358
Source,03ec9ee6920809c8ca0b51dceec432718035344eb1e6a146424842c580c36b1516,0.0003630397598352358
Source,03a2b708589efa96366a4de541607d0a57b07c22079c91d1346b78791ab7b276c5,0.0003630397598352358
Source,03d2ef9ec156a07c83b1c4da1e54564b50d20f2954bc535eff68894967444efc58,0.0003630397598352358
Source,024beeb81499eb268415eda510da4b7826c086546dea4147efe64f04c53beda13c,0.0003630397598352358
Source,0353033ab063a1980a0b92e204436c0ce0419a5bf531296a23e133924e9cc7e457,0.0003630397598352358
Source,035178f79dc627d8c2125c631eaacd92157be82bf9486be541b9a4914046e3a714,3.490766921492652e-05
Source,0304b2ba507036bc2d128f287a3f13c97d12d4e7ab076d889efd5120257efb0cf7,0.0003630397598352358
Source,0281dc59701f94080d6874590b81dc8a6d0b50ff4913d75d7a7d1ed98e96d415b9,0.0003630397598352358
Source,028ffea132e7e1d8e5191f7f4dfaa6b5c20509a6c668111b62c21670ce53139560,0.0003630397598352358
Source,029762a5d8f166427916966c11d257a762fbd28de775b8aef8380baed0a3dd2991,0.0003630397598352358
Source,02f5a998d3fdf923bbe61983ddc8fa4f8eb8751c6d16d33422dd021b13e4ae4b39,0.0003630397598352358
Source,036ea2c67b0a4c9c7453714abf4e0fe7fe415f6c6fe84234718f324b8548e7d29f,0.0003630397598352358
Source,027f77a7680a769895123419a5ff6466f93a3711f170e87ec9e434cd63f76abe84,0.0003630397598352358
Source,03ba300b423f2911fb6fb680506c95841b8fcd3718f2cfe2afe88e4940b558c347,0.0003630397598352358
Source,03deab570615ad04c8f3fcd0dab7ab5ef14eae944a6e538ff03034ccd9caaf0858,0.0003630397598352358
Source,03af7fdcbc26a572407b2d71a25adbced7929451414dd19bed5a43c826cadb8570,0.0003630397598352358
Source,025fd609e5146a723f1fad7383884a7cb91d7fc68de1a72e598cdbb2ac1766553f,0.0003630397598352358
Source,024b9919d78269f11e07e6ee58ec3a545347eb49ef56455314f8d8b06e05d1f6b9,0.0003630397598352358
Source,03def7bf7ff97aa6e0905b7f6958701434f0290629ea25de6f7f6d9cda935147af,0.0003630397598352358
Source,0246bb067a82279cb2930cacb9782664f31208cdf34c1941b6eb1e917e11ed9299,0.0003630397598352358
Source,03bfa5906e81b29b1564f24665636036419019bbdd1108a438556dd8ad7580daf0,0.0003630397598352358
Source,02dda24009e7ac8f7f8d0074e831f4a5e8ff5a8f6f72e069c798f5feb40ceb6227,0.0003630397598352358
Source,02fde528065ac5be1c82c309e46475ab0d2dbd7beeb90d85dd1cc87cea2680c2df,0.0003630397598352358
Source,035bfc9299763898e0e5910846313856435a2a236e7b449a09279a341344c3b77a,0.0003630397598352358
Source,029b17d9d393bb0a7db2cf14f96309b01e764f0553a5a50791e6d55202d9279191,0.0003630397598352358
Source,02bee7cf56231f507ad97825fd0793c706ac55c121692a17393fa5b73b9c83263c,0.0003630397598352358
Source,029d48dc90dd482d3c71596b9ec1591f2f90840f8a33f4063c4c8891d41376b40a,0.0003630397598352358
Source,03b78879ca0e2620f2759beb324b1409ffc56893ff091fa0e0578e121296a6fc6e,0.0003630397598352358
Source,027ad66151ed7f01352ca1858197c7785edd6c9566664db7b73914846c86dc7026,0.0003630397598352358
Source,028a4bb9edd8e0bac30555f0f1aa615383581976ea65377841ab75debac171b049,0.0003630397598352358
Source,035f60843c305d3b2c5e4316ff9072d26c837a7355ed9b6a6272cf635f3e211283,0.0003630397598352358
Source,0372d7ec4f62999fe23b25e0e6c76a57ac9b0ac3bd6c05d7eabd87149aa88985be,0.0003630397598352358
Source,03db011a6ec901fd9002e403e69340516bddcbe2b5f31ea4e24a1bdd0ea9061502,0.0003630397598352358
Source,02c87de4005ec7d6256be1a018c9693ab18ec595d87cded5fdcff72c86466059b6,0.0003630397598352358
Source,020dff8fa823e26d53701ffba52d8d1c832460d5dc459d796a1daca28b6a058761,0.0003630397598352358
Source,02cb49a75cdfa712fba920066d344704dba045d95e19510877c0df759588746fbf,0.0003630397598352358
Source,02a31614a041bb3e4dcf0de8bb15751dad0155313caa54f8a4e4cff7a531160693,0.0003630397598352358
Source,03a7fb52da76a723f7e3cd5d777c0372f1ae1217c82a60e15d12b74089b3d82724,0.0003630397598352358
Source,020e9d8a93145f183f4f974ee4ed23cdae80f6ac968ebec5f51580726ca07be132,0.0003630397598352358
Destination,0239a9362ebd05bc5b3316d5bffbcb16165a4efcb2302e5c2fa4663f952858e526,0.019199218068209584
Destination,02a49e170b9b5c0d4f4b4908da6fd797186f04166a0182f37ea87fb8523c3646ca,0.019171291932837644
Destination,02dd4a9cf224e290851f6af83072e2496479bdf4b65e1733e92e24d42a0ba89a75,0.019618110098788704
Destination,02eab7f76d938d7b28e6cec10c4b0f3b4ee24b8beb7eb6b66a2c623bc5829aefc8,0.019213181135895555
Destination,0293952cbf1be801ba5d73ff34a950affb64fcbfe2d0f46ed0b32c468874aa0d57,0.019157328865151674
Destination,024b3fd205db7b0f84b292173900cb423cfdb4c5bd5a889a462b7b1e35394f056c,0.019199218068209584
Destination,0379221a4051d4171490e43e4a09e218a02941f06996b71cd814b290da08ad5f7e,0.019213181135895555
Destination,0342ec03d283d1ab1d36fa20c8d1122ea19ef0e65c27e99414ab5e24d700a5e7eb,0.019143365797465704
Destination,02ae4cde808ebee3684b7107fd337b1b05a1f12e92467f12c24cfabe5b75e36152,0.019199218068209584
Destination,03581b22146814bdb82fe94e8b0a4e2a63e61f62f31bb51e44c3e06d15fefd90c9,0.01917827346668063
Destination,03fa3179f8f023b022b39286dd7e4179e362acdc295e32f522f053209da5dcb415,0.019604147031102734
Destination,03f6af4cd86737ac121d732d1fe6070785de274a41fed51490d21d812a148426d8,0.019618110098788704
Destination,03f2e0bcbdfe16595d03fe3d02534ef46320662d73faa5b8b126a96adec4ed1eab,0.019618110098788704
Destination,03104a869365cf9f22ff37287d6a830a87b6bec8febeb7f08360c09c3723488c62,0.019618110098788704
Destination,02c303b46ef8f95b799211e9112dcef59bae6a5af6133d333ac5ef8194bc8ae0e6,0.01917827346668063
Destination,02f7ff310d5c6f97261b32197ceb1e2d6e466bc7cfe2f222c6fd2685544a81f8dd,0.01917827346668063
Destination,039f83de32e5273e7e92342ce10e04bd36062f6eac1d140898b1753a5d876d343e,0.019213181135895555
Destination,02ff0713dfc6191e69033895098837d46823ba25241d6af1e896900f1b20f6cbe5,0.019199218068209584
Destination,03424eb6f238b2bf29819252fe84b7d0fbc26161f21245a3b487de30f9f7298f0c,0.019213181135895555
Destination,02f4ddc559bc1796d3fe1064e637b9848f7817a82c9f73396214912f9d21db2301,0.019157328865151674
Destination,023c52a46c4d8b74d24b237682b4c1b982233a8e5c8575f16cda965ebcbaa95c01,0.01916431039899466
Destination,03ecb39d80deaf6a934bac97ba514ef9709560e765c6408fef3ae8f9bc2c9f5854,0.019213181135895555
Destination,039f84a3bc738d14d0ae48061f6fb2433822d2ef2b6359c8bdfa4f399d0802275f,0.019185255000523614
Destination,02e869c409bd62ca84e9306ad96d9daef3b2b31a1c777b501fc55f2c09969ce1a3,0.019199218068209584
Destination,02656b7abfeb4065ca1b52310af76750e769718b2b0dfce1ff4f07fe5cef3c3ff8,0.019199218068209584
Destination,037c4745d5b32e63f1989781c825d5e00798ca9a148455bfd36ab94a1384ec7ae8,0.019199218068209584
Destination,031f3b9c62afed62f9939ac4abc28dc4bf70b198a8410b3634e5676462f5932fa6,0.019199218068209584
Destination,020e85b16f267cd0128c505101047308768fe240059a89c0be6dce3f500957bac7,0.019199218068209584
Destination,039c66f4f373358478622683601a5835aa8a5f53c2da1a25f1d3af0b1dad0c72bf,0.019199218068209584
Destination,0247f333757d8767d90f92c633c5676643f4154f0cd82bf34191a5f0bed9310399,0.019213181135895555
Destination,02f852a968c58d5b642a6ca4aef4ed4fb89cdf7a7ca1c09170c3a94ec82265d13a,0.019213181135895555
Destination,03f311f6bb92443e93ee75af7b8cabe0b8bd49f7eaa2757086124c1a75cbe2bfcd,0.01916431039899466
Destination,02254eb2809dcbf40f62ad7f82ce2809e03b0714ed2107de6a687812b130a2689c,0.019199218068209584
Destination,03020d74b997ca20ae30d54387d7f74ffcf9dc3b54586e79936f81fac1048b569c,0.019199218068209584
Destination,039ac95a95b56190ec09888ede3618a4b2b8bc91e0423ecc55eadeec5c86218a67,0.0191922365343666
Destination,03081546bafdcf2ee7dfc7c77d85862ff7c5bfcf28fd23a904a7e0aa6bffe1f9da,0.019199218068209584
Destination,03b5ca2ceef3572eb4b8acfbc7755dab0dce24ed790e6945339cfcbe631e838600,0.019199218068209584
Destination,03388ca1c623d5fb9c9983bec0962b43c26a0a7793f1e60be508d040811247c4e2,0.01916431039899466
Destination,024ee5d480d68ad569c6cebd29c6bc0388d4345111c1aaa49271db695a595566b0,0.01916431039899466
Destination,0273c78077c749797ea4fb3dae572197d3a04425ace0f97e6e1b4dc1e85e250f9e,0.01916431039899466
Destination,02533dda11cb40f684e4510b04e5cddb93c5b5d5ecb03698fd0b2c20aa8f897966,0.019199218068209584
Destination,031543e96cae326221d132740c0cc58f9a0a16b8f7d3df2ebf0ecf01e9aafa4503,0.019199218068209584
Destination,03d629680694b563637bdc3c4a8f384e4a521b69b50ab85e580a709474d0c67771,0.019199218068209584
Destination,03449f7a53a92501b0ed80da24d530d525b0d08121a7bb97c370251780b75e11a4,0.019157328865151674
Destination,03bbd4af075415957884548b977db06bcf9da45a967d8cff8cc40fa2d34f0c13cd,0.0191922365343666
Destination,02bd8bb9503b9dfaee9b32d3546548d7dc18682d53bdb9fb1b1a7074bec114202e,0.01916431039899466
Destination,0261c96a2e4b187f3af17fd4a087568639b6f8d0a10be6fe37942c8603e841d009,0.019213181135895555
Destination,0380d6562d213debfe59909994d4dfcc2806e0c79bac23a8fc5905c22960693310,0.019213181135895555
Destination,020ed86a443a5c05e89531b0a7f8296b43eca95fe39bdfeccbed7558d6e12aed7c,0.019199218068209584
Destination,02af2e475fa6410bb89213eadc9de4cda72a5e9653380a42fdb37a917e1f8364aa,0.01917827346668063
Destination,0231eac2d14b4ff7de695fe3118ba1873d051782a33683c137d98f817a92de7fef,0.019199218068209584
Destination,03be89c5776358ca6c75069c77b7e41e62271e01a7aea717d41c2dd8f29a43b76f,0.01916431039899466

Summary,,
Most Probable Source,033d8656219478701227199cbd6f670335c8d408a92ae88b962c49d4dc0e83e025,
Most Probable Destination,02dd4a9cf224e290851f6af83072e2496479bdf4b65e1733e92e24d42a0ba89a75,
Average Source Probability,,0.00035587188612098535
Average Destination Probability,,0.019230769230769225
