Type,Node,Probability
Source,03a5d0db685dc1d6e493f77c964327cb94487a864cf24f5da47e914dd132773383,0.5
Source,0360ff5cac24886e4469e64a685694b1b2adcdae9c4009e0e250a469535da7871a,0.5
Destination,03864ef025fde8fb587d989186ce6a4a186895ee44a926bfc370e2c366597a3f8f,0.00034211426616489907
Destination,03f2e1a52f35cc0bd3cfda53864cd663b98345688458761cf039d57f22d1c4347c,0.00034211426616489907
Destination,03783fe0ad682e695e1d132df84222066d483599b5b49b879a7c6aeb66f57adb56,0.00034211426616489907
Destination,0255b0812589b3d10657655394bea298cd9f2033d9220f313607eb495291f2a729,0.00034211426616489907
Destination,022a7809052db05fde648391a53aba82286e4a517cff1dd61d52cc58572f481a3b,0.00034211426616489907
Destination,0273bc69bf6028789b0dff54ba78c36f846c455319ef3834d5a353a379fa4c34d2,0.00034211426616489907
Destination,03c9899d5325f08ff6d1d711a1832041172cf0c11014d1010d8e0abece3a7ad278,0.00034211426616489907
Destination,02ea01e2476f9c6c69f720e369aa302b43e5c101423d7a5dc9f0e5834d1b152fb7,0.00034211426616489907
Destination,0377c9f9105f3decdd06962f164001982de9f26a28b1f21a1a9ebcc160d13e6574,0.00034211426616489907
Destination,03df257120256b5f0b87d25659946d42067a094c765bff830eb66d6ffba6f4d5da,0.00034211426616489907
Destination,034745a4188e25db811efae00ed6428ee83dd840fd6c6161db4865d5517b2ebfbf,0.00034211426616489907
Destination,033254519c33b0b86ad8796c44cd8a04b3333149881d1453ce963c14e4af910099,0.00034211426616489907
Destination,0302dcdbf91e5bc2cf349d5be50008ae82cf4fa0c16dc8965367a43f0563de4eea,0.00034211426616489907
Destination,03a9bee7638c96a67333f9cefece0e80c9e16a90b7c2fa3b041616e5d59f7bc64b,0.00034211426616489907
Destination,0396cbb6ad2d46c372693ad375e2b1cb22c5b83046b712cfb37319ae3d26548193,0.00034211426616489907
Destination,03d1f177dbfe2ac9223b46b15fb0f92bdc6ff454cd48e80c75ff9901654e03ffab,0.00034211426616489907
Destination,039c1a98666ad4cf4ee5e7441a220a12a838dc8d5787ecfed29824280b7ccc7852,0.00034211426616489907
Destination,0272f23607c8c78b8fc2937e6a0fd8538938eac3b04191afeeb9ecfdeace7a34a9,0.00034211426616489907
Destination,02856d85fbf903d4b2bca3522a3feec72d0b3625fc2221340d164e63e4b656dcf2,0.00034211426616489907
Destination,0330e0a4e314681b739cae329cf93d5f56469b256b46f834f599eafceb8b081be5,0.00034211426616489907
Destination,026844fe6d8c9dc51a291f67cf50d6236d4ea92abd665cbbbffce4cc9e49edd481,0.00034211426616489907
Destination,02fff7d04272591730b0329bf72a095ceeaf3eef24b6a30da473b976e809d391fc,0.00034211426616489907
Destination,028d0312d392b6d9b6cc5dc6b41e229a8e1b6d00b82d8b72bbe58d17548ee77f46,0.00034211426616489907
Destination,025d780b5d74120847aefe384e2b4a733667743d621a9eadabe661f76ca5d23d7f,0.00034211426616489907
Destination,021038bdf13575ae9783e547fbe385ce9a9e8ff7fb2d9ecfc557fd863745c12b49,0.00034211426616489907
Destination,039b1e8092e8a992bc960376c01287b3b3c89c502084d233e2881f0cf911bd03ba,0.00034211426616489907
Destination,03cefb509dfa1c7d1a61e673546794d10e1de427d7789c8b135651dd259035ef71,0.00034211426616489907
Destination,038adf725da5c1f08815cd22fdc575bcea8e59b36caac89b1818d2729294fa792f,0.00034211426616489907
Destination,0249fe70a49cd5c6d6e28697794af388df0422f9f66088427e7e066b776f84088c,0.00034211426616489907
Destination,02eae5c16903ccd27cec355125f01b04010e6bd4814467a056017f28bcc2b32248,0.00034211426616489907
Destination,031a6ae5b1099430135cc47aaf927f078d014839d97840fb20c6577a1f71dc044b,0.00034211426616489907
Destination,0353081d41a8607e1bb8c56277b09bb4082722cae4b0a2339aa8b2b4d45618cbfb,0.00034211426616489907
Destination,022be6257c27afe5410c732d1f0269eabef306400725a277c5ffdf32fcbbb32c0a,0.00034211426616489907
Destination,0207ec5824eefb0731f88353ce9b533a9c2e7126991b67cc0a0fe9a65f4ac8b0e2,0.00034211426616489907
Destination,027f9a4a62e4a6ee29b1b64fb9fd752c5b930927bfe47623056c210a4d3eb580d7,0.00034211426616489907
Destination,021109721c0f5d60297cd26da4e987c4b37706c1d36242e1e402af08c468c5f47b,0.00034211426616489907
Destination,02876b10c763ec39f20409f891ed5dd0f42f4452421fcdb31780f16c0a9b5f1a0e,0.00034211426616489907
Destination,0325ee6e037c9a62a927597e3687e90b671365618a4998f17af7265eead92251e8,0.00034211426616489907
Destination,03802f08967cdd0dac6b008ce27881695c2decd7c91392c97fa4fc067fb9d024dd,0.00034211426616489907
Destination,03e0214c8ac4fa7580cbc2ddc1d71da9ccba6b3f62b3152bb0d7ef0bde90e4327c,0.00034211426616489907
Destination,03426bc660a4facb676490e6423f6b25a4be087a4e8c0003220dd1430c88c5e907,0.00034211426616489907
Destination,03ee0445de8b91acfb05688e3b240f4e061098ed4841564ada9b299a980780546f,0.00034211426616489907
Destination,03176e7cd539d4918c58419c6eaf36dba282b9b96157d670973e6c88ccee823c60,0.00034211426616489907
Destination,02e389d861acd9d6f5700c99c6c33dd4460d6f1e2f6ba89d1f4f36be85fc60f8d7,0.00034211426616489907
Destination,026b98870d9fd58ff96220eb0c1e80465d1950d7aa545baddfe6f370a7c3ed185e,0.00034211426616489907
Destination,02ea39a81e8f335b4e8fb3cb7087ccaa10931af880223f8af32a6ffd5a73b8aaa3,0.00034211426616489907
Destination,033d8c5e401b0e66a64dac12b68a575a811d295a5ed5cd5527b612141ecd9df38c,0.00034211426616489907
Destination,0317d96b4ac6fdfa3934632204498dd326f0da364d9d159d5d39f19f5b4668557d,0.00034211426616489907
Destination,03963bf932039bbb0e0fdd28b7901fe85f71983fdb2b5ce6de140419d59cbbd2fa,0.00034211426616489907
Destination,0212a407aa2b75b37ea243d7ef4f7ecd80f2f5f25e0ff847401446a66adeea9f35,0.00034211426616489907
Destination,03ae442918e39be539be65d61bfd383e7b958202cc3f754c9970656265f3722622,0.00034211426616489907
Destination,02b4a5955af2d3b0eeed574b8e3313a9f4b671e1b555926ff62181bb9d512ac2e1,0.00034211426616489907
Destination,0231aee28fad87798e7b702ec5184f900904446e5eace03030c4f61902f66cd42a,0.00034211426616489907
Destination,02756b06a10854f3d7a2a42239c1d9ab86c7a790409808cab194f55145829a341c,0.00034211426616489907
Destination,029c1f31132d20d8242a75d09cc96a77fbe88026acf292c63714835b2b6c42eb1a,0.00034211426616489907
Destination,027c873df1b32a869177a3742bacd5ff940d474d1802dd36d3c9d2003b48d72c15,0.00034211426616489907
Destination,0368462b200426c7f481d934233ddc5ad2137aa8278af370dc99b055f5c41c8628,0.00034211426616489907
Destination,031ed8dfb565fb4db6d856c158dcb7501847c5babbd4d1d23cbebe4112f91fd1cd,0.00034211426616489907
Destination,02b27ad518cbe2338558ad2a616fe0d2f5d633428533f4c2c219749c2b6e1215b8,0.00034211426616489907
Destination,0259bf03f2502722e0d8d90c41afe1c263a20af6f33040a1a549b27fb455eeccfb,0.00034211426616489907
Destination,03e7360ec83dfc9bb7de16b146ee0cc17b84d0fd510e3fc61d7e1747d10d91972e,0.00034211426616489907
Destination,03a00049175db3b3eb61c446ee6bbf6320610b048f028f472e29fecf05ed0ff05d,0.00034211426616489907
Destination,030e6af245da51ccc1d43d161c46df6d21099d14c6383eea7b49352e6e656509cc,0.00034211426616489907
Destination,023c383d93123ac596a0961ef061008bcb5c0d05358e921ff18aaaa440206fbee6,0.00034211426616489907
Destination,03cf0f690b296b1f3e0de7ac568fdd9a00029adfd8723a4121a64f6d115fe04a2a,0.00034211426616489907
Destination,030fe1e426098d3f9423f18ce6aeda899672985e8ffdb13d84e85e16eb48a53c74,0.00034211426616489907
Destination,0362d19cece3c4ef124e7f3c8191d9bcaccc37daa5a540e2789f95e0e67396dc30,0.00034211426616489907
Destination,03a11d273c65583d94799862fd6e13b445af1d6c86acc437b0be26274ad9d0b2d5,0.00034211426616489907
Destination,0368607efcd1aad74835fb3aaaa0ac5c1c29995a1a2f9aba8b0dd734bded251977,0.00034211426616489907
Destination,0309b984e585af52d4f95816d99eb9dcc62fdc1c3df4fd68865f88121a8d256170,0.00034211426616489907
Destination,03d3bfd79de6a82c1ebe79530596de3f7acf3564165f274bea6e4fe0d5f3617c59,0.00034211426616489907
Destination,02c48b179afd174184d316f910215776961abff135dee7f7b4b4da77780c70f26a,0.00034211426616489907
Destination,03e3a316db3f5fcb614af846edab9a4a73f58fa3eec24c6276bb5fe34ee64ddd5a,0.00034211426616489907
Destination,02e2897c6f393adc5aee8e9dab308946703cbc219e51fec511147d2c5bd7cf831e,0.00034211426616489907
Destination,02fc845f19505d6207d0f426ce40cd3a43dc319af2f32674465f1f428821f5b6d5,0.00034211426616489907
Destination,03cf99d284674ea9d07235a6fd519ee25fca15247046318d94ad82ccacb7b856d8,0.00034211426616489907
Destination,038a249a063e5e991992fdaf439441aa8e085b1eb02f7c596406c7e85203966e2f,0.00034211426616489907
Destination,02ced8314568af14bfa836908f8b6e86bae23ca6a1a3ad65c4be6367a03a235a87,0.00034211426616489907
Destination,0270cf65c290ba54910af70eb24d758945f1b712584708c1fd35112e16682c17d6,0.00034211426616489907
Destination,020cbe0029074ffe3546c6e6e74f1dbff74eac37ca7a60b3cc87f7ee2c83c0d789,0.00034211426616489907
Destination,023db4fc53bed872bf1f639b553c643c727461e5c2ad41c2fe525c5f4f9b747a71,0.00034211426616489907
Destination,03d86a51997203c1f7b22552befd9fe7ea78d6ecccfde658ea0042e8567b6906e2,0.00034211426616489907
Destination,03dc3180a32b1278c15e1756627f54bcf0128b3e6dcda10ef6c1876b55ebc976c0,0.00034211426616489907
Destination,02cb381d0c49305c01f0ca1eba475e30606b24d3307a0509ce0f9135c8671288b1,0.00034211426616489907
Destination,02d7c035eb4f87a40e5a2b1a14557e7e8c4636eef6dcf036e99b886a567a96ba80,0.00034211426616489907
Destination,03b4da98855d86b7cbe359694f93aef7b1416037d3bff8ea856a5439b33f9d7c7b,0.00034211426616489907
Destination,02df939275d8c25693316172f2921fa9e5f1252bf9c3ab1b236421b6019b82951a,0.00034211426616489907
Destination,020d6c7f7ae5b4abb0944656311eb1e4eb6a0ef877c4dcd6000c879bd9ab53811c,0.00034211426616489907
Destination,0254aece594745b70a0ee6729c649eef57c0b5020be8cab2f4d46ff175d9333200,0.00034211426616489907
Destination,02768cf079dbbeafc174221d377a6fc46fea6a49ab67deddbd8165f43950a075d3,0.00034211426616489907
Destination,0382cc8f395d43bc2b7c8f539b5ade513724d4653be4334421af87638830cadbe3,0.00034211426616489907
Destination,036ad2da9b057d4ac40f911bc4faf21ffe43bb84802e6cf948e447753488a7246a,0.00034211426616489907
Destination,03cd09745d8cd8c58f51538f55444abab3c3899210c52d1fa5cb9301f88be0a097,0.00034211426616489907
Destination,038199a41dff255d181371a735823a78429632051fa3f1e722c6ac20d89e1ce9d7,0.00034211426616489907
Destination,032d9f76e3fcc736734a0fae90fe88218f690c0e9e2d5cc985e5922d5d6767eef4,0.00034211426616489907
Destination,0341d0f04f9e309b191430a34ddab58184be611c2b9d5e6ae31f487cace2439414,0.00034211426616489907
Destination,029abe5ed9812e296379c97976428e06682465774a791089cff0fdc0bc04714bad,0.00034211426616489907
Destination,034e59dd95213f4469e0b5fe5f066563b14942ad979a85521b1e6967543105cea8,0.00034211426616489907
Destination,032d4257f1cd676b5fe8ed678178448a185aaab2de729062eeda35a99345e763d1,0.00034211426616489907
Destination,02987d39dda86bfcdaa3f3bafc3563e186ead9968d5ccb82f7cb7bd262a5c0aeb0,0.00034211426616489907
Destination,031f00ac5d4eef4896b19ebf44ae604ab95e70b080ceb386d4c20240ebea62992d,0.00034211426616489907
Destination,03305a714e271bb6cd931d7bb0277113a5052d2411d6789fd5e71dd0e5c3610832,0.00034211426616489907
Destination,03e74dbe3ff65cb6b9d7c82fa23ba17f1c34bcdf17121a7541b48f8088d3133d66,0.00034211426616489907
Destination,0289e3a0ae83caeae695fcf18999e99e2e5897cafe9cf35dcf6779cd06a1f1c643,0.00034211426616489907
Destination,0209941395e5a72a74ad3356a1ec01a11143d89c6a3bd62ec24807bf45e8fcda30,0.00034211426616489907
Destination,03825052101cd5402c7ec0bcb814141229b60faaeb0019f5aa599fb3384c909d28,0.00034211426616489907
Destination,02a5deaa47804c518bb4a1c6f04a85b92b796516bd32c4114a51b00d73e251f999,0.00034211426616489907
Destination,037b10000376f6f0250d5c2b8f0a6ff8948bda0b140870067e789b2d5f00f8e8c0,0.00034211426616489907
Destination,03493cf9581953cfeac6f19558bd5ae593971b8c8752104ce8d7f78f348c98e862,0.00034211426616489907
Destination,02c8277f6893096f0f5fb230aaf2b69f9a5fce86c6c2ded9b5e4e57fb3fde7d9f3,0.00034211426616489907
Destination,03175dd66a8519fe4f8f80922fcee05e6e4ab99dfd32fa66acf8bdca051bc70ef0,0.00034211426616489907
Destination,03b9ac17154c6ddb27c05ae8c830a142f4742a3de280941988085ae2fc711ef2aa,0.00034211426616489907
Destination,03cc3bf1e3eca891c2cb4b60344f62fe7021b7e0d530a4589a51252aa1c051f7aa,0.00034211426616489907
Destination,02967658e461369f01d929a14b6e7404b461a6210b183a060429944bbf67db2bd0,0.00034211426616489907
Destination,0200081eaa41b5661d3b512f5aae9d6abfb11ba1497a354e9217d9a18fbaa1e76b,0.00034211426616489907
Destination,03d706b2586962d41dfe1d81451ddcb2f18b47a619dd3f706426cbcc5c109fbdb1,0.00034211426616489907
Destination,02cdda98af6cf2d886cfa0940e35ecd8b3f6aaa8d9bdd0348ed6ce1e73a9886578,0.00034211426616489907
Destination,026ab669fa9be9451322ea3517d2baaefbe940923fd1a9a5049013b8ee6341062a,0.00034211426616489907
Destination,03b1c1fba361b72f3a14127931cecb21a4100814658f756a157a6e84f111d9e266,0.00034211426616489907
Destination,03f155f9e23f608e3eb825428124050376bcefe43087fdfd067e25eda9f56a729d,0.00034211426616489907
Destination,02132a03d8518b95e1052a8b3835756f9e40903baa87f9ca36d97692665e00eb08,0.00034211426616489907
Destination,0330c8a24bb4200a8f3b604f91c6d8f6bc7957596c01cbec4093d8040808e35ac7,0.00034211426616489907
Destination,031adb6adcb3ba0e0f5d23cbcb06e45cdf5363bc81c15c95ffe1ec8ae3831df66a,0.00034211426616489907
Destination,02de82f7de84e51269ef048b38880b8a1f838e22dd7322471bb6f46221c4565052,0.00034211426616489907
Destination,03ba54821a4e1178df3b4462085a4aa7c8a3768b1a2b6856dbf89a3e407c217acf,0.00034211426616489907
Destination,03f11710057e2d087c2610ef9fd13886c8497af95f5be9d96e4ae7b2d4b2035e4b,0.00034211426616489907
Destination,026c038a8d33fd6a8447fa1670ecbd688a3e2adeb1c4e64b29a91d5d6cd7bc6a89,0.00034211426616489907
Destination,03b58efa9e3757c48cd901fc6a7277e9ef6efecdf3f24ddf6e67de8280debc09db,0.00034211426616489907
Destination,02341c8f2a894aae98c3c813b9d9503d3535fe7dfd5421f7c09269f641f96ae60d,0.00034211426616489907
Destination,02cd41700af9a18915911fc596d11243e77dbaa822cb0925fa0566a454cd51f625,0.00034211426616489907
Destination,02a7f9c7f87d03be03aeee26beafed72f1a8323d111fa1ca7d11faf16374e38e35,0.00034211426616489907
Destination,032eb211947385644bf94a661f84f6979a3f9c4f1dcdc963bb70202553e26c449b,0.00034211426616489907
Destination,02862df6de32708d7d1dc3b9c96af9d359f22851549e1b6b938de91573ca23a028,0.00034211426616489907
Destination,0204c7c3957c36fbecdc6b3c64f4638fc030d5052ab13fbeb538b4b4e2bd1bdc3d,0.00034211426616489907
Destination,026000adbf4c4397d2ec7ba2e7b08bec4a5785d26d18cafb170f0884dd84a9fafb,0.00034211426616489907
Destination,02334b5e14ba6a5238150242ba8477eccaf6d9dca34ed5137a8eee402b2b3913e4,0.00034211426616489907
Destination,0329ee32cc545d5509149b4b8cfcd6b152b017c9c05f824f7ff70c9fa078533227,0.00034211426616489907
Destination,030d60e08f418262cd2a9d65e2dff026760fcf2c8db5968dc56da004c11c94cf17,0.00034211426616489907
Destination,0384b713f4879521634586ff2c1c6e0438c4bbcbfadd1e3addf0b40e2c4b77d01e,0.00034211426616489907
Destination,024094a59dc794181648a928e39a1fd2312ec02cf7e2b89c9505c04f4e416ee5af,0.00034211426616489907
Destination,0239ace7d127dec146939056be6951e2f08c85e9d4977c7c6642b109b28f0302e6,0.00034211426616489907
Destination,03cb05100616209768d3cbef43ceba65fdda724582d6c8a053625a484d2386e85b,0.00034211426616489907
Destination,0247e898d2e72acf6e386472b9b98467b11ca9fba7289caa6d658abfb6c97c0ba6,0.00034211426616489907
Destination,0312d61bdeeaf335423453dfb45bb9f091f8fa1459b7e99c21d43d47e5fe714fae,0.00034211426616489907
Destination,02681b2dc052ba2f3cc0fb5841255a3a209e2484bdf9f9bf1c72801366aaee03bb,0.00034211426616489907
Destination,03b7c661f965105e9e8220fbaf4bf3e70f24f30a384a2536e89acb5ebbd73e6633,0.00034211426616489907
Destination,03d793d2dfacb241ea8847e271e8f38a2cf0aa16fca0df137409e8c8e0845e12af,0.00034211426616489907
Destination,0329a46f4739ed70b1821542606a3b2a0e947f545968f62ac9c731e9036aa744a3,0.00034211426616489907
Destination,0200773d5aee6a9ee90cca37a1350d14def091b51b008e838c6d64671abefd4eeb,0.00034211426616489907
Destination,03a2d0d87c0ab21c9cad1c5077c2372abe15db694b6eb41c4bb8d9f9f8fe7d0496,0.00034211426616489907
Destination,02faeecc19423fbd8273bae9c551d4d0a385b98e2e2a1843bfb1da09ab65fcdbf8,0.00034211426616489907
Destination,0373ad758a334a0160177877b20df3f5a27667a75fc13b0b0c6e8e41879f3ef9a8,0.00034211426616489907
Destination,02b2e12caeae8c2a90e715ee556cf2bbb44ff15ec2afb6e040cb26ccb4d9217cf5,0.00034211426616489907
Destination,032381f925743e86cefb90087d1f20f7bf2a338a4b5dc80a88e0412c65ca7af534,0.00034211426616489907
Destination,031f84495923de9cad4521b7d1ad1fd115d8c6fd32fbc6df688b940deb2c3142e0,0.00034211426616489907
Destination,027c948a8beed67402ea9ed0e8366064cd4987d141be1a4bfabbe9582f06bbadd1,0.00034211426616489907
Destination,03a0c5423f3c437bbf0cb7b094d53d6aaabc5bbdb6c1e29c57ce2110ac6c7ff030,0.00034211426616489907
Destination,02069f944d9d863e15c0f9d3933cacc49400a1346e83de9f5d1396228d06872e28,0.00034211426616489907
Destination,0317967faff954b5c3aa3bfd2841618742f84cf263495d8ef11db4bbf64e544355,0.00034211426616489907
Destination,03074a8b53f02246ea06898c5573b3e585bfd8b446022831b3ee3e767fd7a2b141,0.00034211426616489907
Destination,026ef22854adee14aa2f8c4768f55f8649f8cfc6fd87399b25d9d9520d787c35c3,0.00034211426616489907
Destination,02d9d2c24cc3ff0fb34ae2e18ceddaff77d404646673e50b4ef9e2d61e786a2dcc,0.00034211426616489907
Destination,02b4c4fb80ecac3908eef31f390cfd5423434598142f254bf8d1c9db19d8e6f0dc,0.00034211426616489907
Destination,03aae9fe9aebf495ab565c29c498e9219a1d9694c379f67425b39d8400432afd67,0.00034211426616489907
Destination,03c904b0128b355a9084a0caeaf1c5f628ac410a1d1ea0227f912c859f513ae288,0.00034211426616489907
Destination,02570ce017069fed62d531fbcc46636c6c128d2aa24aa8c3c124fe084237d191ba,0.00034211426616489907
Destination,021053940184f66d73ebeb80049d1ce5c3fd176e9c290ff9433aa6f25d839c31fb,0.00034211426616489907
Destination,02cd0a415120f9340229aa6213cb6e2f44383efd826fb507b3a581959d2d4f8a65,0.00034211426616489907
Destination,0209595fc59fa632290399e1e1cc2990fc688bb1ca2fc80e367a34435818fea8dd,0.00034211426616489907
Destination,033d3c4a60dc0b37d06ffa61078e8b21113adc3117d417889929823d37e5782551,0.00034211426616489907
Destination,021b692549a44a6ea5d59d908aa8c14515bea07a4496e53d222c8f506a3aef82ef,0.00034211426616489907
Destination,03e2311a59e8c4e16e85929dd45b8cf12fb4f635f9cff9d01eadef92d8cc00db24,0.00034211426616489907
Destination,03ec0f5e7d84a5502afdc0da026a9efd22fefc3bd33727f776225733090d01d35c,0.00034211426616489907
Destination,03db76f0e63150badacf4f1cec2328a7d3c386ad8aa1e622dabcec9f6605004fb5,0.00034211426616489907
Destination,027238e81ed9dbcb437289ca746d974651ae42333a6831b9cb77117d399f0f0adc,0.00034211426616489907
Destination,02e0d706e1e571988cc3ddd946ff429354251c9803165c568c6127a6d7a8617aa3,0.00034211426616489907
Destination,03b8acd7655a1ebbbe9b1ff02fa3871bc6f2d7b064bd31f90feef7a951460e1b2a,0.00034211426616489907
Destination,033734899b470511a56566606cda9ccd926c58571960dfc569fa9412197ce62541,0.00034211426616489907
Destination,035b19eb912100253e4f4b83445593416dc73447788f828fa79a652447e88ba3fe,0.00034211426616489907
Destination,029105c73b8fa86f59b3ced5697bdb568e72aaac3ecded1fa6e3e0043f166a883c,0.00034211426616489907
Destination,02fdd97d7075c458029c76d147ed7187a1f667868d37417ac1bde2cc090cbd71a9,0.00034211426616489907
Destination,03f6ce53dd3ef26fa45a87784359c5221e3d6a39be7bcf9797129c117ac50ced59,0.00034211426616489907
Destination,031c624b716f0394d73ce76549a81ebd19612ed4426312205f0cca4dd2b3a0da05,0.00034211426616489907
Destination,0304cb6754fa272c00f4934e67a314d3c4d709086ea6b9990e740a393f35b96db0,0.00034211426616489907
Destination,02246b2b802a75946ce00f18df050e9ce3edcb4b57f303967f7470980e5834011b,0.00034211426616489907
Destination,03f5b5620bea104d91921b1effafe83bd0921d60b084b4e738b81d2e97e61f415e,0.00034211426616489907
Destination,02375a9ea813209a256f180dd885165c5af64c6cd749725a18b3db05858ed6a8df,0.00034211426616489907
Destination,03271d44374fae2581810d11342472764ba5e838601ecdb8ec7c8e60ba5f8e14c9,0.00034211426616489907
Destination,02d5850c9bed78d46763e863ad81b7c8d2d38c3462b5c80c6edaa0a77e49899f49,0.00034211426616489907
Destination,03fed993b272aad9707f55b56e4a3da2b33d871eb5e1708fee9c6b0903ef18741b,0.00034211426616489907
Destination,02833c2d518851358dcc5000b45ab0e18c64357a825f4c9a009bd725a2c39aa7b9,0.00034211426616489907
Destination,024038bc846a7febbf8dba84fb1982cecf431ba03ffba74c9b48a24c24d2ab066d,0.00034211426616489907
Destination,02d7120e248bb90972e9fadc2a3eb21bf7a1295a50b8d1611a5b7c5a91200edcd0,0.00034211426616489907
Destination,036f1adf8460c8abc7cf7c4316e77eccd05bd0ce474aa624afa1b93e33e1597d15,0.00034211426616489907
Destination,033187e026f12077a89e8f296b792825aaeca0ed077118f5fb5c6f2fc4e319b740,0.00034211426616489907
Destination,034b0a2d6f0a95ea05a9ebf1dd602b9367512eb3d134c606bae7ac2fb1457b7827,0.00034211426616489907
Destination,039780dd55eaf595381d23d16e438d6003269bd8fcb3823be528b66209e82009ab,0.00034211426616489907
Destination,03e05de453195c9b2d10458a810b4fb49d356e1269a5f182e39253afae8e05f9aa,0.00034211426616489907
Destination,031d9f1d7e81f7e9cf17aec7f965b420671de5b4fee0cb72274408a9206e09ba7a,0.00034211426616489907
Destination,02982d3a34caabf69f5c2ddf241878e8e685b463f70ebbf6c048588463be35d37f,0.00034211426616489907
Destination,03ac2f74e9dd0801891647261e661dccb0e641e75bc953c923228b806360a0f289,0.00034211426616489907
Destination,03a5c63b7879b42e120f2e2d690d8b8d8ccdc83356789fbccbecb1c9f075331938,0.00034211426616489907
Destination,03bd3e94eebb9d7297ac50a7149b44212348f6f7aa0cb1fe7d4da3ca572ff65e60,0.00034211426616489907
Destination,0267bb8dda0c06c9b1dd5c463b7170f13485ac7fa8013ce45d5cce6596bdfa0ea7,0.00034211426616489907
Destination,0303aa2b59c4eb13945e5d5d1d742e5b27ed85e891b815efeb50d9984421c34da8,0.00034211426616489907
Destination,02cf27f75dc2ae173b4443e351c21c000803ad02374076847198ac86cd49c2a865,0.00034211426616489907
Destination,027c675b5a01379ff2d8eedea32ea60fe1f8c321b5ee98f3ef968b33ed5264b554,0.00034211426616489907
Destination,033f6152ad78709985dc9bf7fbbddf2ea0255dd60c97205bb1dcec2db4185baa1a,0.00034211426616489907
Destination,0340c67d7ff2042071763c54d3074c5d207efe2eaf4d133fdb157d272ad4f136d7,0.00034211426616489907
Destination,03d4bfb8b8ee6daa76ccf8990f4db5895521c6b8675061f9d405b434a7823762b0,0.00034211426616489907
Destination,02de8a8a645bc2b01eae36b91d3c22580daa28e1f41e68131b5e9bc9bc2f3dd255,0.00034211426616489907
Destination,02a8a5851029e18cedd26e6d44ed39984c16eba8af753cc633ed0736a178c250af,0.00034211426616489907
Destination,0329f5884afa9c6167a11f8f50892c88a9d047adb65069cae436909900ff056cf3,0.00034211426616489907
Destination,0355157b4260b70c7f407a720c527a84e9522cd948e7a8ad92ae00773be52488e3,0.00034211426616489907
Destination,030ddb132052e6e8ec608655e9b0ffe43975582b1c3b2ff837d5ba36af943d6580,0.00034211426616489907
Destination,02552057dd53a6c646400c91d785d4ef2adccda884d8595b3896f44fa538b3d137,0.00034211426616489907
Destination,03f8a926f1c53ebcb3ae13c34e0f5968d9c666ae81911548c00d7fef6d4189e9b6,0.00034211426616489907
Destination,03b0bd9afcf51d7de20c5cff2eecd6b64be765d911bd765e6ace506bc02e677488,0.00034211426616489907
Destination,0378015105d688db09c0ee702b54e33dd6ddf269c66172c5512112b0a9e96a3e50,0.00034211426616489907
Destination,02802eb75dbebdadcffbeb74e5b8fcd19939950a1ff40d3da980d5a66020054ec1,0.00034211426616489907
Destination,0350ba80f5581b5b4a5dde57771e8fc1345b1091c435c43450b3f74cf264cb3677,0.00034211426616489907
Destination,032e1a65164397d45991ee455b19daa7ee2652a2e7f23d7b49863cd310a1f16076,0.00034211426616489907
Destination,0342984b67b36c1cca27c5e63d06df0d6cb850b1f5374bce362f7a688c5e19f8ca,0.00034211426616489907
Destination,037f52dbc69d5a7cd8e93c0a9da1e983fa800938d935aa9b8662f61fbd9c7fff7f,0.00034211426616489907
Destination,03c0073829f66fedef74735d159c3528b01ebb74f2d4e663ef388bfece17716862,0.00034211426616489907
Destination,0357774008d681e1d98245c521e5ff1f929c9be7e49ced303d17a68f870795e07c,0.00034211426616489907
Destination,0227e8baab7b4397a88ea2bb3976a7fc8f975aa4fc28ef9272a33b6a1291ffff63,0.00034211426616489907
Destination,020e575a044bb98c7290cb2d2f6684262245abe398829cb9d1a084ce42fc2abac4,0.00034211426616489907
Destination,03a724d1749f388c8ccc4114c031c02553003caf533cae77dc2001ba655c4758fc,0.00034211426616489907
Destination,0364e154e015741de52158c2498c6e03b57ec688ef1c2d953f541636968c5cef83,0.00034211426616489907
Destination,02f7dcc28e15c0b55238a0f7db02b2082b1c2fa5adf66ff96e79db8f7ae17fe7d3,0.00034211426616489907
Destination,03ad5562c0c8e6a49e2efb595ff8fa13a745133513ddbaf2d2f63504f92a475bc4,0.00034211426616489907
Destination,025ff208a82fcbf51c39b1312928f3fb75fd65efaed78732136e7f2f931397776c,0.00034211426616489907
Destination,02cbfe92960e44f0edf2330c9353a623acd47496b061817f96917a6269ac3f8555,0.00034211426616489907
Destination,036b3b201d2232f9f9305011f5f539bbaf66cc2145ff74e0de0de85df2637a138e,0.00034211426616489907
Destination,0360cc97ba752099eb1080c6ccf33e3abe04120ece04c1ab087760ccf3bd36531d,0.00034211426616489907
Destination,02ccdd849caefdd2ef8360f10813ed8247a4d063fcfffc39623403885c9dfa39e5,0.00034211426616489907
Destination,02f1f060e9e3013804d6458b9f734b092fa8eed4c4b67ee67ba4af65d00d431399,0.00034211426616489907
Destination,038f5b2058e1435f24a61ff45c3c0c9ce8901f0e970744a3231c7248cb1552ac0d,0.00034211426616489907
Destination,021368ec4526827bc0acfe8c1d0b684d7678528fafbc695faa517a3ab191e92c92,0.00034211426616489907
Destination,03d15bbc0b4ccd957183834adb1a04e8b28fb5c5d78d07012f753b931544df37d3,0.00034211426616489907
Destination,02ea63e45a8f201fb2884b9cb910f5b41cf7bb69ded286474c9fb27806c5c5dcef,0.00034211426616489907
Destination,02d895399133d203fecee5a462febe8d42d26b8b4de2461ab43943a56755f3ca1a,0.00034211426616489907
Destination,021d5b37197e000eff8ee503659958e0abbecfe2d4761f75aff6aab4b82d02a61a,0.00034211426616489907
Destination,029a5b4904dceca408a4334cf7c3ffa3e5ec51ac3bb5ba7023a94876b8d07ab58b,0.00034211426616489907
Destination,036befbe45816a771ce6958bbfe28f6a9585a66f8ad6471edcd6d6db4cc95a5294,0.00034211426616489907
Destination,026e87cec52f8433b38adf70a98b9e688aff9a680e2d5552afd629e499d6180fb3,0.00034211426616489907
Destination,036006e9eaa2a4e1f878c3ab0bb9ec7f7bda498ad081a303cb64c888d5f94e7271,0.00034211426616489907
Destination,02f36b2e377bac08ef4cb6b228255ce8c7ca2d50f613f3e1f875463dfe22632c7a,0.00034211426616489907
Destination,0332c9009dcb7b452d802b013488098f491d938521b45f3779ad0befb369dcb641,0.00034211426616489907
Destination,02d93a3ebde8d24fb3ce7b00d63a9ccd160de2a40c905e842920fb236aa37dc3e0,0.00034211426616489907
Destination,038008290f6272b6717c49eadef833fd6ee6bb29e1dce367bdf7ef0595fb2c084e,0.00034211426616489907
Destination,026ed0eca921f902ac534271bde0f3b38338b2a29328b13448fb076673c2b76d51,0.00034211426616489907
Destination,03887fb03e24c4f0e5b43868ea707ae4d5a63747b1564dc4b5869c4cf7139500cf,0.00034211426616489907
Destination,033033d0a3279d91c366c22932d1ef6cbc906ead5cf6d1687d81bb79217bdeca68,0.00034211426616489907
Destination,039235c2fcfdc758b5118edbbe4b70535e0a68650954b535b3fc749c522dc8dbd2,0.00034211426616489907
Destination,0390bea638d3af110069c49cd6a96caa6aab8323d0659f5308d090adf3f67c474b,0.00034211426616489907
Destination,02744a542a4b56b669a9d08e76deb70993c6ced7a16f062d7381ee5d0440d578af,0.00034211426616489907
Destination,02810d286574eedbd0ea00d2ee11e2b89212636f8466defe7d27b85aaaf1e6eff0,0.00034211426616489907
Destination,021b062d68e6b63734a559a40bf08997e6a9ba8df07e5b2bd198f7b344e8264742,0.00034211426616489907
Destination,02c0a7f2e9ba3f8cc61c5b438b9bb37f0e0400445c6ca89c6cc1da12dffca27b70,0.00034211426616489907
Destination,02e105b09d9b07a4fd583a3ad10e02d8a034b9acd4f1f9490731bb6a0eb8d6899f,0.00034211426616489907
Destination,02a7225838d63a99cf7f967805624d915775cfe96a5dfdd95f23b63ae157a63a70,0.00034211426616489907
Destination,020e185a68d4fee4a5637b481dfcb1c485b13600eefd0642bea01fdf3c2ec50873,0.00034211426616489907
Destination,03e8099849c38e036c82ab4b5a128210379a34e4da7abfde2420bd54539f3626dc,0.00034211426616489907
Destination,03f8a4e7cd9242109db317e6ae82b0147831e0d40b7bb4fa06367a6687155d4b55,0.00034211426616489907
Destination,0390d350f4ed908e42d7f7db15c751904413e8ffc61e3ae0b667906d71516dbe48,0.00034211426616489907
Destination,024a65932bdad1c4ef070289a6dd9f71b315e61d871b38c79339d0cc3d26e100e1,0.00034211426616489907
Destination,035f8eb867f7212f24565ff144afbafaef7ec1c44d3ba141dd80892f57bfed1940,0.00034211426616489907
Destination,03e941369cdef7b0afa3ee77ba8aaacc486dad218b5eec3a0ae6b2114a46a78df6,0.00034211426616489907
Destination,02c12363b0f977f2a23e4b9bb8555d2fd30a2ba9649e3bd6d9b00aca9569d43f15,0.00034211426616489907
Destination,025479debbeafca668da93958f227708a36e6fec9c82cf3e544b3cc59b44bde37c,0.00034211426616489907
Destination,020d01b5c15c94dc84eb3bf0402f41b073423624a2df35c88ee2cd6c8b4b29e838,0.00034211426616489907
Destination,021cf7e967397fea7a8fbdd1a9d1b7bc75d02a1e44de3b1fa70061fa481cbc3925,0.00034211426616489907
Destination,02c61e171140fc1aac5d3e0bcfefdc79ea954306dfa29265f02def849dc7e80419,0.00034211426616489907
Destination,039c1cd58831668e7fd2b89ff2a96fe868470e360e813f7fcf27f170374e6115d1,0.00034211426616489907
Destination,03ebc575bc5385f589ba396801d74fcaa90d3cba067315cbf3fda6e4b864e6af47,0.00034211426616489907
Destination,02a95cbf567844e9de906aa5764bbb03a9a4e7dc43c0336ae2c6581b93959a02b8,0.00034211426616489907
Destination,038e16b5d779735810ab39c95d4de01649c79deca3228e396ef0887409c0554627,0.00034211426616489907
Destination,0359a361c177fd16096e6d97f2c0b1ccd04ab722056303c6dc1d1b97cc4fb49670,0.00034211426616489907
Destination,028850b11542155adca4dfdd339b254b678633ed80504fcfa29920fef681078048,0.00034211426616489907
Destination,03d8c38bc942da6042c5d299275c46cb12eb060808eeca9fedf81ab6a3013b783a,0.00034211426616489907
Destination,029775aed2dd13f493fd7e1ea0a198e726b633e188c3c0c5c3465acad15fdba3ce,0.00034211426616489907
Destination,02a045759558b72d5d843d2269d1fb5fcc38b0abb685201920b1684c5d53d06899,0.00034211426616489907
Destination,037d1ae7759fc07370a764dfdc32d6b21d43bd4aa4096e4ccf5271745e9d497b4a,0.00034211426616489907
Destination,036226fec3acc7b4d3d05563b59c6b032f81541847e6c9eb7369c50e070d2f16eb,0.00034211426616489907
Destination,02ff2c9a69ab2bdae7496e41b248663a0fe250551eaa79ccb5cb92257e63b433c3,0.00034211426616489907
Destination,02e1a30f5761874a1f186cb9aaec08632b6a4e5bd8ccfb88ccf40f4db4f2828f1c,0.00034211426616489907
Destination,0280e49ace8ca07e8647b8e503a01fee260f32b08d7f441de1476467fd8cb9fca7,0.00034211426616489907
Destination,02843b54ef2f286f09dc60587ab1fa80a77abb7f4c1ff47fe1235f19e03bb1db9c,0.00034211426616489907
Destination,039ab76496a8856dc195a102e5edfa1ed7551df335dc009860309addebd3bc4283,0.00034211426616489907
Destination,02005a505c16ab5321e73f1efbd0fc74e2cccda04e67fda3a036438c6372b3c918,0.00034211426616489907
Destination,020fb206e282c01b30f77dfac0c111cdf5f3d0e234b90e2528752c05cd53d89559,0.00034211426616489907
Destination,02021711ca9152f342af9191c13c31fc7e47d5192dfcdd97b0f0632b0410aaf929,0.00034211426616489907
Destination,02574d4de238aaf6f382883d91001bbeced1f619cf1c00693bd8fa268503dbad1c,0.00034211426616489907
Destination,0355809648e6e1bbdbfab0424d590aaf3d2fb4964c6fafc672ae1e87bc844fd16a,0.00034211426616489907
Destination,03d921b4c9b5a5f155e70be01b340d99117896c4fab9efdfef71ca9999d059862f,0.00034211426616489907
Destination,02f1962328552371769881a9f49c192c0df261f3e0bdf4cd68a4f6d449cc6fd4ad,0.00034211426616489907
Destination,03fcd190c8473cf877b356f040f4319e2dc475a6d2e801b2d31125b9966217a060,0.00034211426616489907
Destination,0397ea26c5da04733b9699b30bb9e7c0b3d9f2583be1f799a28c7db12f032b0daf,0.00034211426616489907
Destination,029ef8ee0ba895e2807ac1df1987a7888116c468e70f42e7b089e06811b0e45482,0.00034211426616489907
Destination,021fedd090dfca119ff2b4cdd5c91c027dafb738950a67bd39915bbf802b92cf71,0.00034211426616489907
Destination,022178d189661a1d96904a02f8696e6ec2f9a79cec54514ff638e9ce74294c4a8d,0.00034211426616489907
Destination,0279130d1b0ef9c47029874486487991b88ab9cd4aa769c4921dfb3efc7109aeca,0.00034211426616489907
Destination,026865dadc6e1d5a9140ec5e0fb1fb79ba045d2c88f025c2018192dba3a82547db,0.00034211426616489907
Destination,022e9d43e9ca90ab8817f3581c0a34db186d83a1a6837ed61d6b08a06f79909ed8,0.00034211426616489907
Destination,034dd644c5b06f0e5845cd483bc8fc39ac3f4c85c7a73d83854324a3cd15a9ca81,0.00034211426616489907
Destination,03ed8f846e8eeadc1d2e59d4ec86507faba5061326a634e4e4897c81b970c5eaa8,0.00034211426616489907
Destination,0281541fb8be936a337873a652ad9ddd991ba1291e5d0d814367311f6c7fabd63a,0.00034211426616489907
Destination,02bce5d05690d07b3ba639828ecf0ddac9d1b162aff64c5dc3386296f60de61c9b,0.00034211426616489907
Destination,02ebcdd9187d70ba32b50de3aa23e4b72360f285484f1cdf96122bbf1c10e8bdb4,0.00034211426616489907
Destination,02a7724cf8815d185d292b413349fe3df3b577871c8eb29803f379409eea53adc4,0.00034211426616489907
Destination,02d0174302d68aeafc3d7bbf53db02cac059581a675af288edde5818347365dea0,0.00034211426616489907
Destination,02e93cd0a13203d290acbbc7ec538c93c63cfd8204a8a999a31f5fa395d935971e,0.00034211426616489907
Destination,032d976796d920976182da5a691b2370907110fba27d264bdaf04cff014b70de35,0.00034211426616489907
Destination,02739b6f21016c1218cfd0ce2d2f58e391ef77b84b7dbaeba53bd62d426cf25918,0.00034211426616489907
Destination,036c5ef5a5acd99a9a0a36f417a31c3226f8626bc37c2befe7e85d1a1c69c3be90,0.00034211426616489907
Destination,0272f1d97b9af2ef3ed4547a1cd104b761fdae2cfe156ee4b311cfc4ad85eb9a50,0.00034211426616489907
Destination,036023cca9e3d05a46eba1f6aa33627c34714a6de5b2841869c6f11fffce2a7f3e,0.00034211426616489907
Destination,039aeb49d81cf764691fcce0e1b5a0f43528f3d65337c2156d9baeb564daea3e91,0.00034211426616489907
Destination,023b40b208a9a25be7c6111ea99b8ac213e5806c8747982fb9d0d856f87fd7fee1,0.00034211426616489907
Destination,03b58efffe1a9e73390221863d29d3d1532963c01ce527500de0d7cfa9383627dd,0.00034211426616489907
Destination,036e84a061346d6430f838a431c16895905ffcdbda115f0b763451995da5347b1b,0.00034211426616489907
Destination,031f164d5811b6af103b815195c5428694bad2c71665b25321cad498818ac388b5,0.00034211426616489907
Destination,0396f67efca57912e65ab1d7c877e11a8ed7d78242bab70822db6f6b6cc8720736,0.00034211426616489907
Destination,02a80fbf917ef6f6d47fe764114bae9799807e0169b3d919ddfe4cc49ed0406b88,0.00034211426616489907
Destination,03b26f7d9708790c7947c59baa2cb185a9a24a3a1b320e76b646dc94b5a52c28c8,0.00034211426616489907
Destination,0262d23d13a361f797a66b83881f6f712d2e064807b301a7b247253d1ce5a566c4,0.00034211426616489907
Destination,03ae30aa8af2e1c34a5502ebb8a2f3974644374d6b239b2943af1e902a8d3d2322,0.00034211426616489907
Destination,02ba604ebddaf9d719fcdcf74bd94f1e9f36bd6f1b39c2ad933959ec6b46bf80fb,0.00034211426616489907
Destination,02ef2a2144de419b66f490ab3e91f0139afadb5f7c4bdf835c9e222c7e576c2597,0.00034211426616489907
Destination,03f293d12737736d6aed764167f6a815811c225f21f9fd94610b00f44afc9f776f,0.00034211426616489907
Destination,0284b5fbb91f14d90f71e83cbaeb32f956c1b1740e4b762258e3da565b5e1450d5,0.00034211426616489907
Destination,0330741400986729410dbed8dda38564d3029db7119872f34f1a0a23750b46324d,0.00034211426616489907
Destination,03c355b9b90d4f6b85af4624d728a729d67e04c39d1edf7393492e5eb2e0f89543,0.00034211426616489907
Destination,031d1d31d1e6b6610b41773ab4602c96e5347651d19d117f5d2fbc9fc98f7b9e6e,0.00034211426616489907
Destination,03ff1d4bca094d1f47729a7ca7b7580d6274dd6ab87cd953c4cc38090d1cc87ba1,0.00034211426616489907
Destination,025c0a0f6700685017ddf41cd1633feb2a4fb626e57235ff2a69635dc4d46c1aa8,0.00034211426616489907
Destination,0250dd2909456bad0ba942df21c85a02eb80e1a3b66ee6ad48a3f6bcbe999dd43b,0.00034211426616489907
Destination,0205175f042b46aa68ba5c213ce98c476021efbfcc9b91f5103231f61b023d25b1,0.00034211426616489907
Destination,037c3e478246066301f381ad83b8e6abc0105332dec4b8538d1708a18c77089d33,0.00034211426616489907
Destination,027133d09a45c9bd5109d5710e60a6c0f272c8faf141a6570c5074b8f20a093207,0.00034211426616489907
Destination,03ceec727344da88d1dfca6201b6e4c188c6ffe8a1a829744dfbc2d832942d1daf,0.00034211426616489907
Destination,036754ace92d5c07c0e278d5c87dfb2a12f36c96caf16f5659076959ab0ea51e03,0.00034211426616489907
Destination,0268fe7c58fd37fd67bd26e8d1fc4fcb207d19349d182cd173b5f891d91145900f,0.00034211426616489907
Destination,031f684117a3003d2603f6fa913147fa316fa2ee719c11994c64f984e7431af8ea,0.00034211426616489907
Destination,02f0b52ca841a2cabe8b9852e5f9bf34697330e5a9f3bb7df25844e309bc8f67bb,0.00034211426616489907
Destination,028822691bc2d9a60d8ead9ddecd2e00b230f1b01536b06a5303310f25df45629f,0.00034211426616489907
Destination,02df601e84fb432da71c333e5ec65d137195442b28403325c190a700dfb8875d59,0.00034211426616489907
Destination,038545ecb3c80db999140d82e457ec903ea4f205bdc64209a983cfd9d63787da0c,0.00034211426616489907
Destination,027f0a6db077487fc415493a71bd914b5e9f058e92aeb29de5db12954a176b245a,0.00034211426616489907
Destination,038e8396a8ad339224c7bb055ed0f00490b3cd83775351102d88de2edce3621dc9,0.00034211426616489907
Destination,0231db47b1815e2f021ce5fbd6518d07c50d1a4ec07c2d1a273e17b6b12fc46d7d,0.00034211426616489907
Destination,02f9f614c55a0813e1460a08b86b08ebb87d543745c0535e09f684e681227f54b3,0.00034211426616489907
Destination,028648b4891ab197926e10ce10e7ef013937cfc05387ab6629e76918fd762922b4,0.00034211426616489907
Destination,025fa109a445cff3a1041bd860d55a1f42ec4897039407cb2ca194ddd34d63279d,0.00034211426616489907
Destination,0229a627f0acb9a0d4c22c4abc8f79710a7beab153956318303f8780d02ede95e9,0.00034211426616489907
Destination,0220edb1d15d1dd6e3c57d8822d00fbf2a9768060c91c5eeb3ce8aa56f42342426,0.00034211426616489907
Destination,0207783d466310518bc651de86e3181354fcc06fa3a0b1a08b8a942b8080165c0a,0.00034211426616489907
Destination,0365cdc4691906370e6ea973e31d200c9977151f297fb90bd49cfc479a5c9f467d,0.00034211426616489907
Destination,022d97ef3ae9d5fe6518cdf42336f7a5efd31d18389cc2cf1e8ae45a54c388160f,0.00034211426616489907
Destination,032a54b1e9cd2ff8ec5f58915a749cf074e957006e8b4da9c8497fed4b6c6f88dc,0.00034211426616489907
Destination,0249528e8e0ae41dffe6186d4760b79caf5851e0642f94f335069f1da4df5c7999,0.00034211426616489907
Destination,03b83404feb66eca08b2343579c7ac09eccb1035ff07cee30a0551e071a9c26b0f,0.00034211426616489907
Destination,02c43115328a5bd4dd5870c4c2e129f0f19bdb685ff8c1727c9320c0c6f5636a2e,0.00034211426616489907
Destination,034a67ca719d0373ea66e1bf6f16242db228a7af109a69518b4a8ca865e9e89baf,0.00034211426616489907
Destination,02fe158eab31e2b84177fb378f2e07515e16856d179bacf746fa2bfd13ab1ab015,0.00034211426616489907
Destination,03e1a9ecc1b00c79000e59d8e4422e4aa4707d9d13b9aa60a758455b425a9f241d,0.00034211426616489907
Destination,031671ad09b7133aa271ef1ecdf697308569b3e2b2fe754d3cc7c45798fe7b4d36,0.00034211426616489907
Destination,03f6f94194e20bec90ecbe21f992a9e20ff66973940b71b2267d5be540817a89b6,0.00034211426616489907
Destination,03ed41643f4d335104ffa066458ba4690595faa63fe4f940e73a5ea5d713e43fa3,0.00034211426616489907
Destination,02c2f356abf89a5268a48f3f70f19fd903a793864ec34323f478e1f9bb3724a449,0.00034211426616489907
Destination,03d16eedc2c4064c0691d6948e56ec58468e622330602113797519a6819bc8b49a,0.00034211426616489907
Destination,023f88840786f8d54905062def41872b613a1e192e0c886871011c87e4a03e0793,0.00034211426616489907
Destination,02b66c6dd7e3f8998730e789f7b8be4b606901c614fcf732a22448137488260a47,0.00034211426616489907
Destination,035d476ec8f6572c7cfdc4fc4d81d61e1baf834138fb088d825a6cb053b566a495,0.00034211426616489907
Destination,02c5097bb37e94318b4e18a51faab68e764b234e9fb90b132397130e008d775d75,0.00034211426616489907
Destination,035c03874c6116312afd210dc0ebda5edaa5164c2296ee738937d10ff2a45916a7,0.00034211426616489907
Destination,03247f548316b1f29d6df47672695cdf911a4291a885137804f80a8c61a031b429,0.00034211426616489907
Destination,039627555b1c62168e206ca10a196b9d779e6b0b6dcdd3e1ec24f7502ed9ff8348,0.00034211426616489907
Destination,03df89db564d0def2c980503e3cac06bce21cee409e2bdfea35146a70c049535bb,0.00034211426616489907
Destination,03bda9f56ef2866886798fbf897a51e293e59e504fdbf5591635856ad549d75bda,0.00034211426616489907
Destination,0218335ba669f61f9eb6442f65e045a8ac8c524724dea9c3ccfb4bad2da70ea5d5,0.00034211426616489907
Destination,03d213f4115a55f0d0ab185434fcb6d3f119fdede11e901fe57f8b91d57ed316e6,0.00034211426616489907
Destination,03a9c8d5c68befdae5c0583e51e876bbe27a260024036a7dc8da0ffb3383388f65,0.00034211426616489907
Destination,0333b7764dc5e2bace3e9eef410cafcab17e19e9bf48176d7474d0f2b8e62822fc,0.00034211426616489907
Destination,025c33e788de5820e9f0ae31c6e7391dee639ea9991b589aec1e7313c1b7933210,0.00034211426616489907
Destination,02caa94cf6971801daa2a747dae96d87d0ca3cfc929ab301e0acb7d9883d6cdd95,0.00034211426616489907
Destination,0345f9d15dff2021d7cb1537314022893d3976a85bffd9ea828e0eb673fea4b27d,0.00034211426616489907
Destination,02b93ff3203195cd24c01eaead6fabff071f98f7cdca7fdc31abae279431f1b961,0.00034211426616489907
Destination,0224f8a99c01dae0fb027122e6ec07c2e298ba2dfe45b9a957f062b8648272b894,0.00034211426616489907
Destination,02ca29817bac5cac709cd90b5366abb4bd7a7cdae3b704163bb0d26a5114a1f390,0.00034211426616489907
Destination,0391c73babd29fb3ce40ef634f6479fe1c3a0f85ad0c0e2ced26563b172d7e1270,0.00034211426616489907
Destination,03c9419fc4ea899cafbcc993daa0a26d1ef60eb4098367893619a6218f78b049f6,0.00034211426616489907
Destination,033160724c4f2ab8bcc303137e8430906cc9a2462fa02d5d769bec2f4cd5a6b1f7,0.00034211426616489907
Destination,0387875d3a8de01bd83124666ba078d9ec610c2971c5aced02b648179c5b29f80f,0.00034211426616489907
Destination,02f41b50ea42c48b1bdd7d4d75e27d16f93958d0071367e4f5960a755e0a2067ad,0.00034211426616489907
Destination,02d6b13ab15548fbf00a5884eb64cd7c8e364cebea86608e5a60257ba766041165,0.00034211426616489907
Destination,02f24b8830cb056da6c5b7e9c0f98aafc97c9dd864f6e0fce0f8e391f3c5ef7f4f,0.00034211426616489907
Destination,020b7ead41d8cc6d80c6f152b67037ee8203e7226a44bae460beeca464d75a773d,0.00034211426616489907
Destination,02ebb3b8a2316b3e876ea3f3d8124a3ab97f30b128f619608eb06b5251235dc2d9,0.00034211426616489907
Destination,03e5c00309b869458f79a2f264423752ae14fc1b2f180ef53a0eca9e03c347e6cc,0.00034211426616489907
Destination,033dc4a3db8c558203d47fe15b0409d18ffea90ca87071b88560f87330e794aa74,0.00034211426616489907
Destination,02d0b1a625e63c4bd500db80ac711ffdd19014fdf986998662c3e27005100fa8e4,0.00034211426616489907
Destination,03729533776fc0269a7e6e7c0b32ad746d9207237d89cd9d6f608d54341ac9c69f,0.00034211426616489907
Destination,03c43b2bf06cad74849e599a8d3e36ac54defad9569751b49866f08b4f7ec52ccb,0.00034211426616489907
Destination,020c6155b41e622ac2c1b0285a52504ec9e0ac254f5a0bd6802043cd5f9b2e4a57,0.00034211426616489907
Destination,02ca3248eb460c64a3572c8c4fbae295cad74ddaee3a3814e08ba55d51111c0654,0.00034211426616489907
Destination,02965189e2bc026c023685c51a505476185e9851c907c1ea895a7ab31f5cff3c12,0.00034211426616489907
Destination,03710fd32f9722395ac453afc4b8eeeb145ea9afc3a41174e18af96fb62f38c8b1,0.00034211426616489907
Destination,03e33bd36531d14f1e9cba22c3ee158a070e27c6c17e367725168fecab9f93e362,0.00034211426616489907
Destination,027b097206d890b973bf8ff3486002308aa48cd6f021c6a3aa45c936ec4be56a4c,0.00034211426616489907
Destination,028a89f35c9afedfad6764ec7d32f9d058a702f4e6ecd8cfe327296fdceef6e8bc,0.00034211426616489907
Destination,03bf85d154d32b7712b3d7b0d680373928da828433ec27b756135f4f0c27ab9c22,0.00034211426616489907
Destination,03acb45f93c4d10c1df39ce3a303dcdf2c7e963b671a74ae8d5423b6bc6ef58639,0.00034211426616489907
Destination,031c6d6d6f241e253a4b7702a1cca1c3b822bb2ef1c99919a22c093e1a3b1e7b10,0.00034211426616489907
Destination,022f401b919719763b11670f1321739b50819c7aecef8419c85e344b1e0c97d414,0.00034211426616489907
Destination,027b405134210d0d051c28a8ca19a58bf2d4ebacb1f689402caecd902d1b2ee4fa,0.00034211426616489907
Destination,039600f149e81d78c14b2aecba9999ef773266525fb5ac8174ccbef6e2cb9c6166,0.00034211426616489907
Destination,031bd35ffdf9efe9488eec8ae606f6aa5efdc22c2090f7e2b66d8c8e41189a877d,0.00034211426616489907
Destination,02c0cd59d003d9850c548e4c0f390d38c48271579fae7bbaea2c5cc9374a0dc1b0,0.00034211426616489907
Destination,03453b5ef95c3b28c3013d708933e94db06f9356b9f198d545bbf9537e245dcee2,0.00034211426616489907
Destination,03683eb49daf605cf5a1d558a24813b03638f9fb9c8b9d1d246bdffba07ce3c7f5,0.00034211426616489907
Destination,02cc9a91fd72e7d114e472cb9016b73f81e33bc5c8f39de9d5fb62cebf0f7df381,0.00034211426616489907
Destination,02e15b1650f6d93633d96c3fbe213cabc4fe2bf65db33295e3f96354a558ab857f,0.00034211426616489907
Destination,0321bcb5ff9f039348e4522f47dea1cffb823631f3fe8bbdbadf349376b12fc087,0.00034211426616489907
Destination,02eefa0df220393744685187d89e96f65a1bda730e477c628f79fbb539acddec8d,0.00034211426616489907
Destination,036e0721b94f40b66c0aeb3ba9ea646cf865aac339dc70ca4361fd15183418f58b,0.00034211426616489907
Destination,020181e74c5c80bbb4b47f58e1e1012013a199989f61597d6fc5b4e386df79d3ce,0.00034211426616489907
Destination,02149688a7f2e395e39cacce9b33a55b44c8f04057a72bbc0dc8fa994507a7ce87,0.00034211426616489907
Destination,034ba5fc8291fd22622fefa7a74ad821d7d184be482a5115da1a4b07b10e205441,0.00034211426616489907
Destination,0347790b31b10e8c0f176fa3f0486ce1877e75908a82073e487dad1d1ebb1a0487,0.00034211426616489907
Destination,029664347c65b71900ee4edc585f39997faa6f93f744a976b2f720f2ebaa94ca4a,0.00034211426616489907
Destination,02153ca4cc9e03f036fc1ebb7b18759e9b1a288da4d489c4a333aa7bd5014d3b51,0.00034211426616489907
Destination,038b19417ee84b5469217efb333b677caec115e0298823e71148d2741b40cb62d1,0.00034211426616489907
Destination,02fec65f49fa55baf1f0f58ba5b8d8386e1acb37e6141412a845c58723e08509e5,0.00034211426616489907
Destination,02a834395d10072268931565a89164abbe16a5194b28c2e9295386fa14edaacf59,0.00034211426616489907
Destination,0293a87341870580fcdc7fccd875cea3bc91f888e6ee3f03324d1e24b0c92b31ca,0.00034211426616489907
Destination,02ae6cacc5ac841d8833603749114fc378fae4540f5047104a6274428f59a80219,0.00034211426616489907
Destination,0364356cf136034814e9f7a0c542286d65d94b20c72afaca9cfb1811656de609b8,0.00034211426616489907
Destination,036a320d0667dfedebaecb02833a60b58a59a60350a4958e87411b1f4c2ae5d871,0.00034211426616489907
Destination,0238bd0ebb46dea536169553fb05b25d2de9db1e3632d3355361e4dbb9edf88b42,0.00034211426616489907
Destination,0392243c08c24092167ab89c95c3ae3ad2c0a67158df4598597b3aa09b3d4859ff,0.00034211426616489907
Destination,0309372b1f822d4b6982d628b6d963fa51dd6c18007336ae4dd0b004467408396b,0.00034211426616489907
Destination,027c03012e294ba9abd92e40710f028fda5f021ffc6dca46ef438179c5c31ad79e,0.00034211426616489907
Destination,027d767231f75f2d062a062b2efe074c9361fd97b5f7c4c8fa2134b41cc63ecfdb,0.00034211426616489907
Destination,02b6458eb26f7997abb9be11c244bf44015f85c34710044a3902f3c46ed91f9d49,0.00034211426616489907
Destination,03d2c066c4b99a14cbe341658c09bcd76de7b819a5972500eac2e07dc35fe7fad4,0.00034211426616489907
Destination,034a92e825053e858f7bff0e8d6608cf520fa5da9d1a3d2c8502f69068e02e8754,0.00034211426616489907
Destination,026a3e50b43e60e4a4c76d840a7b28aa56d7c230d2fe545cf1612b72e1dbce592a,0.00034211426616489907
Destination,039021a5b9801f925b4cfad70cca14aaa257ea265cd994233439967311a55fa6b2,0.00034211426616489907
Destination,0310a4762503eba286c094776e0461845da6a0b8f48523543f2a422ea2830a8fb0,0.00034211426616489907
Destination,02bca5e545b5e6f868dd887653c16d57e8e177d433fe455e41db5b87d1bba7f317,0.00034211426616489907
Destination,02ab81bee578b3b09b636fcc5960c8628605532724cb0bdc52f48cd5271a5a6070,0.00034211426616489907
Destination,0382b9a7194d38283bf97566bff2f4c0c8c16646478541a87f30af14cfe3661222,0.00034211426616489907
Destination,02b94f8dd1d25ac262245c8d0b240e8e78c142183376b37cefe8edb6e0c6c8d640,0.00034211426616489907
Destination,03b4a569785e86378eaf6b685f649ba336be14d9a32a8d7812dcae3c81a7e26d84,0.00034211426616489907
Destination,034fb1f39d2161e078cfb6c53a49d758469f69342807f73e576dade06b0f5d7603,0.00034211426616489907
Destination,028a28a17bbe900b7126bd2671e931d64d0b98906a9f6f846f8f32ea95ede2e01a,0.00034211426616489907
Destination,02c94853a1e402c179d3eeb926c0229676965a80ebe9d0301b59ef57f15565a945,0.00034211426616489907
Destination,02d9496a1a5a0ff0ab5a27d3fe7fd0e441536595336b146d831d6d23a4876eda0c,0.00034211426616489907
Destination,039945eaddb2788f1e9422cc6b2ffc2c75027a797842d3febbd33ddfca65432c5f,0.00034211426616489907
Destination,02d310706cf17d14dce6ab1855668420e5bd5fbcbf4b2e4794477baf11eacd83eb,0.00034211426616489907
Destination,034a3f448d5911e531e3862c37c949dc41a4f94f8c4220560a582326d264b983da,0.00034211426616489907
Destination,036fdf30295c3d9c682f294de07a11c65c40fe86a721cb04b061e7248542b01eee,0.00034211426616489907
Destination,03d0a721d9a13d15a9fda3f456e815afc680e5876695aabb0987ab9c151033c2e8,0.00034211426616489907
Destination,0307c479b7ce720062d031f3b6b5471c05f46dcaf099901cdf345d0309cb4a718b,0.00034211426616489907
Destination,02bff5302df7932175d07ed06843f9cec58382a40e9d6e08e3c4e510ccff4d7a01,0.00034211426616489907
Destination,0318f775d0b7624302ba448cec6e35649b68ed165bc0700d6cae43e7d35d17eb96,0.00034211426616489907
Destination,022fa4a3d76c4fe8cdabfc896e5bf5605451c724c7cd4f5979a7c0fe2957ba6197,0.00034211426616489907
Destination,02b676996c0c4686f175d040e915d2e962b19bd92d4da8cbd49e7c9f65dbccf5a9,0.00034211426616489907
Destination,03f8b973b8c576e93d5d4b1e1c5c8384fe1f89aa9de198fbf5619437889b21a644,0.00034211426616489907
Destination,036a67c7d200918d2a917f535c25543c9b76ef15667c711fc19f2ca4889d66c04d,0.00034211426616489907
Destination,0360c5a6a875886b1b3141d2ccc0ca77a61130107d0eb13c7a0638c5b21a046872,0.00034211426616489907
Destination,02d7a00331d21b4ed01315911b772e7b8f4f8f579db1b6ce69bf3c1957799444ba,0.00034211426616489907
Destination,03f100591b9cc2d4fecdacaa555712c14aeffc281de160b6a4906547aaadb2ee61,0.00034211426616489907
Destination,03aee1c8e5b11b25934d5a4e941aef143af279c033e95abf2e36596bb072e35dbf,0.00034211426616489907
Destination,02fe66dddb3f74ced0916989d5ddef13f8ed839bba67259597da501cef84898815,0.00034211426616489907
Destination,02b5ec403e9a298a43b3cf025e4e46b2f30ab95cb26bcb5223537fecde247b97d4,0.00034211426616489907
Destination,02aaa6b229cba65b540bcf0d7d6eb1724a9ed72e632f66ac2dfe6e7b3c2275fd93,0.00034211426616489907
Destination,03da0d4d5945bb3742fb5c07c22dcf6b36e17f5601f302f97e2e129f6099967169,0.00034211426616489907
Destination,02711aaf8e4919771fb836aa593c5540915652139193d3fd0bbf5fef26e63c9b6a,0.00034211426616489907
Destination,031a029d20a88b9623fb23254e5a6e585ee633237f2183c345b0f57525f658b9a6,0.00034211426616489907
Destination,0289b841e2d485dd9aa279ddbdd26320bd327fbc9f06d7fc8b43e066f3cc1b5398,0.00034211426616489907
Destination,03b3a32526f05c45b70d02cbc98b475503c3c97e13d9daf15e5cb632b8adcdad9c,0.00034211426616489907
Destination,03ffa28a78ea6aef060594a66ce9209b1fd6201b7cbf1063a45381f180fe161cd1,0.00034211426616489907
Destination,02734c504e4636c4f9d9c3657dbdcc371c2d3a7d6bb14e824279cd69f66d3c4ffb,0.00034211426616489907
Destination,034b0bd81b4a8134b054c06858c9ea2695ea8f67ae0fb30eb6b362868987bc1c22,0.00034211426616489907
Destination,03932179f4e20fcd850fb90dca6297cbfb2a1c1ffb3b3a8a10a2894c9b15a75fd1,0.00034211426616489907
Destination,022dc9c1b9732cf08168f0005ce07920607fee96bfa1b91daf4c1eb8f05a6d16dd,0.00034211426616489907
Destination,030fc73fbe3fc52f49fb2b9feed41b62689b53062696eda5a31bf4644cd1bc89b0,0.00034211426616489907
Destination,02e0ee992ee12d5ed05f1a825483c8d514d1dfcede7fd336d4ac0f90ba278a0a9a,0.00034211426616489907
Destination,0271616961c437894e718627e702469629ac66f6ed3ff8cd1e3e0a73371765fbe6,0.00034211426616489907
Destination,02183ab3028fc876a7ced70a432b83c93935120a7941665a99e90010df520164e9,0.00034211426616489907
Destination,02e7a7d3c1e6055b7b7457d95e04d9bbd24f200fd4a58daca7beee7bc776e17440,0.00034211426616489907
Destination,021b66aa695a8d939a201118b15e98768f50538cbfe1f718c6c3a1816a8d1a2ef9,0.00034211426616489907
Destination,03fa52a19c86f24e923a6d44744800b4d354382efce0780136e16a4f5ba5eca2b0,0.00034211426616489907
Destination,03fcbf00a68484c8a4d09cc22241360b698e139a095514dfd9356c1350c9cce237,0.00034211426616489907
Destination,02125633cef3e48615802a833fb9efbce7ce6a5e963e132f5bdc959c7c6a6b826c,0.00034211426616489907
Destination,02ba9663008b80b841389595ef64758f9eec868052570fb2a90eb6bd0549db76ed,0.00034211426616489907
Destination,02b7da9f73401ae02d4781ed10b6fde598f567993d45dd4ee9fc03d5c8ee9d9bc5,0.00034211426616489907
Destination,02ece7e2b277d83154ee9c9098db7762d456e2aebc5f7206925d6b1f609aa1544f,0.00034211426616489907
Destination,0326c93a05d99722c5b7eb4c1ab8ab0cfb9947cad069286d1e2944c7e9e16ffa49,0.00034211426616489907
Destination,020a2735dd2776ab180e3d5f3c285e609f745de0496651d05eb2a3def34e1ca5ca,0.00034211426616489907
Destination,02ed845240c369753c662e6514288a2c093811ae01beb3d2b50ba818020d2a9d6e,0.00034211426616489907
Destination,032175977fab393be97b8fe81db01ea0efe5fcaa9f707f5c5e8983a7e831e2484e,0.00034211426616489907
Destination,0331d01a1311f87190cb7c8407ba7c3ccaea1bb350e9fda0237b12a1741fcfc847,0.00034211426616489907
Destination,0323275aec51c5912be718103d2e26d239c477bd7b8a24eef59bcbf85c50735ce2,0.00034211426616489907
Destination,03ba552f02f323bd962a0131cc5eaaded5b0b03ce1ce3f0e828c991239873c3948,0.00034211426616489907
Destination,0382bbeaf6920684efd54608b307d9168ceb450d88941b55df8df88dc6049ec297,0.00034211426616489907
Destination,02bcc802fa6bda919a69250c25b6dfa2f02aa46503ed09e023bed6688b392216c4,0.00034211426616489907
Destination,03e63f11e55fbb2fd54b9ede43300eb3142a4041971bf494fd62c93999eb6abc5b,0.00034211426616489907
Destination,02cf9b8f668d133c4e37b8fd9d14b34c8f70377f3f47c6ed549a568d9c5beb7778,0.00034211426616489907
Destination,0332c1aaf0ea171e5d8c7c0efb9f82b3008481a773b42c3ebd0f333bf9e5d80fbd,0.00034211426616489907
Destination,0307af0bb98f2cbdf027fa8833321214de69fb502b7449dcca428b82385fcd58e0,0.00034211426616489907
Destination,039788dc9308b5905e77826a4d9c1b7e6cd7851d23397d0f57e3ef0cf12928d733,0.00034211426616489907
Destination,03490cd9ba5cffd4aa2d446def79f000c38ac7ece9a7279b06ebaf9870efc304a3,0.00034211426616489907
Destination,02c28080dcaafcf12d2eadad77b96c884fb28ae2a4dad6d2cf916df62db30e6888,0.00034211426616489907
Destination,0379207b7be86fb083c56aefe6b1f7c5d7c1f6d3310037b8e75b3eff263ad506e3,0.00034211426616489907
Destination,0398884d8bddfac789c13451a29fd9cd2de0feddcaf5b94a7d3d755d544aaa2154,0.00034211426616489907
Destination,0314a114bade0bc508d3aa6b0971821935932a45aeca71b504fe6f08c4058f2f30,0.00034211426616489907
Destination,03c0d27a6d52571f23b35676fd1db4d46a7bfced44e1e824758f24fa2e6b94350d,0.00034211426616489907
Destination,030e3c5473d6fd21844958bf4c75f9ebbd751f7f3f9302f336594bf7b7b85c4006,0.00034211426616489907
Destination,03c867a0ac34008a0436ccdd8f8a51365e7cf70e4534e82d008f3e55ea6514fc35,0.00034211426616489907
Destination,021b7464aa1a5c5298885689f0243e40bb5a80713e154103755114d8ca12a3c41e,0.00034211426616489907
Destination,02a80106b6c510c4c145d83bdc7882c70dde9401b6ad19160a76c84c24990a2dde,0.00034211426616489907
Destination,02f78ff74aa2e0a5aaaa86c71a8923fa3baa1d7b820c0453e82cd86f2a636791c9,0.00034211426616489907
Destination,0324a2e360fd6bd9c5bce793cf1a7ba799353c9684dd5f57bf7430ff3559a5fbb7,0.00034211426616489907
Destination,035bb0859a50a15aa8977b973cc71ad1f54adf719f14af87f8e2d006554de5e8e1,0.00034211426616489907
Destination,03d819bbfbe2eaa7085007bb291ea841504e8450ae883335e878f0064f0dbd3f4f,0.00034211426616489907
Destination,02199316fbced0b01d2f0987aa74f1a383669c4348c17ac24b82fcf8146f2d6a90,0.00034211426616489907
Destination,0386b0dec9e07db8d78d6f40d987e2baae8aceb0bc5fec1e18eb5f606c5bd65ba5,0.00034211426616489907
Destination,03b7fc0de1b295d5df9fed256b945b89ec77843cf3f0f7cd0572c56469ac1c68c3,0.00034211426616489907
Destination,027d3f840a33cdf9a089393f841829c655d4251746ea048be611d9989c519db143,0.00034211426616489907
Destination,0365f057d4e318222eef732cab95baa57a06c0ee0d814de182490f912a56d9f026,0.00034211426616489907
Destination,03da8b23c27462eb7011f2d17945aac723a54e42102ae06cbaae1e16144de38b82,0.00034211426616489907
Destination,0315f59f515dda83fa0de6df79d631dc7dfee53422a5f80abf6e87b87e419427fa,0.00034211426616489907
Destination,034bc385daa9b1dd6dfd9ac65711d5a1d53a108713ebf8f3b83523690e12b9314b,0.00034211426616489907
Destination,02c1b4b5669288aa35a8b0b11466388e5c8cebe8d17f6477ad0ae60bca3fc72c6b,0.00034211426616489907
Destination,02e7418aa6adcb97618f3c49e1927eca2c935dc38963e22e799e35d00a0fedaccf,0.00034211426616489907
Destination,0234444ae8d91ba7c019bcbbaf59fc9822f3d3a266274558ce4b2bb0623cc6b29b,0.00034211426616489907
Destination,02ebe22c61a37a27b667f3e1a89287c0c64b96f93d11d066508672e3d65e995ba3,0.00034211426616489907
Destination,03687d61c88c23491b5e426b43f3b49971a718a1e106755821f34f1d1a1f691c5c,0.00034211426616489907
Destination,022316f1c42c310164e0b660dbc9c630d2ffb7b660a81157c168331f1e20daaf51,0.00034211426616489907
Destination,030ac0f610b4f8e0863ec3fdf93a262818e9f26fbc9340ab7a54c3070f654ef8fc,0.00034211426616489907
Destination,02cdfbf22d57df11fda9fabea8b168f9547ffe3f79345d18346f33c0e1617c828e,0.00034211426616489907
Destination,02fd2e662b4fa84610a513bd972db64fb48eb5efcb3444054724ed0197347765c3,0.00034211426616489907
Destination,035c99ce410f124c08d7218fa6b9fa8d74d52e361f5c1648d3db1c0ae8c0deac6a,0.00034211426616489907
Destination,0232fa3a7fc460ea7efcb407233ff4aa0eea3f2a2746ad84e35d9c96d83abfee19,0.00034211426616489907
Destination,02fc2e8e33b9a2e611c5e7ecf04dd97c76f34985c8baa3b388136078aa4b0449ce,0.00034211426616489907
Destination,0215ecddfe06345e9acefbfb1faf064ce2ffca5bab7507043eadbb8ff082f99f87,0.00034211426616489907
Destination,02c6732ab257ac180af7eb9788cf5cbe647b75b66a80a443539cfa063bf3e66688,0.00034211426616489907
Destination,0362a0624fa28c230a92c77e09290f51a3a0f15657e443620d32b333dd2d280dac,0.00034211426616489907
Destination,0268338b189ed3d71fd1fa9870e5b5d496f78599230f3ffd414981618f33c8f2f3,0.00034211426616489907
Destination,02c10d14cf5f67a0bd71248a789539112532a249d68d8efd46c695d1d3630d9abc,0.00034211426616489907
Destination,0374a0c5616119ca260eb754218e7866c2940476c138a6b9e9e5c16fd383e438d2,0.00034211426616489907
Destination,0347693321653ae3fc0f051c231c6ea80a0c12190d1c7f8a72b31a3b79b2041c5f,0.00034211426616489907
Destination,024cea6454b330c186a6c7db8110f8f4791596042ca6d7365ec5b03c75a28cb9bf,0.00034211426616489907
Destination,03ae8a63996a54fb8c2e4ab745073e745d9654ef6b76e128e415874fdc8ef338a9,0.00034211426616489907
Destination,03879fd6d982be84a369368f5ae0f0065c5c3dc15f8b657ba8ab7b25de5b428d34,0.00034211426616489907
Destination,026e2416e8a0334ddc76e957ec803b8fff926fbecdf45bfcd336b2fe11312f0f46,0.00034211426616489907
Destination,035f8ff4c24ef12042273a08e83c4de31506debb86c31b39056fb5b53039f74fe6,0.00034211426616489907
Destination,025507833c7924a2d64f6ea45296615291ac6ab42c51cd2d3e9d8f268e1c1a8556,0.00034211426616489907
Destination,030c5ea5732158b3d7ecb15b4d4da35999d786f33c341a27becdaea4d2e7e09513,0.00034211426616489907
Destination,027892f5df9b775211897e714d45be355fd5c831886e78bea1795eb4616a3ccdc3,0.00034211426616489907
Destination,0215dc24e22168a2056bbad951ddeaf494c7ffef28c3a2eadc48d9552ccc69b989,0.00034211426616489907
Destination,03f2a728c47095026f68bb85716e98ff504b7295816947d0823f8d792dd71dfba6,0.00034211426616489907
Destination,03d20cea620c2e4c7995cb05ad9587d67ea6f054ab93b16c25df43c82238dfe672,0.00034211426616489907
Destination,039f95a09199ea8b7e4219e27cd779d44832b58ee85b8f7d86965361456d882dc0,0.00034211426616489907
Destination,027a4cb61d55f7335a53140894ca5bc530c71b5470e8c82cd4c5111f17547760ce,0.00034211426616489907
Destination,03d9cdac959597685966e2ffce31a00dff02d969c5382839648c700bacd913408b,0.00034211426616489907
Destination,03af7471dcdc308fb62e72ce1b41e40ef38e9e4a31e711f3f6124489095fbe372f,0.00034211426616489907
Destination,03b847485a3a2cf7d9d162d4069b73ed86b7b4c517043bf13357874860e20c3515,0.00034211426616489907
Destination,0233b3df8172c9355f1a808d5c3f4766813083ff7386190c9f69c9c5a7d00c717a,0.00034211426616489907
Destination,028c17e69dc04d9846861df816de7d53339c555773387a1900cb28a2e2bfd89bc9,0.00034211426616489907
Destination,0329975881824b49dd9a7a9f8b5106cee4ffe4d80575596f0fe318d9859c6fb100,0.00034211426616489907
Destination,031b9cb933a3fd9e269049dc9d5b8e01231fa18752bf2eb1696c22d90a2fd5349f,0.00034211426616489907
Destination,022bce70c6252c6c9198f40f8f1c8bfd2b22975c51b4d222b6743d6736fe49ede9,0.00034211426616489907
Destination,0261ec0a3b6e2fd5101599b86163b9aa160410511f5d31866e8b77ec3431b4b118,0.00034211426616489907
Destination,037368a9fc7eca41b290700d56e1e5390b28c7a3318d8944a1f2e8812a4d1e7bf4,0.00034211426616489907
Destination,0265301734aaa0a7261d3fb7a53c8499eada114d5cc97797029c0b9dc263c3d088,0.00034211426616489907
Destination,0221f3ce3f7d2ac19e9c3deb84bac68d1f4c6f616d49a221b79e84ba2b63c92ec2,0.00034211426616489907
Destination,02ce9aa93943d73e988ca4d2a358945ddacc84e112f2b979319945978b538a1205,0.00034211426616489907
Destination,02bf595953909b6cc1b994928e2115ec2430c2d4a3eb0a1f0fe89b36f5b246ff4b,0.00034211426616489907
Destination,037fdfbbc714f42af06b5effd24fe1ff7de5d91ece6d9a83489d8c1441f1b56d98,0.00034211426616489907
Destination,02108aa19613f51a93910f5e18953c0111cacf9cc0db0e6527d507621f4f54d7d2,0.00034211426616489907
Destination,02f65366476f3b27284125104a028880c83d7b83fd7378243c85b731c8116d6931,0.00034211426616489907
Destination,032246096fcfbc787bdb826bbe5ed7c5edc2516ba5cc96728944a6e386655b3283,0.00034211426616489907
Destination,023d16b75464e939ac90c67c6ee3ae3d02805230bfa0182f0fc7f6fe551ea1b015,0.00034211426616489907
Destination,02a4ee943caeb847398960230bccc19937dd04834e768472b711a4ce0e2c77cd98,0.00034211426616489907
Destination,0236007805088112d7762966d5d509d8a506171a88bf6a79f39320133cf2d9bf4a,0.00034211426616489907
Destination,03665c37edf641aff4606db510774a502798083e4d61bca09baa0b5e49772cc869,0.00034211426616489907
Destination,025ef5afbeab1e6225dab5a1f005b9574460d4d8ad173f499fc15b6255a58d516b,0.00034211426616489907
Destination,037ee4231f148b2c9f9771779843c0883a118909f73d408d970068870900a1f20a,0.00034211426616489907
Destination,03b01ed82152ee1d3d7288cf14c4fa09f15e78d270150e7187717f33330662a295,0.00034211426616489907
Destination,0394b4c7fc6e2ecbb78b0fe4825387d4d5742a8c4240404110377cc72473ed3689,0.00034211426616489907
Destination,031b6b704464781455bc2b2d68311fcc5649f1268e081b6d17e4279ecc1591f4fe,0.00034211426616489907
Destination,02fc92c761013321d1880b5c003556b3238519f21aa5661823e8de006849c4c9f6,0.00034211426616489907
Destination,0307c74dfaf1823e177097d1ac5c64706845220bf70a99a4fbbfa2366f0c9c0926,0.00034211426616489907
Destination,02707ea0b73ae0c318868c47d5639fb78badfc440b7b7c806ba0c0c975bc9cbc97,0.00034211426616489907
Destination,0390822c16135481647a5ad352ea60aa43542cad9a9bc54429e7e01af6c4304c82,0.00034211426616489907
Destination,0215a99e8623fd9709cc0997fd84feff772e7559375206bd4cd0d3032aa821b9b1,0.00034211426616489907
Destination,032a3e7c39432f4609b0bb7f35630ce2abd5e0261d5d9d8b2311c6b8a05c84d5fb,0.00034211426616489907
Destination,03dfd4be058b0644849112ba719d895233f725b6fc2238445615e7901e57e0b27d,0.00034211426616489907
Destination,03ae546c4a08383f2eac3d0c91c12f8d2b7665b6f3d260a33f37d7a4f96233df6f,0.00034211426616489907
Destination,031cc118afa42b3cc411ff4cfca1e83fa98ba6513e0c32b5a275e4394efbe57723,0.00034211426616489907
Destination,03ecec065d9a286f3ea0dad7479223e619d439df227ca178d47c19338891bb66df,0.00034211426616489907
Destination,03aee568d90684e97f754a0d01133ff6412c5530a7665856abd0cec1f3f1fabb86,0.00034211426616489907
Destination,023148d9e853d515ba87ff3ad98c0cb125c0855756e5dd811a857211658c4240a8,0.00034211426616489907
Destination,032fe722d02f64cf1e9877e157cf5c1106f21ee414c2249d1b64a0fef20db2bbb0,0.00034211426616489907
Destination,0206cbcbb6d42a350f306947eeeb8fc4f25af57d8d173332b57e1a3fb743b74436,0.00034211426616489907
Destination,02c8b9a7278b6a55a45a6e2b2fd4ce7d400b792cd4df9257cba143f62d0d6f4c15,0.00034211426616489907
Destination,02416502374e1c81eb2e952ce1d69a642b4902d147ffcd2407250114deac2509fe,0.00034211426616489907
Destination,02a905d39d7f97d2aa74dc10772e41e18061462c4501b8e4d7ce24c38f2188a513,0.00034211426616489907
Destination,02798c53da0fefca9bb8d3535b339933655f4d1bc8b59345eefee3a4ec3c67b865,0.00034211426616489907
Destination,0310ec8a7d5067a4a0554c851d311731b244e0a9e5ebcd442a37f6ebad1843b3f2,0.00034211426616489907
Destination,039ae7832f08885625e9e59cca373386c0506bb7e7187ce262ed8e9745b6428d89,0.00034211426616489907
Destination,02cf6919a70f3d09c487e59ebb08f801ec2691d10c5908033ab2ab917ffb29150c,0.00034211426616489907
Destination,02e228d01dde44d09ff93d8c8e7be034d7ff9f4ee1822796a97857a377924aa6ee,0.00034211426616489907
Destination,03c43123aefc252401a256caa4abdf2b41eb7d4878e37aab539602307a03c67985,0.00034211426616489907
Destination,028223eb3b8d5e96842a65736828e14b6285451cbe086d9a903feebf65afc8baf3,0.00034211426616489907
Destination,03e2700107ab7d12173c3e3e74fa7796c8a14536ee59eefe58a79d154e559526a6,0.00034211426616489907
Destination,03949b847fe3d4296aca994ed0fec4c9b0efa82b427f7fb3d20a1f4e1a6e487040,0.00034211426616489907
Destination,033cff8e80cb004501f93ce1b45cebd08fae1f7cd2152187e3c055cc1f40fe1bfd,0.00034211426616489907
Destination,0259e693cd166f34826682e4800f695056ed1c46f993baceddd0c7ea04f0611774,0.00034211426616489907
Destination,02897b79f66d8a98548bb055a976776399d284700927dccdb6c3d363845e2dc4a9,0.00034211426616489907
Destination,02731efcec77bafc9389babf2e04fa578cc9c5dd0a805807f70f8ddcb1443d2d34,0.00034211426616489907
Destination,026672a37171159f5c68887e339dcdbbfa33ebfca1f93473529e07b687907c4146,0.00034211426616489907
Destination,02f84866ab6e0545561c5ff510bcace31ac884af29c4557648aeba63c2bec7295b,0.00034211426616489907
Destination,0217a75ccc5fa0b0d56c3de5a90a13c1c62fe56aaf3d55c982ff79381268b3cdaa,0.00034211426616489907
Destination,020e03b11c78bf51be0df8136447e057298e1456dfe37c983ac13abe899a24c469,0.00034211426616489907
Destination,03c65f59676fcb31951fe4c610f3a17612dc5a5c35d1f03733468e19277aad6f6b,0.00034211426616489907
Destination,02ed11a06820a79fb324ae3d9e206d92adfcdddc7ab87ff4ecaa43d21d4de89d29,0.00034211426616489907
Destination,02d9b93301a6464eb26386503872107e03962a05c59f1d359e184d2e760a623ed8,0.00034211426616489907
Destination,0396361c74640eca3afe8a48e2c5c0ff4a9adac24091d42c665852a29e7b7ddd79,0.00034211426616489907
Destination,02fb3a8392b49d1f02aff91cb47bb24b232d62a4b6ea2b7e7a5127e837b0f17cce,0.00034211426616489907
Destination,022ce3a40e10c7a4beb0d852490b025b0aaf75d203dead5cb28987a439fd7c3f3b,0.00034211426616489907
Destination,03357f33428bf6a9c9006a2be737ef2bfebdb11a7f451c3beacb40739f8dcb1625,0.00034211426616489907
Destination,03eb979b85e904dcda0766c55a0745c6191b1e9f57d12847eca9458b3c86a96d1d,0.00034211426616489907
Destination,02b034945378ef698ce06dcc9ebb5d5023013c9de1c94b83b188ee3ad9f01b443c,0.00034211426616489907
Destination,02238f0f9a2a9e2b418af6f751ddef43d4d81e6650d9de50480885e62a38a459ba,0.00034211426616489907
Destination,031043f3ece8f6ef0e5aba5e51511c51497df0747b05a1c6ef107e1a7717ea8890,0.00034211426616489907
Destination,031898b33443892817e3093690d2a7b9bd72188170a0e8b77045e55c0d21a8f6eb,0.00034211426616489907
Destination,035aa029eba55cae1deb97b39f6a8ef7754c8b12aac2e6ec7e081f89b15370a5c0,0.00034211426616489907
Destination,02279207a1e4ecfec9e528469273652629e5c54c8bed70a347f47ba663d53c6922,0.00034211426616489907
Destination,03686128db3100e8a66caa3a50943aa72b80c00b3f8700ec01f3bf2e3657d69d54,0.00034211426616489907
Destination,029105fae590a53a79947514c357e58190372f165113f4133144cac1e70d123a2e,0.00034211426616489907
Destination,03f7cc801b3ddfc1ad5b445f084ffd61fb0605a7465fcf50b6ccb389e50b32262a,0.00034211426616489907
Destination,033c951032f501f20abe22f35296c1ce0455af2a5d8cf699cbf54b5fe5f0d43e5f,0.00034211426616489907
Destination,03eab5a765e59052de58f439aa955b23aa187b47fc21439f62896886949bc4e58b,0.00034211426616489907
Destination,03a893c133cbb14ec3d402212c5b69b507d0f23e601a214f526277b11d655b79e4,0.00034211426616489907
Destination,033dd6e3bed83b1e233f816aadf6f930ee657c9cb7342704797810c79133003dae,0.00034211426616489907
Destination,03a65d69fcc81cdc6a8261b26471269722479e1760a0de8de89dbd41898e546d97,0.00034211426616489907
Destination,03c2c55aaafd3af3d6b7eda7c542c1969a206ce5ae34061a2ae3504f2030ba30eb,0.00034211426616489907
Destination,024722a3ac8fd714ca658534611327fe898eb221491db3aaf01e5ae972db2047ef,0.00034211426616489907
Destination,021fc76ea803c7ff989cffb1b52bea96fa8a2c6d1721cbcdc5c0a4a891ea2782aa,0.00034211426616489907
Destination,02433e6029595c26834c3e95b739ffc0c7a59a61de8e0addcc8de704ba73ee5d3f,0.00034211426616489907
Destination,02506e19cd5ad704c8ee2a3b93d043e6c2cda60f1631597ad08346b26ce957469f,0.00034211426616489907
Destination,0225cc394912e01894f1cacb5161fa563eed6e524b231309f96fe746f0ba30c3da,0.00034211426616489907
Destination,027cf0ead09ab5eb9b24bcfeb1a478a94704bdacc241426a45169a055da02399d0,0.00034211426616489907
Destination,0332c3d8f33ec5b214da6057010b6208b26cb0ec756a27eb20b9d0c188ff5d06a0,0.00034211426616489907
Destination,02e49f290df1e8bfb7c995da5781f8a91575236623f704531fa85fc286f15d22da,0.00034211426616489907
Destination,034782c1790bf795dc3e4dc06926a6b74f8d690e7512db864a980b82606cfa88e2,0.00034211426616489907
Destination,030a3af967d63bbb0048409b0adb4f8999eeab7155c3e972597a71b03d369c0d2d,0.00034211426616489907
Destination,03a62b4b722d0804f78a9b7a151bfc690a0f80b1602061050b9b04b3436a46738b,0.00034211426616489907
Destination,02ed897dac171e2d9ddb8c80a2840fd253d67d22b42d4bb94fc3b8f7ca8525f91f,0.00034211426616489907
Destination,021cff95cb091cf8efbe65162840676b02040cdc619fa47cc55d167140efa9fe32,0.00034211426616489907
Destination,025e98a9c4f4603ff668ce456bb89b7575e6667decd79f26beca7ab881da862467,0.00034211426616489907
Destination,02c55b405e1d5afc8d59c38ad1eb089f86dc4a296767cf0bc10bc08f51fb382111,0.00034211426616489907
Destination,028f48d16c9745fead9b87c5f1670a7ceca19014cd9bd037dc4be2906a1d4a238d,0.00034211426616489907
Destination,0368fb3946ad428085cd394f2b2f983f9f6730ca7af8861ecf20b604c4cbb07536,0.00034211426616489907
Destination,024c711b33483b2cdd09670fa220ef7effb7c0340c832df5db64264354c12d7a86,0.00034211426616489907
Destination,03927e57d98bd16ec79240f40a53a993ea320d9295efe7333c343bbbe93cd0f40d,0.00034211426616489907
Destination,03821e0cf58e76f6d763409ba9a115537d44b12c46a5249a60256965bd4473abb2,0.00034211426616489907
Destination,03a06420ba90b084cb7eb73489f3a4343061b1fbce51c495151c8d8bf0b133092c,0.00034211426616489907
Destination,022e63a17038519c55d5bdd4a8b77fb349934c4a812c337da5211b4de7eecbdb26,0.00034211426616489907
Destination,030d7a2ec0aae5d52efc433df8903ace2137db96833f3b966f795f02562cd879ec,0.00034211426616489907
Destination,033eeda30f7738c9c80629fe61d0bff246f48c1fcbd383b36a99f1abf660c8b5c0,0.00034211426616489907
Destination,02db6ade6a9a474d7352d0375dc50b3d04c306e3461ce9d02697306cea289b1802,0.00034211426616489907
Destination,03456e34aa176a6b4e3764b1fb656f0e8fba61db158c728a29d44109bacf4e614f,0.00034211426616489907
Destination,033c87508fcc89d7a01dc9a8a0c1d91874a9db257a7d337dac10cc9c33e9084317,0.00034211426616489907
Destination,028befd7d41a70934a942263138b615801cea342171089b7c2204f79ced3eefc8f,0.00034211426616489907
Destination,033d69e63a6aaf87d59b6d96497207c90c3cccd52853f8dbcaab16d111c64abf86,0.00034211426616489907
Destination,027b4faa23aa5ace29c8fbebc1f6df704ed5fbe0575e0e0634ecbc479491b52529,0.00034211426616489907
Destination,02baee819fed134d148df140b46185e35269982c416e7e47a3f78daf39a6543d84,0.00034211426616489907
Destination,0208a97d43dc2062d9c8ff4589d6f77202ba0e9f1c0c418d428442bf028345c80f,0.00034211426616489907
Destination,0278bbb976c52e14fb17d67368531a33ba64643a6fffb6bf6c8029bc1e9270a670,0.00034211426616489907
Destination,0315bcd52d1fd69aadebdb0f43dd14844c6a0d8118d8ecf078ac6b27eeb244f372,0.00034211426616489907
Destination,0290732f9772598474d13c4796ab575795b93ceb91db5ae6a09a180c8417dafbb9,0.00034211426616489907
Destination,03b62be17563c3ed4b9f15b0dc6d4fed01e3aa77a970b821c9f89404e1a72954e1,0.00034211426616489907
Destination,0310eb6b041b5e8ad0b19f321683e1e2d4146153d4b33392c02f7cc383e1f3aa02,0.00034211426616489907
Destination,03a0c41fecdcfc70dd4212a8dec6c290415b8f34134237f474c7d1f803621bef35,0.00034211426616489907
Destination,03aa47045c4095baa0a4d69e3c2f304859abae35dfb453407dc28e8a31943b19ee,0.00034211426616489907
Destination,0354e8d36e51d285109ba15d20432ea25dde34f90068f9d8201ee99099b56327dc,0.00034211426616489907
Destination,032c0a2a29dbf91f7a7a5aaa3a6bc700128d398a715bb87453e218092525e137b2,0.00034211426616489907
Destination,0240d316a961d912988e8feee7dad89a24227c953b8c4f9eebe4b4bc524ec47b29,0.00034211426616489907
Destination,033e000f7c6a0e34a1e50f470a038eea019cebca4314d63eff1aea250d8e4b61e0,0.00034211426616489907
Destination,0351d1372b33f7db0f2888e96be4ad1979fb2e17666f20dbeae66a34ac2ac566c9,0.00034211426616489907
Destination,025a62c3ed9fb81a1b5e3d80227beb1ea00eced4aa359a6da2c0ab762b65c7b522,0.00034211426616489907
Destination,02859f538cfd45f2d5f4a6b7697738508ff548e89d1fe725c6d727915f992b18f5,0.00034211426616489907
Destination,037bfd5ef44d99a401dd8358e192a50b0f980622f57261424a3ec6f9bb431173c2,0.00034211426616489907
Destination,022d0315cfe2cb6b9b1616e3eb31b2744ffc525d72e05eb66e30dbb2fefc44f5c8,0.00034211426616489907
Destination,023a75118b00ac011506e63e347924138330293eec94977a725c82048aefbbc883,0.00034211426616489907
Destination,02f910e74c2666a909930cba9d63424df344c50141b70dad151bb12fca11702166,0.00034211426616489907
Destination,0294fd19a1c89a8f69a90a5a0489153a9d2f9ec134a84199e87c47304c4bf2f221,0.00034211426616489907
Destination,03a9197388a32311454717f9044ce2751e116b6f03facd70f49522b1f592087060,0.00034211426616489907
Destination,033bca8ef6e320ada397b0d8d008bdd7fc9cf1485ba29c52dea6d055e1a09a757c,0.00034211426616489907
Destination,02fbb175a01a328a57d8b9a707d519b75a818efc29ec48d4ff7507eeae66e53e04,0.00034211426616489907
Destination,02dbdb833323cf3e7713290f76d96089177752f34bc229b7560b494b52707df700,0.00034211426616489907
Destination,028ed1ef4717411f2f092132a81a880e62a5f9d26835aebcf3069fc5b205f6bd1f,0.00034211426616489907
Destination,03134f6d79996eed596535152035bebece13dd65460c4949cd507faceef156db96,0.00034211426616489907
Destination,03af6b6d1b2c17e803f5b102cd042f2ba62977418e7da2ee5416931ed8a944bc94,0.00034211426616489907
Destination,0386aa645e9abc21e4989e69047eb4da750fc6c5c458ab86433d76e0e7cdf30b80,0.00034211426616489907
Destination,03bfe283e94ff0d6df5a9f9ff4f6d7cee6b4b84f158d8cddaad639578fada34485,0.00034211426616489907
Destination,03d829f2a214473bd6300f3b829c8dc5755583f2113deadf4b75dc83da2c4ee149,0.00034211426616489907
Destination,033681a92e71ef203155ab0a336c218d541697bfc69d32f070beb7845d879f1ed3,0.00034211426616489907
Destination,03cf2c6799c0342b11887ce5bfff1492c2295754fe4c33b0a6b86426adf6e4bda0,0.00034211426616489907
Destination,02057240f617091dedd1bce0da761eeaf1809ad9e131771cf1f34858955e2a304f,0.00034211426616489907
Destination,024188028817022670d2ace78c90f1f69a54e064263914d7854ae44862a88fe300,0.00034211426616489907
Destination,02eb751d26ab0359e5c076e2c4821dfd4122966e1e78c456119435e781a2343e39,0.00034211426616489907
Destination,0219b2e8898ee01afd30c4e95a7481e724b56c315c11ed710044575a74626c944c,0.00034211426616489907
Destination,03d92b15fe182940c677d0f8ce616aa694217f5274e17fc24fd4e02f5f12e3ab59,0.00034211426616489907
Destination,039981e0686cf786aa78797525d018a533c4ee2a420bab047391cae19ea449c307,0.00034211426616489907
Destination,02bf398ae45bb6b3d2fb1faeb4aef1f6f9e9b73a4d7acbc5dbf2fdb1ab3d734c18,0.00034211426616489907
Destination,03bb7206e2e50e7b2aa8c263f08d994ea6c3386b1bf2c124acc3568e077c4349e4,0.00034211426616489907
Destination,0218ac64009ab1322f01bbf3103771b59528495f6f32711bfadebfafdb63cee18c,0.00034211426616489907
Destination,03c032d577923910db0dab0d2f66b5f1401f4a628a125535beb1e6cba78c231f8f,0.00034211426616489907
Destination,02462b5bca3db0753aa65e71c9d49ac83d65cd787c4295c86284d0c3a2b0f98f3b,0.00034211426616489907
Destination,022a1e66cdbe7739b19338357534c99a24a2a1fc0677b08fafc7f10753ed28cef6,0.00034211426616489907
Destination,024e6f7ea0ae529e30db63d6ef1deb743af2c5efd58a78837371fccb5eba898199,0.00034211426616489907
Destination,024026e7e6c92f48df9ffaf5c01ff1d6110cf74b99e19a9436e62f1681695bcd1e,0.00034211426616489907
Destination,02f476643b14036bb9baba345d61accc20f861583d68bd7840f146dd5deed4c81f,0.00034211426616489907
Destination,03f033236fe5af5942175eaa0326fbd493abc3423b2416acbb1b41184bb1019718,0.00034211426616489907
Destination,03285b65f21af4eeedfd3f7e270eda80cdfbd237c7313870a5f522d3acc169d32f,0.00034211426616489907
Destination,03c2abad46160f5c51acdd45292861d48816f24bbac93dad85efe0690f6231fb55,0.00034211426616489907
Destination,031e54cc958ab7867d098c3e300878eea05a441f930f7f3189d3731553d5247b89,0.00034211426616489907
Destination,02862e5864dcfb31b777ffb11ca690ac59b896c4ca718bc18319b56949d3d44d9d,0.00034211426616489907
Destination,0201be5b63e839fc57c66c7ab21dcea3aa79001de132f29ade96a0c2d6680c8eaf,0.00034211426616489907
Destination,021221ff0c6abd8a4169d09adfea589d7f7c62911c390724537ca16828a8e1c4a0,0.00034211426616489907
Destination,0320087f97186e6eaac8c12620de71823680076f5407ac3fc98cd4b8ee3f114bf4,0.00034211426616489907
Destination,03bcee3d0911944cba06aff72c8b05e22e8cf5d2d74a92a337cc510749460c9465,0.00034211426616489907
Destination,035ebe1bc65fb589bece4df419a07a48897dfb39d09e506236b6257a09220bcc12,0.00034211426616489907
Destination,0222ad16e6fd93cb57f36be279aeb1972c9d4fc19974a5cb1b4605c42bc53b2146,0.00034211426616489907
Destination,034f39773a250bd39a703eb67ab3dc296ac83e6f02adf4941de3249ec30e513f16,0.00034211426616489907
Destination,0276e7a080aedca47faaf1f58b130bfb3b8a2de3e20d0008e415190f0fc8322928,0.00034211426616489907
Destination,0315b826ce97e99d2b9c9734c57b575e74be2d56eb219779858a338f5247307fdc,0.00034211426616489907
Destination,039a2a77b9a1ee9b57a201e4230bb16b07b0d8654e10664710c2ab66e66568f9ae,0.00034211426616489907
Destination,0240f910f0ca3b45ce7493d5dbd3fceec82378d0886275843db22ac9239bdbd497,0.00034211426616489907
Destination,02ed09e8fb8f2d2de638159958a108b1c374830c55f3ff46275b010dd34cdfa50a,0.00034211426616489907
Destination,03fa79fb7d88d250a79976000d6fae4d47a4d923b73bddba042474582b7dbbe076,0.00034211426616489907
Destination,0362a9ae09629670a825a8a461782828ec5819f1c733ac96696f8b7f1c1b0b31e0,0.00034211426616489907
Destination,023730a2241aaa503648ef51668ba36a56377672ef8638672c3cd39bc3e2a14721,0.00034211426616489907
Destination,03561d4dcc14a587323afd29704f702bd51d30903a208c4021360f0e124ca31dd0,0.00034211426616489907
Destination,03343fa29764058b0f0dc1afb202faabbbf46332f48ce42e39ea9a9b569bba1d57,0.00034211426616489907
Destination,035cf880cf0ad052d0f4fd2ba54c1d15d22b97951b15194fc4e27e485b977a0b91,0.00034211426616489907
Destination,026a8cfab2f7cddf7621171f7abf79b7825e5d284ab3729853272c58a0f2ac96fe,0.00034211426616489907
Destination,035df40d260523db32cc90dd178176d60965e23b6abe076861909c40aeb56120ff,0.00034211426616489907
Destination,02963d1d5feacc58531c4e80927728321626eaf2c68e50e5687b3ea77866c160ee,0.00034211426616489907
Destination,02c5898e90424d4b9182ddf2d38f9349713a77c0f731b9bf955bcdbc0dd64942ee,0.00034211426616489907
Destination,03cb8d1a782babd2060cc0bc953da81616ad6c413b4550f9027df70e79cb7f77f2,0.00034211426616489907
Destination,026d913d02946ca0539d09934ecf3b93584f7bfb841adead2c724b98652984cdcd,0.00034211426616489907
Destination,037808a32be71ce0201ec04d1d975ef1fbba5c2a8cf83ff136d580ddc08b396187,0.00034211426616489907
Destination,03d1ae5acbc2819539ff4d41d1c65683558fa9551ad6156e60fa215fa6449c7791,0.00034211426616489907
Destination,0230c3d8719c014ab024e6ffd68b1136f57a2d48100a6f09c1a1e417b8e682bc6b,0.00034211426616489907
Destination,020b1d32cf2d8b9001f9eb183379417d8d136c86b45bee59e2bf2b83e3fba9aa65,0.00034211426616489907
Destination,028e31b583cf30de16ef8859579428fcd5cad4c539e279c4e6b51e8bcd2518879e,0.00034211426616489907
Destination,02e2bf9e87c7ba0ea046882d9b3301ca9a3b049aa920dccbd836c4008eac32d4e5,0.00034211426616489907
Destination,033aebcf40b7c3ebe1a051a85c9317541536b29ae8241b9528725905095b24f03d,0.00034211426616489907
Destination,0220df632669ab1d70caa73eaa9d05edee1fcf27419163e0e78d259e4c8e8e9337,0.00034211426616489907
Destination,03e0b4bb27b9466ad58640805f7dcb370dc46998eca2f498ea2a66271e869f806d,0.00034211426616489907
Destination,021691a57faefc1910e75355ba79b21502ebe0852fc496374a14bb9884641cc4f4,0.00034211426616489907
Destination,03a804cdbf925012509789cfd373b96234c8ae8f38cbd6c852c685f118d68aeec7,0.00034211426616489907
Destination,025148d53c5b71bb8e98cd71d8b663beedadbd296f5b462741d0b6cf84ed117d06,0.00034211426616489907
Destination,02721f94cc322fb4257d81ae6ce05fe6169ad5e67564d90119e838f021d5908382,0.00034211426616489907
Destination,03813340301bf1db3ebeef455b0f07fc9ca4ac98087465732afeb44ef57377e62b,0.00034211426616489907
Destination,02d5dafde5130e2a8463463fbd9cb72a26f88a8ed840e4c2b7ddca3539caf81122,0.00034211426616489907
Destination,03930e706cb05af0b8e12e59c1eaa2958d7393bc4250a7581c876f65f211062328,0.00034211426616489907
Destination,025fd943d63581e039a62b748c3435c179357da4b2db5cddf83e066bf6936dca00,0.00034211426616489907
Destination,029f430d501c4b8f4fa3db11389f84be4bfce455ad056df87c8644c66cbf85d05e,0.00034211426616489907
Destination,02f4e1fd5a6222035a30f0d0d077918576a9a53e69eda7208d34dbdc24c8717d2f,0.00034211426616489907
Destination,035a7161b3f8101eaf34981caeb012d332afc03e4586bfab8a26b331c9b2b844d3,0.00034211426616489907
Destination,0204c9def9eaa9f467fde0df0e889fa593078aeeb6828b7e71fa39c36075a42002,0.00034211426616489907
Destination,020129a90672158cd9c59acc6f1c9ae1e460c92f28b33e2339882c1b388b45da9c,0.00034211426616489907
Destination,0317b6b5d63d0bb0b819d94782be6641af46297c58bc9ac72ffc70786102892276,0.00034211426616489907
Destination,02e671c2f1c27a680e3876f59cb5b70b6f824451b3e37312b9d4d8e855068fce9e,0.00034211426616489907
Destination,03e8c48101365133aa9cb248784bedb1abaf3785ba6137beaf4474b20438f4a189,0.00034211426616489907
Destination,030059ea3a156fd36b4826a171989bd48fd83baf829864feab3fa807b42943b220,0.00034211426616489907
Destination,022725f2c95caba8c191eaf7d5b32674e446b4027f0afe7df39b8d437c4a4fa292,0.00034211426616489907
Destination,02bd826ba381fa913f191d9750e9bec8a5ca5ffaa3fd226f8822ac86664d9beac1,0.00034211426616489907
Destination,02720532ca693d59de22c1c059498fa8fd86d28121d298d6531953ca4ff21caad8,0.00034211426616489907
Destination,037b61ffd0775bfb485bb6e4849bc6a6516bd37a7cc228cb893d1acdd36185634f,0.00034211426616489907
Destination,02f1acc53f20fbea9d73fed77ac70a555d2207dc2c3b371c63f8686d16a2174d6b,0.00034211426616489907
Destination,03ce3679664eb3210fe74c3a867ef03ba31fa33e8fd523bbc3c9c307397ca5d874,0.00034211426616489907
Destination,02a75dfca117a626896bd1299a96682cff28da0b62ba7ff05781054f726cb34a91,0.00034211426616489907
Destination,02c13bc2685cfe48129405eb8a56a23955d08098b7dce96c3360189b177a5edd12,0.00034211426616489907
Destination,0202cb8bd84def2572449b28f6dffbffb16b4ecbe00c32d4c02a6e9b13822e71d7,0.00034211426616489907
Destination,03928b4b7cb8199d11b5e0ddea7fefbbb33796a763ffa1837f875cda5c7fbb08a9,0.00034211426616489907
Destination,027d4b3fb26b629143567e37ffc7ed3210a5206bcb2e7cb42403dae4b60abe1871,0.00034211426616489907
Destination,02d58b8a27c8fe982cf37360ec053ebf672d0274817d77c0e9ceafb65deea9a5f0,0.00034211426616489907
Destination,032774926f388be5d394c5bed86b5ecedb6db826d87c07edc45e5e914ed090c861,0.00034211426616489907
Destination,027d4f8fd79e846b19c36891004c4e1c02e4ec6452112dd73a5761c971cf880ee5,0.00034211426616489907
Destination,024acd1c8d0e46713ec76cbbacdbaae7f394d6cffc0509d7e42c21e2822879a06b,0.00034211426616489907
Destination,0359d338d993fa339e21c0fd0320219144e3fb17efb1075d63737a1f99cbc22a31,0.00034211426616489907
Destination,03628334a499105a1d6d6bf07abccc39d8514f613acff3b626e4fb68f9d3147c00,0.00034211426616489907
Destination,0286b94884062d42deae42d1a1f0200170e672c5a902860c2ef712b41b2404c56a,0.00034211426616489907
Destination,0309232945ba144f970177f6f9067ad127e879b3965f440221b94c08e748bee2f1,0.00034211426616489907
Destination,021663f2ad55dd39ab708992aa9934bfc1635885a47befeea9782c42bcef9e9f0b,0.00034211426616489907
Destination,030a0274ea8e172060973a34d0d81e55a67e8ce22222b0c50b626ac5dd5d8dbf5e,0.00034211426616489907
Destination,03bda4dac5649f52904fd2ec23b45987e968649bfc9be728a58eb7efe48c464013,0.00034211426616489907
Destination,02635d17d294f7f815b22226b3ca9126680e36bb8f42b3d58b645a03ce8aeb3283,0.00034211426616489907
Destination,03d4c251912853b05a5b4ea35e31af5e4dd1193a6cc38a3b2930c8ee35b14028fc,0.00034211426616489907
Destination,03730c89df450469df06cdb4c34e5744222edcc10772700934f98486d980310a2c,0.00034211426616489907
Destination,032a61e216d5a0baf9d597aae9ee20645f280c6903841ba2b2371cac8c0591d1b6,0.00034211426616489907
Destination,0361e3cca1fd1ba3d44f0c8db3f5e426b74ee5d2addda2aa4ba31fb729a39661b3,0.00034211426616489907
Destination,03b5006b578f5b113d8031c6a671ae1e135e0de4c010087e26ee7442e10cb563c5,0.00034211426616489907
Destination,02d2db4bed1189e106f931732cdd26a1aed0ea937c237f55b40b65dace7df9ab95,0.00034211426616489907
Destination,0292f750ff520a92b9eca098aa3f05aff2f4a67d702f7d1882c71e538d13add7b6,0.00034211426616489907
Destination,03b28291001487066ec6c77aacdefab18904ead41f951d329d50ea3a4512ee98e0,0.00034211426616489907
Destination,032842adb8bcc9e1fbc41ea54950a523744d2b834af0c089b9dc8884cf809adb11,0.00034211426616489907
Destination,028a3c1fd78290c989e73314e21ba855e7c9d8ecd4f5295738e90b13f953043547,0.00034211426616489907
Destination,02dd6c405b7d7e10435805f07e8908e0d19d54d9d2061be302e210ec2e54c49c61,0.00034211426616489907
Destination,0256aa1e6b8bb0546dc60b5b6074b7ac031344a43eebde126fd930ae7e0e3d0ec7,0.00034211426616489907
Destination,0265e09d24b0aba646e8e416dd7e02e8d942decf59ad62955c8106bce2b8082891,0.00034211426616489907
Destination,0396f85d0826607b5ce1c8eaffaee0f30cd224349f2c75a0ea8dd87d00bb77e59f,0.00034211426616489907
Destination,031d5e427abad6a2aed64fc790f0aa424831cb487ce64d74cc17759d2c8e59bb4c,0.00034211426616489907
Destination,034025d58117f4808259dcb9bf6b37330b2bdecefbedaaa47a0bce4ca79b97510a,0.00034211426616489907
Destination,0295455c9cc7cdbac4ce47e5d74290ffb26d6872340f98ee4bca922326382d017f,0.00034211426616489907
Destination,03d51dfcaa0e0e362a047185d0f018dbfa1660f12308e4ef6babf61b1a0a71473a,0.00034211426616489907
Destination,02dbb4579a0af3ff4e6fb456783b763ac5896f1e4397d1502a880c1dc9d6686909,0.00034211426616489907
Destination,0210b92e257e57025bf9dcab45c2b5dff7eae77c43699369edd943b130e0693f49,0.00034211426616489907
Destination,03c7b393cc8f948f675e7ee1d222b4a7ff01126a66b0872e3f15a81becbea93ef1,0.00034211426616489907
Destination,038feca33faddc90f9a62076ad33a1ec3c7d260849434b89848bed0125f3e518e4,0.00034211426616489907
Destination,03e7805f7db464ff922748182bf5ab66a74e4439771e5d090c4bcb1aa8c84d7fb3,0.00034211426616489907
Destination,02e71fd624c23fd99170d2138102b9ebc32fbe781bba675c0ec601718d9b2810a1,0.00034211426616489907
Destination,0253e62868531838dbc07cd2d7b0d3970533777c5bb78dbe8238f03fd6fc5d6a1d,0.00034211426616489907
Destination,02543ba64ac295fb8d59610faa652af812694561eb29bc481fb18f799844cef847,0.00034211426616489907
Destination,02edfa2d922363bba99aa42557f82f880cebb806ae3c14d42ca8e196ce25608204,0.00034211426616489907
Destination,03cd041b1b39e4de40eb9001d3eebf6cc27a2528973e363812e5931a3028c5c7ad,0.00034211426616489907
Destination,03795713f1ec4261acb727761e0818699ebf3848c3313e8107fa34e8cc8f543a1e,0.00034211426616489907
Destination,02bf457d8372ce18f444715e19324aa47bd1125b5c817428e43f1314db92cd13e2,0.00034211426616489907
Destination,037d3bb0edd3eb5e22aa0ece7ecb2cab7323ca2e768717023c015752c47267c7de,0.00034211426616489907
Destination,03b5dcaf8d988e139cbed65c3f48fb553ad54b4565e7c2531ab0319b156b69d715,0.00034211426616489907
Destination,03658e1736c420c07e4636eb2a7521d617dac34ad7599f6f9e5cf6dc028ccef9e6,0.00034211426616489907
Destination,02159c81c5fde1dcddff8130ea45321dd701840d8e0c3a46c03f54991c4eb2e475,0.00034211426616489907
Destination,022c3ce1e4304aaa6762ff78aed9fca0afc08f928d78208d584150e52a1854196f,0.00034211426616489907
Destination,0367390e3a95014a713e8320f4d454a2d75be37d7204ff710319eee2d38299258a,0.00034211426616489907
Destination,0310a347c1be4f2b3b55e63f7f1e6a27fc3717cec5e256496fe710e973d8f40001,0.00034211426616489907
Destination,0222781c89319c5964ed28b75876971fa82dd55eed93c8ff6cb2857e40d76cbb37,0.00034211426616489907
Destination,023dbc829f93cfd3dd590ebe0496cdf25114cd14717ae0a4209cc3cc864fb3a2d7,0.00034211426616489907
Destination,02c948eabb06f24b0ecd44298d4195095e431ac8680a6890f291546de57632c6dc,0.00034211426616489907
Destination,0286a67d2d17274312e9c230f6bec5111fbba19ded43e5b4504a2d8b2b0703f410,0.00034211426616489907
Destination,02bc079534c5f19c8439b0f73b57c3c23d51b2304074e3b7454eeb6474803be1d6,0.00034211426616489907
Destination,021ae1e5b99cd56ffe5040e24bf8f00ee394393e01c46d713d181dd7b2a17f236c,0.00034211426616489907
Destination,02d5cc417b20f3c158986f97f1cf3970bec05f1e26b52b234ee22eec517461e8a5,0.00034211426616489907
Destination,02321e8f1301fd95b93b2dc68049b8d457c9c941352ab93cadd94087ce57aea8d1,0.00034211426616489907
Destination,03836c54f1dc73dae4a5dc66e63ccf4ee56d36e54b5bc26fd2178d8c229405a7ef,0.00034211426616489907
Destination,0246e8f06ef0e7a42d1f1adce6520329312851513452a259c7bfbe648233208d80,0.00034211426616489907
Destination,028ce75f63605e81f9f2ae54fd4877bec21e8aa60c4e448b45ce4b86bbadce7d3c,0.00034211426616489907
Destination,026a46e065bd5ca228c2b58486566514f073a48b99e60b53fec9fa1d6856a57489,0.00034211426616489907
Destination,03159a0177a176c88a6089cbf06630eb0cf6c8288606495eb3506e50d51d93dee6,0.00034211426616489907
Destination,02a4be6e6bbc1bee17a8c4b706ff9fbd276f7aef44aa18dcf9a12b7bfa703b8a3b,0.00034211426616489907
Destination,029d944b8dbc8696177663c800dec674f98c909e6a038f79f7d8c6b2b5f1c3b54c,0.00034211426616489907
Destination,03916fd08d729ca61b149577c7f2d94109fab87ced92f0fdf9db488f1a402062a5,0.00034211426616489907
Destination,0225175278a7714738a9fa2a17cdde1d1e98b19909c82c83c9023681c638aee383,0.00034211426616489907
Destination,035d38b8c2b7c9debd6828b514d08fde8d7c23ef2f436bed70f5c1ffc4415cf954,0.00034211426616489907
Destination,0349697734dbd497aa3139fe099bd5dca259f464751d3daf6cf72e3c7c7faf68e5,0.00034211426616489907
Destination,03a7acad9d2435feaab67abadbb6a0ee2e80cca28686945717832fa7aa04b78a88,0.00034211426616489907
Destination,02043bfe604fea62d38c9e73a76db3a5becd266a0ac8bd3c0d3fc04b61ac3d753c,0.00034211426616489907
Destination,02ce3eb22fafb1097f6fe58d62f94aac50da8d141373219671974010e9db8de15c,0.00034211426616489907
Destination,020805806873f15859492d9ed1c7bc574a7432cbebe6abf13ce96518c8dcb589d6,0.00034211426616489907
Destination,0202ebd010a208703ba654c178412c23a1e5ca5eff7eda2e46599a1e63b0cf5265,0.00034211426616489907
Destination,020d843ee4debb09feed3e6f7dbeb730f06edd6b4467aabff8d7127628f17b3e56,0.00034211426616489907
Destination,03d8b719201d55dce51454b15c2f75c666bf9057152e3e39dbf5fc8edb0c6894ce,0.00034211426616489907
Destination,0328dde826ad3d00b8160eec8ff946c206f8289e9544cf227a04b425e0ee7f3488,0.00034211426616489907
Destination,0240a6568e807179a2b61e27291af01310648ce541992b2dc137ce454941fb351d,0.00034211426616489907
Destination,03857f8a9626a9f20a0bab096956abe50aeeb3a67fa33735f939d64df5eeeb7cdb,0.00034211426616489907
Destination,03814103e9a95e0a1991fc7ff590e7ee8e6ad75f7348f01d30ee58b71546b3c942,0.00034211426616489907
Destination,02824b491d1a2199ff87eaf42b2f0eefc25d7198ebfa8c95565acedab01f2bb00e,0.00034211426616489907
Destination,02b7c32c923a175afd01e86d9cee1bf268c46438b5acaeca05859f18df22f52aa2,0.00034211426616489907
Destination,031ff1fa0ce00bece0879270798ee06d29a54f54e9a4ac632beeddcc74f000e217,0.00034211426616489907
Destination,022030420656ec11a47fa4b5a4dfe397e31aa53b7b5cc34942c7236845672f6215,0.00034211426616489907
Destination,02dabfcece1cf3abb06076d60b8773713a890aaf88ac2161cb90d6a0043a7a0257,0.00034211426616489907
Destination,020f8d5983dd862dfde6e78bda53fa4ab487b4258d01ee25d00039c019c3888295,0.00034211426616489907
Destination,02a8e00f0b1b42897beaa5fd37560b1ea1b0dc3c07062bf5a458d11020c81cb314,0.00034211426616489907
Destination,02b3969ad5458a63749020af4185cf2e7511ca99626339028dd50e480cbdcd0a8b,0.00034211426616489907
Destination,031c447dabc92728b35d9cfc271842b6c1173e59e5c44c65c245446bfa07945916,0.00034211426616489907
Destination,02f8c6379fce7cc8eb2e0be16fe5623f6b93a724dfb7428004c51ebfa28ef53e39,0.00034211426616489907
Destination,02d38871e8be8431cfcec76ed5886eb31cd9dd48816c9eabf3d2cdbd9a998b7428,0.00034211426616489907
Destination,024b9a1fa8e006f1e3937f65f66c408e6da8e1ca728ea43222a7381df1cc449605,0.00034211426616489907
Destination,03e70f6c4c538d1857ea33e65146d7a0f51d801c91fb74779c2f7d238a425ac9d6,0.00034211426616489907
Destination,030c5e46cf2f62755fe597c47ad87094df54514a10da5af221357b46a8e8ca0178,0.00034211426616489907
Destination,0229715d85d30a71e3714debecf6d1a8f9afdbd3e1e9b79ba27ae9efa12bbf4105,0.00034211426616489907
Destination,02f54386746f6542e8449eb336ad162287aeed8314d65c9eff4fcbdf094e4e79b6,0.00034211426616489907
Destination,03a187e92d850d81d15e5791d4d773940d0429fca5533e293d8cbd093510187fa5,0.00034211426616489907
Destination,03c726365d5e1613fe1289508bc494cc8d67a8f25793b22d543707e3bd090a9404,0.00034211426616489907
Destination,0245c76eddf79d946628515ae470a2458523e6553c393311ce163fb96596af37f3,0.00034211426616489907
Destination,02e7163efc0595c8a25582aa39a8d477598084a4dd80fe11fca0d92a93ae6ae236,0.00034211426616489907
Destination,0396ec20635d4b63d884d2737a838e7b0329e5ad44782b8321d0773541d0bacab8,0.00034211426616489907
Destination,0275dbd4d6cb62870ea7c9f689e3d17c31b8bcfe8c43c67b7f1e8194019ef74a2d,0.00034211426616489907
Destination,020dc414b3d1853316d926496c6a226149a34dee021131620cf0a0dc498f8f4a5d,0.00034211426616489907
Destination,039ce84f34205c2a730dc5c2a5fdc8d092b9f89d253d6fe1ac03a9ae8b6c47291d,0.00034211426616489907
Destination,02258ef4b60edd70bb5b004baa2008eb974f8972f516a414627fe83fdb6ebef60c,0.00034211426616489907
Destination,03dc2d618c677cfc6cddc77c3b4891eff8582a9626cdb79787e09ff7f8ed20bfc8,0.00034211426616489907
Destination,03ba55d04cf42f4dded663d046ff11f1ee44dfcbf284e1bf8afe564af41a172a3a,0.00034211426616489907
Destination,03518cfddeb18d50db01fc316984bac961a6d978115a52259cd5d2e47fbe363e94,0.00034211426616489907
Destination,021e08c4621d5261e6e6375078ac162367ac7c2d5021520f598c94953895b581d2,0.00034211426616489907
Destination,037eba2193fe30b8f875cb2f8ab6cbae20fd71af8eed7f5dca09974f2df9440529,0.00034211426616489907
Destination,02c49429f3c6ff30ed43eb08d00325f5d83cbb059b5b69d674c4b602c606d315c3,0.00034211426616489907
Destination,03b5205679a18b4ec927fb828cee744b5e2feb1981661bc652bb195493164a0f02,0.00034211426616489907
Destination,026c407fec5bb02330beb3d9746b410e73cd471b926d5fe2b7e57ff9613648005c,0.00034211426616489907
Destination,03c7bfbffe406f771f3cc4eb45813b68215b52cf55c23a56decb239e847decd72e,0.00034211426616489907
Destination,03edaa7827506a7627e73f5ec632ca3a10e186a7b3b4313fa3893c2c58dadce52c,0.00034211426616489907
Destination,025833b1cc1a52ce68a09d8088ec7281af46849444e9b1b83261729e086e366264,0.00034211426616489907
Destination,036b40d18e6d0fcbeaddb4afa6f0ecdba32018d8ac28076e51bbbba415266e3471,0.00034211426616489907
Destination,022c2e439f25adb469b161cbed4f9e0a44c05c952ed350619c309bec0480461a79,0.00034211426616489907
Destination,023f6ac900ed8d20b85533afa498448e33c53ba59adc1525732255448005c3717e,0.00034211426616489907
Destination,0308ba223f2e9bf7577e9f37eb421cb28e93a4ff632667c6f858055d86581c2f40,0.00034211426616489907
Destination,03115b94e6207d2624272fb2fba0596e31053ec9cc6bd5ad91762fc091fae5769b,0.00034211426616489907
Destination,023d70f2f76d283c6c4e58109ee3a2816eb9d8feb40b23d62469060a2b2867b77f,0.00034211426616489907
Destination,03d982db3411528c4a951dd6168d66eb978908f6ca9c1223d79e37b68fe33d3a26,0.00034211426616489907
Destination,024f0c856c64a2dde090f3a9855f57cca1f57c7303f96ce0778ee5e84d9dd3819b,0.00034211426616489907
Destination,027c4f0e97acee872ea18a7c8154b92d719b3e8492d22ab0ad005f33e56c8034d4,0.00034211426616489907
Destination,02715862eb01bb4e8719f340939db31ef6c44b5bbb2641125de60788cd40fd3104,0.00034211426616489907
Destination,022480d22b2de01b8eb7d94b76e38feaf2d72ca49c84cf3e691182117a93f2e08d,0.00034211426616489907
Destination,02b97f647df381d9495c3c5fda63fd872855d0c65242d66568f4cc9414663a3021,0.00034211426616489907
Destination,02a347d06a30244c3b876e20996ce1622d5ab3a88adddd8e02b82ef2c610cfefc9,0.00034211426616489907
Destination,02c7b1ea0deea10e794f2afaf984e0585d4eddb9f017aa5841dcccc483172cffda,0.00034211426616489907
Destination,03a290348379a936196de128aa9e0258572bd78f117764fa90b255c6375551ce12,0.00034211426616489907
Destination,03e1ab9d0010aadab7b86e2d09ffbcdb9933acbc441e8a8fec2784dba3ad4640f8,0.00034211426616489907
Destination,035f264f10ff47be33cc779fdc42e48de3f9a6ab9975e7942548dc065623dbfc40,0.00034211426616489907
Destination,02e09dc039cb5a7ef42e202a3c71ba612d8aec5c283eec882f54079541659b6e30,0.00034211426616489907
Destination,038f3723ff347c1b521c77ef587d965ee6fbc2b67e31518328110562eeaca8fd0e,0.00034211426616489907
Destination,026e6be50f8c6e539f24e11b989a9c501a107208f99dbc83b9cee001b637433997,0.00034211426616489907
Destination,036b98894240f9dafbdf052dca5e0e0c6dcfe823ce3d59bffa57d3aa7e0dd4dcf4,0.00034211426616489907
Destination,02da5cd27b0f548e3c79988a8d302d04ef8ab2d8e76b510761188fed3bc5b4fb01,0.00034211426616489907
Destination,03ec4be080c34aff5aed17daaf5e31bde047373a0c5baa94cb2b5e63ffec48d23f,0.00034211426616489907
Destination,030016650de79bbf44988e9ba1a826d3f605f38a400710b1fc460df5cc83c0851b,0.00034211426616489907
Destination,02d4b432058ec31e38f6f35d22a487b7db04c4bf70f201f601b66f7b4358242b03,0.00034211426616489907
Destination,031dbe26c99e69fcdada847e56f3fa8ee6751e9bc61f8808245f4b2cbde5f37b7b,0.00034211426616489907
Destination,03f8a0d401257c24c3a6128589d4d7f2a4fc5f3eaf62b57bce8583fff315970fb1,0.00034211426616489907
Destination,03608d129098f701677611ae8fd0e5844e76f349aad2ac5c1756ee66e325e0457d,0.00034211426616489907
Destination,038fbe52aaa975a7eb78e36afce6bb5b609c8f8edfa4619b87dd4c3118acb92c65,0.00034211426616489907
Destination,03bed0844615730934cd1db1db76e10f7a5cca955b11f23ac02ecd84575f3bc56a,0.00034211426616489907
Destination,020dd8fc221b1075c628bc049a0580e4dbb510d73d5416ea9a1334a518c467c5c3,0.00034211426616489907
Destination,0290f49e1eaba3e141453b253e5d63024381db278951e21886d1443e92ad7fdba2,0.00034211426616489907
Destination,02a69381f0b9c5b2faa794aec56bdc3076a450ec46e65e33018ff09dc8f9828083,0.00034211426616489907
Destination,02e30cfee5d8eb3739e74bb631b5e3e2b523b8a52e92c27ee7137166bd2afbbdfe,0.00034211426616489907
Destination,038006f90c58842c950f503d0fcb423517ec9cdbd2fdc458c5e3139e0629b71ec6,0.00034211426616489907
Destination,0380d617cf863bc5c0a4b0bd25a3d330e38a0d10c505d5f8af8e1a70b62c18b022,0.00034211426616489907
Destination,026b6196cfd73603b45151353a3286d5a985878e95402a05355fc89ac751e4f0d4,0.00034211426616489907
Destination,02559f7bd0aa9e35047ee32ddfa5b531968245c644cb4f1f0e41ab191af0afdb19,0.00034211426616489907
Destination,03bfb32d6ad2bc70bde78ce9ca96e0e1cb4efecd10b04a344ec73361db77292c41,0.00034211426616489907
Destination,03cef786778cd26a2a839d822f0d16827a2a26902c35dee8d12e2a79a1dc3ace36,0.00034211426616489907
Destination,0289b7bddeda923c7380141f32b60bc12234be58f59fe883cd2a2c7fd46931d1fe,0.00034211426616489907
Destination,0311d229cba21a421c623c8d880c15f6e4b45b15d6ca966222407b9550b2063ec0,0.00034211426616489907
Destination,0327e580b90bc1ff5646bb7e24af6c71e8ff093bf5002d00f1fa334e1a9650b251,0.00034211426616489907
Destination,031964cbbb0242117267adcd3e04ced928db0a80c9beebe51856949825b2d61499,0.00034211426616489907
Destination,0360e1c7d6046aeea22d9200e2d9fbcb76e9cc4678dc4cfdaad4e292bbd886ac26,0.00034211426616489907
Destination,0217d77af5fb2f46dc826de7818c7070a53309ccbc313f9ac13bd9b95e978f6e9f,0.00034211426616489907
Destination,039e8c6b83e74d0bf4db1e930a6e19b6a3bdd3e551668188b694934320993719f4,0.00034211426616489907
Destination,029a1316bc91eefed16e51de41db5ac8237758ae725486fd3beb5dd0501c32437d,0.00034211426616489907
Destination,03022cf8fd85cec30fcd705fd4c42adbce73105110a46fca29d108b5f88be98258,0.00034211426616489907
Destination,0291c7f53612e1d64be43f2b388b9cb7f5a510ec98f887a6b80600ba5cc8b09e5f,0.00034211426616489907
Destination,039947a98b84480dc6780ca4953c6fa7a5e821db86fd593ce249466d5d26cbb987,0.00034211426616489907
Destination,021039b778fb9ce9e349c39f9b5ed7aaab7ee94c43b9c079d3c5cb8b38b919ef99,0.00034211426616489907
Destination,03c6ca14385508d7ff3349f84521a4117f47730f1477f8790601f75f2b828c60bd,0.00034211426616489907
Destination,02a714a0dcad8e311b49e6fc438c9cb839fc48a8d1702cb84bfa3a6c08be54ea20,0.00034211426616489907
Destination,023d3165143024c8bf7538717ceef296710f38317a9b8d51521fc1aac83626e1bc,0.00034211426616489907
Destination,02bb2a0357e93205eb891fec3fc144996a85389ae0b330954d1aa8b3e5cb3a1664,0.00034211426616489907
Destination,03633a00575eb8a6e814163f1b84ddce3ec187495707e8e7b9928dc5cba8240c68,0.00034211426616489907
Destination,03f1c8aa7d41bc52f28407cb284ce7dcfbe2f587f67c126a3dba860fd47c94ae61,0.00034211426616489907
Destination,027e6c3a7f0ec144b371c01248655b8403b21b7b75c5cd6718a89f887e8aa7d708,0.00034211426616489907
Destination,024c71c987f240c9987f6f3d5386a2c9146f00f59bae73defcc3bccc1a6e61b11c,0.00034211426616489907
Destination,0207ebfbf356bc761a74d2385b5978d88e37a1ea7e2ff30f9fed4813edee2052ba,0.00034211426616489907
Destination,02fe769b85f480823dac4bf2557c715746ca2646fae6cf0f212be0556ce763c7a9,0.00034211426616489907
Destination,020b883e5dc59ad5dc099b994c049665e74fdd998dbebb24d68fddecf6e3f02f93,0.00034211426616489907
Destination,03b3268f7157a30c050fd97857f071ea6bd411bd966a7480ec9200d71d329499bd,0.00034211426616489907
Destination,024fb89635469db10ac5b76eb3ca0eb8e0bdf0277c6d8fcbf7fd9ff09fc94afb8a,0.00034211426616489907
Destination,025de99b8a83a78e63ffdeef368d5881dca44dd2550d2c1f3cd43de9d408ea9a07,0.00034211426616489907
Destination,02a2139b791b673c99ddd512e2c84eb2c4c36400418053d58ef6065eea5d423a0e,0.00034211426616489907
Destination,0245aa53edf3c646688b5cd4694deab61cc04ce8d240570f080f5b14f41aadca70,0.00034211426616489907
Destination,02a06b8470199c686194b90a31c6fc91662f67861c2cfa3f299915151bdb7e7b1f,0.00034211426616489907
Destination,03e40a2f5123066436f75204ad0c7c0af0481040e126eebb02d85dea213def0be8,0.00034211426616489907
Destination,02da8d5a759ee9e4438da617cfdb61c87f723fb76c4b6371b877d0347abe953a4f,0.00034211426616489907
Destination,033e7ce9c4d6fa1133792eb0da8b7309b48de6270884a24ab9022dd06582e4771f,0.00034211426616489907
Destination,0388f89086bc5f4bb1283a76bd27b0f35392e467a6e9411086597c01c23c541d26,0.00034211426616489907
Destination,038c7b2931f0de49a5aafe40cff04f11b3d6cf8382af64416eba1787fb48f763d5,0.00034211426616489907
Destination,022bd0aa893db4ac890e457cca8c83f112518d6941bf9153dab4bf904620503a78,0.00034211426616489907
Destination,024ca705edbc36bcae5cec4a2196b2e4c244b3a8c1b1aea4b97d5cb69ce94b5fbd,0.00034211426616489907
Destination,03a78a1656c92706b4a1311eb72cd96ebcf566764cc451bdb05d8eae5f0db5c864,0.00034211426616489907
Destination,02ce3b8bb5ec1426d56bc5610ab081ff7f959042a7a00f4b7f7c62809d1854599e,0.00034211426616489907
Destination,02db49beaa4d8d229921f1e85370841489981cc0e0f5de4fcb8816e2757232b6a7,0.00034211426616489907
Destination,03817146c7cc11163d7110502657562e0b9033d062c4a785f9369013e477bd664a,0.00034211426616489907
Destination,02acf2640da11bb9f3e817bf5a15f741eedce24a4343696155f05d1db4f3f70bff,0.00034211426616489907
Destination,02bcde8f404ae85e7ac0e904f6ec2e2bcfe96da0e47379b6d612d6fb4eea64269e,0.00034211426616489907
Destination,026f9c804ea1fd88e955f7e5755ac60e0500e0a89ad08c8f7287e257ee88756ad3,0.00034211426616489907
Destination,03d8658dcbe7ebb274bde030ac0f6bc62b0c6d95310f5740f5be45d3a3e9efe234,0.00034211426616489907
Destination,035f3171b63ba20e4063f6a214195a532de53aebbecf44d62d7352e74448e144a8,0.00034211426616489907
Destination,020df9bce498c3063f8046dcf036f075556628a2165958e7e5f35838e3534e6c41,0.00034211426616489907
Destination,02109ab6b08d040364c660cc176ce54b1bbcb6c33c2fab3e26a63ec3b260927d72,0.00034211426616489907
Destination,023ddd188054cb94cb6779f4cb57e4da7f91a8ba779c5e0bc26cffed757177c306,0.00034211426616489907
Destination,02116779af189cf8f82a9c3f81aecf056abb6e5666e268cac8de7c07c26d66049a,0.00034211426616489907
Destination,03a2d9707aa15908ae00986a650eeec057ff026bd9ba17ab0fe18b9e19d19d77c3,0.00034211426616489907
Destination,023ee6fb0d1af1c2a240331b0e5add6618f6f4ce8e59b13fccc78c220a8a61f4a8,0.00034211426616489907
Destination,0384b220ab8701207f6e4b3576517c6390276ee9ee40b1d0c97e96579190e5c946,0.00034211426616489907
Destination,03718bbb44877232a672ef2a8cbe79d357fbb3f506b646f0a0741da6f0618bd1fc,0.00034211426616489907
Destination,02b667830be98cd914508005856dee6e5838724bf6927c140627fe7e1eb40941ba,0.00034211426616489907
Destination,02a5d90ed9b0d41d2fc7afd45356c9fe8ffeef1794ba6c12fba64e1a5c1f11e931,0.00034211426616489907
Destination,02ab72f8eb147cc62fbbcf551d26ea27560c60371d2f42e34ed5e48d561c06f805,0.00034211426616489907
Destination,03f0383bee4dfe3f6ecde1624d707cb50cd93e5d13d080be270e27cb753866cca1,0.00034211426616489907
Destination,02412d393206736f5451511a3a527a1ba565911ba40d05e8811546816835594355,0.00034211426616489907
Destination,03c37a99544279ba9b792b94991467774adfa96b9dab8e8dbc9babac27b47d317f,0.00034211426616489907
Destination,03ad31e19c94c5ef331aa30047252d9b173b0d5fcdd07b9340ac7e828c8a239cda,0.00034211426616489907
Destination,02826f55700185cd81dfbe5a3eefd7d578dfe93c06f3ebb2646a3965d27cab7188,0.00034211426616489907
Destination,030e4243b8c8c9ba1a590f922a77f9fd8c1a49092c129f161752e300b415304232,0.00034211426616489907
Destination,0234f3200e878b8312e738ba42d37e2aa5c9028fecca6afd9b1114f8466eecb5f8,0.00034211426616489907
Destination,03c02ec99cc9b0989b373e94db9cf209250ad0c0ad2f64de2a68cc8be365f66c69,0.00034211426616489907
Destination,0301421ad710a74cdcca5938ab9f0505a7139d5c19317a829cdbd6c131bdad8f31,0.00034211426616489907
Destination,0375008f1149a604181698a79766c261daedd453296ed66a7b92a203fef6dc4640,0.00034211426616489907
Destination,038df68f8275e38fa0a53a84f13d4ca0c2574a2e923a41e14771352fbaf4701e5f,0.00034211426616489907
Destination,039e0a9759d66ed39b4d0fc152ca79aea948e3552aea5faddf3ff4df3c1a7e1751,0.00034211426616489907
Destination,02a4cbded5edaa2b174502f6f481b16d15e52f22ca8bbc0b5e288abcb3788b29f7,0.00034211426616489907
Destination,0263e99b73ca00f5a2000c4b63d93430f4e7ce54616457baf86a8570f0214711fa,0.00034211426616489907
Destination,03a6f5bd2224cd15cdfa57df6a5d532c86e5605e2c973a63bccd68ede992ed3836,0.00034211426616489907
Destination,02a268fa37c84022f57c82e11aa854e7a5d973d5f831613eadd3686404886dd697,0.00034211426616489907
Destination,03986214fbaef475ee1f1b48858e752f4a0575ba811841a3a82451cd119ebd6b18,0.00034211426616489907
Destination,03d4994371df21fd75a049421ab5b1e3a66d81fb4a22755b2a3db9b290f14c8464,0.00034211426616489907
Destination,0394972ae58841345dce46a0050f39d89a0c8fac3379f16c482c0722c0e4183151,0.00034211426616489907
Destination,02bee56e4ea4b0f3cf0e21b0fb68236a7c246a7856b803ead1f886ef528a8843d1,0.00034211426616489907
Destination,0362a4372375bd24c5b8f8bb2ea85ae2ccf783808477e68cfb06121694b34d1927,0.00034211426616489907
Destination,02a8faff8ce2b909e1f91257aa6168a1a80c0e8b32d71e425957ec16c7d10f8ee1,0.00034211426616489907
Destination,022c024b5e34bb6f76ec0e7322e5f6e9519561f7f72db42b76d41e4f4ae02a7d65,0.00034211426616489907
Destination,0360f50e9b79dbe6dba04edff82385d6e4edcb4ab4ca4b87e0936c755d666f1bfa,0.00034211426616489907
Destination,03c3e9f55581947e501c63aff341cf91bfa6f9b9a31b7581b6da6e0cf6f738aa8c,0.00034211426616489907
Destination,036abb1d2a350188a9c48c9fc9eb2f16554d4d435122a7470ea37dd9c2c7689719,0.00034211426616489907
Destination,028091ad2b157f76f8be07594d6b884f707d9237bc1dff5bf412cdba9af75c193d,0.00034211426616489907
Destination,026db470c8a438657498f034805273d51b4906c2e0bd0f8d5f48b9f53866f8a2a2,0.00034211426616489907
Destination,03d9c9079be4c73ea8d5653613cf2ef20ee414e3d335474ce64eeb780ffebf79c3,0.00034211426616489907
Destination,039170120cf7502e10c5d83f109cf23708ebe00a38ff3ab83ce87088fd25d811d0,0.00034211426616489907
Destination,02b5f661d26668cbe325df698afede3349a1dcc2843ff5e6275ce90d70629770c7,0.00034211426616489907
Destination,02c22bc3371ca350cddf8fba2fef3919d10a923ac9c6bfb1f4ac3e49818d7526ed,0.00034211426616489907
Destination,0212287641bcf57063a692a445e0baf08d64d461745ae9708ce538c6e64921b89b,0.00034211426616489907
Destination,03b2041843c2fe2bec761a473f11f4dcd590e5d0e037731f4f1f3c40057fe65e37,0.00034211426616489907
Destination,02307f1011d8a03acc7c41d60ba97f02a0a826f23ddbfa96db30f8a26fa6296e81,0.00034211426616489907
Destination,0380eccb4d0c299ba0cafef20df6c43298fdbc2c7c78c11efe467d43960be192d0,0.00034211426616489907
Destination,025220d94bbb6d44ab7163047faa8f1769bc800a6e330d7f981a8af0356d84f2fa,0.00034211426616489907
Destination,03ad29451bab0d63d75b148e579c5d9b54ecefb7398499bc2809822dd519cc2240,0.00034211426616489907
Destination,0253b838234635b673e5d57b104520099f6f2935edcbbd6e6215b5eacdd11e3100,0.00034211426616489907
Destination,023d0c9a11da6f93e932c96e9b17301893981cf9a0e1ff231097611cf9d5bc5de8,0.00034211426616489907
Destination,03f4d2fba5aa0ca3857a1a58ef86e08eead8185ca21957413e052bf3a456a927d6,0.00034211426616489907
Destination,03a968b17f2cbde50978d627c376d7ecf33101e951c14fb4cd42bd4bd955d2dc07,0.00034211426616489907
Destination,02e8f4b19c80c517e7d771403dde07bcfe422ca60930cd529196a26ad8f2aa8ed8,0.00034211426616489907
Destination,02794511dbcc3a86e399a0e3ef83802f98397c8de96ef637b20a63531332cfddee,0.00034211426616489907
Destination,02398fd3bd9b43a86c49683865da7789e15744e92849bc7cee85c7b7b1729436e0,0.00034211426616489907
Destination,026ca7fbd916126fc4b5e6e67d331051e84d7f35d2d69baa95e1535776769fee16,0.00034211426616489907
Destination,03d8205bac19c2371c2fee1f7212dd4de6a615d85bb6ccaf0430e9824b4da5eea3,0.00034211426616489907
Destination,02c928bc676d292ce59b698be45710ca93b7113af0a9726486ee3ae6183ccc3d1a,0.00034211426616489907
Destination,036b45b031fb34295a45a0ccf99a337758f55ea9650720248b5bfe73159adee4e4,0.00034211426616489907
Destination,03377f891367579d0cdfc2833bc323a1d01514eea40d48cce86d31e398223e0cb3,0.00034211426616489907
Destination,02b65c2d121a229b3df188d3b90599e398bbca05388a1b4ff74f3c9d4ead20d0ea,0.00034211426616489907
Destination,025cbed624834cd4230c61ab1d36b00eb6d4673f845063d2040a532418c77fc1ba,0.00034211426616489907
Destination,03074ab83706de692a91b6e7c5db4def16686e40f0fe7ff6f8997706a604671ba1,0.00034211426616489907
Destination,0260286c77290cb797a9996d186328697046419112e4542d66395ebf78ec74c522,0.00034211426616489907
Destination,03294dffd7bb073ed26173f05ef71f27d2b30d64e03aa670925220c8ce4584422b,0.00034211426616489907
Destination,02166680efa001694765c1bf15428198c37057a8cb61ed0eb264047c24dd6876d4,0.00034211426616489907
Destination,02dd0714f9f1fd8b64ce0edfa0a6f0326ac48ae198b43c7f38485d6f38547c2278,0.00034211426616489907
Destination,035a1a3e5fb6b618fce65a1570e7c8b3ee4db9db8860531ebbf4f2a4577909c1f7,0.00034211426616489907
Destination,03fa362244af5f2dd4aea4dfb6d301fe160fdf65f7061940c6278b628d5ccd29e8,0.00034211426616489907
Destination,0275bf18e91a351a5aa211833226db901449fb08e986bc84f94a10774407b24da9,0.00034211426616489907
Destination,033864b40a0cacbc61f3d489aed81009120c92d319ca5d4f7ad02f889bd2ff500e,0.00034211426616489907
Destination,029b5694bdce8dec3ee25168485932d5275963633d7f897dadfea1f0ab682d9e36,0.00034211426616489907
Destination,02ed13faca3b2e612018e768e2881ee9a289c3f5bcbc45443de668c1de1f12de40,0.00034211426616489907
Destination,02499ae9609e459bd1d75770a450d4f9c79d1990664e36b325dbb8ca0ffded8400,0.00034211426616489907
Destination,03190c590909fa30d1551f1d5daae580aabdf6e87e3cc8297e3826eb38166892e7,0.00034211426616489907
Destination,0309506f816ef8c60bd9be263fae9df0818deded18f7bbe35887246cbbd29f96a1,0.00034211426616489907
Destination,029ef2ce43571727104099576c633b2233bfeb8dc18b476f93540a32207da9e9a4,0.00034211426616489907
Destination,02131afe0b4e48bd4e9a72edacaddd35a2f8e472f61cb6578450f95b779fdcf1f8,0.00034211426616489907
Destination,03af9907b20acda85012d855de45176e1a204214d59c45b7173729a6b8379222b9,0.00034211426616489907
Destination,03e04f62803231c60a9777888e467cb0351347ff95837a74cbaabc2ebf130f0151,0.00034211426616489907
Destination,03c5720f019dc9697fa26e2661f5b6015e93b2d2d912ac1b587d0200526be75d4c,0.00034211426616489907
Destination,02493033fb238cab27a1412acc55101bab4a9b644f1d18b76287aa8d764c9285a4,0.00034211426616489907
Destination,031979fe6ce0e69ece6d99a4bc4a7b30ed22a8cb8703dd7dd2dfaf619e07127e0b,0.00034211426616489907
Destination,0286f98999997e2cd931571358d1f7e380d0f391a8159d7d8a1a9bc779f1707ebd,0.00034211426616489907
Destination,020289fedf16cc2ebd800d3292de03c01297a7da786934622e0c49336f00e15deb,0.00034211426616489907
Destination,02a2e2e47fa0b981df4653223621b43556b3c5e6bd4764142bf87b4a9a18452ee5,0.00034211426616489907
Destination,02f4ddc559bc1796d3fe1064e637b9848f7817a82c9f73396214912f9d21db2301,0.00034211426616489907
Destination,02598ac7414867d404db6caf55f7a00cffc5bf6fe173b0c1784a7e5a4520d3b229,0.00034211426616489907
Destination,0393990dadb1e26fea7975360817545e537d6c1794dfa3e946085cdfdae4b66f89,0.00034211426616489907
Destination,03fbb38f7e5df72e39ffc20f0ca5d7cee508ccb8bcf6bd054ac5c2c1a02ff3a924,0.00034211426616489907
Destination,02c44f694d85f3bc013fa4de079b6cfd55c08a5e165649d09c6ed3a4bd1dae0d90,0.00034211426616489907
Destination,03dab86982d5f9d605e4ba0e04ec163268dce1814ef38a563620608124b469241f,0.00034211426616489907
Destination,03ef3420364513e991b33c8d757647a14f627e2acf76828b188cd8e5cf56f481c4,0.00034211426616489907
Destination,02d25fa564d7f6ccbc92c93abbd27b7c3b30aa311b88f76ff749e23ef47401ec05,0.00034211426616489907
Destination,028c345f7b4b7298d7340ed531e2c6f46e1f136fc43de6316f5af42345d619c7a1,0.00034211426616489907
Destination,03e81888c35e67cef9c9e6adc0755a70a9be5486a4ccfc28c7370536b10cadbcf1,0.00034211426616489907
Destination,03359cad9e58ead8d665af91ebcbc868f9267d4302664cf155cdbb4355ce9b7f2c,0.00034211426616489907
Destination,02ebb9c3b7265647faa9c6361cdf5d2a0ecf08d4040a6cb47b5372046f23cf7ecd,0.00034211426616489907
Destination,03b7205c4c8e87d60db8cb80d99b9ec9a9678485b45864dc51774c1a8b5fd42ed7,0.00034211426616489907
Destination,037a3de793ea6af80c6784836a7b86139a1973219a9958eb9f12570a617de62aec,0.00034211426616489907
Destination,0253b02752d9629e6029840e2c6a70aa13c72d6de18ef4209f6fc809452be30236,0.00034211426616489907
Destination,0321349b94d9c240f69062238b46a8d87dde1aec7ef870f57601b569dbc702650b,0.00034211426616489907
Destination,0203a21e744c231d092383b5e2df60709f9645a538d2a8d7c6f2ede8c4301c0bff,0.00034211426616489907
Destination,03c9651327a31793919508669496b83f1a4ff87ee9899b04bbf2e2c6e7ca532625,0.00034211426616489907
Destination,03c8ba74efbb09b4223746e19bdd96ea6b7cbcab06e1cd51f363f9be7b8b444b40,0.00034211426616489907
Destination,024b9323715058abd3687f621db1ff91ba73ddfb5bd4d369881169297f303f848f,0.00034211426616489907
Destination,033d6c9b2da94bccb4b7b74131eb21795bcb3acdf191da1095b486604dc0219ca0,0.00034211426616489907
Destination,030545472cee5376806eb2765b6b9068eaaf04f4fff95006ff4defea2f852d823a,0.00034211426616489907
Destination,03ee42cfcb9540159fdace61e085a9bb6f27b272385f640f0be28df73695ed9817,0.00034211426616489907
Destination,024499ba06a647fa11904c781889630536fc55837c61ef9fc50080ba060a3c263b,0.00034211426616489907
Destination,031b8c114b93c162e8d8a29fbda7763e81089928b838436264509191702be2b4c2,0.00034211426616489907
Destination,03966696a6dc60bc33c602fad914d1ad6d8dd5d80212778a30a6be1469244f0b5a,0.00034211426616489907
Destination,02ee1fafcda7597297de305b88da52bf62db04a08599e7f8b2e6c86bd03303590e,0.00034211426616489907
Destination,03b9b238a9e07336d4902e007f14d6597363b8563fef2316bbe98250146d0bd9cd,0.00034211426616489907
Destination,036360986f6673fd63711d6153841ae613e040bd1f7d32d648a1befdfc6ce4a702,0.00034211426616489907
Destination,029d40776fd9fb60f8cd3f1cf7168a8af46c08ea75fdf15a3fbade987376315e31,0.00034211426616489907
Destination,03c38c9abb6694747ea04bf7fdd008a413c7833b338dc79622a29e51bac48b5bd7,0.00034211426616489907
Destination,03894bca92c802a5130e00aad6d6cb211af2e5d652d9290aba8846b9809c394b8b,0.00034211426616489907
Destination,0208c8768da0fe9c9e5a6c9337da26432dcc534a5391fbd2955e977dfb67997658,0.00034211426616489907
Destination,030035ea59d3fc1b6f598dfb835260dc03ea3955207086b43273f4f7966e7e7381,0.00034211426616489907
Destination,02b72bcce369e0bb62d70c7eb1f1e7169799647a77eb7e32d3a920d4520c3dc7d3,0.00034211426616489907
Destination,02eb34848fd68058c2ed4fcf867c9485982ec37cc21e30aab0749be795f8d9addf,0.00034211426616489907
Destination,03100616418bb059ea8a0fca0b251a893c09f86cb50f5bcd7ad0de9c4d6dfec4ec,0.00034211426616489907
Destination,03c4f44b26dabe7cea67dd6ece6e683fdc942f130119ebab55dbcdfef799d96736,0.00034211426616489907
Destination,02cb5509d2eaf24dfa62ec7582cdad0aa9768ac808534cd439d45820d05850509d,0.00034211426616489907
Destination,02638c3c27dd3db9edf77449571861a591c085eec152a8b60e3a68931f99ee5ff9,0.00034211426616489907
Destination,02f50854610dc0d0ca2ec28a913df26a3a1368c2196c7ed39cce0648a968c7fe76,0.00034211426616489907
Destination,02eb9aaa77bef4e919b1c14e2b91a71991a78be553e09f6fb4893983425515b454,0.00034211426616489907
Destination,02cec87edb7e4702d5466bb9686e38c070dcb78c0b19050faabeb5210becd22396,0.00034211426616489907
Destination,036ac54a55189e853c5c22bb5dbc3261d856b508e33e725f1956d64e51be48f7c6,0.00034211426616489907
Destination,0391574fcdb49dcbe1f38e27abf384d03a445a8c1b73ec686fa6d0d473787e39ef,0.00034211426616489907
Destination,033a6fadf13d7ac90347cdbc9b47b980d2746ddfe86bec86f0f22c9b5579263e52,0.00034211426616489907
Destination,03be9d2a0276df1cf7cb56b3514242ec6a4c16526bfe7b0513247d40c2c4cde49c,0.00034211426616489907
Destination,026394b215fb9559dd1ad3f0a1e05d59794ca3607a971a1713d155521fa79c99f6,0.00034211426616489907
Destination,035510dbd1d58e9031fc37f5805c6c58e1763d33ab5a406f4007243a8e75a75e24,0.00034211426616489907
Destination,021ae1459830f490ffb6fde437eb99210ace2bf4ff9afebb8b2b9c4a704440e3a3,0.00034211426616489907
Destination,02891f8a0cc91093862417a942cd3bdc12e6a51a2e4cc24bb01ad8c4b504793823,0.00034211426616489907
Destination,03ce90d72b44aa7220e79e60436062f2b686cdcae8a3a8f805fb56e028229cdde1,0.00034211426616489907
Destination,02b62333c0922fa5542906ca0f98ecadb24de9ef9e259e4a63ac4db33aee8fdc7a,0.00034211426616489907
Destination,03d9485f27c433ff17fc103b925dfe1385e77728662e65b4e5373eb408386c4c66,0.00034211426616489907
Destination,030c90df49347aca5cef19ffe419c90ccad6655bcdfb10ba0d3eac609858e313f7,0.00034211426616489907
Destination,03199ed0f5d35865453d3936aee5dfe1e393d7779286208b6b4733296e9635ec12,0.00034211426616489907
Destination,03aae3f600d7355af542a368cecf67cdcb0e61c5503b7893f1c1c65f57740cd93e,0.00034211426616489907
Destination,021e0743e92c033b57072adc4f8ff6525c6430c4df5de735646cdd823993fd7706,0.00034211426616489907
Destination,0387955f67913f73fec57b34011568aead2d8b9902c94ff7770885452bb9acc842,0.00034211426616489907
Destination,03b014c3f5159debd6e7585c23885967de252b25c487244fca07881cdf0ad19f13,0.00034211426616489907
Destination,035b733d94418b1a7626c76681518cf56d05584115a264309304d0742bd1e979be,0.00034211426616489907
Destination,030588fcbf2e1496a3bbc17a8b50b74a8779691d7be727f93e567a96c3d1053e7f,0.00034211426616489907
Destination,02dbd4dd8cbd7fee2d231cd44a17fb655bbaefe916757712036ff63f7d4ef73fa1,0.00034211426616489907
Destination,0347ab327d7e573416ec0628f1edc77c3dd5d1e3b51a2118fe254b925f543ecdbd,0.00034211426616489907
Destination,031138a6e0a5d58bc144dbaa61daef305a97c6d3d8946b46675d26e92aecdbaa89,0.00034211426616489907
Destination,0362e330afdf043766a48c4bbfd1c6f8fe616ee4f2b0595c00982e09e2e79d4a83,0.00034211426616489907
Destination,022306bf59377e3c6c8c445c025ae9e030dc2714c199975ef18de0421a4c03c7e5,0.00034211426616489907
Destination,0225f33ebf88e8d58d3ba7006dbfc70d05e6f797026f2268df9984f29b738d483d,0.00034211426616489907
Destination,039c19c8c90544baaaa98fd7435e7989b66a0a3c057b34762cde05f3985472ecf6,0.00034211426616489907
Destination,028690f24e527ff41051c985beca9d87d835415b9b1da378701ab5bf8f58407582,0.00034211426616489907
Destination,03161920646c732c02d1684b28b2548c28d935ce81266715cefb5707e192781e0f,0.00034211426616489907
Destination,02ef754a13d37b6a1d9747a01866dce19adf5adf82b7581b8bf08e7dab16041eae,0.00034211426616489907
Destination,0328b5d9d56c4f4192f4687611dd200765157d07b721343b2247472d386d551cda,0.00034211426616489907
Destination,039d5b9f5afe924dc787a601aff6e87a89f6704f91ff90bdb24daa04594cf5b4e7,0.00034211426616489907
Destination,03ff8254accfed217b86979443346dcee6673ffb06eb7942d0ef14f568930625b7,0.00034211426616489907
Destination,0218e396e20a50f2f9715dcdf9afff93622607e9995f2df7020b228ebec587d127,0.00034211426616489907
Destination,0259204d857955118bd6363ba99f967ab1647d9371d9206bc4752b056c4ba683f0,0.00034211426616489907
Destination,02dfd3cc8212d496ab64f59be43c65702ce9fee04eb78f4c06f350e53318237784,0.00034211426616489907
Destination,03e88b9dc27c42f2d5c252baf25d49996780f5048d68cdddf987a4452f3c590297,0.00034211426616489907
Destination,0248d4f63760360a6c87c59ce3eb446258986b2efbe23ee9164c50fe000a4636f3,0.00034211426616489907
Destination,0350e8672e1cfbf20f5853505041a67df6fddbd8d3aea7886942cec9ecd27312d2,0.00034211426616489907
Destination,03246f90256ddadb3cb861a0beeb5c20d5c4871c1cf6b3a742a544109a0d23d75d,0.00034211426616489907
Destination,0275affd6e30bb5804160e99e1a2871820ab7487dcaa4352c438507ee8740838c4,0.00034211426616489907
Destination,02ba825f01f0b60b8148a3c3776ae729fdc05ee1fd45e286abe3c8409720b1c5a0,0.00034211426616489907
Destination,03eb554f5faec894e443d7777152a115ccb7aa0be43e4726b9bfa18b8c6cf87bbe,0.00034211426616489907
Destination,025db83e0f5b9141dd86e35bb9848aece9e586e066768d1ea4d0ba7516daa72e81,0.00034211426616489907
Destination,0389b6edbdf24d45af96261f8493403abee39d74f9b1d789e70d1db9cd4480e77a,0.00034211426616489907
Destination,03f284baa8b2ae9f0a6f70ba20f8289da0c39ffb63796c9492990ec1288f5e1791,0.00034211426616489907
Destination,0233cedbf5539c05a50b2efbf88a544e89b89399646589bf95fc18572658fd7da9,0.00034211426616489907
Destination,02795a9a9d9aee4dfbb9247b7bc07887a965d9e2a0a583673bf2f48e0841e7962c,0.00034211426616489907
Destination,023d1d5bd014fe70ff9b359bc1e5fff9a409e9981f3fb40a25772fee7db21a3a4e,0.00034211426616489907
Destination,02a3bcfbf123fd931dc7f7bb0b1aaae631d7a126e3da608d58f041a56e3bae1282,0.00034211426616489907
Destination,0241eae1ac5fd3f08567cf4ca579b076cc96d3c4f35c138379a99a25b2c26e7a70,0.00034211426616489907
Destination,037b722e082579d9e05aeb1f2a34bd5b0941e5b2998da37e7589d749e8ba56ea57,0.00034211426616489907
Destination,02c28872d38317b00526f84c7e084631c63a9414571a1ff18d6134f5615e7d6b5d,0.00034211426616489907
Destination,027ff2837f2aab5ec52251d09af600822b31084bf47688f99901b948b76d7f9239,0.00034211426616489907
Destination,033fc3c54ddb3fb70f5ef0414ffbb6d779e6ff750b9f75433cfb1e58400fa662a9,0.00034211426616489907
Destination,0257a0e81a593cf53737197478d01dfe1ce8e09d0269df3aafe29d08da0ec1ff55,0.00034211426616489907
Destination,02c12253b40b6bc44cba256cdd35cc77a7868dfa700cd8615ead9893f002cfa2a4,0.00034211426616489907
Destination,0275721a2cb785d2294bbe489a79de1f2a18b9a2eac7d95dc40e5e637c281538a5,0.00034211426616489907
Destination,020ce512d9578156e00b8946d4b2b2375db48f6805253fe2feb31ae807ed188467,0.00034211426616489907
Destination,02f990558f06c4167018d7d58e99462333bd947ce17b73770396fa1552564de3fe,0.00034211426616489907
Destination,03e829b2ba953e433bb6867f898ec24cd6763bd6490df1985aadcb7904b07b70f4,0.00034211426616489907
Destination,03e78423c7a744550bfb7c02978badf59302a4feb33c7b305e67e6f4633cbe5744,0.00034211426616489907
Destination,03195ae25aeec5d2956478558c26b0f790c5baa2d55b66e46d3ec9d8abc01ceac5,0.00034211426616489907
Destination,02344fd35bc80f464d89451f17544108bc252936819e9319cdb646caa173a64bf9,0.00034211426616489907
Destination,0357e23939805a0a739b693107f1efd33936023afb7dea6472cd2118df6a0a7036,0.00034211426616489907
Destination,029c6c8715a33d417fc753d5c824e461b11c0dcd8b354e489f9ca3e2c7a515462f,0.00034211426616489907
Destination,03e4356de7f0e46806e9eeee1d9e9deb90da4f0e780c932c0bd97016477bfcb167,0.00034211426616489907
Destination,03d73316bc75a10e97b538618b132e1384928471009b87af7c27dbeea20879e3f6,0.00034211426616489907
Destination,03b8f7d9499cda7890d981a319d86a26aebea15df70344fd8e8e135779ed8e76d9,0.00034211426616489907
Destination,03bdfb1208bab9b4808192ea16ea099c14d54d6d2f92290dc7ad0a8ed31dfe36ba,0.00034211426616489907
Destination,027f0379cd857a690a56c389b13d715e11cc4186ce2e22b8064a1d797ef3dbbf57,0.00034211426616489907
Destination,03e043fee083718d631444023f3b548713fdf152b99371edc986144c54c033f1e9,0.00034211426616489907
Destination,0295e9c42c208205285a5b8a42d44ac66729fad017fadba51fe23ac47b2f9bdf47,0.00034211426616489907
Destination,036f80166855c6b706a9e59e2f41a276ecca464bef08afc48d364720231a4d6ae6,0.00034211426616489907
Destination,033e963ae80facfebf0702c041b25d8e03534c30e234e99f67fb5aa9eca3e1f867,0.00034211426616489907
Destination,03caa1c155bb74a3f68dfe6a9970aa2bcac6a5a05457d72694c6865d5c3882e581,0.00034211426616489907
Destination,022c6d4cc91f495b269a9d5a2f685dbfe50835fb2de0181d389d1da4b2b5bb07a1,0.00034211426616489907
Destination,02c5898bcbba603c536c0ffac22a4f32f67ee441b32d119dd74c55b362499da4c6,0.00034211426616489907
Destination,02fd0dfbdd3301d82d4d3950eb90fae817b5e3a30dc6ac69480d67e155a1f4668d,0.00034211426616489907
Destination,03b8253877a515c3b6d857c5a482df815e70a84e933b5fef040854e6fca3c5ed68,0.00034211426616489907
Destination,03d98e20969aa217f1cf84e0c2dd5f8d4b65323c4816d4dcf7b1779c57a14ae296,0.00034211426616489907
Destination,03ebcb8cf02338a86ba79af7f7b7d449ce6d72512762c7f55a012830c5260b494b,0.00034211426616489907
Destination,0252061bd5cde993af2863eab808d21eaa2face86949a3915bbe64c0a7b9bb8ca4,0.00034211426616489907
Destination,03d5cc8fb20d1a95c06a63348ee35cac8a885a6e10b2259b9c8a2d17b510500b49,0.00034211426616489907
Destination,02bdad1847051c04285a8afe76fec9495343cc9dd9e87e8f3cf478c3e64cc3bb63,0.00034211426616489907
Destination,038777ce4015f987fad34a4ba8d3bc6f43e9d0c4c040073302be69ecea6d106e44,0.00034211426616489907
Destination,027270f63038c203c8e2e3eb2f92c1b5d208b3b937e2ad383ce942570d90fc24b7,0.00034211426616489907
Destination,02ed7aff0826551947a359d9ff46dd199417ccade5848b2af390dd8538f5f2f92e,0.00034211426616489907
Destination,0399d94ccc0c5500335aa7c6fc8d0ed955cd6951aff926b8a4c2c9b3ddaedf6740,0.00034211426616489907
Destination,03b1f6e4cd30dc195ac471db66aa0a85fbc9494c41e9e1bf5b6447e07fe55750cb,0.00034211426616489907
Destination,02981baecdd0bef96c366967af6d15f111d4bf8fef8fa40d545abc3b9d728c40a6,0.00034211426616489907
Destination,020a5c23e97336dfc1e68d79e1efabb1b2960766f58ac422c8c20e11a765ca304f,0.00034211426616489907
Destination,0371e771520a5ace7d49272d943652c816388f17938ebaf712b26383769045aec9,0.00034211426616489907
Destination,03b9de7a7d7e8a474b859a59e314cf2a143ae9c569ce78c46289b3ad16cb8c03f9,0.00034211426616489907
Destination,03d96cb09f7eeb841bdfde0bbe5c68efffbc66f3bf17889054441c96c8582bb272,0.00034211426616489907
Destination,0284c6ea868df6d703f814a959bec23c333229a990e4d3e27083305a63304ea93e,0.00034211426616489907
Destination,03608c3a8979b6a1d2418d24e9b3172814a13af9d21bd7a4a1b2969478d129c6ef,0.00034211426616489907
Destination,0392c1bfd44ef31a5989f95a01b421fdf6a83d927eaf0be58ef74e1503ff08da33,0.00034211426616489907
Destination,03a9f14ffab794e38191a9bb676b490740d61ff27487df3d0d264d62eeb0b9ee22,0.00034211426616489907
Destination,037ed7ac857a34baffcbdfff77d385b445221b18b4b1aa3450225ebfdd895c902f,0.00034211426616489907
Destination,021859ea7461ad23fb79a21638c6ad1e7f4c9c7980241bc17d99526025e5f84580,0.00034211426616489907
Destination,03859670d82f62dbe6c1d2c3b453d87e17e2dbc4cd69341435ed83b58195b010d1,0.00034211426616489907
Destination,02c29832898775ddea5e84996a3120b58ea0a76c8f6f89129e3dd86f46420536bc,0.00034211426616489907
Destination,03d48660e4d5b595b6de6781f8b2d90793ac279a02b65f29c80faa137a7d2fa147,0.00034211426616489907
Destination,03145d7bf5275e814d082e0d0a395f7a93ecb5b87f59aba5a21a4da53281dd2b72,0.00034211426616489907
Destination,031746b3f6d1676ed7585ad83a357367760fe3713b0695a9e6a66369f104d7fa4b,0.00034211426616489907
Destination,0384e9a13236f14854d7ede62a764fe4b9d4122601ca62a89b54f9356704027104,0.00034211426616489907
Destination,0330fbfe20227f84227e5823f80a7f9759c7529b4071852e56e6f550360d428dda,0.00034211426616489907
Destination,038039907cc717ffefc2d8c12c1e4bae3112543f822ebdda94b170004387c7c2f1,0.00034211426616489907
Destination,03c46b35a15e9ead3068c8fea06463c72fefe59ec87b3323fb9b4137fb2ddd26a7,0.00034211426616489907
Destination,0201bc093d985533e23581e421086d37c6235a0edf3bc20ac0a4f5fab627adb6b0,0.00034211426616489907
Destination,034e8111d4c0876be06f6333020ba86c61b4a2d81cc14447542644bcac93fdfa8f,0.00034211426616489907
Destination,03d4c462c6cbf5229d8a1bfbf4bd1de649ca03e68716f033025948f70cc3425034,0.00034211426616489907
Destination,03795b7703c2b4f53dd9df44f8023d75a2dcc0b6cb9bf8452b960bd03ca9a5aa85,0.00034211426616489907
Destination,02c6f986b3c5a05ac6d3e1ca4d28e49d09d02a3b5963bc2a071b8b5cb31a250927,0.00034211426616489907
Destination,0301883405f47ab2ad69dcb2abe6f68c801bcc8093afd1d4b3adbac48e6920f85d,0.00034211426616489907
Destination,02f9c73c793ab1cf1dd14f9fea88b9eab37511d64e29c400c61059744663b98bfc,0.00034211426616489907
Destination,03a2807e87f2dd84193a41f8c289e9ca4723dd9e27b6d814f010ad8da5db03830b,0.00034211426616489907
Destination,033f0c0084b07c480d7bf0c808dbd940ddc124dd5fcb21e0476a7e6764fa136357,0.00034211426616489907
Destination,02acdbc78c92df2ca02e77af77a87ddf7d2a64d8ef8ae96b047eb2343cfb306b4d,0.00034211426616489907
Destination,0327fab32a4f349fd8bb729d558688cc74112363ea6c1443af0fac22d731ae6ccc,0.00034211426616489907
Destination,03d32827cb2bf58ff1568ebe5396017cd0f23df56b18610cb3df9113d5cb71d0f2,0.00034211426616489907
Destination,027b0bcfe1d61b9634c326265f3bfaabc666c5c11b40e9f79329e817c6a254040b,0.00034211426616489907
Destination,0251269ad424c00de9b570f5d7490c909da4c13c9512af0dc03b00f7b7ecd5429b,0.00034211426616489907
Destination,038f8de9f7d7d7459f55547ebd2452998e24e6ade073ca07630e68fec7f2132dca,0.00034211426616489907
Destination,0307b23656662d0a9b8c2673c9ae3347bbea401f0eb31d38a2f7a29047648087ec,0.00034211426616489907
Destination,031c88581f20575a2eacd0ddfb42ecc89831f16c83534c03cf1fa02fe26f1c2398,0.00034211426616489907
Destination,03b76e259972f448fb6915c0287463e52576df1f972fc63d34bd7884421a46467d,0.00034211426616489907
Destination,03eee1d38ccfad3d6bd934614cb9fca8aa7403e3c4ffb72f84b21ea6cb877dc022,0.00034211426616489907
Destination,02c73ab6e0a2b9c32503d2a3d8009bbb6f494bb36dc4d5fe0b8aea388c075f72e0,0.00034211426616489907
Destination,028888989ca03c90f8f03e768eb8706e3a6ad0899675b4a3e063760a6f871430a9,0.00034211426616489907
Destination,02ad8a5e571cf776a2b13edbcd95a301b363aed96c9558e2839598f6195ff144aa,0.00034211426616489907
Destination,0216781c1d994c0d5daad5e86b29c54b1a6fab3827781c97529799c471fcdf0724,0.00034211426616489907
Destination,0298ee08a8d3e93fc6358bf9e3ad1ed76225be0447024c754200bdb7b548561efa,0.00034211426616489907
Destination,033f481fe0e9344228b58e0297162bfa8d648d5043c12b6323df5eac61bd39094c,0.00034211426616489907
Destination,02c2edddbdbe63639fbad420421ca7b8aa4f99f1a6dc12c4c9d1a578702fbc3dbe,0.00034211426616489907
Destination,021f916a46b69ee9541c13e0a4a0ecb571f7c72f1fe6b7e53376b2005365b44a73,0.00034211426616489907
Destination,03d38e5631647c10d7bc930dc9630348bc92a2c6e09b64df7eba50f910a8d35c50,0.00034211426616489907
Destination,02ba3eed9254d108197461de9722bc299cb21fe3b1fa680ab6d1463206fd8b0dd3,0.00034211426616489907
Destination,030425cef2484bb833bd4d28e033c56ac7a4c665eebbacc3b1b7f1db6137117735,0.00034211426616489907
Destination,028f0259227ab1fc1ece9614fdb372eba5f5e0e934cad7481fd0684f780dc5771d,0.00034211426616489907
Destination,03d0bc874630ccc97402a58223b3e34e4efbac3b7a2107bd1485f30d16a5809ca8,0.00034211426616489907
Destination,03fb24911a8ffb909e7eb7eb3bf65c9f9494ed73ab81e0522a0db71b570a9ca9ec,0.00034211426616489907
Destination,02787fa383a86494733aefc06caaf05108ef7aa2fbc3da78a557e14bf5b1120a11,0.00034211426616489907
Destination,033c4f1aa398bf286e3f0c90f37bdc0704d6693149885d690500a006ba9fae6586,0.00034211426616489907
Destination,02fa7ea1a406c8d4c809af3f06802263a816b2103b7f8b4d54e04075625fb6b4ac,0.00034211426616489907
Destination,033960371f5e94a9e6fa6d5bc73bc7020f33c32aa1efd106a1a6daa75fc19e2917,0.00034211426616489907
Destination,03f8746bc9b95599300755ab9d62b6e5e4c10ea9509c5f4edf44fa498f74f95711,0.00034211426616489907
Destination,03abb38e5aa1a85cf18a77d0e60ce908b47b86b8b32eb83591a0c84357ecf65cf2,0.00034211426616489907
Destination,035e9e326c3d1979a2d60e7e648f2a3b6ce2d9855a7bfd59d9fa159f469358be76,0.00034211426616489907
Destination,0363d4daff0506649f6099872f08979f1571fd94c6a828022ea1f4eb7c8516f244,0.00034211426616489907
Destination,0309f02bbfcbad0dd50a14a7ba7a4050bae9f404f5a2c7306634453e852fcebda0,0.00034211426616489907
Destination,02f5be5f3d54b66bf531b96f06327f59cd139f6e2c301cc0131a3f632025c2704c,0.00034211426616489907
Destination,023ac2823d9f672a747db435e6d3fa0915e9d753fd53b2cc442dd95490b557ed80,0.00034211426616489907
Destination,02312ae5b618f26b3754454a3f5ba80d8c714f8f107e679d76c4f334c5602a5528,0.00034211426616489907
Destination,03557fd11b58cb93d2ad4fab4dd4cff7462a97e21e8f6b7a712cb8bd27a96b9eef,0.00034211426616489907
Destination,02d0f53a403a0b16efdec1983a082ab7645e35858f6a855871e489c9992748a059,0.00034211426616489907
Destination,0397b318c5e0d09b16e6229ec50744c8a7a8452b2d7c6d9855c826ff14b8fa8b27,0.00034211426616489907
Destination,03c7cad7e4ecfc741909b910d59b31b631e36afffc58e87389172c80702fddcbfa,0.00034211426616489907
Destination,027ccec61f4bf1fafb5156931da6527dc104ec3613dd4f4050161d89dd76ab494c,0.00034211426616489907
Destination,020fccc5602053c438b13ebee7aa31a25e9c3803baace5afcecedff8db70543747,0.00034211426616489907
Destination,03ce15213fc42f04132edc0acb73d5830371970bebd7e25ba4a3ca2552d1ae6fdf,0.00034211426616489907
Destination,024b82d69859d63f9fce375041a34e61f4bfd445494b41d873ae7505322323d384,0.00034211426616489907
Destination,03f47ba61341a704b0910b6d1fc8a938bb97152e8df94dfc142816d2721b5d5c73,0.00034211426616489907
Destination,0205823109f3d6e1ac5f3e5ab41ab88bf463ffa7b59a81d07d8b688fb737e11955,0.00034211426616489907
Destination,0332317f2fdeab6fe83675ffde9d8092b5bdedcf7ab6e6c2dcac62a149f8eae8e1,0.00034211426616489907
Destination,02a6d96a2a22c322824e52b476ad1bdb930f96f736d889d98befa7621abb738490,0.00034211426616489907
Destination,024fb3ea19a974bf04565a0c1b5073b3795598c8ae45ebd4812230d755d777febe,0.00034211426616489907
Destination,02870c077874b6c294f6351511fd2eb239754ebfe91f6c9eccc980c94cecd5fa07,0.00034211426616489907
Destination,03248115007084fa39f54ad2e649735c8bc94722fd0039a8569a194a62e3ed5a71,0.00034211426616489907
Destination,02747eb3affddf01bd9e3e674075217dea06b7ae9e13be3b9d4f663511c3c42351,0.00034211426616489907
Destination,0261a9eac856f5a619a75fee39cd8c579bd5581ad1180c9a4c77c3236f38881a62,0.00034211426616489907
Destination,03b1be68b8f564fe53f5456cf4bec901ba968fb72ed7291279ab0c87e0d22f1f49,0.00034211426616489907
Destination,02e9fa6b495d07ce19796b06b5c0f51a401dbb48935c3aafe54067c89299add0ed,0.00034211426616489907
Destination,03c766c806d84d6da0c52ce4ff8a0a3c4b869c06fb13e4fc352b44dd545e267dd4,0.00034211426616489907
Destination,028a83341af7631d56e68ded06d3e28e407ff100dd3b2362680f9e42a26c3cbf4c,0.00034211426616489907
Destination,031005495ec32c915c992930a0a9471e9b832fd77d133d8417729084779a308b1a,0.00034211426616489907
Destination,02cb2677db78e50a6d178092bf8c9b1f0e7d4b9a2bed918bc3f276c89c1649ba5b,0.00034211426616489907
Destination,032060a40a94dc7b848d02314e4ccebe20f451dc87f28c1ed685caa58bfcc3989a,0.00034211426616489907
Destination,0312bf5f0279d315fde0a831019ae0a47461e9cfb65376fee367d987ebc72b1e74,0.00034211426616489907
Destination,034593537dc19047de45ef90ec22b83243b184df595a613883fea6542caf39a656,0.00034211426616489907
Destination,03fab7f8655169ea77d9691d4bd359e97782cb6177a6f76383994ed9c262af97a5,0.00034211426616489907
Destination,038b36a43c38f75cd15bb25394f1cd162f717df005585229182e62620db9d3f3ea,0.00034211426616489907
Destination,02690881543d633f3a16c8ff97397f3f2e8765a15f5ac057d701243e5adb7ba856,0.00034211426616489907
Destination,0251b2c9d22f3621f27188d8236db84d9fd84d42adac063b2633744638b81f34ac,0.00034211426616489907
Destination,039e17a8ce4659a402da972b1f3314fd0aa230a578bc0dbd669b23d5953fff23a2,0.00034211426616489907
Destination,03dd80145ece2ff7d69114e2aa4b809c4e93135a869d5833c4b3d1b7b77294c5b8,0.00034211426616489907
Destination,032c9bab7bf5c3b17ad231c617315890861227a802b422c62422cf03bf4f089a0c,0.00034211426616489907
Destination,03c26d296e718114d512db1a40c8ed29914feb775efd563a0f038139369c4f5436,0.00034211426616489907
Destination,03cbc081bea4020f23b595b813b27cd044b1245c63d2383efb36814fe3fb982733,0.00034211426616489907
Destination,0364b630575cf59e70f6752a86d6b818a586cad4e8ce52a6969e56a8fda9404d9f,0.00034211426616489907
Destination,024bd01f2abdbccf670e1b6c5e0fa33dbb5a32781d9e667b893bd37c72c3ae1fb2,0.00034211426616489907
Destination,0266d3b32fc5982b904bcf3ed7bb303ea84862b14237c5e78fac60180c0c1227cb,0.00034211426616489907
Destination,03b465ccccd4f0d4f5fb5aee9aaab282d786a7aa645b2fb3f585aea722e17db47b,0.00034211426616489907
Destination,020e0b65d0a930893645d8cf0f6aac248111decb927cab58ca3ff9a70c80e02ca4,0.00034211426616489907
Destination,03238a2390825bff5d987c3f6cd7a648969a524143d984e8b446f9695942bfbe21,0.00034211426616489907
Destination,0243ea3bb76b2a149e28d7c5d52b25532920fa8115e23c51485348e5f5dd0e16db,0.00034211426616489907
Destination,021893db301f95d4def153b160f5dad570f7c9efe347a0de89afb6d6a1aa968784,0.00034211426616489907
Destination,028fcf33530b7d0a5fb84681f4aa55f147174485d9cb86f9597ca4c95464927464,0.00034211426616489907
Destination,03a8174947b5ed6a8ca5addd2d0b6a18a10cb4f01eac265a9a47e7ca24d616ff97,0.00034211426616489907
Destination,03a61131233237e06cb48effae2bc100b98f32fe79500669241002d81095c94812,0.00034211426616489907
Destination,0295ea8a519a6f79a8b772d9365d14d3493a3ca1811667f134f09be8279170e053,0.00034211426616489907
Destination,027cc4f7586870b76c04233ac066516c7186edd3934c7831e437b95a43bb15b1d3,0.00034211426616489907
Destination,036f25bec9d34fe453c232c89f47c8f382b7ddb64fc812dc8b24074986630c398e,0.00034211426616489907
Destination,032e5717e09b291ccbd18dcece1a3eb9ef95946534591f2aabedd5739a8190a413,0.00034211426616489907
Destination,02d73b667e695a81acf63f0f393c8652c0cca47b31754627237395c249828526e8,0.00034211426616489907
Destination,038c7c4e7283682eaa7802ce60fe7d7d71d0c9e9868563fc9468daaeae995c6289,0.00034211426616489907
Destination,02876aab940d3b77f9ee22ee5f070586abb3684eb5497e9fdcde1bb2f20dc994ef,0.00034211426616489907
Destination,02e0ef5a247bea1b1febf249c1b10583266609d859ce63616f54ea145a498c9657,0.00034211426616489907
Destination,03d375cf25c9bd3fdda58dc154676f8775ae7616b5f3887eff9896628e5441b3cf,0.00034211426616489907
Destination,0237a57bb5be91c75597a1ef3fdf3f5dc03590f866007b812516a9cf21b7d36f5a,0.00034211426616489907
Destination,02cc40fe49b394bec5a127da528f45279a1c3edbe40fa12b85e9c465ae3373b46a,0.00034211426616489907
Destination,03ac804b7268038bb9e99bc8c5c0c21f6145de8ef3aa3d2f91ae5a8fd803de919f,0.00034211426616489907
Destination,03244aa672f25d1c2ba7879a3ab87757727872698bf79c436f8435bd11e45a50bb,0.00034211426616489907
Destination,034d7f1df561ad068b23722b7be8b16c6e1022c8eb1ff9e6eadddb70b3eeff19d6,0.00034211426616489907
Destination,02b8224bcc1b2972aebeae479dd5cee88c90aaa2fa5acc1ca11b67724d84bfaa0e,0.00034211426616489907
Destination,032a57d7e327f5be21d4fdc12b171b49a75a19b34af428699a7dcc06a9889ffccb,0.00034211426616489907
Destination,03d7b97a58568cf7dc39f54c115d0a2cdcc72aa505446adf63cfc17d740d89ed26,0.00034211426616489907
Destination,0354d8382003663d8d825954224f80dcbd740b5031c5a588277a20c75586d41053,0.00034211426616489907
Destination,03bfe4008a3dcf2f8f6d892d00e61086abdc23b4bdeae59319e9ad884b2038166d,0.00034211426616489907
Destination,02e2e7ae54d6a09de98118ef247046083908d98ce42a3332482fd1f643757cffbf,0.00034211426616489907
Destination,02d91a5dbb9202e724c3501338adb511c761e7851e004cba1bb413368aa54d394f,0.00034211426616489907
Destination,02aecff209ee8e066e73df7b7881141007a72ab4055856b2f27b92a884bbf16aa8,0.00034211426616489907
Destination,03e2ecf0b8dfe81a3d2b52785e7695bc331a2d341e89a3234c769150903291bbf9,0.00034211426616489907
Destination,03123960416d707cb60c5f659372367a31b79f2fe492ab69e305186db24edebc3a,0.00034211426616489907
Destination,03e87608a34b8d715c0e49c7e8a2adb92fdf496e40a9b1fab2f0ecb32b502714ce,0.00034211426616489907
Destination,039bc282033a91628ed7d5f8ebd76b0fbb80a50da56d8b494df54afab3397ae939,0.00034211426616489907
Destination,03efccf2c383d7bf340da9a3f02e2c23104a0e4fe8ac1a880c8e2dc92fbdacd9df,0.00034211426616489907
Destination,033d607b6032bbb42375c5dbb78bf1bc9115263b8eba3abc5caf2e3ace4c4dc80f,0.00034211426616489907
Destination,0264c1c5c416b481f4dfdc9b2fbfc7b56008461399fd3ee009dd677fd4d11a551f,0.00034211426616489907
Destination,03a8334aba5660e241468e2f0deb2526bfd50d0e3fe808d882913e39094dc1a028,0.00034211426616489907
Destination,03f86cc457090011282d8572a985f32d16ac698f0a1eb428faee02a46ad07c8cad,0.00034211426616489907
Destination,03f93ded37d70d2e5e30143114bc9f132385d51d196b3bad09ef8e77f950f13903,0.00034211426616489907
Destination,0293db9c19a49309a0bfcaa1011eb49b91881c367e7fb1f6cdae963107eb577424,0.00034211426616489907
Destination,031d93a4513dfdeece33fb684ed909fd85317e0229ade179b47e8dd601e91013c1,0.00034211426616489907
Destination,038f41f4a910c82a960ac9c8e5cc9daf729550bfb0b6a13d86edc2f79bff2e89ef,0.00034211426616489907
Destination,027fb5a31546c43e28c637483808de01bde7afc8f9016c6a994a818fa2b396e551,0.00034211426616489907
Destination,03b82a1e38ce212d91714a2a8af260660a73c207fe60ddbe852dcc9b39fd9283f2,0.00034211426616489907
Destination,02f9b694a7e6a6021a546cb2ffcbecaff3e310594e2995c1a380fe45b788696125,0.00034211426616489907
Destination,023b4948f45435c2a39a80792ef48fd2d9edc68ce7f3334c12248f42b91539c004,0.00034211426616489907
Destination,0257ddebb85581c58e288d825fc58b3f61af44a32a4a01d184e7ba67e21cfdd8e6,0.00034211426616489907
Destination,032a9cce9f5497434395d0db6eac0f2769525a26d0d67b08832e87cc9c00f23ea6,0.00034211426616489907
Destination,02e05528006a0b51bb72a13d81b06520486ccf8aa69b3116a9797aa6d81517af03,0.00034211426616489907
Destination,039d9bd1137bcf08d62ce9a9dc8c2a5decdd455de4c43b305d489c311b922cbd7c,0.00034211426616489907
Destination,03c8762c68499a9e528fc3c6a28bbc60e6be170fc1b29b4adeca314d9d268faaae,0.00034211426616489907
Destination,02aa9e50bcb8b36f5c472e4f4a237c36fdbc84525813898cda21ea394e3d2d2f55,0.00034211426616489907
Destination,03a42428b2cd8a16c3f9819233745b0b149661f436e9e4a510c0b3c27c7200c27e,0.00034211426616489907
Destination,0379c41f28a38c49998fec42437db78a17af508fb19338e7360d7ffee2607ea036,0.00034211426616489907
Destination,024b28e226927e4163e8b8da78ebeae41e83a73f8a9749eb7811d34008f6dbab81,0.00034211426616489907
Destination,0240608e617689f423f854c6f72df0d0c2e01137e3b13ce923bb91f68f53350a01,0.00034211426616489907
Destination,02a12c635f969eb2615472f1c711dd49af5fe85e0dbb22a701e031426661e45ce1,0.00034211426616489907
Destination,02da71101df3a6dc80ab52defd7d53e952d20c82feadcf6bb391f3fc87aee5c365,0.00034211426616489907
Destination,02cd168798ab42fc58c8c741cff510239e6b04f92b74d932d417a3893dc5a1ad64,0.00034211426616489907
Destination,03a26381cb9676ee1f953cda0220cfdeeab91230c670633ac69ffc1b229337306b,0.00034211426616489907
Destination,02b037dae4dc43b17de3a883d993d3cccd359a2aaa5f7f7b44ee2bed6fb8d4d510,0.00034211426616489907
Destination,0387ee0f3e43897ef1de58f586fa54f6d70e885f77e1c5b908e3be6491f4ddb0e4,0.00034211426616489907
Destination,0329a9c5cea487af9eb0209f4bdc5009aeeeb02730d5594488a97c931e726e0e11,0.00034211426616489907
Destination,02d79c968a2283ae756da4c2e5dc0b68f8f7e391379516f1c59306610aced1adbe,0.00034211426616489907
Destination,022536987e692b002191fc9f97638f1b27f5ef65488cb64fe85af2c89727ef0b9f,0.00034211426616489907
Destination,03bce1b91fce34ed76c35d599688b620cd0043b04416a9bb6cb7871bfbf4560591,0.00034211426616489907
Destination,036657f9cb57826d33d1ef85b3e983c365259143575fe367b0c803cbd068b5b255,0.00034211426616489907
Destination,020ec1b1be32061d3c5264be7e6d63a59a28b89e06eb7adc619590adabb080469d,0.00034211426616489907
Destination,035313b33462721596c01a824d61096196f5c1e759e6d8a52eb35804910d2fbf08,0.00034211426616489907
Destination,03c4909cb262a7c7a4d88ad216086783985153b6bd837e99768b260b4a4d315c38,0.00034211426616489907
Destination,02afa5aae44e4937a2e651e059359fb4793bda70c351b31e0474be86ebd1bd3226,0.00034211426616489907
Destination,02e26f050f82c63e8895938ce782bb123de9580a3e1100531f6ec1cdfc7c25fe2f,0.00034211426616489907
Destination,03861620293c59d53acc8871e22a609f481a20f04edf678c46469ca64d4de36274,0.00034211426616489907
Destination,02cac066b51bddffcf1e350a3130a7e060ec3ca958be605f98890c2899367e7f90,0.00034211426616489907
Destination,02e7b39c5523f00357ff4ccc34fbd39ea9fc3525dd46f930fefe31756e8a97605e,0.00034211426616489907
Destination,03b6ea63a56823b0442b5a9f9f3145c95ad80d6a7d14258bef0735eb7618a5a4fc,0.00034211426616489907
Destination,02067a5b7c24bd95dd41c85fd07c604b87924185d973f29c33937e7ef822b10fb3,0.00034211426616489907
Destination,0280bc79f3dd6e46cae85aec6d393cbf52e99610d00954804c4b9c76b37159d318,0.00034211426616489907
Destination,0227432463b968609e9b122ddb1b7a8589a5ec9c89f439607fbdff467c7dbdfb45,0.00034211426616489907
Destination,02525351b8c2172358638858f8968475dcd6c40344f4171d9537e6caa8bb41319c,0.00034211426616489907
Destination,028b480cc4091f96c4446f2ed0312923155d86167b6527d1b01b04b22b77c98941,0.00034211426616489907
Destination,0267dd831e2a46dbe370da944e37e8feafc5740372cc3f1af439e6aef28c9e1d16,0.00034211426616489907
Destination,03b132b2575f3009df5b576dd65fe8ddee9072661c6ac152794c071a5d6504a37b,0.00034211426616489907
Destination,0383cf3f5d173564045ce4c253214bea5859129c3aed48a89d5af64894c7ce5141,0.00034211426616489907
Destination,0252cc8aa0612490b18495fb56754f6d7a77ed15bd48e717db56dde3d299bbbece,0.00034211426616489907
Destination,02143f7233496e7d71afabb3cc02d6ab112c3c1df6f0ab1c8d6b07ef74599925eb,0.00034211426616489907
Destination,02aff8c90b8fb829dc062c91c5f4e55a1ce3e207037bb2a9877afffa2e91363ad7,0.00034211426616489907
Destination,023c9a852c9d8c95893fe3806ab448d3da15bdef5b5a80ea789fbae32bf31dc73c,0.00034211426616489907
Destination,029679fed1c5bbecc0ea92c8e62b172e218fe37321d16cdd38bad8dd7b0095d0ac,0.00034211426616489907
Destination,0319f83c53996cedc6230195aec002376cc619124fd892aa520eda4d53204d9176,0.00034211426616489907
Destination,03634bda49c9c42afd876d8288802942c49e58fbec3844ff54b46143bfcb6cdfaf,0.00034211426616489907
Destination,02b83fedcf102569f33c8c906eed642d6d5387cac955922237991747c1e14a8dc7,0.00034211426616489907
Destination,02bdbb20c834e669df344ee772acf1a91292befde2ca52bb8b18976a2690430608,0.00034211426616489907
Destination,02f8ed871fcf6f3be9507ee781e27cc0f0a3ebd5e53b5717432bce4a11f907e989,0.00034211426616489907
Destination,036a7471e5d18836d3284cdbc0fb723dbbbf0fcbb7cc00f9f2cb9315f18a56733e,0.00034211426616489907
Destination,02ebbaf9a9c74e70938a22e6b22eae47680891d378bfdf54059804ddf02d86980b,0.00034211426616489907
Destination,03eefcc2c803a4aad64d92a5633d8c6f75d6b72827d099d9cb31a82a0615dcc767,0.00034211426616489907
Destination,03f30922d228ae730080921044e09e867b6e99055e8173ba77cbbcd47e1836c4ce,0.00034211426616489907
Destination,03655280379bd390d35d15ee89d2f59f96eb4824c49595da2411f4338c107c0e5a,0.00034211426616489907
Destination,03d640bbfcdca70b622d8b51a4a18289747732a744adbed72d7f48d07bfd2b5047,0.00034211426616489907
Destination,028edb80cb2a4cfa10dc72fc0942ae42575e484480bf53c6373fc4d46240bfec62,0.00034211426616489907
Destination,0385e9dc4601811a4aa769e6a50401580be2087c7162f8c478f82296c8ee6ea8c4,0.00034211426616489907
Destination,02c640d89a909c2aca263f382b03c8a891f4db89e1c217092f4643dcae77e61a8d,0.00034211426616489907
Destination,0331c1eb40738250955e4b4a649bec5b98e5020fe963e0e8529f384229d8d8a942,0.00034211426616489907
Destination,035037f67e95f197fdc3473097d5e2948500079dd02f26aa8e89b7534bee4b5ec5,0.00034211426616489907
Destination,029deaf9d2fba868fe0a124050f0a13e021519a12f41bea34f391fe7533fb3166d,0.00034211426616489907
Destination,03ecf8f8cc25005ab0e7ba3f28969bad6791e09551bf5df6421f35f92551d7d038,0.00034211426616489907
Destination,02e5067afb7be9470214acc10d7b3ebc39e84cd7de57d86cc3598514fa6d821229,0.00034211426616489907
Destination,0393bf2a16f1d4ed218815ce66c3f542aefa0e2a6dc9200a926ff13c1a2a0b9eeb,0.00034211426616489907
Destination,026a23e9fb9214954b9dbff847119bd5606ebe3726f97274162f059a5d14337365,0.00034211426616489907
Destination,036df65e4ba875a52c027f449a58c152b5de5a4e9c0d6aa14f95022df01ec4d666,0.00034211426616489907
Destination,03f8a6bd06b5085efed3fcad46db019e1b15e82d5578ddbde3607d13ddc68078d5,0.00034211426616489907
Destination,02460c13988dc81ef1ad9d54a26af120661c4a7457cc88303a8381ce6d7652f15e,0.00034211426616489907
Destination,02e027690dc8f7bc08b7d8a913dce725effd6164d1b96732e03c069849b2af5b4a,0.00034211426616489907
Destination,032b9dd79393e4a31411b8e00e38917077f58c776ef420d8671531b948fc838997,0.00034211426616489907
Destination,03fef0d5d70eb951e55aec0b6c76c685def8ae1d536e7bef5ff17947fc2beba543,0.00034211426616489907
Destination,0300cd18af20a92f7b9522c640be5bf56ebecb20478f4b2991a908f02d33b588df,0.00034211426616489907
Destination,0315c255c08f21cd43817f6a16805699fb011262c51243fc1123459ef02f175f89,0.00034211426616489907
Destination,0376ed0d3822229932ff0ec434642add13eb5f2a885e921194649e3efd2eb945bc,0.00034211426616489907
Destination,03a693a567dd53405934ae69b3f4b95cf93208d9488767602131c68eb3723e08d6,0.00034211426616489907
Destination,02da7bd301ad17f97f8a07395874ac99a41030cc69c4273debd8c1468941bcd101,0.00034211426616489907
Destination,03fb9ac3df4a41467f2f989d19e9d18f96e483a1acf05c8477ca1c64072932338a,0.00034211426616489907
Destination,03e1210c8d4b236a53191bb172701d76ec06dfa869a1afffcfd8f4e07d9129d898,0.00034211426616489907
Destination,03d13347b580a3b27d3d532ca4571ca50789b92ed3495d939eb688559abfcf6162,0.00034211426616489907
Destination,03b49e19c247d595d1642f334a2b985b16f777d9ea4503053c41994a8fc53cff54,0.00034211426616489907
Destination,038d8ad0e91f31388608435fe9268177db539802b9f3e325df023e2cbffd9a1cf4,0.00034211426616489907
Destination,03b7cd8caa00587646081d8a5d9c506f01c32857b5e58e6ca583191f5c684268ff,0.00034211426616489907
Destination,03606d67d00ce06ad053de1f755e6f6c8185ae66a1b1e06ec7b72e2ef702690d5f,0.00034211426616489907
Destination,031e84cc53aabe3a2335cbc16881ae1ff98ef2f0559e76935ebc2b4a4ced1ec79b,0.00034211426616489907
Destination,0326386e472a453848096ee452f894a8095a13b1576989a239cc663ecc9b328740,0.00034211426616489907
Destination,0226d61ac53502c7edeacbbae2c5d50010213dd2dabc1a9d8cdda07d9e21fba4b3,0.00034211426616489907
Destination,032fa0f1a5875d817487207ce64cc4770cf791ff1287e6cb963be3db275091f82e,0.00034211426616489907
Destination,0381de1709efbda38f9afd2d47399caa19a2630c0c795acd24755efa442685fc7d,0.00034211426616489907
Destination,02da3c71c8c66f66a4ea13ce007de71f805b5642bea614a6acdecbf97048f5b46f,0.00034211426616489907
Destination,02e11df9a48e7b15fcf8f3e4249617d508be2dc211c08a06cdd47b10ff053996f2,0.00034211426616489907
Destination,03ffc72cbb54a9d76d89f562bdca16fd81e05c6651490bbed90640ca3ae86da7c2,0.00034211426616489907
Destination,03dd95faf1d95ea38047ec9a81a5dadf7a2875ab50a51720cb92c09925189825e3,0.00034211426616489907
Destination,026db2cbf3d8ab4a4c01eed2df432d20cf0a13136402097574209d2595cb9e9d93,0.00034211426616489907
Destination,02e347e9d66b508c77f25d3271e0bcd1eb2c7f5db5c1b3e8b968885007e9b05168,0.00034211426616489907
Destination,03668e08fefdc45f91d21dada56f7fed9424dc1092390b88e34a4f119fa4a9e002,0.00034211426616489907
Destination,03035d2b1372b89278cccf51ce42024c3b92632eb99db2d2f36411198505cea4a6,0.00034211426616489907
Destination,0391563643a3e5121e142ddf5c9a374c02f171d14dacc8acc9751fe88766206f50,0.00034211426616489907
Destination,03e35a27fa8bfad8675aeb9e96530e7b00e6fa03b571d235f6b4e68cfb4ef9097c,0.00034211426616489907
Destination,0255ff94583166afd90a0fc0a3042b73724feeeb4141d5218b00e96d036ebfa2f1,0.00034211426616489907
Destination,036557ea56b3b86f08be31bcd2557cae8021b0e3a9413f0c0e52625c6696972e57,0.00034211426616489907
Destination,03d5a8b99bdb355ecf0ec34fe299a4c062b70f152d44154a556d24266a28b1d308,0.00034211426616489907
Destination,0396b08f99518aaad12611a28ef45c8f44ccbef7c49082262d6a4e9809be4ce61b,0.00034211426616489907
Destination,02acf2f7b80dada07286f77d1198cafec975d1644017177568626d4284a529a370,0.00034211426616489907
Destination,028ca942be25308d5077811a2c2a3e18dcc25267d39ebff9081e3deb8124a45317,0.00034211426616489907
Destination,02668fd8a986f2e7ddbecc26133aa2abb22eb5282970b25a799b9cc540e52bea1c,0.00034211426616489907
Destination,03cfa83324769bf02afb9b501b3cf4184621324d1e7e71995dd1cc6f37cfe16651,0.00034211426616489907
Destination,02d869f8ed0c83732f0094586bc48ecd68c64e2b0ad0cfbb842dc0ab59eab05a76,0.00034211426616489907
Destination,0332d57355d673e217238ce3e4be8491aa6b2a13f95494133ee243e57df1653ace,0.00034211426616489907
Destination,02d8878b363b6925ddce7c698d6b5ea7536b5af8a8d823a29aaccee17f260a987d,0.00034211426616489907
Destination,025ee97f817a7811e76b7f3389fba76c548cd29dbab5ac31c6eda1858ca85c8dd0,0.00034211426616489907
Destination,036bee6e399de504b84d916f264703211f94008665973c048fba9a0f865f8724b1,0.00034211426616489907
Destination,03f9e560c14ee32baa4e8a598c0132085b04aee5b780cb8cbe94ad65c86319c115,0.00034211426616489907
Destination,023273796d3c52b57e665730edc2b6c27a57ef0346ac288ac1efa6f7286ede21c0,0.00034211426616489907
Destination,0351eb8461e0778696f5620224804ddffeb2f34f4c8b8a70800b25d3b502aa12f6,0.00034211426616489907
Destination,02b39b76e521ef420d232dc8bb2cd7599b06bf8732d91bb516ef7f1d86914145e8,0.00034211426616489907
Destination,037cc5f9f1da20ac0d60e83989729a204a33cc2d8e80438969fadf35c1c5f1233b,0.00034211426616489907
Destination,02062a64c5d381c77f8ef679133e6207b995d33914c97c072f854eda8ef4e6ea78,0.00034211426616489907
Destination,021ff53e5fa02a31978765ac0ecc9d0f9698f4499894acf16096fb7af89e661203,0.00034211426616489907
Destination,03a800d2a70d1ccbe1e214e84dfcea802d5fa70adc6c3c84c946804fcda57139dc,0.00034211426616489907
Destination,022ef700bae7557ddec5e49a4cd39028de40d2a9a56202a57b2a0431da2713256c,0.00034211426616489907
Destination,03c01a7e406e5e2125329a56b2077d7f6d8fe3ddecf737d470f9e9bbd06fad665a,0.00034211426616489907
Destination,02046a6c834ce50f93f72f1cbf95fa60393d6a204ffe085deeebcc5f785504a31b,0.00034211426616489907
Destination,02b3b5b6d83ecf98bd04a1e2ca6933056f890abfa8fb83723c821ac1b6d0e8306d,0.00034211426616489907
Destination,0206dc51d32bf88b7b3a5823718e1a2c95f14d13800ab4a66decf8658a560321b1,0.00034211426616489907
Destination,02847cb165063ecba5927c564c966206be2893bf9046ffb4ece8de6bcbc0d982dd,0.00034211426616489907
Destination,0394693794f93d1e9b1034ab6d217af57a0de3d8ab18e3489d07c6819b2a780944,0.00034211426616489907
Destination,02c603d30ea3711144d4ee44bc928c411248b6bdf3f3c32af2ddfd2fd06692ff3c,0.00034211426616489907
Destination,03163687a6e5f19dfbd3987ec481fa9e8fbccb9306f568c3223fc45bcdc9ff02d8,0.00034211426616489907
Destination,029c5fd64570f2d40dfc2f683865c81e93269dc032416142de5e2e2461359ae34d,0.00034211426616489907
Destination,026a0a7f005c46ae12cf8de3f9bae9c728d418c27bca8c665d10499b37fb83c572,0.00034211426616489907
Destination,03f0ee0ac3746c329cd074018a4be3e472eb3d17ef2a4eb59d515518ab5c5025a0,0.00034211426616489907
Destination,02a60e11bf0016cebbfc725386e12c4122fdc12aca8711e32bf6d568ed790d3e5b,0.00034211426616489907
Destination,03cf303f01f62f62fab130bcc2d51f12a6db36e476464cec1485e510923a05d559,0.00034211426616489907
Destination,0288874b9510d93e476005ba1bb33765ac87155a4acfd232b821a6c7ee55159521,0.00034211426616489907
Destination,036da0201ba1f16a2089d1e17a8fe236114adef33bfff59073771723c60b08b4ac,0.00034211426616489907
Destination,02de5965c0de62f0a3a6464b7c1848510661d43df96caba5e868ed7520cc3fa437,0.00034211426616489907
Destination,03d9caa73541ab947f2944bddd0a83c42a660c97752f8951e5417c4a5f5d13c13a,0.00034211426616489907
Destination,022c271e1318a3b70eff75c6acf715769135c607b7f067929846459e35487c7bef,0.00034211426616489907
Destination,0362eb0939975dc5bb53da4bd02156ec779724226610433eebe536ba8fe5e3ece4,0.00034211426616489907
Destination,0213f90b9d980f2ac11197ae6232e3ff9417a7f25e5b7aaee88c54b2d632076c3a,0.00034211426616489907
Destination,03e4c0b6c21ed24d00cd3facddbbd89e265b166f11e33d6e2634d48bbde9548a5c,0.00034211426616489907
Destination,03ede9f3021cedc7fb416f2e8bcd61634b32729ff4979aae305e022d2b5941fce9,0.00034211426616489907
Destination,03a1df1dc121049b65af3004ddbc69d0a2afbe202958a85758101e0fee9ab355e3,0.00034211426616489907
Destination,02d7bb1978df46d8f13c94e1b336e3085bf7a45d43eca8994a26377cf48a17a31e,0.00034211426616489907
Destination,037f120d70f3cbec15980d0170c0524236e89ca7e7b632ccf2d39f50260896e617,0.00034211426616489907
Destination,03851ce7b1a82b99a9fa1bd397a63c6342bb0de6d651860af663f9dd4c34b1343b,0.00034211426616489907
Destination,021eb7edeb69263b874b2903b28f4ee1f24dc18e6cbc74e4869b78978faff14676,0.00034211426616489907
Destination,03d3f7d43cae4d3190c76536c03c1f0e53c439b9b73f5cf0a4aaddb43eecbe9be1,0.00034211426616489907
Destination,034e3a3287e54f8fa82b1234ca5b45fe739dd0c35b67d43938bab0e59945c4ed23,0.00034211426616489907
Destination,03f91a1a0613ba795d889c679aecbc75acd1fb00dc7b16a775b571682537b452b0,0.00034211426616489907
Destination,0305867c45466beed224d10e3dfe72d141267be3e78a7561fb73044c75d6cf04d1,0.00034211426616489907
Destination,0380003e5f9c71f14aed84bfbda9549ce04b57a813de9f9471c05b94d561c26539,0.00034211426616489907
Destination,033ddbb427e5b2cec65b329a369876ba1294e61297e14ba85f2d30715729b25959,0.00034211426616489907
Destination,02b75a411d60a1e848e3a80a4ac23d76d771b14d261a4b5acce335a69ab5b8fdc4,0.00034211426616489907
Destination,0326e2067d2a24b738a419f8dcfdc5956d7a399e3566f0ad52923343bff57d7759,0.00034211426616489907
Destination,022e25d4ebe02f42ed66863e00aece6c8672272935bf8008cf141cbfe06edaf427,0.00034211426616489907
Destination,02a904ed842ac89c909896a668e0175c17022e333e33abe4718e836202fe9a2b9e,0.00034211426616489907
Destination,03395689d8e2afd48d223d5ea66d243c9ed89e7d8c30534ba43eec4ee960cbb583,0.00034211426616489907
Destination,02a225ef7077353b74179d8a74f1632d3ed45bbafbeb1ccb5470d02a6de79016de,0.00034211426616489907
Destination,02ce691b2e321954644514db708ba2a72769a6f9142ac63e65dd87964e9cf2add9,0.00034211426616489907
Destination,02b67e8e5cdb3d80dc38736ec0f6378b6199a99d769aeded2c3460f548de8822d9,0.00034211426616489907
Destination,031df95d932096fef74932f2cbc517d8575df07efa6c2372de7b866097eaa5a149,0.00034211426616489907
Destination,036f248df55290d23ada487d38c89087ddd6d89aee0357f5adbea2b22e61314b4f,0.00034211426616489907
Destination,02349aa765b37ce40197e0009206373044e58ebabf5792e51d1b8da9fce1a7b230,0.00034211426616489907
Destination,03e1250e9a4da224ced31d7d15abff1ea36f7b18df5926e81b605093ff1f78c3f9,0.00034211426616489907
Destination,03cbce9d9920bdde78937dc3cac3e3bfb5fdc885f98dc47c586d3953c30492fb34,0.00034211426616489907
Destination,03b5d69c1e21c9f784fee29a5ec5aeb687fb9cfeecd4e1d15292ec08504e554ef1,0.00034211426616489907
Destination,02dba7ffa3b8e6414cdd47b89ad97c4f5ac1e0d5da29326eafdd779d91fe3ba716,0.00034211426616489907
Destination,02c10ada6c6bed574f216d4decb799743921da2ed13dc51c410bc9559c1f90acb9,0.00034211426616489907
Destination,031a7781eb722f1200213906a13ed0286a4faafc3dfd7a97f8e3c05cec7b310ad1,0.00034211426616489907
Destination,03a7c61c056023c804c6d63693345e00ed8e2b28c8d2e0c455964bfff31128df40,0.00034211426616489907
Destination,02ad921d465e6ecfe493e90864275ffcf1b70c6050c76e6c33701b0c3686d687b9,0.00034211426616489907
Destination,0200072fd301cb4a680f26d87c28b705ccd6a1d5b00f1b5efd7fe5f998f1bbb1f1,0.00034211426616489907
Destination,028f65c949de5001994c4390ac0d81bc5c5d5beab5a4f32df36265a662922a7e45,0.00034211426616489907
Destination,031a52fbcb6d408d36aceb21b2d3ec3d2d331e993102596c6e00dbc42cda43ee4f,0.00034211426616489907
Destination,037898af4aa8419e2b3f9221626e3ac977b3ce0b91b10886e621ddb290019a1334,0.00034211426616489907
Destination,03e1db6388dc6a3c6adb4c6b78831267b80e26c3bb129c9e0d516c6a799bc29021,0.00034211426616489907
Destination,02a5dbc008844d58b839365959d36f841e2498519e9cc5e8082b3ae2db0c1669ac,0.00034211426616489907
Destination,039f0ad37eef3e1813ebe825d2d91908914a2c3ec1b2047fda6a9fedce3a6f63dc,0.00034211426616489907
Destination,0309b109317e8ca95416ccdc601a0c2d426a344148e1cf9e6136f3fc604777660c,0.00034211426616489907
Destination,02de20d6201d7eab9b3c23aab22b1ef981e54cffbcd1430ad30f7d900914052275,0.00034211426616489907
Destination,023f8f3f80149858f49b14a41605e2273a86d758402fd31b1ba8ad0448e1eadc74,0.00034211426616489907
Destination,032b38087244e6478c76818edb15b91760b531444398607d001d444ff11f72fe8a,0.00034211426616489907
Destination,037db9daad1eda4f89970cc9d4cfa1869662b614880b73229909b8a4d6a2f59b6d,0.00034211426616489907
Destination,026888c7593968f1f151c40d730d0282cc5e6e6a1588448aa4e5eef67053449817,0.00034211426616489907
Destination,02cf4017276487a73b5a2bab253eabfe37fdfcd7c75acd4fc90d492e85dc3eee55,0.00034211426616489907
Destination,0326f1d06748f019ecd98484eb23ba7367b1361e0ee6e38234d73afcc976dfdb3d,0.00034211426616489907
Destination,0222c672f55d009fbc56fbae6769a37e95d8a3c962101f902ecbc0b9162d985a16,0.00034211426616489907
Destination,0247a46dcf041a8d5499274702015a1d117bd5d3ec503d7c3297db3afb8e702133,0.00034211426616489907
Destination,03b49b91435139480c9fa04dce171de764808612ae62f66f37f7ab1c0d5e7f1560,0.00034211426616489907
Destination,02a192cd5278dc00c88c71d71e113360c3962e1f25bdfc6cfce5f71753d97d1818,0.00034211426616489907
Destination,025df956754d7915a44cc3b1924a1762759a9593957f8da821fe5e8c6b40343560,0.00034211426616489907
Destination,034f9a418cadb7ea350f70878fb42331a8f0e247967e2cd833842e4dc0524f6a57,0.00034211426616489907
Destination,02ff12b70f1095ce240e109d108c39571d9a282b0e331d46e89a752db69a22ed13,0.00034211426616489907
Destination,02d922ed08d534506e58458ab88024575d16f38777b168464bbd202a7c6374979f,0.00034211426616489907
Destination,02b3a3a7bac515ce3f39113c0876a6bfb566584a808bb64b3d305aef19e4056455,0.00034211426616489907
Destination,034481df15f3dbfee9a9e6761aec7916f20de4fabc3a1b98d6b99217e50dc41ed5,0.00034211426616489907
Destination,03f0a9ee16196e1b1a9079ffde104169cfd4a75ef8a2c5d5453bf7ef35e3458162,0.00034211426616489907
Destination,0222cd9cf400cbe9bcd1472281e436d071b672d8a33bdd964e6a3504c4db2983e6,0.00034211426616489907
Destination,03f2fec2692d45869446ae83fd3c22c8cb036d2c3f466a728daa05f4bd8e4e9ff4,0.00034211426616489907
Destination,02f480d6f059e8b980d79370c351c1f638a1021abb0e11bdcbd1352a0c71134b6c,0.00034211426616489907
Destination,0256c22c0a7f2d65e83ae6afffe2765e158b8ae18dc47f34b2a6f72331a2845755,0.00034211426616489907
Destination,034ab300d9fe87b50d46e8eda166ef75a3f377cf4c8531f0c595924575f3485997,0.00034211426616489907
Destination,02bbb5e3b531da1d490c3696f32efc20e80cc6cc156327923364051daf61513beb,0.00034211426616489907
Destination,02229f94d51028fb87a1fcb5c77b520836c0443b4d3d9fe311591acc481712f671,0.00034211426616489907
Destination,021cbf34b0b169ed7058bc8586477a2cab005f2b980b71ca0c637adf2ff97464a6,0.00034211426616489907
Destination,02c0e925be6539cf3d9ec0fb6673bcb572a7d087f9db1b954dfdb04502e9cf1ece,0.00034211426616489907
Destination,02d5da8ed7c0d11f8ce6004167887814f0af6988a124131a7d0a2a956825607178,0.00034211426616489907
Destination,03e5fefa29743c6b44189f945527f6be2c23852f94450ab0a3a0bcca15633a4cd8,0.00034211426616489907
Destination,02880570366d9e1ebc5f8eb01d277594e1943a1c80116af96331a4be305cb11799,0.00034211426616489907
Destination,027c5166b40423795c0fc41fc18c944dd95e070582f514450215ed1dc1d98c0afd,0.00034211426616489907
Destination,0283065d6d5b1fbeaa1f21e62755b4b834c4fabd2765d9522f5a79ec216fec3013,0.00034211426616489907
Destination,0348e881b4474d71c1f0825f54e3d99e487ece8a41f3fbf1c4de469833ab27206c,0.00034211426616489907
Destination,020a8aa81e4fa53408f573ef3d285e3f70cc3dd8419f9df4670a39376a085a479c,0.00034211426616489907
Destination,0306ac478a3d4a63f5226d6173ce600c9b4a6cac0da1449451c2b29bbe6e99f492,0.00034211426616489907
Destination,03cbb81178f97645fabf3c310197eda2ab44c00d41dcce55c82949bf482d4419ac,0.00034211426616489907
Destination,035e6216ba5e121b1c9e8285d1553034893df2cf32d3e216717d1b93a5069e02c3,0.00034211426616489907
Destination,03e0c11eaafb1e78f5c0e0c16bee7649828f8359e4ac275f865b1f89222e5b7f89,0.00034211426616489907
Destination,02853b872b7f8d4e27e4a1643d6a585e509cf4ec2198b07cf6cada58dbd85fb98d,0.00034211426616489907
Destination,02100f980765358415bde78d569e1c2a32ec6b8a5c93668489a45025615bdefd67,0.00034211426616489907
Destination,0378e741889e9def95f488ad21d195d3357b28403527e5d3b4987e92e680b1ba53,0.00034211426616489907
Destination,036fea2a1cfce13ad06022cb8ae593d76c9e9eb1c6dbbefe26ef3b365146b379cc,0.00034211426616489907
Destination,0358c8870b263e43c53131d2d5ed49e45bc3e1fca7255c13bf69a275ccf05c6ede,0.00034211426616489907
Destination,031e41426d7ac75496d090a92f778d89edcff3bedc36db913b0975cbf112ff5283,0.00034211426616489907
Destination,02edbab1f30224e4ccc4d70eae7dc5c06e742c1e0d79a375125ef9200592932ba7,0.00034211426616489907
Destination,023a2c128214988ff63d73bcdc5893bedf873cca655bf2e0aab775bee04efbf59a,0.00034211426616489907
Destination,03e68d054e3260b051bc5ab802760e14c7bbc0eedfa56b824e0f5d16b5addc29f5,0.00034211426616489907
Destination,03156db69ed28e34ed1fe00d87753cf52e1a1a8ad149331cbd68145426f349430e,0.00034211426616489907
Destination,03a9747dd16fe61d8d6805e84f215f6a9d78f6c73c4cf87a25091bae86d8246d27,0.00034211426616489907
Destination,032399cae304ceee435d458344950d75c2d29f33e2ac7a7998a50eeab5eee5e631,0.00034211426616489907
Destination,03e87165a3307f8fe35624d9f46bf6edd964a91adceb2a42889c48ad68dc5479dd,0.00034211426616489907
Destination,025f1534958544a90777ffff70eef59601bd7c990e7440aa2941cb6f12c6ae418c,0.00034211426616489907
Destination,032a5594015483860136fcb4b8be1e5a7c0c414d8d432d9cdda985b3426480f90e,0.00034211426616489907
Destination,034d34153d11f6e13189ef7425843c03983c35eb5a6a0aea5de584cc335122c316,0.00034211426616489907
Destination,025222e79bf200873e16260af2b67e409f8740082aa25c5da145e42fe444921c9f,0.00034211426616489907
Destination,02d61bd7d56c6256bea8666124f141132eadffdc25dd90684dc6d90b2fb2a62116,0.00034211426616489907
Destination,03a97fa5c075037b62c37224ccad972e8d0b8c1ce7e273117aba4bf9ed83bb26dc,0.00034211426616489907
Destination,02685697ab29f0076fc888368c0981eb3c305feaa6f6dd1c4255a5504810711756,0.00034211426616489907
Destination,02b4d2557c18418b3c03a2e8d1e09a0bf9cd079705aee9575891024878fdba1267,0.00034211426616489907
Destination,03ce2ff3fd05e8da3b07ec0058f21e53de9d21de04b7908ba5b0e4764413b4ac84,0.00034211426616489907
Destination,032c4b954f0f171b694b5e8e8323589e54196b48cf2efc27692513a360cb11d76f,0.00034211426616489907
Destination,033878501f9a4ce97dba9a6bba4e540eca46cb129a322eb98ea1749ed18ab67735,0.00034211426616489907
Destination,03bc9ef0514760dc116a938ff7abf4a9ec71fca13168fb972bc64345d4b06ae83f,0.00034211426616489907
Destination,02c9226772df3fe5023b2f842fc646d606bda9ce6a06b7b2d958e02b16a970c22d,0.00034211426616489907
Destination,02b72c8f9e24bcad72dabe380c8f7317e934e52556d05714e74e398cece16eee89,0.00034211426616489907
Destination,0266f77cf9bfd47bf52aabe347a1fc2f4ef7866109c69ed35d25e5e01bf1a5e521,0.00034211426616489907
Destination,02981f5414c5031301b84c9e55e30c2dccf7d206b2a6694ed5934929ab702d710c,0.00034211426616489907
Destination,036a8674e6c853f835a91d8447722cf3ac5f2b1314cacbcb65ef2c898e8123a91a,0.00034211426616489907
Destination,0291a5a80ec61d83b8212b49027cddb8fcf883bcf64a1fd86b827fbc03a410777f,0.00034211426616489907
Destination,02a606dad5dec0cebca903f02c0bd304f1aa5d3728812185ebd92633fc1a299af6,0.00034211426616489907
Destination,02ef8e70ec71d50b876cc4cd82cb24f9c766a75e308c27c1d52e674c8c6276ad4f,0.00034211426616489907
Destination,025cf385ead5258a186db8029224f016264e6c0b183abbba040b82df74bf239418,0.00034211426616489907
Destination,02d32da3c03476767c4c5cd4c7c8d5fb15bc35d55ae9930cbbaf51c97b86084f74,0.00034211426616489907
Destination,0365b3c06aa862ea0c67a656eec426d4132738788cc629c6873724e0ac4065bab0,0.00034211426616489907
Destination,027d5369f807773ed75dc87dd12c585210b72827263f4a1009f052e67c12ac92f5,0.00034211426616489907
Destination,03bcfc26ecc326d3ab012ac7821f6fcec6cb75337ef505675c522e28d69061317a,0.00034211426616489907
Destination,0252d82174ea9fdd38c8a4653f6d6352d8ffd4879b3e8490e4736d171193265ef9,0.00034211426616489907
Destination,0279f06eba0e1080f6a693201f090d0635a0e5dd2ef57d0207210e3d338133092e,0.00034211426616489907
Destination,032394afb98fa3aa9b47401943bcc6d93a5c1b57c22175579068396520e2be2cb5,0.00034211426616489907
Destination,022ce76cb9f11dc8c1e96ec90b06f7703b9c99e36fca0ef731ba8f90dea3aa1ee6,0.00034211426616489907
Destination,038ed03f759dc7d8ac3d28de23b3d5eedd8cf3b919f539d80f0ecfea075e4028ba,0.00034211426616489907
Destination,023673f28b99df4387001eab0a8fc060f8cbac78b2f99b6131464de6fd7e2e24f5,0.00034211426616489907
Destination,03aa66e2a8ff6da4e9f431bbd89585ef564835a0d977b40955a92a68235e4f09e1,0.00034211426616489907
Destination,03c5b754955027273fc7aaa4b66a3f22b2a940bd837dc08b5dc3eaefe61c233c81,0.00034211426616489907
Destination,02329ee8b584579d365304d523c0c1b4687f09f1400712c11fdf5c4f63c451e2b7,0.00034211426616489907
Destination,02ac8905ddd63d49def255555d50cf3151d999a600e049e4159f6f46b9cda31610,0.00034211426616489907
Destination,034db5521043e56f85dd4a0cf0e2424adbdc7bfa2107a58c5b75a80bbf86a46e54,0.00034211426616489907
Destination,024e20431ff4baf5a7702c11efe1324b9631b4c2352217ff7c0a92885d18fd0a05,0.00034211426616489907
Destination,039da2a14818e57bf38e9ba7b05e4f61db1c0f7029daaa7dd6c951ea42233f9954,0.00034211426616489907
Destination,02a27e30aec1e835576e66ea809acdc97f39a9181afca8d1309105b14f42e14804,0.00034211426616489907
Destination,03a6ea2d9ead2120b12bd66292bb4a302c756983dc45dcb2b364b461c66fd53bcb,0.00034211426616489907
Destination,03b4b865ce6d978064ce98f239254e71a8f76c3924c7d79f59f22dc93ae801de35,0.00034211426616489907
Destination,02909f5257f53cff3a04d070b23d89536e73d5cebbddf610100c7bce25c88f1542,0.00034211426616489907
Destination,02a2777e10b11e57c643aaca5b2a77adb0f0644ec59ab161da2bd5adffd0cb86d1,0.00034211426616489907
Destination,02e296ec5b6f9783d7b61ab4a182a0783389855e7dae60796fef6a5e1922c1abfe,0.00034211426616489907
Destination,0236735c6685f13fac6cc0aac6b63fc525e3b5948975eade24257f5cf1f4ee52a2,0.00034211426616489907
Destination,03425ed466730ad379a9fe05cc020f5127b3f0d4fb875ef8df3e79ca28cb8ee547,0.00034211426616489907
Destination,03bcc87d81f5ea55035617b040e1b2bc36ebf549fb6e4b544027b2a4604195f0ad,0.00034211426616489907
Destination,039104f8194c6f181eb54086f04321a3a4534f918d1196fa9684ee4a6bf1358a4d,0.00034211426616489907
Destination,03290ef2e6841fc1c30ddd8c3afe5ae208ec9ae1f6206225b0636d77b3d7532e20,0.00034211426616489907
Destination,02e36aa6b0c9afef437e34608519934fea82f77930185bbcc93c0a219e221cd482,0.00034211426616489907
Destination,02fdb5aafc8403aeff0a7696ec4150ba30ee131e995e0e179dd16af330d012ab75,0.00034211426616489907
Destination,02f5242b98d6670424cf7e0d647d8b71502cdeb2d547771be1eaef380dc51a0260,0.00034211426616489907
Destination,02c341f9a0140c936bd7be263a4b193f398f4f6c4c3c39aeff8c945455ca35484e,0.00034211426616489907
Destination,02c216694a4a128c62df47fef9ed3f290cc2dd7a91e303a6ddeb588f2c27b034e8,0.00034211426616489907
Destination,03ec5195d03375516e09bee2a0ff372dfa636f998699adfd98d67649589d07af83,0.00034211426616489907
Destination,03fe3d7ce22ac88d2f0c303af9770cb0a2254125a6d29b0a6a3e449a459f1287fb,0.00034211426616489907
Destination,02cf7712c7dfe3576c9b96b5a9b01be67d5a453176949879cecfdcee8b7eb816e5,0.00034211426616489907
Destination,02025fda526d502061238b4b7359ea538d8f0ecd1248c8b5587d4e6ac9bac9aae3,0.00034211426616489907
Destination,02e20595e79f818031149ce1f6bd634d24e5dee2864f4ca1969e308595b2de73c8,0.00034211426616489907
Destination,027fe40fda644dbbce9b51fc7cff5809586d02bfc7c308d54a80002989c14f40de,0.00034211426616489907
Destination,02f5235e86262a9a8ab86d69d7b941bcd1762a215c307c26419cba70aeec0aa4a5,0.00034211426616489907
Destination,0387adcaa599a42f01c745ec4b130cf8ab8109d8b7ce5c7fbf722d8eb5bdccd92e,0.00034211426616489907
Destination,03d7a94bf7cde693299596c5559177693fd75b08193cf80769b4fda619b1b17c9c,0.00034211426616489907
Destination,022e203f548f079f34e488518e597571b8d83a66e0d96ce4e2f4cdec389e28deac,0.00034211426616489907
Destination,03281b35eab4577aada6196fc6fbc5658ae7975658a07b4d89fcdcf2d7d81974b1,0.00034211426616489907
Destination,02bd8bb9503b9dfaee9b32d3546548d7dc18682d53bdb9fb1b1a7074bec114202e,0.00034211426616489907
Destination,03da5e26d76534bc012ec44326edcfaaeb61df147fd8708936df647ad1727e9826,0.00034211426616489907
Destination,029e4efe809b4f0acad6f3304c0e43a3f40fe661745fc41d9ae91d4e187857bc94,0.00034211426616489907
Destination,03a98eabe0dfc5b99ad7a54d2fbf4ab94f0e938c1b92c6843ebed935a4a97cf875,0.00034211426616489907
Destination,02d0cf4b46bca89eb81d1fc30131ca4d473f690ed1d3127da6485f844656aa3878,0.00034211426616489907
Destination,02d56c59586a00eb66bf23e3836074410bc7471c2c51ac633fe1be6e67db267d3e,0.00034211426616489907
Destination,03d6ef1777afa759828d1a16f9ce214f3a923853f28fdc42719b81b7f2c316a7d1,0.00034211426616489907
Destination,0315b81fc327ea28521316f903dea7826d563891e8bf7ebed3a24e269d978376b2,0.00034211426616489907
Destination,024779eb6d8e5d0b7c42a674c9e0d51f29aa2eca4f3ba79f31ad9e904d83ba39a7,0.00034211426616489907
Destination,035151873fe89a454b5860703477eddc52ed10dcd3dc7422bd41710455cb8693f1,0.00034211426616489907
Destination,030dffcc12f177fafbb7e5da76ef30cf34f616eeb7ea073aef90f58fece1d13069,0.00034211426616489907
Destination,02219ac72a218a62108ec584f0dd74555e16646257123c02747a0f349916015d16,0.00034211426616489907
Destination,03d98bffe14aaf187f7d462992b175c5538dcfbf0c6d10f3e60311bdd8f77a3e3e,0.00034211426616489907
Destination,03a561c3c156c03974726ebd9c6d763c5aec40744e7e9d53b062aa5db3be42f538,0.00034211426616489907
Destination,03fa3be3b4528c1d588e60060d7f10e37c38f5aa02f867632a5c7b816cf5afa775,0.00034211426616489907
Destination,0241dc8c83c0b51f67d19ebb7a5c0d5cbfec594cbfef0ba8d600f34e79bb91ddff,0.00034211426616489907
Destination,03d1a8f7e6e3e4cc5bb56b896a8a9f1335eebe4baedc717fcc5ee11bec01c17de8,0.00034211426616489907
Destination,021766246e0580d9486b764dca127182213ad6fbfda09cf87c3ec7d572f9c9dc59,0.00034211426616489907
Destination,02b568dfb3cb52a0bde61b706f333a4eb4b77b0d38f0a9a591a338a05ae5130296,0.00034211426616489907
Destination,03220b9d15ee4fdd5ab3cf16bee7b640ae648962aef50e1079bdad713f68e3d751,0.00034211426616489907
Destination,03341b688f09301a8c0f7528b587bd59db9f8e3f9aec46da19061911d8debf11a2,0.00034211426616489907
Destination,03c06ad68539566ed023d137010e392dc3a7a101d061dd63c5c38c5a75b87b0fa3,0.00034211426616489907
Destination,03a2497c7ae09be9db479f04ad0a769f246ebfbb2f21039f95f977968eff58ae9c,0.00034211426616489907
Destination,020384685e321a44cac1a1683a5c660c8eb62b840b174de8427d2489b5e64e13fa,0.00034211426616489907
Destination,02b90365acebc10a9ff6a4deec63c638e553ea50e6138c638795e1699c09bc283f,0.00034211426616489907
Destination,02040d058e0504c7d4b1fe2fef510396f33bdabfe36450bbb6c7ea0d567d53a15f,0.00034211426616489907
Destination,03c3b2b20c2cd40c8bf9f4c3f2df1ead32a18e27e8b889d4aff82b9eafbe0b99ca,0.00034211426616489907
Destination,0335d4f1152e8f54584d14f540fe0c100cf98a878ea4ff73e21ca8919d563ecc4c,0.00034211426616489907
Destination,03f18da23535adee245903c81750745197e3079d3b88b3898981c90a5f2411008c,0.00034211426616489907
Destination,02f7048178897cfdffaf434c096c1ee7e5a711d0e232198c54550883c3f5d19e43,0.00034211426616489907
Destination,0245cd8164efd4f0d02014e00a7606aeffa5016e8a9c72c78edeb7e3da731f720a,0.00034211426616489907
Destination,022c715b377856f5e176c52dfbe1f19b0283c4a85d563b1f09a9c7d9b6820ec375,0.00034211426616489907
Destination,03757f998d77419be1da0a186332e761bc1154fdb90c678e26963c583e819d05a9,0.00034211426616489907
Destination,02be8f45d38456124ead6ada585c9451b8cea9cc968620d6dbc6fd23bb615255a4,0.00034211426616489907
Destination,02d246c519845e7b23b02684d64ca23b750958e0307f9519849ee2535e3637999a,0.00034211426616489907
Destination,0307cb485ab1b3d6a520bf67005924c7cb3043215c4f5c32dfd29e11c882941cbf,0.00034211426616489907
Destination,0312ef6da659949fe1fac0ea69e265fd5ddf47b19a71708539ef6d6dc10c29a74a,0.00034211426616489907
Destination,024a549e096f4355073e3a2712a10c5a773e48bd21a7d2ddef71639481008ce811,0.00034211426616489907
Destination,03ce88a9b56c4601d4fbb224228cf095d84388dcc6a2199ad8ad857a814bf462ad,0.00034211426616489907
Destination,02a6b40205ba2046ce7f01089ae1f4afa9363c70fed15fd4674a68f5efea62e71e,0.00034211426616489907
Destination,024488eb80f1e4ddba96d9035e98771e29203e5bc9e774532d1a8b0373ad8d1630,0.00034211426616489907
Destination,02279affa59de742503180ee0745be70f827f923ddf85ac6f811e5f629f6966f34,0.00034211426616489907
Destination,0261df8ef49d9a9c64a26d98d4c3f52baf12fb9e18652a2ba37fd9715364e03731,0.00034211426616489907
Destination,03587e75c5928c0bdaae3b100f3edf7211bfd900d08a93f391e7d20fe062eeb37c,0.00034211426616489907
Destination,0215766777b7d8f80c64d27126ec4b985e5ad1049e8ecfc0069a915bdddfa7b7f8,0.00034211426616489907
Destination,03ab8f417832d699f866a440e0539288de29f0032dc8ab01f1e87b0be158434398,0.00034211426616489907
Destination,03f0e7eb3a5fe7d7d0d6586d948b614400bc63dc83a2c2b584bcd13ebf70886b70,0.00034211426616489907
Destination,02ecb395c3090cb99429ce64b7bce41b68dfd6fbb2a337f0f556b6337460e546fd,0.00034211426616489907
Destination,028c15843e7a71f637f896256217ec1129344c163747c63d46a43b4fc1e9755ec7,0.00034211426616489907
Destination,02e4f9fbf93b1e82505064c9fe4a51bcadafe0d54645ca5d88ebf97f83d71246ae,0.00034211426616489907
Destination,022b2f504674f9c4ffafc40642a91eec1aeb3425d620463706a1ad00b335966fa8,0.00034211426616489907
Destination,02b6e9e645d26d889cc6f2027a113a7d4f4b2f4cf09893fd81b5e35d111069e325,0.00034211426616489907
Destination,02574ffa55d394b9326f6e5c15992cc0516b0d6e6a79a1318a5999ab07133683e1,0.00034211426616489907
Destination,02527255c91c8b2ed758aa5cd2d2115463d250379462f53c5019165f2aa522d668,0.00034211426616489907
Destination,035795a239ff1027dc42db89a891d09f93fb929f62c99b1d91578a0bff7baadcbc,0.00034211426616489907
Destination,02aa40ca5a360cf9735da325d03932025a9940cb8689c96d0479152ba301259893,0.00034211426616489907
Destination,028ffea132e7e1d8e5191f7f4dfaa6b5c20509a6c668111b62c21670ce53139560,0.00034211426616489907
Destination,0323e18348bb2afc29660da8ba06fb1e91fc37a5752301180b8f3afca7f5c49f01,0.00034211426616489907
Destination,02a4452b0854f164196b924eb36fbb764a35ba2aa32bb7d7885376581be3b971d4,0.00034211426616489907
Destination,029bb2e03a7c35dabace0857266d9a56d7f059e9d67e6239e6cb9141c3e2c048b4,0.00034211426616489907
Destination,03adae695ae0e060a75dd6a3a1db11f9d70de1e9a298d112cc593e4631beefd123,0.00034211426616489907
Destination,036377ed2d947b6cd8e99e8cabe79c9699527979b8056459158d75d15b66a6766a,0.00034211426616489907
Destination,032951538e4d03a1091330a04fb53d007813daf92462302bf14b455b3e6f239d58,0.00034211426616489907
Destination,0230688d64199fd866f9df200c2d5de8b42f4dc6b5958f639363f2b0af344fe35f,0.00034211426616489907
Destination,03ca5327a1994a44f98884b1a84018b8b3f7f8210d8994697dbcf59fdc2ae1bd9c,0.00034211426616489907
Destination,02cd727dc097bb6cf23bc53efda41ad0fac4548569d65aeeccf18823207068c64c,0.00034211426616489907
Destination,026c551b2add0d8f7461e81bd7ca76e721484f04702867944ed138012ee7d6022e,0.00034211426616489907
Destination,0268cbff355499bf97387dec397614ab3bd0e3e4361475f624a83f250a5f5ed5b2,0.00034211426616489907
Destination,02eae56f155bae8a8eaab82ddc6fef04d5a79a6b0b0d7bcdd0b60d52f3015af031,0.00034211426616489907
Destination,03746ab6a13a558c302ab225be9aefe343e5d9f059277b037a31ec1396bbe106bd,0.00034211426616489907
Destination,028b5bc17b23ab71f0726ff86b0fa44289d3ec0eedf352799da28471bb82aa07c9,0.00034211426616489907
Destination,029b9be58dc1d5625dbf59d951296e285776d0e1553c51a91d0030b873000c20b9,0.00034211426616489907
Destination,03ae9ee8fd5eeadf8266517f9131f72452ae5e970e1e6e66568c6ccf3be878628e,0.00034211426616489907
Destination,026386510b766f74c2ef64261ad048989b398677ae162dff5eaeae91f9cf176087,0.00034211426616489907
Destination,0256c4eb4c563ab602a46431092635fdcaaeeab21727ed92241412ddd4a5c2814e,0.00034211426616489907
Destination,0297d6f8d28f0ed31c25a871e21ba4475b781d27bc6ff0fd7da2e563ee0641813c,0.00034211426616489907
Destination,030c37134dc506e6d2adfdf39be62aec7a637ad5a35b663d60101ec0bbcdc9f5d9,0.00034211426616489907
Destination,0261fe8aeb3ee5d5c5fd51aa47f6c5a7a7cf5689dd877b8df25b3d05ec8f0a439f,0.00034211426616489907
Destination,02f8ec1f1af70dcbdc49fe821ddac8b83211f5f47174911a79460db41cc4b624ec,0.00034211426616489907
Destination,03c8be501a366c2807cd065313b3faf9521003d8c9f1bbd175d0dec7da212adbfc,0.00034211426616489907
Destination,031330e55210ea87898be3265c2e3285adcd573f6e6deb33f8f314a913596bf543,0.00034211426616489907
Destination,0214382bdce7750dfcb8126df8e2b12de38536902dc36abcebdaeefdeca1df8284,0.00034211426616489907
Destination,037d706d809b71937dfeab0cc0577018d31bca5a729605529c5fe746924b2562bb,0.00034211426616489907
Destination,022ff2ee77c24ef9d1e4e1cc6a5162f3ea5b94cf153e5a4aa4e71e8b1e4ded31a2,0.00034211426616489907
Destination,021084fd9835fcc7d9256a737b067c91eef5f8893513a4c1fafc354b806afa01b3,0.00034211426616489907
Destination,02f838f774549eafd782016c7a18451d36c4aff0a663e3d1d44b8ef84c5debf8c9,0.00034211426616489907
Destination,02dd8d892c348ab3e958a77fac061b352dad4320fc12ad0a04090aff9e64c366f4,0.00034211426616489907
Destination,0285c2321395529b79bedc4f3d35d7b14f8d4d271ce564742a865e62534eedda76,0.00034211426616489907
Destination,03ecfbdea460a0708e52a116eb63344407cc38bc7b3a54b97a45fa634beb1af7e2,0.00034211426616489907
Destination,02b0c0efe7e7aa40369be188035940325076c80aa8a795c700a1edf6caca5fc29d,0.00034211426616489907
Destination,020ce41a1d772ea8c2c78c510328596c957175a118b6a63f1bde04c820e3044d31,0.00034211426616489907
Destination,020ec7e95afc18607ce059ae8d6cd5c7462ac425a7d58766774d70d0afa4a8b9d3,0.00034211426616489907
Destination,02647bf54e30968a2c56dc227bcc4a26bac8df94e4a6710df9a1bb230bbfda7e59,0.00034211426616489907
Destination,03a2ff540e25310b9d7f8bd15871b49befcb8148daf0282fa411aecda2f6266a92,0.00034211426616489907
Destination,037db187082c5ed384a60832c3a9dacdce4fc191af861af93422fea758c14872a3,0.00034211426616489907
Destination,03b0ad0a9934d83f2915dfd95ada0036082aa07101f8a6fb5cc2a2c2cd94d05363,0.00034211426616489907
Destination,0324f10cb994d70329ffbe9482478ffbb22246be593ce8aed81b2ef4edd528809a,0.00034211426616489907
Destination,03608617e001d7d4d8e9b4d6f883e12cf4231fe99b0132c6b3a857fbb6cff0f600,0.00034211426616489907
Destination,03f6489657028db5316fc920b92122805cabd87e937a6adb33661d4b44dcb6dc19,0.00034211426616489907
Destination,0227896b8c2a90d3b202037a231abdcc11a5c48a396163eb0bdfddcbe8b9fa7b82,0.00034211426616489907
Destination,029322a692e1398a0df619495d8187764c5c1220bbcb5e850150bfa669ce4eacf2,0.00034211426616489907
Destination,03e6292db114ddb5796075952c3b5440f3833433e8a047ea875700bb649d4fc68a,0.00034211426616489907
Destination,03b98a38e37d9f8ecec1568b7bc3090ff6fa2b18c6946eb631c72a300d55e76586,0.00034211426616489907
Destination,02df5cfc10ba188254077be209728f9e436ce0a290f1cbe52062a4602af39219d5,0.00034211426616489907
Destination,03dc5172652827bd39d51f2a0f2021c1172a25a708d604d1b95b09aff8f22f8607,0.00034211426616489907
Destination,033330bb74f37edfb72355b47faa2962501aacfba23ace774ac02a9cabd2f67767,0.00034211426616489907
Destination,02bc6fcc699d3368aac45fbdb7f732fe80879b9a5ed0d7c4a1e4ff4d0f00467760,0.00034211426616489907
Destination,0350f7466a0b4df33c3fdd704279138fef7b486be1907b6254ba44cb92e45853a0,0.00034211426616489907
Destination,036abe59db322ba1b449023f8c11136c2d0e68ae8cd33fc671288ee1bea0d5d0eb,0.00034211426616489907
Destination,025adb6ab285538bf5f039e7ed3303283ef3bf3d1c51c9a4856bd6da300cbe863c,0.00034211426616489907
Destination,0357ba2121e3d0c150e2e8d1974c48ecaabadaf51ad2c20674962e4a78133a6fcc,0.00034211426616489907
Destination,03c6cc30bbd6fd7ac6537adb04459a4d3b547ea3760e328ce45c23bcde4913797b,0.00034211426616489907
Destination,036e7f244372b2338b5df59aca60b88fdc61185cb5ebcbe9e4072e44b7b8711744,0.00034211426616489907
Destination,0386f735c23e9c39fe25093936f01c42aa6cb0a5a42935e1649d9b949ba87107b7,0.00034211426616489907
Destination,0394797d35ae660c6d71e226839cc2dd19a3bbf78179a66644170d035a2be98a79,0.00034211426616489907
Destination,03d2827ce3d8c24cb69c5ed1cfceafd22c2fe359803ade279818ae2a9aeb3a49ec,0.00034211426616489907
Destination,0288fcb67ffa515eef3015344b80e89c000f7987d22a13d138894b46f7c1beca44,0.00034211426616489907
Destination,02aa8183444d0311049c0c02a309ce6e9fa41ee60942cb0371af7ba930f65b2239,0.00034211426616489907
Destination,032c1cec18e228fc15b889161a3cb705694c9db453148dc306e11b7a915eb82caf,0.00034211426616489907
Destination,0304421debf70608ac6836d9fb9f2c365a970cb5bb31147046107418fd568b3dbe,0.00034211426616489907
Destination,02754df212918e119f425d4498a0bcbf1ef91de9586ae5330d7844f0c370ac89fd,0.00034211426616489907
Destination,036c3ef10d18897be7beb188ca29a06c385ac32e22879d0238f3c86212eefd7b06,0.00034211426616489907
Destination,0281a5dd5cde49f989f490cf365697e46c78b478e72196507c642088d157135ff6,0.00034211426616489907
Destination,03d4b06f17456c936c7b14a0ceb370581e8574946b8e4aef630e14a6eb8a178ea6,0.00034211426616489907
Destination,039d815b1a5109ce6a5e178e30cf543b0a8bca14140e7afd737113b81822080130,0.00034211426616489907
Destination,0271e3c8a038756dda07a07ea8d77ffd545210c021cd62147e80d7500a7336403f,0.00034211426616489907
Destination,02ac9c298789d2387d2534481dcc0e4f98fda7b235faac3965861b7be9d090ccc0,0.00034211426616489907
Destination,02787d5ede6b165480f66ef2c0cf01ca4659f53a706f943f901c6ebb8e2596ee7e,0.00034211426616489907
Destination,033476ab392deef0ef570e2c8bfc96c45a2b8bacf025af95e2301d17b44093f540,0.00034211426616489907
Destination,022a39fc006e844bce632c043cb6837e5463bfde0c1ac88b7907e997688f79c339,0.00034211426616489907
Destination,0369f72cc4d3f753bc4a417348866c80acf1bb1d15e2c621326e4204c4c6fe1756,0.00034211426616489907
Destination,031b778e75285f5a3c5f3cb2e8b5d35c968ed1b2260dc96d666c8b1173a8b447d9,0.00034211426616489907
Destination,029c21e40cd3c42a382391ede7bc4e2e4624e7b5fcd55a6c8089b859fdffc63447,0.00034211426616489907
Destination,02bd54c221f8aa6d311be2b80ddd81d840fc253adc8e913f0f357058e740b0f6c1,0.00034211426616489907
Destination,03736d75f8c982e66e4c660f9b3dbb7c6b899a39e39a2a162355ced03c8d9fdd77,0.00034211426616489907
Destination,034157be16f1d8ea468c3ad4115d543d3cf757ac51df60c9fd8efad69f9d20f189,0.00034211426616489907
Destination,020c2f8e5e5d60fade226970125f2b19e070bce856b78dcabeab3a7a7e2ce2938f,0.00034211426616489907
Destination,0298f4c665268b4906ae486ef681510d7d4aab2facb6f6a620a8f6fd18f5b4fb0e,0.00034211426616489907
Destination,0301f33f9025d623df59eef0fe57813062447cd427cd4709ed974d12f268686db8,0.00034211426616489907
Destination,02218972b752f42602291810b1e9c0ed2df72abcc04c9b4defc5d4d444092d20d9,0.00034211426616489907
Destination,02ef471860e3634fb55624b329c09a682aba187c7aada690bab3c5ad9051f2e9f5,0.00034211426616489907
Destination,034c5c5250c08acb62df2ebd0ab728bf2d6c757c7d433e7269672df280e3daca2c,0.00034211426616489907
Destination,03fc5d1dd5cea5fafe3a174dcb7eb03215d97b2ed5bc39419de81bcbc7153a9e09,0.00034211426616489907
Destination,02b58092be437eadbaee5d48d77e58a32e9e28873f5544e28ac058b56f8cd629ef,0.00034211426616489907
Destination,03feafbb48c239c6a8f70d35b2796d1741614e7a62b12bb744cab1a6102cf7f0b2,0.00034211426616489907
Destination,03a72fc9f29dd760add68a7ae10e40f4bba8c71b95d097196116a5cd254d19993b,0.00034211426616489907
Destination,03b439ff61f39f557fdea45129230f4f0c22b6625fcbbdba0dee52cfc56eed5e4a,0.00034211426616489907
Destination,02cb19434eb6c954dae458a499c0cc0b8b43423a894387a4972b98834487d76b89,0.00034211426616489907
Destination,02c67b64efdb5db26b90d79f1ed9012e637c4cb3bfa9e74abed617d19b9e14a34b,0.00034211426616489907
Destination,03b9eb68af140dee9fe5804ee26fd3ff15c144f6a151554d93316c29a77c20d33b,0.00034211426616489907
Destination,0333f3df5d251d1a8efc703b9319cf2ae73aad885bedacad8082e3fdfd5873eca8,0.00034211426616489907
Destination,02f0addfe58ec34cef057c91aeca27f77d22b5c812b22c54759b85b8934c3179a0,0.00034211426616489907
Destination,0318538ecfdea9253cd6fc900b5d6e62117bc644712b10a61bdb8fc3c4d80c57c4,0.00034211426616489907
Destination,02efddba17ca713f9ec065242c5e6582cc40b40627ed6934fc0d1cef19c9aaeb27,0.00034211426616489907
Destination,03780bc0d405f8e9695a4474a03ed3314d761cfa3baf3ea8351c025d66399f969d,0.00034211426616489907
Destination,03df95ed69a109deeb71d3dabe9b9a289ab561fa731c8fc853d1c70847597933e3,0.00034211426616489907
Destination,035716176a55c5093c22d4199c811754313539a7149932cb07eb88a2419cb74ef2,0.00034211426616489907
Destination,02085a614ae7c0a5d29fc4ac192dc73887ad024cca78f62f138ac277dd5cd06fa1,0.00034211426616489907
Destination,0219cf91de41d70a8f955697601ad5d18cb068e84060f9cbb7aa9dcc4138e1d9af,0.00034211426616489907
Destination,02c87954a4918e506c15b3aec3bc2f860028a90c49ab0b88aaeb2756a858632fbe,0.00034211426616489907
Destination,023378a2809fda0000750a77129195f1c30d72c5b003ed3ddafd2b5120df88b031,0.00034211426616489907
Destination,02871f2d2a39d4250ae06cc90e7d21035f13e1cdb14716df79f290267c1a969772,0.00034211426616489907
Destination,026a971a882a53ea05f483c4eee2297ff9fac27a5acd4d948019bf330ee969883a,0.00034211426616489907
Destination,02ca16a1dcf909619ce63af162f3277d000a42faa3ad6fb0eb842f7e5005fb256a,0.00034211426616489907
Destination,02da2d67e6192eef7d41ff32c99058815e327a698446bed68f6daf79c624c5727f,0.00034211426616489907
Destination,02c8fb0ea1ef0b04353f75211833b46d69bee68662d204fa25a4b25fb8c5f2fc7e,0.00034211426616489907
Destination,03e387b5ffdcacbf50a02baa944e4c96beac95c3441a374d0d73ae32dafad55376,0.00034211426616489907
Destination,03b91f9e26bce0b501102a1c35ae41a883f636e94704c00d941356d329e0e7f9ba,0.00034211426616489907
Destination,02fa1ed11358b95d710bbcab5aa7a5e586fe6ba7e8477ed81d13341d5e8835c934,0.00034211426616489907
Destination,0200c06eaaef0ffc98447b5f0c5810c8325fc50fba4c509ebf558d67d1f088bdad,0.00034211426616489907
Destination,03cdf99e5c04a158ca528608765c023b07d1738df06e12e871c833f49bf3b15d0f,0.00034211426616489907
Destination,0318699928e2eceeaa96fb480b8563c8255b83d7206fff11d410c40df120f4a0fd,0.00034211426616489907
Destination,02fd17656f394299d6b455827e406e54dec4f6f99f6b71a8d9785c263b8ab02888,0.00034211426616489907
Destination,03454214c65748030e9b92d05b585e263b8f8fafa4c6697e1acf8e5f13cd9e6de4,0.00034211426616489907
Destination,02a4aa22327ca4f511ebd22b72d6b00ac3b529a7d4c2de7d8ac939a48371559e8e,0.00034211426616489907
Destination,037eb17d0fee2d20bacea3d78940b40f4ac61a5a7040a23b6e8280c80d7ebfb420,0.00034211426616489907
Destination,03835f425b54cc52be24788b2ffa82061e1e36a903c2417be27d35e5f0dd4cd684,0.00034211426616489907
Destination,024ed53fa7065f409749c8caebf058289bbf392c3e282e9c843de2c6d28bb80f9a,0.00034211426616489907
Destination,0352255f530c4b7dca4e7dc7e451935f3caaf183afd70d0d792f8f315edfad6cae,0.00034211426616489907
Destination,03bdd0c39415d032bb0815271cca1e71a7034995b6a64768d2d733904bcc780bb8,0.00034211426616489907
Destination,02a81c886f7cc867205c4fd4e6e9d4049a60db183599ab006d45e0c7170547a7ec,0.00034211426616489907
Destination,02294ffbd3619e9dcd7e0577d1203ff06828625f421647950888a19cf30b5a635f,0.00034211426616489907
Destination,0379a683108ef0d273c6dcdf380f567cc98e474fecac12260e0934ff6f28973d0c,0.00034211426616489907
Destination,022f3c0ceeab498504aadb5fe2eb19581ceec0feb70bff24c39973a12a569e01f6,0.00034211426616489907
Destination,02d6b78e7c18aab00a62d00e63de41eba9d8be500b0465054acb7c6e8145b68182,0.00034211426616489907
Destination,03dbd26bedb44490bfbf19c876f41c4561e3c650517a6c6ba77cb5e581b0b886b8,0.00034211426616489907
Destination,02267c52832e6dbe52781d84ae24b391923270b0c916f68004a8f694106b18ea2c,0.00034211426616489907
Destination,032ab85e0bd9d74c27ab2f8504cfc4473f6bdbf998a825aeec6db5b6d49509a7d6,0.00034211426616489907
Destination,02bb7805e3458259a3dae6f7ad0ce8c45cd34d11e1dea31e5a3aa1621be603b13e,0.00034211426616489907
Destination,02b19c4088fff675747e06cc7a565948a530a7acb3cb7c307b710735bc81d7322a,0.00034211426616489907
Destination,0383bcd5030220568a3fd44e08aabfbff877d27c04b949cc3e4aad4a6e0dfecbdb,0.00034211426616489907
Destination,02e786f84721176822b546a9e170372b2c9c86db4bfaf68f7c12fb211a4a9ab10d,0.00034211426616489907
Destination,02cd03c23bbef0068eba9b27b680f2da43e0a1b80e7e0438d842d17bc160a9761a,0.00034211426616489907
Destination,0396948e401c19d1b2e25ca7996eaa6f57d885da9940349499a53e9ffac877de1b,0.00034211426616489907
Destination,03956050c4d153ef9bb8c265710e901deb2028428be8eb6012ea20a6b85274384d,0.00034211426616489907
Destination,0398212beaa280eabc2223dcacf248496c59195fea23a7684888cb948baa9f38e6,0.00034211426616489907
Destination,02ccb499f83ee471ed28c6fb9a5d160872059d3f4bfc63a35f68271093b036f7d3,0.00034211426616489907
Destination,030474c6abc3ec16c163592480865f76a3c18ef206540a3554889973fbd5be6375,0.00034211426616489907
Destination,02d716011c96c7fe63703f3c5e064df389f2237b2980c866f237be8f893edb65ea,0.00034211426616489907
Destination,030b3039fae0fb81a9e201b1eeef1a0cd45fce016d4f9c97d43f71850454ad220b,0.00034211426616489907
Destination,03c04ef9d6941a71d8fc34b7596fc8066c06ad72f955f9e37afe11be2114f25694,0.00034211426616489907
Destination,033f142bfa5185797a8251cfbe47d64c525b922610b2856c6bbcdd5b812505a17b,0.00034211426616489907
Destination,03b4ab0678003eec5e19e4658f771a68b229345090e7e88ce36d69e177a38b5275,0.00034211426616489907
Destination,028cb872871e840ff257e59f14e5b3a435d65a006ead2aa191787d2dafabf6b90b,0.00034211426616489907
Destination,035113f62138cdcfd391e1f97550aecb08938f58e86b47d739085dd898b0509fc0,0.00034211426616489907
Destination,031de60d9f2aa1356f43a3452197d48a0987ae57b1ab8bc08c196d1348050c3090,0.00034211426616489907
Destination,03a1ef812b6b934c5e42444d88f78bfead717ab1b940e4d9d5b51e433c9f61e702,0.00034211426616489907
Destination,02513e59cd20bd31bd4c47f6af1be5760c26f6fa9446f648c7a73e17ff7ab6d32f,0.00034211426616489907
Destination,0354cf19ef9fb5b9a03737d61a08644457d9f9ca6dc8b73de25dce80116b6e0d9e,0.00034211426616489907
Destination,022b0a4179c6b449fcd4792a7d3a3af6e0b2ac18c5f25b324961ea55732d1aebb8,0.00034211426616489907
Destination,033ec518c6ad5b565a89215d9f59c9d6dd2ca3d757b4c8fc4ea28eeeb0996ff837,0.00034211426616489907
Destination,0207d58b94bd3946bf7eb8c27cea6cc29d147485efb33f284894e59062592f398a,0.00034211426616489907
Destination,0283a074cba09b20a4e6d059a9f7c83acaae51648a045f1edf0e1cb559d4fa1eea,0.00034211426616489907
Destination,0388a2cd707ac944a2b0c8adbf67c4a313d24b6dc2ab2baba842f9a9eecf925131,0.00034211426616489907
Destination,02befaace6e8970aaca34eafe85f30f988e374628ec279d94e7eca8b574b738eb4,0.00034211426616489907
Destination,0367e072b7b6e40e5df3fbf8701bf1bc7efce021a5702dac7d0a9be7bb59f1f01c,0.00034211426616489907
Destination,037603400ad316f1711a629629bb4528817c325f05849733ced4658f090fd46ae8,0.00034211426616489907
Destination,033fa7b78148b09eb8d6b542e3e19400bd705b1dc03a62da1578f6c480c751de5f,0.00034211426616489907
Destination,03f5b3dce85b7dc3d7e9e8a7faa32906971d5b5b10fb9d9aad69d36b4f8cd3fe9a,0.00034211426616489907
Destination,026c49329e78135c5c2c479fe48b711dc97abd6a6f9d834b701cd44d99d6d2378e,0.00034211426616489907
Destination,02f71c063569424aa8b584a749f0cdc3aca0b6f9d34265e7f422cb6bf9e9f3fafe,0.00034211426616489907
Destination,032a65fc24a44ba4334fe69ef9bbc07e299e5be956e4332347649312bebd51a82e,0.00034211426616489907
Destination,026ba13a7a31fb7bdf7a5e592a2d82668c17d133dd9c5bd295ac1c199ccd3eca0d,0.00034211426616489907
Destination,026f0ff9183b949d77f4d635940ddccf480ef5d036eee1c232f2881924a4e64886,0.00034211426616489907
Destination,02b289f93133eea9b2268ea62f2f0acdc8465aa0fdaa59f4120a961440dfec6d2f,0.00034211426616489907
Destination,02595222407bb5cba50b51800d8fd2432d38d37eeccdb8fd9d8cf08e8141773c74,0.00034211426616489907
Destination,02c921ef88d90e8760b31227ccc82dd8d4bb8082d636935abcde0cde4827f1ebb9,0.00034211426616489907
Destination,03880f6bf12094a56fe42f74d0c7f043d15435301083b1c7edab352e2676d0b52b,0.00034211426616489907
Destination,03a830531053653d9988731de174d8cf340e8a1742df01a81d02f4c5556c514736,0.00034211426616489907
Destination,0385b0501740b2ece3f1577a193c9f659a22aaa9001b38c2891cc53e91fde54554,0.00034211426616489907
Destination,02d97e94cfeedca2a3da47acb400bc6836e671b3cb3fc05bdd6993acd64483d09a,0.00034211426616489907
Destination,03eeffb7a2ebecedaaed8384447b1faf60c3147b935c971cb385ddfa77488e7f34,0.00034211426616489907
Destination,03aed93a4d0ef60f7c5f4642a096d05a41e217ad4977fed3fecb638879fbc884ce,0.00034211426616489907
Destination,02ac68441b9f203eb21d49bcaa7e932c7d4260f1b8cd504c01d6e67a0d0949c0f7,0.00034211426616489907
Destination,0346eb9c0beba3002b5725bd814cf779933113164193d1e37dc2c93bb59df2ed10,0.00034211426616489907
Destination,0204b302712b89e9c8af327e7ec9ff5caa497e0ed61aeb9f3ccea0a07063f412fc,0.00034211426616489907
Destination,03ca0d8ffa217f86a5787b9a9d1310998b6b8c4ec60d3cd1c785fe96c42dfd7fdd,0.00034211426616489907
Destination,02e2ac7934d648571910ed23baeb56999c9b498bf222e8d8416739bc40a6f91ddf,0.00034211426616489907
Destination,0208b5c70e635cde43dcc8e619d0fcb0273224aa6caa45bde28e8eafe720ec9f2f,0.00034211426616489907
Destination,020bf0c421ce915ceb0c1702e136ac3be920c7f6afe3ed75f722babbcb726abd6b,0.00034211426616489907
Destination,02361dda30e56c5d6e059a7c7c539d50813279ab7de2ba26002c1f255a322f103e,0.00034211426616489907
Destination,03f0f99ed3152515e6d7d0b2ff27110cf668f563a30d02996e2f85e4e409f734d2,0.00034211426616489907
Destination,03b7426d09cec1f310d1b83d4c3c660c747fb26b69687f4dc9987bec8455f320fc,0.00034211426616489907
Destination,02a8ef752d4c07b39ac16458fc02199f08e6856b4bca4c1b1ba2636ffacf74b99e,0.00034211426616489907
Destination,03b7567cb6a168d177311b4f3639226211173da50a5eed40fb5bd98150cabe6dd1,0.00034211426616489907
Destination,03f2dfda18d0731007da1129e09ba9ea52ebdf2910603804d08848c65456047334,0.00034211426616489907
Destination,0306eb1e8c8ab61e4b083632f0b9d556c508537423938655a2074b6f14615b67b1,0.00034211426616489907
Destination,0237c16fa3bea73aae09434d93ab53c34c22cce99a7b0de7d80a58c081b9566cef,0.00034211426616489907
Destination,02b7d14833184acde50ea2e6d8c10d68273b17b19f80b3bfac9d745a8011450d27,0.00034211426616489907
Destination,03d7066e423bf7c9667c0613b4eeecf036937407ef33f997237da3c2b5e2746d0d,0.00034211426616489907
Destination,02421944afae59a46b236fb5090e4f4d1a8f4d7421ddf81c814885948a98fcd57c,0.00034211426616489907
Destination,0337851110bac4f1b2657bb4d05c824f2f0ccf4acd9987d65aa8860fa751be9bed,0.00034211426616489907
Destination,038373ff3ab67a74078be52b8dc6061b9272063b8b842c0eafae8bdc044a7bcbef,0.00034211426616489907
Destination,020aaa5790fd3aea7d00ca3fff13da2d7b69cbfb2ba0aed904b761e23b0b15a0d7,0.00034211426616489907
Destination,03734a479d6ae7231b72eb0cb2a2a8318e3aad2797f7dd4318d236df10e8e9b5b0,0.00034211426616489907
Destination,02795d8bbc1c094db16e8b0eb5d58ea0ab0beda7e4fe0d3e9cc6973e1209dc0aa7,0.00034211426616489907
Destination,020aa1b4448974defb5a2b4058700ffd53a9ab8c2fa3bea0e1cbdd71f2e452b81c,0.00034211426616489907
Destination,0340420ae018af63722aaefed313bb5d2b9e0b42966a7755c1e8cf1cddc7b96a22,0.00034211426616489907
Destination,0368d6487e9d215f7d8c69ac3230ddf7307364e4a7608696e45f1764253481e6bf,0.00034211426616489907
Destination,0271b587f2f195d56ef66fa50b2d76b60d1d0eb671288a25c9011eccf0556866b0,0.00034211426616489907
Destination,028b892b15f5cabcea5165b236db0e36dc06553c323c84d3768867dac7c95e84e5,0.00034211426616489907
Destination,028b77c7253912be8d7f444f869a7d13059eda499e1e1bf67b4e4f311bcfcedcc1,0.00034211426616489907
Destination,020da13b3a016ce4baf3a5c3e3f31b94e41493a1f3754837ace03532fcfe9decd6,0.00034211426616489907
Destination,032e000d7927b0d78f7ce4285b7c8e4db97300fb55f2833173d7c28289abbed5bf,0.00034211426616489907
Destination,02de4ba1b08b2895bde816f012d4b4a5fdd797dfdf6443c28db183ca4a83043835,0.00034211426616489907
Destination,02390b726b5139c5447b1ee2ed9e4ad81594041861b4e28f8c7ad36fc3681bf06a,0.00034211426616489907
Destination,03f163a59b2929b4b515d9dfd558f15ce23e95eadc109de013e6f7080d24644be2,0.00034211426616489907
Destination,033fb418c4676c9a71d1e36cd121c8e97a6bef8ec374273488dbfbe6e4c13cabfa,0.00034211426616489907
Destination,0395ddc32f9c9269a2c25815e6d3e99a749263bc011fdbbdd7bc4ef46eba9c0b83,0.00034211426616489907
Destination,0303238e8f3e25a49da6c909452e320130f3f45e474df08dde7ca9a25f008b2b87,0.00034211426616489907
Destination,0256c133d4bc7c0ad9f104855a568718ebf200a0cb35576cf670ab8dcd3999292a,0.00034211426616489907
Destination,02feda7eead5cf5d981004560e366e2344719fdf2d56316fe6ab0e6ff20ce4aea1,0.00034211426616489907
Destination,0312729bfe8c02a1189a94bf609be3f44e7e30f581ada3429925221915d5d6cfb3,0.00034211426616489907
Destination,03b6b0a2a5e8300e2645f7728e699606d1df0408492ad6c88631d569ebcf511151,0.00034211426616489907
Destination,029671acc9ecfae0af2699239b9e63ca3ce6bf87fb58c222cbc1d758bc72e71ec5,0.00034211426616489907
Destination,028a29151b53f059bcf1ac893516d58fe59e7280dc222af148bb2ff81f419c4e55,0.00034211426616489907
Destination,03085f40d6aa0d3e9eb1216edca883d83ae3b7815881f27d4f703001aa1a826de3,0.00034211426616489907
Destination,026871ba2db890ae47f3a4ee11e6bc10badc038e9eaed9b7983d990aee0ff3c1cf,0.00034211426616489907
Destination,034dd10456bd21375006ae62de7ad8fbc7a0c4f557ffe0bc1c39cc034926b4ef05,0.00034211426616489907
Destination,0376a797f509dc2a7f5b27fa6cfb6e953412c3525783d16fd2961dbaf9a2a1bc2f,0.00034211426616489907
Destination,02a4b5f00bc1072169db6cc76e2250178993f1bcf0bcabc4fa3f3b6db758a05240,0.00034211426616489907
Destination,03697040d580505a8e847776078db062173d7a2a2093f004c67e2c0734790e41fa,0.00034211426616489907
Destination,0351cb0ff3f66a89b95d1401a802738fe0580782b493ffd85b5474ab2ee70e2628,0.00034211426616489907
Destination,0296717f7d1f2664b31b3b0ef061a494c3b0baa44e6f67a913e5d230970eb12eec,0.00034211426616489907
Destination,0378986aa771344e2f6d7ddf18fb9742adc8f445f51e783ed5f1a004a8f635eca9,0.00034211426616489907
Destination,0205cde0d3ee57d7b580eaf7262940c55ac0c02a0802149777304d1d1858154e9b,0.00034211426616489907
Destination,025ecf01539958ffb3b912df349b762732afa2e9f010996175930e484c10979e9d,0.00034211426616489907
Destination,033fd45bd1696be5dba030695def35a7ed3c24a2d654999ea024241bb9ec5ef890,0.00034211426616489907
Destination,03a46347ced3bb8ec782572db7f32a2ea5d6a14ec4b6167ba0411975e3f863c434,0.00034211426616489907
Destination,020327bbd6b7ebf577a041e24cbdc0b3ddb6ec4a2ec89e271260fc9d6fbaccc80a,0.00034211426616489907
Destination,03f44fb753b3671b3ebe43a6f98ba7430f7ddbe5870ab65dd541a6642e73dcfeac,0.00034211426616489907
Destination,02c68169a28016de14cb59bf33983f18dbdb030601baef508105c7fde8d0d85159,0.00034211426616489907
Destination,03c402afec79d52f0a6b6eb7e63bc416e6d34824adda023fd6777c00f44dc5408d,0.00034211426616489907
Destination,0282f9df1cfac020482decb0d63734b9fec5bd2786aafa0d74c89524693a746245,0.00034211426616489907
Destination,0276c5e7cac95039994619d34238ce9ab32502199a931b4246d6e6baba979f2f3b,0.00034211426616489907
Destination,03166a818eb5b9245f2838795f96928815fcb8e010aac7f5e4d5e3e18f6f21c066,0.00034211426616489907
Destination,020d0801b445d07d8981546010519e640403d406fac5636e23427a45240318aaf1,0.00034211426616489907
Destination,03398603de59d47f16bed1232bcc3da6715745e6609e84b33548755322af391f23,0.00034211426616489907
Destination,021d9deaf090a021c6e464e3becc5296161e8aaf5de3c7a1d517838cd74525834f,0.00034211426616489907
Destination,03cebf40a97959ae43c52a2a70e6a0160925d4b0e7bbdb845468250b6fb5b76239,0.00034211426616489907
Destination,03c73e43e92fab12af3461f723901f0bcdabdfdcf9b74973ad876bf0bff96a8676,0.00034211426616489907
Destination,0273209369cf43965cf46be5ba41dd5e04756a658c440c873083f36344dc01a040,0.00034211426616489907
Destination,020dcf8798bdc8316f6b84302e5895ab55832f73bd1d3775b1e96296ee4f42f069,0.00034211426616489907
Destination,02be8a7c6e669047bafee5091fc65ecc00bf035eaf7be5774da11ffe7f171f1964,0.00034211426616489907
Destination,03785c99cd75dcd0b3f2f4cedc5a82e108396abba65f107e97d93e3fdb212d38f4,0.00034211426616489907
Destination,02d11c4c4f986ff547288d873f6a33758aab744927355b01272ee560a3ba44d01e,0.00034211426616489907
Destination,03238fb1ca6567a84f190fe7f661550581dec1340c44b7d56c12ce3435ec228d15,0.00034211426616489907
Destination,020c7f6d847bf0fc99418351a5c02b0d36babf833f0613216dff3e808ebedea656,0.00034211426616489907
Destination,031aab6bcb92800b101fe0d02a10d78fb99bcb5f84907c7ce725df0e1607a8f390,0.00034211426616489907
Destination,036d293ee276b354e153da13c60b7df632119c380d163eda73fdba944d2f9cd847,0.00034211426616489907
Destination,03d91ffaf5c8ca34c8f01dfaba24654965f41b650ce67c031dbb49b0be1e965bca,0.00034211426616489907
Destination,02921ef5865a1f3ac9d96b7647e44c7145425b841bc533021fcbd241a3a27dce0b,0.00034211426616489907
Destination,03fa87695311cf210261b014009c3f40c1f0f1359f20b9b3892e3a174e67f32489,0.00034211426616489907
Destination,02cfda4768450a63d33120d08180a4aaf727a19d264262ddc88a6904b6f4766fd4,0.00034211426616489907
Destination,03fa8f06dc028d46cc75be1aa12abffe7fc0a1859d78e07c9fe5cde12f03036c45,0.00034211426616489907
Destination,0324957a5ab4f045fc02a492eb7a3ff375a4bcec059a6a31cdb6360a5aab7c53e0,0.00034211426616489907
Destination,039faad98d8013755a78f2d9e681e87cff1b1e6cfee51a253c5ee88d272b41f5cb,0.00034211426616489907
Destination,0237446ef84a1fcdcda3b76c00003c4891e8f3904d9af27201941f361138943ad2,0.00034211426616489907
Destination,0384cbcc619ed15a7b0d3ef1dabb7adf554ed58ce93ef3fb82bafd046e82f4fb97,0.00034211426616489907
Destination,020d6989eaaf107a020501607aae8f489dd207cc495fbdd6b80eee14336ed3217c,0.00034211426616489907
Destination,028b452db3c44c1a2fd4ca10b9cd6e2c4fe63e1a79c112590c6c93d6b3c2b7d8a1,0.00034211426616489907
Destination,0385ac41ac5d6a5211b8755368c33966133c4031778638786ab626235479359b2a,0.00034211426616489907
Destination,0381ace79abf177cb3094b7a63c1f09cad9f72775112340bb0dd18fce2929f7940,0.00034211426616489907
Destination,0315f37510b31bd075c85a4155fdd2fda46813911892f8863892448026d96cbfe9,0.00034211426616489907
Destination,0296b409300c902b2de217ee9594f2f952bd62a6da134f8f230362f8228a1c143b,0.00034211426616489907
Destination,02929175ac215cb282cd965d21b8bde87cf18828a4824f6a6e12b0098631b9f535,0.00034211426616489907
Destination,037c8d28484c285de5b252620ee4852f5c59b662dee30eb05874156fdda36c095c,0.00034211426616489907
Destination,03bd90f91fd10f3f66fe1c1215abb6b58ac5c96f74ac3fc51f8f85d0ce5d7a32cb,0.00034211426616489907
Destination,0351909b8ef735e9ed23df605eb3473377fd6f3c39f8697d4e9ea3c50705c5b6a3,0.00034211426616489907
Destination,03e81a5b8af31bc00a1c1c08419d3272b4982db02feafd739904df2edfcbdf6f7e,0.00034211426616489907
Destination,02f64aca3b9d52e2f2cb0f137fbe5101db6eac4695510f32ed46c50004b7ca1fa7,0.00034211426616489907
Destination,02ed9102fe81a117b19f0c1fe0586536a04c962838677dcdb762aeb9804d9f33c7,0.00034211426616489907
Destination,0219a49719b6ff422f2d11870c7c2a88e4879d2a2ff99f43ace6eba8bf53670a06,0.00034211426616489907
Destination,03ce648061614b971a3a990e62cb5f782ac94e9576f2311256b2985bc05b5033e0,0.00034211426616489907
Destination,034363e06553da98ceac17bd4fb1cdef9f69d6ba32510c051559e017724e2310b7,0.00034211426616489907
Destination,038c4288a41c79e47f37efccb2a0e1deb3b48291a7813f0be12179f9e84a4c6d35,0.00034211426616489907
Destination,02adccb7d7ab40b9c694d54643f73e332fc2cfb66f05c1479f083eaed66b34df59,0.00034211426616489907
Destination,037b0b34599a18395fff42e384caee862a2077a445b7cf5fc436d05c8818d5d56d,0.00034211426616489907
Destination,037dca1d190c1b0da5a053b54f6c9eb68b7c99758943fd696479643b6ca7dee53c,0.00034211426616489907
Destination,03c44a3fef1637aae26c96bbe932baf5094b6f48a060d8944bd32d4f67032cc027,0.00034211426616489907
Destination,02be830b9c86c74abfe4c7af27a22564b387c076d33517d1cc9640702c96f87157,0.00034211426616489907
Destination,02d379fd4c3e6ccced10ec93aa87eb0478587152f88fde963f773d2101bcb84ba2,0.00034211426616489907
Destination,023e2c654b2d87a960f3fc12ec3d50fdbb4b9546a81d1c353a679a0a0cecf0bd45,0.00034211426616489907
Destination,0227d5b940cba21be92244953475ccdd3cefbed8f397be03e3155a5f41f304fc93,0.00034211426616489907
Destination,03bc3cfdd615b51dc557ed8264266c5a519ffcf58f4cee65738b6c6643d12ab039,0.00034211426616489907
Destination,0399af1614c5aff93313850f1f825963ff78884c3a0bb31b2db1d11de7dd6a1f25,0.00034211426616489907
Destination,0308a48a7bfe49f77a7e4309adbde789a194969c33c30518a8f51a0db895e5fc52,0.00034211426616489907
Destination,039b9567a0f8176305290af2d21f32e6a54993383f56b859515c33a775d2d94a2d,0.00034211426616489907
Destination,029f874789dca322484735ddbfe58785395c7f4a67d77d3d0b52b4c2fc72914faa,0.00034211426616489907
Destination,03ceb8234fa80fdb8301aba79b831b71cfe325cd73311e1beb16be318727da1cac,0.00034211426616489907
Destination,03e0a26dca5f4d4dea43ba104d41e4f54b6b66c5b2559811f83b20efafbe307183,0.00034211426616489907
Destination,0372c2fc212661d2dd4c3e092193f1c36292ee5a38b03c7c7662c323d5cc5a70ef,0.00034211426616489907
Destination,038770749fab6b0bb7f7d5454691e94d9336013bbb2b0b7e2630d5468a271a61fc,0.00034211426616489907
Destination,02401127b192e2cd944af5b6348e9f4d731e7a0de40cdb7cc4da0c039eee9f413a,0.00034211426616489907
Destination,03ed28a7c2654fe6d654ef39d6d25d87b6d0daa5aa6c03717853c73101e5362cee,0.00034211426616489907
Destination,0234d70cf65a4e8974d3d49e23ec7b9792877f783f2f5dfd3882422aada18a916c,0.00034211426616489907
Destination,03f259a1908e98d3b618c79581e0ee04295a55e2d61e609db40f4e6f38c526a46a,0.00034211426616489907
Destination,02b6f799b1fbfb5bfa81380b466a586e8e47107cf7ee8b35f189bc08cdc540849b,0.00034211426616489907
Destination,03c90b47debe9e56226dc275eded7cd753f2b6d7b461830055a2469bee0e3501f0,0.00034211426616489907
Destination,02d362505e2d7201a9ba342beda0ace7bde0ef24d60ae9b5aa43e21f13df9f1968,0.00034211426616489907
Destination,0392600bfeb472a7757cd911bf64929c5d73b01e39d425f9ee6c86f8b5969f4a34,0.00034211426616489907
Destination,0331b1068db83bbcc3057ce11a0a5314e817d541de6d3bdba9710541932dd41095,0.00034211426616489907
Destination,03e91a66c8e924383c6c962dd943e7aaf42359f398461f965eb8d74c1a183028e4,0.00034211426616489907
Destination,02843833374b6c42daa4b780df2066a9985cb8cf97bc4566dd63cf693d32cbf7b5,0.00034211426616489907
Destination,02db6ff6cf968f403aa4ecf7741b7dacc50256ae79a4999edada24da40fdf2667d,0.00034211426616489907
Destination,02eda0d90617d79d63b129452af9ee3df48a3e791b36022e82b3e88574e63be947,0.00034211426616489907
Destination,037a7c0723cbaf0523445235540f12a74df3ca71d9f723c1a391f7d1d61753643c,0.00034211426616489907
Destination,0239c809cce5473e1ac7deccd3707a0570de046cf2f3cbfa8d6927f47102139a56,0.00034211426616489907
Destination,027fc3b1c5ad810a1309507f0fdc154bce67d5dec83aa567b6b97adce62d1efb28,0.00034211426616489907
Destination,021797bb325fe58acf4a8756b79001a5072fa22343da3866a02d55639c1eedfc99,0.00034211426616489907
Destination,02252586c4c9df3c3f27b237f71ada602f57b5aae482fa75006bf00b2fadf31db1,0.00034211426616489907
Destination,0327f763c849bfd218910e41eef74f5a737989358ab3565f185e1a61bb7df445b8,0.00034211426616489907
Destination,030dda0dc7b618aec381e92c2e7f79c107bea551eca616e986288c7e2ab237e382,0.00034211426616489907
Destination,03d180b31f3a6982ff3033f26245927793e1dea33e93c1f6021057b322d5983193,0.00034211426616489907
Destination,0248516cdedec7dd2e1922b54716fa5494c4fe5c1425b34766feb186d7578b489c,0.00034211426616489907
Destination,028958ac9f6933ca1e7114cae9fa3cfaf5a281ade02257dbfc8e71cab79b0cb57b,0.00034211426616489907
Destination,0357d8c122077399d34b4bce9e62ff68930c9a49cb9c9a00b7c75ce0176fcc33cd,0.00034211426616489907
Destination,02306bef790d8cc08bbf68295367e586760713bce31d9d4f9bed50a8959c5a177c,0.00034211426616489907
Destination,038574a89a258893fcff2d8b76725fd1922c4262534ada70fcdd1855746a27cce4,0.00034211426616489907
Destination,02f7e476ef3d597be9d5aac1f2ef9f70f34027fc94c60e8a4a4a35dbfb12f06275,0.00034211426616489907
Destination,0319998baa38d207db73938af1ffc3e968f344bd4e2bfed533339caa54f23bad8b,0.00034211426616489907
Destination,02d18a937053ea66cb6c18c351ac823e05e3b3649e0165192b25de3f8786760039,0.00034211426616489907
Destination,0380f8c4a9d644f863bfe4fab0b36976ae7f704627beb154977247e0097916b7ed,0.00034211426616489907
Destination,028c3f32842827392d8b746ff2fae5228f7a2bc23c007a376a005e1ecbdbb0a412,0.00034211426616489907
Destination,03ff7d478e15d43ec025d2e79ca48ea032e34c6e407d764fb0c230bc9931d627c6,0.00034211426616489907
Destination,02a7258491b144d6449bfd87e06f4674cfac69ceecbcab325218c9675ab0014dc8,0.00034211426616489907
Destination,027d2456f6d4aaf27873b68b7717c8137aaa8043d687a2113b916a5016e9a880e9,0.00034211426616489907
Destination,02fa0624f646a8d48a86d4e2e2be7a704066bf0686361ad6819dfb49486a01a2a0,0.00034211426616489907
Destination,0298c620501b51ead4186550c302ccaca4a84c6dc59b4358cec0e3541023849230,0.00034211426616489907
Destination,027e89abcad1afde4bed5ffbbea530f197639ce0d5069dd753d0efd1a0ea373fd3,0.00034211426616489907
Destination,023f09dd7216838dae25ea0acd081f8b0c08c2ac5fdf07ba51457e8291ad6027f2,0.00034211426616489907
Destination,02aaaacf06de5c658fd1544301fe9e41670d079e942382d584db9a372d504b72be,0.00034211426616489907
Destination,026313e7dd7d1ffff069ad9b486909dd25ca2ed95eda78b42ad7e61e131e95b3f0,0.00034211426616489907
Destination,02282cfc83d4e4ac088a654184be62d7de0be6298e83af39431f9598c8c5631c09,0.00034211426616489907
Destination,0250f64187d3552ce31728b88862ded7604345b81bfd6ea897d5821e28f0063228,0.00034211426616489907
Destination,03961c8b69c7e8e52a49d3f563d9b6160a2a235a19c8bc7eebde35fb3ae6fa0c32,0.00034211426616489907
Destination,033bb3bb6927c03e608b6b29c46011eee7233349daf11f8f4efad7b49f8f841cce,0.00034211426616489907
Destination,02b9bc5bfb92b7eff2c0057c4ee77429daab6e290ad3ed8b8bf37c324188d2b92b,0.00034211426616489907
Destination,038d0543c2f838fc6229bd7b80df46d8bad9f30c874ee3ac4578c4ce6f57956f08,0.00034211426616489907
Destination,02f2b7caf6f83b3fe7c84c18d5efd60e7cbea8d60c3f5e81f2783a745c39fcd7b5,0.00034211426616489907
Destination,036ab86ff46cfacb87e883f2ea6e1136e10f71110d7bd09103df09f075f358fe28,0.00034211426616489907
Destination,02fddcdc6ff2e7fe104d9b6284ec3376801cff2fd413108b62881fcb36d35a1bb0,0.00034211426616489907
Destination,02c7260d1c3e6f6afe94d47913a636c690fa807f2b1464afb2245e4e193efdc011,0.00034211426616489907
Destination,03ec167b8086f16f76f8e723b253089b3768f063be9013e47c00078fe1dc3c878d,0.00034211426616489907
Destination,03e65542e1a5d49d11886f54d84292e55b75ff6128e9e1299b0f2115e63d7f979f,0.00034211426616489907
Destination,02d5ebd3385840e6296bef346d69593f6ae80c649713d08c832feec81288d5f532,0.00034211426616489907
Destination,0307312f157abb65f78f0dee3cc9aa81d343dd3ae44d8e08bbb61ef513c52c9be6,0.00034211426616489907
Destination,037dda58c0e1b81237f1fecf4cea99e9aaa5918fdbd0fb87042219f0b008ad10c1,0.00034211426616489907
Destination,034d696d1088507ecab32a16e454dede22809f67461572011540894fe5083a1344,0.00034211426616489907
Destination,03e75f7c4b46d02cc31feed50937d6f1466936361db962f1708e14052ff8643dff,0.00034211426616489907
Destination,03db39d2f0bff36f69969807f54829e82073afb88f0fd2996e61d245a797169a28,0.00034211426616489907
Destination,034e5f6afc1b5dfbf4b48099ed22227f62e54889fafccb0dd882c9d6d4e2534dbd,0.00034211426616489907
Destination,02fa65b153b5901381c5cdd1db7856ae7e085a08a19a5c7b145278ed8ebfdc46ae,0.00034211426616489907
Destination,024b8a22f13d368e9dba7efdf679190ed97b823d3666717fdebdddaea464889aac,0.00034211426616489907
Destination,03495177d7e4d92f32288ba25e49f40ed6350f58450da1f6ad9dfbc357d3c3f7ef,0.00034211426616489907
Destination,032dc8a1c6a362721e8ff79cacff78ea870c9e1f9780b2b7c3d05dc6d922a20fbb,0.00034211426616489907
Destination,021dfd5b4cdc4283eeafe65fe0dcfe8be45db802ece99305e56ba3694805d68a89,0.00034211426616489907
Destination,02398081f4dcc0bff305b734f0eeb11ffc10dbb8ee38bc50257d65ed0b003f6e88,0.00034211426616489907
Destination,023036f14f7c2f9eec92d1c0ac07226e0c1516deba6e3a9fb577861248f204f677,0.00034211426616489907
Destination,0259156aceaa943d8831fcc5252e3fbc80022256c56d39d430a27d7b59aa56c6b7,0.00034211426616489907
Destination,03255c472821030291f0163afcb1382f4e7b3bb35ac45e104e32e46ebd39c6ea07,0.00034211426616489907
Destination,03a0251303c04f1ca4353eeb1467cc7c233e728a6ed7462d844c043aa73ff86149,0.00034211426616489907
Destination,02474521c814b031024fc295fe144ca46ebdde045a4a1d80abe444d68a08e272b5,0.00034211426616489907
Destination,023e4a4c0e0e114d88ab50ec14582fefd60ad8baae63eb0934db146d995c5567d7,0.00034211426616489907
Destination,03991a2e00bf2836de6a52207a5caab147fc0261c9c2fe81b493f98acf643bb881,0.00034211426616489907
Destination,0365fd3a5c8d66ce56bb181e6f652652348a7fc841cf53f738926ea3e726b197f9,0.00034211426616489907
Destination,0247a7b33bcb1376ebe391e9e4d014011ba62d0f90ce779eb9c2c81c4b91150362,0.00034211426616489907
Destination,024844abb8efc3262539fffb66cbb46282324894212a13bb5b4c7cae96744e5a97,0.00034211426616489907
Destination,02fe9469e1d7da69539e365c9b2a64d277ed5589622cb314dc8b3060f3c55f79e6,0.00034211426616489907
Destination,03884058c191d7d91e01135d72654ad1381efbb0ef83f8c2d683b9bfc84d71f501,0.00034211426616489907
Destination,030ea1b3efaf88e7b7d22679b0de8cdd5d2c6eb78babc4fee4d7d27cb06e8aa175,0.00034211426616489907
Destination,0278630413d5af0d3981e1788d9ff27e47bc5640ac2ecb6d123309a0992a67bb08,0.00034211426616489907
Destination,02be74034df42a6cefa7d204ac726393f07a2b2cac9cee07400056c3512b6c2271,0.00034211426616489907
Destination,0277eb26dddfb884052fda1adf070a08a81af73c62b3cdf577c7d9fe36270d0a7f,0.00034211426616489907
Destination,02d98ee97760aba8124606c177d0e4c246fc6cd7bd8f8bd3857f20805a62ecbc26,0.00034211426616489907
Destination,0330f0afe893e809d8790b26b40d9353f586ef0894d4ae704d06be24538c030457,0.00034211426616489907
Destination,023b4a4d6a15556df1c487edf078b97ac85bd54d27f1b1d2cce4df130d85a6eb9c,0.00034211426616489907
Destination,039d510570ab6e65fc8fb1f9ada5b63dc0f703a8d7dbde2fc11fb6f1e5810f6bbb,0.00034211426616489907
Destination,03ff77e3929315ce2174b2657b19945517b18d07174f8be22036dd8d4b354bc456,0.00034211426616489907
Destination,026a0ccc1e8f306827043774132988fa44cba04f7b68277be63229d52eca02256e,0.00034211426616489907
Destination,02a17356fe5fa570335f171f66cd874b94ddecb7c49c5eae04d66b53023e8660fe,0.00034211426616489907
Destination,0202ca96e5240a938e53de235a7ac4855a3c028d8fd08b98a3e59fd845a0238201,0.00034211426616489907
Destination,03d2b1a05afa256344230ef9efeeb272ecb1e9c7e8d0f904283aac30d361c569c2,0.00034211426616489907
Destination,035c7735413cb1fa92f8bfa3406c7f89a6ff31a93c72bb558da11d8b52d51fa47d,0.00034211426616489907
Destination,02c08d255f696c55e870c784904031c074f9552305e09d6b116a4370a1643ff7ad,0.00034211426616489907
Destination,02b3a79949fcb53da53050018837c8eff56ff571ef1e0552a80edeedbd7320ffb3,0.00034211426616489907
Destination,0274a542b693385f9e38d7acf4017ed31748d00693ff219c54e1b33749595a7419,0.00034211426616489907
Destination,02acae80ee43b7b5392b8404d24d63e70efe5029607b4bc593cbea097832e62729,0.00034211426616489907
Destination,036efdfddbef4f283c45dc166f77ef6dccf6457fe6cdabe7d437b9b2a56d2cec38,0.00034211426616489907
Destination,0374a5e1e13165f5bc5bdc45fe142cc0c2bec14eed5f57625a92f1b61356222cb8,0.00034211426616489907
Destination,032535e13df87203f52e080140e77d26ef073ba0db69caa6497a454a8ec244480f,0.00034211426616489907
Destination,03148ada4817484654c0d8dba4945b457ed13f50003160706b77cdad790a5b3d60,0.00034211426616489907
Destination,02045f04f3456f498fbd6c5b20df43646beb39dd0f30dc46f03cd9ccb4619b7726,0.00034211426616489907
Destination,02111729655b26a9829071241a221a3f4272d484e5ac74a1e683986186e1d6259e,0.00034211426616489907
Destination,032154b2cb4d775459f918b838149b17907dd4d8c6457ab32f55e17fa06785bfb0,0.00034211426616489907
Destination,035b9c1794a62fb649e6b98828b521203f99ef314ec3be9d30f821d647618bae16,0.00034211426616489907
Destination,031b184871526e9b7e03f5766cbba8ca11834e7ba4b1dc4f5651803a46fd0bdbe3,0.00034211426616489907
Destination,02155dc604c38b3410d5ea4d73e10d29cb94cf8cc472d3e8fcd7e2aa1aa47fd9bf,0.00034211426616489907
Destination,02406379f06d25aa9e1fc21871f4b279775c3b802e03bed00071cda44c0f34cf8f,0.00034211426616489907
Destination,02fe0e177b1b819e821ec9baa3b0b925deaaa2e6dd3feced84337bba992e4f06d2,0.00034211426616489907
Destination,02f4d13c97cf5136aae709c2907b7c666156ded28096f036a455da1aeb7463fbe8,0.00034211426616489907
Destination,03c666d35eb4b0278305a71fd41e2ddf3ac6813aa8dbc71fc25edb06ea55445a82,0.00034211426616489907
Destination,0258771538e3bf6e55594d6f782781f146a5482df4cc4e5d8622385eecd3f161ee,0.00034211426616489907
Destination,02e5686fa8de511e7c0557e65defd4bf6202d9f619d67038eb85d95939f91ae9ec,0.00034211426616489907
Destination,02075128534d3cfb7b8c17de20d99710e794d6e3b113defb50ae56b2656b874ac6,0.00034211426616489907
Destination,030783508b89ba6ad5ec36744927fac31eb0c1991fcb6d4b45ea04e045bb9395db,0.00034211426616489907
Destination,03342545f0741997e75e0ae2b56b0cee910e24ffb3b869b0ffbf51864e6c1f7502,0.00034211426616489907
Destination,03e462fe0d34e5e23bd3086a16725309ec1ae49da97fd8c72bfb2c67f58a95d202,0.00034211426616489907
Destination,03c7212c12168cc01dcb5302a2b597e33e14824495db8b04e5700cc0dee6218f74,0.00034211426616489907
Destination,03b5db370bb1b8e62f0f70e20a4d54c458bcb6f6bee17d743bf2fbaa162d8a7e70,0.00034211426616489907
Destination,0276b569a5237c597c156ae4f1a7076667c628d97ac695b4d9c5f77d708b189b09,0.00034211426616489907
Destination,033ead090345a5d3a0fff938cb21cb9d057d405a57483c13965151c543335948c2,0.00034211426616489907
Destination,0356518680de810fa539514f68ea86a865f8db5eaf55c4400c18b200ff39a3a025,0.00034211426616489907
Destination,0302880b4a67ab349a79424428b5da4dd6117019b5f9905d22ee3ff6fa02c87e76,0.00034211426616489907
Destination,03d47e1782e1b63011b45053746bd4deea12bdaaa15f3f1c3b081a3f50194953bd,0.00034211426616489907
Destination,0215b2189c07bb239f7ba398080bf36d46bc29f93e22042c435bc6c8ff046dc3a7,0.00034211426616489907
Destination,020773935f1f212565c53939ea01d70f0c75abdce57d8a0abf6c5325a30b7c97ee,0.00034211426616489907
Destination,03bde3699957c0f1dec4f3439a033d94b5f93cdd7fd496a0cceb702d2bbed6c92e,0.00034211426616489907
Destination,03685b8de9e4d9e689b120d27511732ea9bc3195577319dbb5bf7df64e1334d7e4,0.00034211426616489907
Destination,03be453075758979d83fab2a19738d1783f235e8fba1b4f5101a0f8936b50e2137,0.00034211426616489907
Destination,026ac2ba497263197b599e592e9e1116a308f8b3a8d6832d68b249b79754b0fc8c,0.00034211426616489907
Destination,024cbb3e9e824905ea01517a2944d0217935ac809a8e50bd85a26701b0ace59dc8,0.00034211426616489907
Destination,0277516c86cad9df72cb1e815d72099d4cfe4beff1b47072120843def247dfa61f,0.00034211426616489907
Destination,03e0d26a3469daae35254beefe8bf76d422b56a21657a04dded687ad84ce222442,0.00034211426616489907
Destination,02c7d549e06a34d5579313fbc7117c24d33c560552f0c21fbb84ac766670a408f8,0.00034211426616489907
Destination,038a7f830db2bdc5474a9b61e505814a5b5b6ef3f0c9ce513c4d21d5b9bfbb26e2,0.00034211426616489907
Destination,02e7a87e3bb8a0f23d4b3a70ffaf6d15f8f5fa5e350f24938a2256270eac83fdb9,0.00034211426616489907
Destination,03436f6203071b5ab077535a4577103fdf26dcf5ddd688cc12d6a020ddf1d7e22a,0.00034211426616489907
Destination,03739cc1ecc491622e2ba47fc52e3157bb45bbe825c2f406257b6d208ae4654168,0.00034211426616489907
Destination,0236dadb8a2b51e2032ce435917ffec5322477a1463636003e0e924e040902be42,0.00034211426616489907
Destination,03ca5b1d6f8c0f99f71fe46b9994571e59ab21ce6045f152ff24b3a21cd782aa42,0.00034211426616489907
Destination,02319b9dec6adc1526c8707eb7110915291751424bc08166f55240fe7817a3dd53,0.00034211426616489907
Destination,03b0c41d53b025baa297b92fb32f5c2dc3bee9628f87fe8b78ef7fd5b0d777a36e,0.00034211426616489907
Destination,03ce16b71fb6f70b30321e867bcea9cc52f39531380cd6673bdd8daf257da27e57,0.00034211426616489907
Destination,02714bb49c82f209a6da0bb6c6260a7af978b8ac64590b7915bc900528f9f3f9cb,0.00034211426616489907
Destination,03e32bb82dd814d2fdc501391f322e5d07dea334c287eba5cc9248ffd97611467c,0.00034211426616489907
Destination,0289b175772f8f2d17dda83a08cba18bf1f0484019cf5abde7fa69acb9a52652f7,0.00034211426616489907
Destination,03939ff69d65a13c4bb2585042e7eb7e75a7c77289ab5794d1b973721d86c6839c,0.00034211426616489907
Destination,033dc7ebdfc181f398d564c51f26dfc2b67a6201607182bcfadd283689861103b2,0.00034211426616489907
Destination,0240df8422414d60fd1727d9e5ac3851e7cfbbc02dba16f88b87113083ad9c5550,0.00034211426616489907
Destination,032908b8500289e4c6cd5249d4abb24bb77279b3910c536d7e534df33b9fefce55,0.00034211426616489907
Destination,03dd269796b402aaeff23b46d0d74db9980abe07a0889d83110efb681bb1fdc8af,0.00034211426616489907
Destination,024e7c5fd782f4456f20c579dfdda61f5d3d15a5a3eac5c2f7e902d6963c414f94,0.00034211426616489907
Destination,036549ee7d15d45fe9556104b2f82bd14f0a0862c941b6f08f333dffd512423168,0.00034211426616489907
Destination,03f0f1f7709880c633b25142d5ea9d1f7caf801a4f456b1155460aa330550084ad,0.00034211426616489907
Destination,039cf2cbd172ac1bbba9c104942b8fdc40cb28023d6ade8f9f247f160532d81e66,0.00034211426616489907
Destination,02c4b64b2cc996a562e3c6a4ed592906b72733701ffdf1a17d1a27c2d7cf132380,0.00034211426616489907
Destination,039fe5f675c81fc1a79fa38278ed81354d7609189962aa57f9a7294b2872382273,0.00034211426616489907
Destination,023fdaaffb92348f99a68d43663fb657fe21489759402d1912a9c1a9ee2435ce92,0.00034211426616489907
Destination,03d0a346bdce7d3e0ddc1b488f6318afd99f67510a4d559fce2a36e1496827858d,0.00034211426616489907
Destination,03dc121877f5e4b4764b0915c8916fb843ef89cc559885cd696e81bc51232b1886,0.00034211426616489907
Destination,03682e90fa945bfcf053d92bfa31c0eb2802eb7b20ac444680f07202fdb2e7c210,0.00034211426616489907
Destination,032c8f6aa26c5df17e45ac0e1d2202e3b684c97f6bd32be3eb77c59253b72e7681,0.00034211426616489907
Destination,0355358f9ca397c92779a8bfc29e17c23cd9dd409c161d8a047ce7d902f54b4dea,0.00034211426616489907
Destination,03a1dd4982461b0e583d05171f883ea680b1745960da4f2444ca3e600674b1648e,0.00034211426616489907
Destination,027fc06b1bc36a6947b2ea38ac36cf16b3aefbd54b8f573fb71c6ec5c04a3e3630,0.00034211426616489907
Destination,02e30a46d01bf64d72bafd8eecc46cf289a712a26fa68dbd80f5432bde6140b3b3,0.00034211426616489907
Destination,022252e7297f23601bae05132eb944a0e89f8a4a95debec6d63060bad78ff1fca7,0.00034211426616489907
Destination,029bda7d9ca96c3f6f94b3ca4ef0f57417e4cfc2a5bd8c76af0ef2245d5779838d,0.00034211426616489907
Destination,03aee2bf07ceb5351a8c98615c1783ddca8a0e753800bdf33d08627ea7e56ea93b,0.00034211426616489907
Destination,03653e8f7e7b96cd8d7c7f9641f541b7e24833f6e8b81f65eab8d9c614f8376324,0.00034211426616489907
Destination,0225b4f382c31dc5920ad1e896d4fefeeb185ed542f97c287123e31b2721426575,0.00034211426616489907
Destination,03c7e5b029a17101e006d70b1c5d079eac93db593c2dd5f260dfed3883a983e5f0,0.00034211426616489907
Destination,035db7bce8b88eb6040d7e3deeb8564e8f23e1ae9995987126ce2e2a2ded1c4608,0.00034211426616489907
Destination,033ef62a75784249b04117b5b596eea7a3d938d45f5e05b76ec371c88dc11cdd95,0.00034211426616489907
Destination,03c6c3df8a19322479652a8fc04b6cb948d323afc09d6bd1ffe28aa26e6908ded7,0.00034211426616489907
Destination,03b089692b76ce8e897a4eddbe6f498b10cf52bcc97cb4f3acf6d69a04a35293da,0.00034211426616489907
Destination,0245857aca28028e1ee89f1cc4c8717bda1a479df426ccf1a55c44b68a135a961f,0.00034211426616489907
Destination,021c75196ead6d1f9af0fb141bfc3f622f2454b6f7858f28ec110bc8bba5c508ac,0.00034211426616489907
Destination,03f91df51f244d6e102b4f58e299e7c0b6d8c65631703c111d379c23a7b0ad9768,0.00034211426616489907
Destination,0342444695774df18f8e33a6114b134dbe3b353f20e12a6415df7e35387702e94e,0.00034211426616489907
Destination,0226177ba487ef0bb5614748ad65bf193aa667399b18cdba4c7f662cbc09e4d439,0.00034211426616489907
Destination,02b456f7bed23d660d416772b398c6579e26468e3f4539e94a6590b121e22ab7d4,0.00034211426616489907
Destination,02d298c2d030a357008d2f87996a3e3c585ebadefe811abf6c06ac3e432b13df76,0.00034211426616489907
Destination,032c64551031ef36ee1451b702e764af363c099c8e344524e2954f6b8fa287faba,0.00034211426616489907
Destination,033c7d60db7b22d46fa96983aadc2ec0ad5e3b80a22be2e56bc8df4d1268e4cf38,0.00034211426616489907
Destination,03ab9e0a3d136ff248aa8a4b2e3cfb7a198f6011fd2f729fd10abd7023b72ae13b,0.00034211426616489907
Destination,02d5d0f40cf8a5ba306b1be20526dd469bdd20d047b94fcac4562763396b157a33,0.00034211426616489907
Destination,025b59eb8c92a6b7409b0e05078bbad3d204065131ce7b433fbac7b903eca96930,0.00034211426616489907
Destination,03232194f7363aac5dfbbd632c572f27abcc3b6d8ba47eadf5be40097f447672a2,0.00034211426616489907
Destination,021213d41afefd1d1476aabc5d7babef5bdb197fa71ab91725d62b840b48a6b46e,0.00034211426616489907
Destination,03123c0f2f699575693787b92b7145c566c4cbe7a8f00a20e6d6dc3061cc3694a3,0.00034211426616489907
Destination,031e03d3a7caf461e8eecd43c8bee518f1ff79ae0ef2ef05b6c0f0f524708bfa72,0.00034211426616489907
Destination,038dc161ad6da211e20242e0f7918fdc9d22d43013b6522a39edd0a9f69437a190,0.00034211426616489907
Destination,021f34f64d916c296ff736f0b55b053cdb9691202b61c0ce52e07b4cd4627d3d00,0.00034211426616489907
Destination,0241a3ce59bfef8b08111caaf23ce58d8a38ed3498a4820d3cf9c9e8f072b99e4b,0.00034211426616489907
Destination,02a19937ec71664dbc1746a8592b664f83826a94193d9ca4eecfa40644ca0c5dae,0.00034211426616489907
Destination,035aaac7755e2101822bacd80b376b4cc8332bed3810d796780a41df589d1c1e48,0.00034211426616489907
Destination,03602fd7f61c387d8ee45099b7fa89c4c8570efeec711b43c69b94420b1d93713d,0.00034211426616489907
Destination,03aade6a9a4c743b4effe2c20231a8e3efc1d6d2fc846dc685dbb364738b2b233f,0.00034211426616489907
Destination,034fa59ac0a81c6bb567cad89e3b950d488cff7eb80909fdb3a60ecaffe67205a9,0.00034211426616489907
Destination,02681c8e47585cebce5a7cead35eb418ea05c36b6b6f94fc67bb279384ecc8ea00,0.00034211426616489907
Destination,0337adb8d781f9df4d23d4a29823f46f324cfcc490ec6b678d03a9b64aafb6b6d9,0.00034211426616489907
Destination,0256dd164bc2b4b1088a55c67be0be3b28505314c276ba261a29a262754650d7fb,0.00034211426616489907
Destination,033478b3b66aa88ebd241044a7cd3d4a7a71a561cbfa297553d462fc1e3d7facb4,0.00034211426616489907
Destination,02f1dd194c270b5ffeb9f3418ab5bd37e20e85107d97d0285ccdfebf5ee62c397b,0.00034211426616489907
Destination,02da6a0b9370521845876ad21d192066fdac39aa3941ee69972b72d9239e2c3399,0.00034211426616489907
Destination,0326df7bef4326fd022a82604a9423ae9f339e408da19c27f678732bec628137f7,0.00034211426616489907
Destination,0263349260cdea844361e40cb495b9588abf59b82a145bc690633e1ef188299c1c,0.00034211426616489907
Destination,039c2f38f598eb3a9390f892bd716d4986be44c79fdae501b2c1d98171df1f64f1,0.00034211426616489907
Destination,03967febf51640f0d1adfdce74da67e25b024ad6096e8ed51e6e16cc630f31f0a1,0.00034211426616489907
Destination,036294c721f7987aa48140e7b374b29003928b67e92a11bc5f782923bf71b2ffe4,0.00034211426616489907
Destination,0212864d59d5a902634c4a3186615446e9d56c17b14600f3b74fbabe3509aa707f,0.00034211426616489907
Destination,02d4937779f44afef840e3fd17a04bee34551d58d100bc63256408e694778d1579,0.00034211426616489907
Destination,02c59145831a78bd2d9aeeef3b36de3d5ab8f548bd026e521907d09b6cd4ac9bfc,0.00034211426616489907
Destination,02960bca9e62f900626cb316cd0d689f183c3eb7a35ea04ee67812955d50a55368,0.00034211426616489907
Destination,025663f754086dcb1f41d6a67487a042f911f46c2fb95571253e47983db8bcae71,0.00034211426616489907
Destination,0227230b7b685f1742b944bfc5d79ddc8c5a90b68499775ee10895f87307d8d22e,0.00034211426616489907
Destination,030f275453f36fcdc2fc68fd78a8a2e3a27b06f767e7831fc58c35d1c9bd8d71e2,0.00034211426616489907
Destination,02ade737acf24680e65040f491f99f4b2bcb66c8363ab7e44183ef126106116319,0.00034211426616489907
Destination,0213618cb2c5aca21f09964b48d21f64cef6559f1bed3bfcbbf570509709a3b4ca,0.00034211426616489907
Destination,02a7a0980d12cca9d40239369e5bde7621d6b539727713f052cb9ab931f4034097,0.00034211426616489907
Destination,0307b1c0b5f1fafac96d9d661f6d9c7f5d800ac1bb9bada02a249f4eefce82927a,0.00034211426616489907
Destination,03ee296cefd82de3a8e8d6963d5b7b3a3769e6c151b625f2526221d1cc1cfed5f1,0.00034211426616489907
Destination,03fdcce8c0b7ea50392aad8fd072379d547e8a76896da93396af1f283232ca89bc,0.00034211426616489907
Destination,02112e5938dedf44949f443fab0a37246919a8c832e5d4db572d87f412a45f3936,0.00034211426616489907
Destination,027579ac31677119b1dd02cf98fc058583e007d83c02a0cb75fd09358d9f77befc,0.00034211426616489907
Destination,030047cc676d1f248b05d6a9a2f01b35771aee63c6694f56f34586fd396a0470ae,0.00034211426616489907
Destination,023ec3f43f5896226f5c39aa1de856fdd6666e1ffcfee274cc623a5d856ded397e,0.00034211426616489907
Destination,02103be0c04b16b0a5c19147c8e78966f07b76a54842b1a3ff63273f68f65bb083,0.00034211426616489907
Destination,02910d9065d4bb05b068ea99aca9c25b3e2ceaa55334e125850861b3d21d3c2009,0.00034211426616489907
Destination,030aca23ab45f25dbc5ca08a72bef04659cec4a1fa5aeb0761026dd6a3e75244b8,0.00034211426616489907
Destination,026459a495093be23e27db488a95b484e6b9ab5e4d68c5a07c9fea8d6c96554795,0.00034211426616489907
Destination,03953a47264df895672638b0893eaa10eeb65631961fd27df5fd487c193f51b21b,0.00034211426616489907
Destination,02ed9449f14a6aa1a347525a38c6856b1fe8668ef862a791aae0f49725fd706b46,0.00034211426616489907
Destination,02de3ce2a26ace9c1390379110ac5f7a49574fccfb0b0793211419749c7d65d926,0.00034211426616489907
Destination,025ef4bf89a87899ec8d6b6304b752bf23ec70097783cc6adaae047017abd34d46,0.00034211426616489907
Destination,036e84a49ffbf3d0f18a7eec00683fa4cd5e56acc055de4109fe0c07a3d1080dcd,0.00034211426616489907
Destination,038c8020737d520e8fcde3bb6671944f5aea5a64ed01c608d105e6683fc862c8d3,0.00034211426616489907
Destination,0300f027c1ea5e3ece7c5cbde0a9eaab914d512f6bd6be2f4c7ba90eb1b9cc8f03,0.00034211426616489907
Destination,038bfe5054cd7165609563b696897a38aaf1cb2173a83589c98a0aaa6c372dc77f,0.00034211426616489907
Destination,03ad179343c73a1bbbfa0a8d2967d01ecb30aaa4bfbfd13b0bcf0fbc7d1b74b221,0.00034211426616489907
Destination,0374fe44f3a2864481fb97fbe52a17abd4c616c1f495bc37d7ac1eadadbd9a4155,0.00034211426616489907
Destination,023e400c55027866b8ae12ee9aa873b3a78fe6e4eb2a94b8c21fbe273e251ea32a,0.00034211426616489907
Destination,03ffd4cf867f2c9bb7f72f7cd26cc72810ab5553d6f14d66aa6b047556412acbaf,0.00034211426616489907
Destination,0384187e07cdbeeea58a204d0484437c910b74538e3c182806f547b042c4cb39cb,0.00034211426616489907
Destination,02a355e5aef43e4dd19debb06f7e462396b8952318853c7859e86f3f425b1cca01,0.00034211426616489907
Destination,027aeaffa0a60bdc40375d6341ebfe496e8f20984de0fbfa2f9c8dc2307733d77d,0.00034211426616489907
Destination,02bfd9798bb71188f7d81c090dc4ffadf5f5e1adb7fa191fc5d9c7ffe559f9c9c2,0.00034211426616489907
Destination,024ff2815280c698f2931aedd1d6a269cf2a1fde36b03ea8f472b3e76b04b9c858,0.00034211426616489907
Destination,037a800c7f36733b0cdb289912a3ff6f6dff84158fbcc599316a8d4d510e0f9dd1,0.00034211426616489907
Destination,0248ea1b52e83ec4656610dd14c4ef14cc80df7f1edeeb736883a3131dd65b4ebc,0.00034211426616489907
Destination,035df3064d99734dd203039aa48604a59364327f981ec712baa843aba3c1ed3d28,0.00034211426616489907
Destination,024dd706035b23d4930defe9e59935b3ab338b5d8c56171da0273974a30b2da9c8,0.00034211426616489907
Destination,0381c065672f833c0afadc7e7697b5053ba73461ec8310f2e9248e1c9e9c6d58a6,0.00034211426616489907
Destination,0226c524362e1e2f4b83e685ac0568044f50dae61783b90a4060689b8696fec067,0.00034211426616489907
Destination,02118090763c0867ff8de0ea3c24c6d99933fd6dfcf3ea01fb4dcc8da8dbf593af,0.00034211426616489907
Destination,03eabcdb5c8802fd56191817952e59dc986d3198b02103a14b0d752a33f9a064e6,0.00034211426616489907
Destination,03336fcd21b56c660e70ec01389230b8dddc0ad6476e32653b53db56db50808cf7,0.00034211426616489907
Destination,0265a655708b074348bf5a13debe3c13e8bbe1089f9455dcb256167be3c0bf0e7c,0.00034211426616489907
Destination,021d5fd4e7def70da60ebc474da20e1ec13cfe8a47568720b1470e6eaf1c9cc405,0.00034211426616489907
Destination,02af6e411a0b41eed76974a6b719c7a30ed1c8c6a26e267719821c8d4b78807378,0.00034211426616489907
Destination,038e038482f726b9f3c8f6decaeb3b90d1e9c924ed05194eec296b7fef9bb0e34c,0.00034211426616489907
Destination,02239faaa8e9b72f2499844700e24dc8478e00d80ddc250c7d4a6787db3c7b74ac,0.00034211426616489907
Destination,02dd1c7d47c5c1f86c7e8f12c9419701f7c1398ad1ee334b59547a34acb1f808d0,0.00034211426616489907
Destination,03c6480cda01dab285683e2684701b3f8cc8b74bd7a974f662f4f982eea976f7f7,0.00034211426616489907
Destination,02395c3fd43b9de70ce401b0a4ddde81e9c165f352fd6bce0a8038e8570b7edda8,0.00034211426616489907
Destination,039275e7865f742431f2ee9136fa8bb6c9d2bd6affc5cdbe3ceb543a597750035d,0.00034211426616489907
Destination,029382406505e4c3e26393cca56c2ad4f2787830713b878cb7e0706314f8136ff8,0.00034211426616489907
Destination,03cf590b086e6fcfaa7f600bc01cb34d5dc04f5844ea0efca0f0a675c4c7207eb4,0.00034211426616489907
Destination,024e1e73eb3c3f3c3881989bccf73a88599fc2b71d505759d031d1091d5b3fb815,0.00034211426616489907
Destination,020c4680d58c61afcb73c3b7fa66405dadf5e8cfcf1e6c3bdf7457209dfb930ee7,0.00034211426616489907
Destination,023488aff80c40f7de470a78e7223fe21bb1ac27cc382b861dcf387e7affe6198c,0.00034211426616489907
Destination,02382d03cf29a50cd78b66bfcd554c29abaf771c938a65eb228f04ba8be7eff051,0.00034211426616489907
Destination,03ac7777d4ec12aef66c2774ab2645fe9284451c6ce1aaa8fb20ef71f4896958c6,0.00034211426616489907
Destination,02239d2cd10c6ca3a5bdc76ea4e492f94faa62a45266bc81684a1271cec145d200,0.00034211426616489907
Destination,0267a13582274ad9b725df10795a45873f829da5b97df571b530ba7d05d265999d,0.00034211426616489907
Destination,036fed1032d6c65ae0bd77a486b328d05033e5912b3491fee538e1426f5840078b,0.00034211426616489907
Destination,032006141da532a9c1031ec86110bccb2e4127a0c3629dd86bf48a09d42827826e,0.00034211426616489907
Destination,0344161bb2453453fb4e2ae1ef4b7275dda89869ff359d60f621b440e50994dd52,0.00034211426616489907
Destination,02c45389d58edf3c9dced6716791ed450ff632e74e962ac0d489047498f4e54a08,0.00034211426616489907
Destination,035897b1acbb44189c1a3d173501c9271bb3d54c6ff999576c2ce987e4d30c8390,0.00034211426616489907
Destination,03a9f47a42aceadd8ccd44dc1ffb5de8bc45d93d9fc15f7d9db9761463974bfe5f,0.00034211426616489907
Destination,03a51134f9fea381562f783e41237046c7efb567874b57efa659a6f9eda38d8900,0.00034211426616489907
Destination,025713a110233b9e0e74802b2a6c883d3e594f9e1b113cc5fe3705aa8ad365d422,0.00034211426616489907
Destination,03bf02fd87769546958404501e6a1590b9c32d48e74649499dc83c4728025932d6,0.00034211426616489907
Destination,03bd509a77fccc50db8a04521e0e075c50f42ba18046f3350d216b68f095795baa,0.00034211426616489907
Destination,03a3f3412d81f42640057a2bec2b23209d31dc3407ebbd3cd5ae39a8f484cc9746,0.00034211426616489907
Destination,0324e156481ae347d4a6657a9bc9985f982aef0b6582c37929988416f6ad47f8fc,0.00034211426616489907
Destination,03d7a0b512ff764296b46eb82292e739a6df21ec29ebed9cf6f43c38ba3c129dc6,0.00034211426616489907
Destination,0350306e4bae69b7944888d39b8d5f107b62e274f64b82c8de76a80908990d4935,0.00034211426616489907
Destination,037463d732e03dd262b68df543bcd0cf147645d76a88f70e3c9380458e0effcc4f,0.00034211426616489907
Destination,02f8c5a2a23a215bf884cf6a945606ee9b03c8c0c56d8ad669d3c10ab3430132d1,0.00034211426616489907
Destination,0305cacde04dd04a1957bfdf1e61dbcbf5c422a4ef2024aa8cc4c5df65f60bc3c5,0.00034211426616489907
Destination,029c52a4a99e67b67923c6accdbe559b0201ed78ed77c55608132ba1536e83cb7c,0.00034211426616489907
Destination,02953a31260ff0e13f11c14c85b58001bc796a88bca4532a0767ae9d4340335d99,0.00034211426616489907
Destination,02a54deb8d0f11d47c6f55cec5e673063c9fad2619559e8d87ae3eb4c381668449,0.00034211426616489907
Destination,02a35e94b403dead4d08a00e3df3577682e34f5c4ba39476497be838dc76d15a09,0.00034211426616489907
Destination,03f8d50e165302b2acf72768e6912b01aba0213460e78cde978c42b2c9cc97dce7,0.00034211426616489907
Destination,034bbf5739ed4f1c596b007744f678d7c43f4eba77bcbeffce4dfb8ff67419b3eb,0.00034211426616489907
Destination,03c9fec15fcad730562ef0300c5b43f7190c4b8abbd4e8e3f6320d64e0fb8f80a4,0.00034211426616489907
Destination,02fd3b3897bd7f7353d3719d3a6ef291ca7616c893f3b3a5bacd72701f20b01dd1,0.00034211426616489907
Destination,02dd9f426545eb2727500c98533d63de07d8095120befbf13ff668ea49ec1a751d,0.00034211426616489907
Destination,0299df1e967ea00efdc6663e21d97291296c42c6dc3a4281c389103c28d47263c9,0.00034211426616489907
Destination,032e8faa455d3e45e24aa04e36634e23e8a382be6bfbd9184b23b2d8e7438d0821,0.00034211426616489907
Destination,02b49bb90dad806bad46772bab383f51d0e81d11aba43adf0b2216ffafb9548bdd,0.00034211426616489907
Destination,0326976815fd2784c70823ed21293ff5fbc8ef213bc5bad3e55572b662a64e953b,0.00034211426616489907
Destination,03360499e0d9c152d95166fca8d6989ff6bece771ab8811d9a9082e86ecdba0faf,0.00034211426616489907
Destination,023b7dba0075975778c820a56a157de5eed67e988e6c7edd723af73ad20e4463ed,0.00034211426616489907
Destination,039f01ad62e5208940faff11d0bbc997582eafad7642aaf53de6a5f6551ab73400,0.00034211426616489907
Destination,028dcc199be86786818c8c32bffe9db8855c5fca98951eec99d1fa335d841605c2,0.00034211426616489907
Destination,03c043906b71a4dea9146b1fe2d2c87b3e595dd9437a355efc15fb3a40b0dc2e02,0.00034211426616489907
Destination,03ca764b2116f081d9457c007f3615f3f9820b1bfd8b3a9223b9429b9d6d468aab,0.00034211426616489907
Destination,03765088ae55a5999014b58a1531eceb4cb75ef1164841b85fe858d25768dc8a56,0.00034211426616489907
Destination,0370835959a58ef9144b993e05c421fa69b549f441e2eb367c116ed062c78c9188,0.00034211426616489907
Destination,036073813aaf77fce3d30f9688ac292e74f61e6107bf05d2e5ebd59a23aabd825d,0.00034211426616489907
Destination,02a6c19e0d4aa70b7bfed2fa74c23e67f6a7846992f73c3c79c36174df3103ef9c,0.00034211426616489907
Destination,02ea815dfe39898455fa2dfb1287d5a9a33ed99ea5e089d404050ac08f78ed7475,0.00034211426616489907
Destination,0232d86b65f57659755ac9b36a18d5df65c4e40ca31e5afc92417360a1f30d9dbd,0.00034211426616489907
Destination,0290152ac5e665560be63b890214c168df3deeb8948167c5f46de52a92a4a74540,0.00034211426616489907
Destination,02283eb2262a9b89a568c30a173b8fa51eaa00025c056118696ecedb5513e65b27,0.00034211426616489907
Destination,024b7ae6d1795cba4513890d0fede261e2ad97b604b50602141f4eecd3cd0d3f54,0.00034211426616489907
Destination,03ea56f9ffb95cc9809a22476702a8a5e5331d67aece05158d5955787d800f492c,0.00034211426616489907
Destination,03db212f915615fa8ee4dc98e6c7df7a8b1252c98e8a391ae10b98e81d200947a4,0.00034211426616489907
Destination,036756a42aff29e849cbf9b8b17c3b5b7fdbd2cc557dc92a1039ca736ae9d1ff70,0.00034211426616489907
Destination,02825cf02875e386fe47406348cd76b924b2e277ab4bdee8d2477bc2e16158ac8f,0.00034211426616489907
Destination,03adc3f09284c67bc208630cee3af49176a93255804f99d3af8dc7d89611c89d31,0.00034211426616489907
Destination,0251da16817d0ffc18c221819e072aef40fdfd732228b2a467e011804d3644d6ca,0.00034211426616489907
Destination,02deb264bf87fa523d7f36bdbc05fa7274a890b8467fdf6557c3a589a58d757d45,0.00034211426616489907
Destination,0332052748755d74b3395b91eaea78b53bd64b55eb031ccb6a7ae23ac445bb6af7,0.00034211426616489907
Destination,02181d2b6d3af11e7c170dd2e7b6becbae46b1d9ac0bb77d0bef18d2dc418c211d,0.00034211426616489907
Destination,03ef2c7ed0c1dc252de737aae15073146bcbb98ba8d252cc576cbe315d8e169e15,0.00034211426616489907
Destination,0309b4f2b3e787bf9d777b8f87f1d159f06227a83b1d21fa0ff149c8197d0f4436,0.00034211426616489907
Destination,03a78b0b4a66f53981baae6c29c1861d68ce29dd6391ce73c3e174b9128c24f193,0.00034211426616489907
Destination,035b2b328596738817e1b8e4524537fda5884ce04c7715aee2058bc283f55b413f,0.00034211426616489907
Destination,0355ee43d8aa70baa70cdc13d19b02e23a35f7a84b741be69177929b51e1b02ffe,0.00034211426616489907
Destination,02fe23846ff5b27623b2df30eabaa4a95402490f8b39825af8c1c6897238639ad5,0.00034211426616489907
Destination,032d35028960b98916ae4baa3d3f6c7af953b56cf15a8688610b3cf8473d6ce78d,0.00034211426616489907
Destination,03de425f890369b21d37473321b992bfb95e03b32f68aa1ad54c46ad381fea0cb9,0.00034211426616489907
Destination,03d8a7d49531ae67268425a51f8201d275e5f949a5111e0f29166273659eb7c4e2,0.00034211426616489907
Destination,0208fb7f9d909c9c9a4d9f83ed150bb2d2d25ab7e49c4b7abcc22c7db37118bb31,0.00034211426616489907
Destination,035dcde9122bbac5048443c29a21c77ced865340767412f6e76ed3cae4cc45c609,0.00034211426616489907
Destination,033a5ff126c9cc5b803dc38bb2e7ab8cc8ba96481f97cb5953a58dc0b728bce805,0.00034211426616489907
Destination,02a092e6dd299fd9df7dcd0744856d78d00f7f6ef12a07cebfa3d5cfda2320bda4,0.00034211426616489907
Destination,0247051a29c9e7c1160540389a8ff68c2eb6bc5570b68fd3df2e3661118cf8aafd,0.00034211426616489907
Destination,03312c2cfa357eb407e0aca55da76cb64bed8284b6420380e6de6840f5da489b08,0.00034211426616489907
Destination,03df274842abb3393604d70b3468629fc0f1edf9311de85b70b91cc53318a41720,0.00034211426616489907
Destination,02b3b4d2636366633181de8a0894024974c045ae04102e92405973abc0391142d1,0.00034211426616489907
Destination,02cee8c495128228805affaf4ce9000380445a7af04e8a4b19bced6468134a87ac,0.00034211426616489907
Destination,033f6f451291a4ccb57be4b475297b0de3f279cc6e1ce4e17ffe3cb0d08601e287,0.00034211426616489907
Destination,02f26a442f7da7f7536513d2a4939708cc4a96e4541902d9e149567237b536085c,0.00034211426616489907
Destination,0256175a6dd5d84f2eac303d39fe81fa46cfcbf100c1b75cb485c9348f8dbb58da,0.00034211426616489907
Destination,0223d51c41b020c4682735ec2402abd3e0b3f369a4a1c55013446065798c885ff4,0.00034211426616489907
Destination,02bacbd81f5867e4c13c1a3764e7263071d0efc2e9c30690fa4a927fab2c356eab,0.00034211426616489907
Destination,024c8157806c1d130769962e4f7eb461065e7330d45f6548a3a2f216c9b7c5c057,0.00034211426616489907
Destination,03d216c73166943229b0880137422c5e4c58784328e28ff4add00656370d8e0f39,0.00034211426616489907
Destination,02616fce0681c0402fbfa7f3c0b2f46ebc7681f7c2580a468749e6e775a7c530b8,0.00034211426616489907
Destination,03f9a351fe8baf9ec4991369f8425ec5ffbbcffa604204e8ce7857f94d53c1054b,0.00034211426616489907
Destination,02fa1cff2aa510b924d243a82211772e0424ebed075f27435980acdfccaf9b7530,0.00034211426616489907
Destination,027af586a5ebce34c3c86a6acc9f6af97a027e98333b347a2760953468b0ef45a6,0.00034211426616489907
Destination,02593284840cebd321241d7a5bac0fc41f0dfe83ab6ee0847dbdb41419f830936b,0.00034211426616489907
Destination,0246dae073f563308943c44f4d072f226f4968ea6a5a82079e9bfc9860a8a620f9,0.00034211426616489907
Destination,03d23456e1c3080451b2e8e539a8edcff8bef5a0be6d158871ee561ae9daeefe5c,0.00034211426616489907
Destination,030bf55073acc64d61419c61bdf6a1b9eaa7dea7d2803ae84564063c41f5bee6f0,0.00034211426616489907
Destination,032569bb9504f24ad4684fee59223d39f3adb1f846cdd8a0aeaae3f56e2525dda8,0.00034211426616489907
Destination,032887d3564183798a3c56f130050fc950dd3448088ed311c779b64b409d187aef,0.00034211426616489907
Destination,024ae2136f960b87b97f11f7a6eb2ed2f346d933c068c7ca642d423f436d116abf,0.00034211426616489907
Destination,02875b2ebd367b26d1cb555fe06b129667b5f2f4d3b5d81dd068a9445750b1b706,0.00034211426616489907
Destination,0316f91da45debe2fb4a68326512a3c3f0afd7f2b2325663d6636c9883ad5451d1,0.00034211426616489907
Destination,028b2251f344fad4647812250aa124f02c90f897a888fd0d331fa2c4cbcb6f0419,0.00034211426616489907
Destination,02b2cb1471629b6a8a50a3eac0ca85612cead2bcd4a50d430e787ee46c1a5c4523,0.00034211426616489907
Destination,0294c16b389d076852e73ee9aa930880052a4d45a4e5be3fd7c2437f00dfec2b4b,0.00034211426616489907
Destination,03b4e059171cf52f2c316cfb2b43746a26277ed3ab80ff68540d5f8fccc0f76a2b,0.00034211426616489907
Destination,022bcd7248336b3853aac0c2a952cef25ec8ec53a79a5bd39a984b5be41c29f8b3,0.00034211426616489907
Destination,02aa98cb34d355df1406ef0a7816355a3b831feb129b0ba424b947d086db0e50d1,0.00034211426616489907
Destination,034021c4773633666ca06d24a7dbd9f923a8e275026e13b11dfe613fb965a60a4c,0.00034211426616489907
Destination,03ab7645c1d1c853f4191b35cccf356a97d5b2314958846629b51890719d9cbee3,0.00034211426616489907
Destination,02b453f2fb9a8a850ed58065617325db7a601a9783bda1f53e27feba91f2c46b99,0.00034211426616489907
Destination,0300267f98ae79cc9ba9df81022cbaf68cf474e274d90004af50c8c1a16687ef81,0.00034211426616489907
Destination,02c22d7bf45c8551dedd264c095784db8aaa28c1f06d7345b6fa4a258764f55f12,0.00034211426616489907
Destination,033a48ea85ee6b6ec1cca3e27fa06fe135bb4e285b73dd03e9c28cf18912ae65d2,0.00034211426616489907
Destination,02c54255600262a9955df5780369016e6b3dabe43cf5151b8d60ea544d38184046,0.00034211426616489907
Destination,02c99e0cba7685beab99343d6fb81cbceb9ed0647c38851a0ad600679cba4e51d8,0.00034211426616489907
Destination,039e16e8a5fd39dfc9be565ef25a03ff955278aa7f563ec3490aea0450e8c59429,0.00034211426616489907
Destination,02410812336c78cc0e8b58d6e07229ae9f23f57f93fde31e4bc9686aeb07537369,0.00034211426616489907
Destination,028164012ff22a8b588ccac995ed356ebe7f978e95249314eb643349196d80747f,0.00034211426616489907
Destination,0336a1e9ed6ec5c8f6d15f87990aaf74305a6cd252614810825b8aa60ad6a59532,0.00034211426616489907
Destination,0364d1e82d18a218c5dc37a0c6ceba75ae424ef6d8981159dcd7002392293b533a,0.00034211426616489907
Destination,034bcc332390470cc4f9ef7491af1da2ffceefccd39ceb6acd87c83920543013d7,0.00034211426616489907
Destination,024a2e265cd66066b78a788ae615acdc84b5b0dec9efac36d7ac87513015eaf6ed,0.00034211426616489907
Destination,039376f846cb4e137f3474baa7fbe74ec627745c7d5c54935b99fbb1b60a62c9b3,0.00034211426616489907
Destination,0374ecf61ed6c1208c42339f47decde2bc0c4393ac95f07827b3471e939d7eb961,0.00034211426616489907
Destination,028686d520cfdc8f7d234e879ea6fc7a963009afbcdafd0c40387e1cacfa1173ea,0.00034211426616489907
Destination,02f48297862861055dfd82931c5df6a95cd184746378029576a4ca8c3a9a3ad869,0.00034211426616489907
Destination,0386e31ad6a9e8ca07f4096fc303d0823d71109614d14fd5db0b53531ef6b47ee2,0.00034211426616489907
Destination,031feee8045899c658eec2b6f2f6da6e4bdd7baabdc61bdc017761577342fbd011,0.00034211426616489907
Destination,03c911ae0f63bf272043a08b3008f173305c7e80c98c55aaf7f1e3e3715f8b1b4f,0.00034211426616489907
Destination,032b31feacb6d645c9a83a015d2b52d549205ef515ddea9f0a6b8a4a657eefec3a,0.00034211426616489907
Destination,0218bcdf5e678e49f0fb143fa55fcf1d19931bf34579e9b2847d9fbcd02c38078f,0.00034211426616489907
Destination,02f83bf4d88147cbdc60facd1240c821de3ae7e69a0c7cbafc8558948a40f4617c,0.00034211426616489907
Destination,0304b2ba507036bc2d128f287a3f13c97d12d4e7ab076d889efd5120257efb0cf7,0.00034211426616489907
Destination,029ea1b9f2786ef4b217cb2f5fd4195cb8d408bd67b738142e7b822c186f255ac1,0.00034211426616489907
Destination,03db669c2f2a3d596c4b2110e6334a147e80019d37bb8c94707aa7751b8e9756d2,0.00034211426616489907
Destination,035a71a8d2e36f5ff894fd6f97225a493e0cdf013c60c3b1c6992be19bd901a9ca,0.00034211426616489907
Destination,02044b0f26d8b44cdb0238a7de8530478a084ea97f16fe1d02fb9b6f446fb45a2b,0.00034211426616489907
Destination,0242829cbe6130b43d8711a17a4b99537386e8c3059ebd6bc901f5363d216c8178,0.00034211426616489907
Destination,02f7c5a14699e99cd10e64ce39606124d74995a0d9805348e1c5b06c1440861d03,0.00034211426616489907
Destination,03e0b4410b51d6708d912e83418229bb2dde208c69f0aceb933ae27663baacf5a9,0.00034211426616489907
Destination,029d152d3f829e320112ec358c33bd350c2c25573c5c27c7ca31719bb683cb12f7,0.00034211426616489907
Destination,0357d6e0a43fa2b113c5d14407678ba47d0468bae58fa0228d7ed583ce0635a750,0.00034211426616489907
Destination,032440fcfad66143777d06a46e0f53d2d01b9c304c65299599778b1ff3c2cf768b,0.00034211426616489907
Destination,03bcb84b5f3467ff40ae9e698118737493ee44d29d8870ce9c90bf8db871a66791,0.00034211426616489907
Destination,02f95395ab75ce7a64d0b84daede69f2261224caa16216cb3a55161df9593fa371,0.00034211426616489907
Destination,03390eb3b17197148fe7f916cec1b5eba6802cf3aa008f8c1326b3062d1d112f77,0.00034211426616489907
Destination,02f6725f9c1c40333b67faea92fd211c183050f28df32cac3f9d69685fe9665432,0.00034211426616489907
Destination,035e3662cd71e0596daf5b150d86a990bc25cb1f73467950e0b08be5c73bf89a81,0.00034211426616489907
Destination,02b1c12217168e12e1ac3d3cfb271320618672b447d1c865998c8b576331c13a26,0.00034211426616489907
Destination,022a94ee8d3b1dd52066b33a46a8f1f7ed0d4a9dcf5b0f310ce52e94a392a79299,0.00034211426616489907
Destination,03238e5f00ed7e8bc3ebddb7d18ca81d50c7f1f50a7158388d650f14514249c720,0.00034211426616489907
Destination,02f3c9faf45c22821fab7884f64e2381bab40d928f03bc362706b03ec35b8fcc7d,0.00034211426616489907
Destination,03d40a4ade94703907f83e0b74fc07633db6d0842fad6aae6c4acef3bfb09d5fa4,0.00034211426616489907
Destination,020976875f2a90838859bcdb280b6dacdcc0a9854764b5ff02b138ac9ca91a5e8c,0.00034211426616489907
Destination,038ae17eed1d1e30bcdef2f8f986c343b87d90cf57b5b36039dfb1049815baf4c6,0.00034211426616489907
Destination,025b33d04d645a36dc332373df7f7bcfc6306b100bef3ca9500fbaad45c60f68c6,0.00034211426616489907
Destination,03fa94bc4aead4375faaade28d33ef336d4124347843f258dbd66ded9799cb3dab,0.00034211426616489907
Destination,021c13afe4c316a58aceee8347eaf80f0c5ed92e3af5eafa62675eac84ce2493e6,0.00034211426616489907
Destination,02cdd81776451cef37e0057c460d6c0c371eb6d05369cb1738f0397f3e0844c3ad,0.00034211426616489907
Destination,02f63f6c29cc1bc19a9d2413874e07a3907badb96b69a05763f62f541a87a9fbc3,0.00034211426616489907
Destination,034e826b318dc9a36f311b7494df9e1d0943ee821f72dc4e6c443e4b40a36ae4b0,0.00034211426616489907
Destination,032689565b8a7f6cb0bca84b3a14a9f9d9aeae5ae8035ee4f834dd01b55f1b627f,0.00034211426616489907
Destination,026977ceabe8a4bd0f38153d781210b0bb685d8fea10a5dacaebb38925ff778cf7,0.00034211426616489907
Destination,023332db636a82eecb07830e5cd4cd153e7abbbb9a8fcda0eae71fce4af28ceb2e,0.00034211426616489907
Destination,02481cc87f9ba11f814a9656ed6b15f73037bb7a83cb09c30f078d7631009e0b36,0.00034211426616489907
Destination,024fef1b652921ee35f2d3924ab284ff9c086793479546f87f458e9a480ebecc9c,0.00034211426616489907
Destination,0317c54e91b40f4f49f5cccc984127518ad3784fb828ba0d525613d700e67598de,0.00034211426616489907
Destination,03ed04f8fcf6225fa6fb19afb9c4542c540c641869027ba0a935826e45010f8b36,0.00034211426616489907
Destination,02e1f8a072ef71f02657b582bf1a2bfd1cb4ea119d19c3ebf39476e2831a8359bc,0.00034211426616489907
Destination,0359f8f0238b1cd90ed9bfdbe855fb7a835340334657f0fe8d04a7165253f02a01,0.00034211426616489907
Destination,02e757a6afd77a79b6cf511c5341b2caf16f4233d65baf505e9bdded85b48b7e66,0.00034211426616489907
Destination,038ee4938d5d958c597c1a5b7cc8999e5330ee80d9ca621948b5e2ee58082a1c96,0.00034211426616489907
Destination,028c62619d11ceb4c2cd1837a8d7a166cae17309f114804057b4d44816fb8a87f3,0.00034211426616489907
Destination,03ef7cd8ef723cf8461ad86f1004f0f3872e683237572d03434e0918d8cbd09640,0.00034211426616489907
Destination,02e38f5d5af2a14bfdaa934dbfc0d38a7d46a8a523a8f24b787c7d00c257148201,0.00034211426616489907
Destination,0366409a4825691770ff218af75359167038ef66957344a67d64c4c71659d9f707,0.00034211426616489907
Destination,03b08ad01f5473717ee0251777b80cf7effa70b681ec0b1cd5c49317e8ffc52447,0.00034211426616489907
Destination,03d8fccf7a73eb1c53f7eaa3f99bd5c64f2267ebc260ad0e5714d4c104719d230d,0.00034211426616489907
Destination,02631a68483508f615faeea5c9312fabcba8daa0b771fb0d81043fc5d44bd408cf,0.00034211426616489907
Destination,0260fb7d376815c1fcaffab104fd519ff1221fbf58257bf83142f9b498df2bf840,0.00034211426616489907
Destination,0372d7ec4f62999fe23b25e0e6c76a57ac9b0ac3bd6c05d7eabd87149aa88985be,0.00034211426616489907
Destination,02a32eaa2c27217651065a8cb7454616dd29b9f6eb9d2c0686403174b20d39aca5,0.00034211426616489907
Destination,035d5333c4feaab84071b20e1be0a46a072341a855acc69c928dd03e0b81449c02,0.00034211426616489907
Destination,0231dd236296211bf0678fd94e29d630886ae19ad9726f6d55a8871c193cde4f57,0.00034211426616489907
Destination,0259e2c5b0970b2a9aa072fd273f9fe407a63e5f01e1e1cd5e77b2806a5a282352,0.00034211426616489907
Destination,034dee6a84aadb411a7ab40ece6f6777ba20d4e7a575035b49c374b4e112466cc6,0.00034211426616489907
Destination,02a348377b08db85a26763f5ea4dcf57639183afbbcda5c58f1a8e4d74f23d71d1,0.00034211426616489907
Destination,036487e0bd981617c674c2856fc0050472a0182838e0a4a1a67545c6cdee9f49a0,0.00034211426616489907
Destination,03d2ef9ec156a07c83b1c4da1e54564b50d20f2954bc535eff68894967444efc58,0.00034211426616489907
Destination,026a85c5641216f3b21d9a0bf0c0f7aa1ae3f5f7faf2e66071b720b8e310af3c19,0.00034211426616489907
Destination,03a2b708589efa96366a4de541607d0a57b07c22079c91d1346b78791ab7b276c5,0.00034211426616489907
Destination,03599a5b67b048f39bf14883ac82d22428da9c335cae90b34b6594fdebd97bdb1b,0.00034211426616489907
Destination,02817b542a91ae0b4b29b12f47954ba929d969c9d42f096a9b173da7c2b498f97d,0.00034211426616489907
Destination,0252f85474e3326e1073bcdbe72d8b843585d89cce907ef9d71c7dbd0707d9c56e,0.00034211426616489907
Destination,035d400d26ad1739a98d3edbf224d7d40235c534a8f58f7cc7afefc639d3c84bfb,0.00034211426616489907
Destination,03dddaa7ad86d312893cf3e94efa6859a04b165db0aed1fbdd05bb0e8eede33af2,0.00034211426616489907
Destination,0261fcdfc51affedb2439c7745206b768c68f7f27962bccc5811bcc611125dfdae,0.00034211426616489907
Destination,02b60ffca21d6c5fb784c5e99d895c6cabfc467f1233da38c158accafe5ed4c859,0.00034211426616489907
Destination,02ada0656847603d0b22dcee5158c3404eb40035457953407ef96a017cb45cfc91,0.00034211426616489907
Destination,02c0ac82c33971de096d87ce5ed9b022c2de678f08002dc37fdb1b6886d12234b5,0.00034211426616489907
Destination,03192dde3cb01ac7ce5823eead61a440500f9062ccc2ed282d0c2a47bed04655b3,0.00034211426616489907
Destination,0347469dea682bd59255a5e60eaed8079186f85b5b5ea6dfd24565212e474b30c6,0.00034211426616489907
Destination,0270c1a5f94b5aab8af91b32cc4ae15de1f1b4451bbf4a391e4f9024747c1d26cc,0.00034211426616489907
Destination,02d558f5f7bd417fdb6f420ac4aeae6bdd918b0e1973f7ff4978d698a9910fbcd5,0.00034211426616489907
Destination,021c6a133cf8cab70cb740dbe1e096ff534cd20f71e3e631dc1e02d6ba2aed82e2,0.00034211426616489907
Destination,029a7f8732644bf67a3ffad8327d9b84c90c3deae44d100d79750b41cba0f0be43,0.00034211426616489907
Destination,02e0742d2acb105f0d68a285419b3334c89cac6a1c97c98b7845c3428b6d74b9cf,0.00034211426616489907
Destination,027e4538fde1d3c776970d5d5b325dddbd4097780a9e3433df2ee1f9f95cd60874,0.00034211426616489907
Destination,0281b10ab1e1e29bf9dd7db620ae4096981d6d6a28131c693491dc3dbb3ca6bd63,0.00034211426616489907
Destination,026914299a6f4e16bbe83380b23c2aff8c4d0e2824cddb38b4251ae3c83c5eb5c3,0.00034211426616489907
Destination,02bcc5eb93afaf0bcec15272702ff7122550f56bbb6c9f7da4fa235000834bda04,0.00034211426616489907
Destination,03c8f4af5bc995453192a98ea9305df4980c027b1d890973d0ba5d7217a3afed2c,0.00034211426616489907
Destination,029a06f84c9bfddcf4dca173a4d1a540e6ce7f75cc7d1dde9fd5a70d80c504da07,0.00034211426616489907
Destination,027a3d15964615be3090f7f6a226f8603351f7c63c8cfb969ac0226a40389edc86,0.00034211426616489907
Destination,03828307e46e1705897c9ea0ea163a905aa3e082d8ce721616979e4a09a824f777,0.00034211426616489907
Destination,03c1a8624fa6b7824055198bb0bcb943a0e4f4ff2ee8943cde7eb3dcc508bf5d1a,0.00034211426616489907
Destination,03deffec5eb968b11bd9452a47d2a603620b055021ffefba21304fcc405598ca0a,0.00034211426616489907
Destination,0331f80652fb840239df8dc99205792bba2e559a05469915804c08420230e23c7c,0.00034211426616489907
Destination,024f912a9b27a495839ba6f1f6beef4366748067023497810d42a3b4975b02b80c,0.00034211426616489907
Destination,0352e509553ddd100db18d79128eac9de8650ace3061462f0f178ad0540714bde8,0.00034211426616489907
Destination,03e90fd715dd766a0ed532dc1ba45e5fb913b1dc29d5afd9b700548d98d53b598c,0.00034211426616489907
Destination,03eaa8ff855184116af8fcb41feeac6951616bf054f57c952d10a47aaf0adbf5d4,0.00034211426616489907
Destination,0358feabb8216933c6d0f9e53f3b06dc5c9bd851a1e9569d8e8c31589ee2d6300a,0.00034211426616489907
Destination,031658e1d582a4de379f6044ae3731ea6c2909e2c0def634f2f9d60ad137498616,0.00034211426616489907
Destination,028341daa36c5e4783f1231a61874ffa1a8f561d7282aef8c473e6bfc3431b0ab6,0.00034211426616489907
Destination,0387f20af9f3e8765d5a406019c2f6b67948993ba7577eb4fe7be9907e4147e340,0.00034211426616489907
Destination,02d3366059edde4179fc0d071828b4bd726effba7225c3851f3d86a6a827f934a2,0.00034211426616489907
Destination,026e3a82965a23b0fec5e6431c94639322784277c2a02f15817a3fea4df9d60b97,0.00034211426616489907
Destination,02b549eeb8c7a3cd10d0c016b6f1a60b7375a3fb36c869243f959c5e2026355574,0.00034211426616489907
Destination,02e5c540ba85d1db0d9c6afdd2c9782ca347546e4e4a0216a813e94db354ae5e5e,0.00034211426616489907
Destination,038307d251a3fc6cea3641a2c0c08fe960e286eca4e5d75bc5d2793844f0e12d15,0.00034211426616489907
Destination,0207ed508844c80bf90a89f4b74bf42d2b3101ebbf0108032f608756ef00f58899,0.00034211426616489907
Destination,030314d5419d57c091d3279789943ea9df3a64f54412c291e0c7cbe240a7806ecf,0.00034211426616489907
Destination,028e3b75a78a52b0233da9ffb8364c128aac3fff16afa19f2214658dfb4fbd9d50,0.00034211426616489907
Destination,0303179487381b06bf756d201d58b507691eb9884d92619f8c15d4debd89e07fea,0.00034211426616489907
Destination,02a26d57f1e246f62afce2c1c14e63225b69b302ecb93a384dbe2183c8fda32416,0.00034211426616489907
Destination,02b9481fa492ea730eef90f29954ee978321e7e3fefde23c0fed99c7b5ff5d7093,0.00034211426616489907
Destination,03031155aaf446691365348cf23de626f09c964016022544fa831ec820d3aeea9f,0.00034211426616489907
Destination,032e8fe14f246dd0733dfa23ae51b47c13de33533b52edaabd9046a63a153aef32,0.00034211426616489907
Destination,03c26efddec48b75617972dd54bc83e904cf44bbb40d69a0351ad3c7f685929fbe,0.00034211426616489907
Destination,0303c40fccd01fa662c9d33afa3e73d4dce93d6123d964bd8c372e1983be15ac61,0.00034211426616489907
Destination,02c311ef2e8e7c2dd58e21772e854ba89cb26c6dc05275d5af2f551f297b710d14,0.00034211426616489907
Destination,0336966ab8c63a8a5b634b77d9a26bc7e268269f78f7c943b721622e3b6260974a,0.00034211426616489907
Destination,02220d035b22cdc64ed228286f4dc77622f3023c73107c87b1cc4b06dc4041d7cd,0.00034211426616489907
Destination,033ea15b5dadbdb19b426e63ed33b9cefe916fd5454308b76aea848ee4347addf3,0.00034211426616489907
Destination,02305eadbc7172a9c3f861fad1ba00c9d108df0e99220ec509fafb97cd779abcfd,0.00034211426616489907
Destination,035c0730794cb324eaf7a5e79e066ef54fe4c495f1fb54118ef9651f7fb1318198,0.00034211426616489907
Destination,02c9b8e793f5e30ca3caeb7c547b349f48e24c8b1202cb295554912a45c6a25187,0.00034211426616489907
Destination,023bcc788a73ff787ae37913dfd4e28a8e09d0d14d6f63f158c3ddae03eb7c41bb,0.00034211426616489907
Destination,02b3a8dfea0259d93bbc799c25126c84e2950b60a3bc25248dc508f946c2878883,0.00034211426616489907
Destination,02109b8fe23518430747ec2207933e1a0a45a7772536722c9b865b740587350fe7,0.00034211426616489907
Destination,03c795f4f4ef02f1eb1b3a4f4825fbf0f8064b7fb1ee02b425e668b2e71769742f,0.00034211426616489907
Destination,025e68cd73188063125795fec3ba5efd0d5d7238f224feefa082691e9c4cc05f1c,0.00034211426616489907
Destination,0249a2d0b85d5e17f5374954e330c4481671a12cef6d107e46b0628bfdb509de48,0.00034211426616489907
Destination,02d854e9af2e1a695b20fbc57edc8488f0c71ab06a02da5f129dbd7f333162ad35,0.00034211426616489907
Destination,02a2aabb49cb1795b7a193e488ebe456c158a5a2ef0d4a0ddef89a351eeff732a9,0.00034211426616489907
Destination,02d93a4c2e722a3a727197b44901d7df8a16d31770f209b6f6882339f6f77de0b4,0.00034211426616489907
Destination,034dd74257c79464030c39cab505aca953c6f0cb46cb36907340108fb0bb2619c3,0.00034211426616489907
Destination,03d79d23c07a0c1dbc496e58147bcc6f08b2fa570e5b78ec38257e3f7249ef9d46,0.00034211426616489907
Destination,03a18e8d60df68e1fc480d0b4691a86c74dbc032583eacbedcd9b844b5de52b28b,0.00034211426616489907
Destination,02bec1b44fd34e98a7ed1222ae386f05fcd0d964cae216e4edce0f61b6e2784dba,0.00034211426616489907
Destination,03aabcb0cab7df30d0a0930b541343d74fc557e4b6b9e052bd88f110c6b5b7b4fd,0.00034211426616489907
Destination,0303d154c7d43dafb9252f310202804df3fb1e5907b8b5e127f209a1ffdc627acc,0.00034211426616489907
Destination,03adee7f4d4d8e12dc364676c0d124b5bdf6e5a4b187d05f98c4b312caa115824f,0.00034211426616489907
Destination,0354ad9584f02dbbf2cb7564b45dbbd60dd8aff361f6f7052cafae04e5084a0e06,0.00034211426616489907
Destination,03ca5484987d488b3190d714eb99bf2480a0e95d2a37f67365c77ddecaf8c108cc,0.00034211426616489907
Destination,026cd1a69fee4c9eab263c0b66e27ffbd1385f52ef9d3ce357c885c52d458270c7,0.00034211426616489907
Destination,025b827ba1f3c64b047aa246c20748e287bb8f7e5ffaff8911e32664c9a41db2aa,0.00034211426616489907
Destination,032ee599ed949fd4e0e639fd17f75a641b27843fb3b983d0e144ac958b9996713d,0.00034211426616489907
Destination,03827b1c739f3d95e0ccca84e801fc667655c15892f3b5c59734590dece3f7ea2f,0.00034211426616489907
Destination,02d7cf25ef92bd4dfb6aa9a0e7d955a1225c5f168328b771c6d194fec359302d30,0.00034211426616489907
Destination,038e134d9edb923422250ef041b08006404b9733601510d5a0e1a5ca413d4a58dc,0.00034211426616489907
Destination,036be92279e96d7662ccad65e77a24f3c4f4c5cbbead557c9227cc9180e27eda1c,0.00034211426616489907
Destination,02bd2ed32599f0a52ce507ee18366623e51c639f7f5729e9b9029799cd6d8bb8cd,0.00034211426616489907
Destination,0398302c8b4b32e5bb3767e120346c344bfcba345eee41ad588f4c76141bc53a6e,0.00034211426616489907
Destination,0222671c84e71543ede9b585327779b4baad3e6f46bf3935b2d898ed489d024a2f,0.00034211426616489907
Destination,02b2f80ef5cc83a128c029d8ab5dec5ce15c07e2ab8e241a53c93226c8e5ece451,0.00034211426616489907
Destination,02435edf69667b9dec50afd075de938cb244b6c6188eddbd45762e6f189ef45bf4,0.00034211426616489907
Destination,028adf7d714375ccfe81f260502aa2560ea9702e70aead2a937086d0615fac1059,0.00034211426616489907
Destination,03f681f8c74e0b44e17818d9d5b4de6dec3e11b2aacea27a258d31167b2eb296ab,0.00034211426616489907
Destination,02d8eba7ff95342d40497e83fafeb49c0af4b50c03e68ef6dcb9860d30ec412627,0.00034211426616489907
Destination,02c3190b21f31adcd7fcc55d9f4205ac1f43a841568048ddd0fa3d3ee37b10e334,0.00034211426616489907
Destination,026c2be886a7493f9b7a8b0e2c5c64fd97d7e390b3ad5cfc0efbbf56e8c369db59,0.00034211426616489907
Destination,02b6d55d14ebba67df27c99e53c638032ce61b7dc4e23301e64c35e713521b80de,0.00034211426616489907
Destination,033ad2f920279f527ee26dab471039bb487c92f35526bb5750354e09e9a0b36f0b,0.00034211426616489907
Destination,03e745b99dc27b0e7dc9eb6e777eaad33f9cfae6bf6f8696e81a98ddfc3447eaa7,0.00034211426616489907
Destination,0398c166975207ad8adc71964765e9ce280f25483208e5b30f0863a897c2d57b36,0.00034211426616489907
Destination,03b1cf88caf5d5eb2c78f438fe0501a6a56cbce6170605c1d8213645ca0ba29209,0.00034211426616489907
Destination,033eb86da85ff6e07198fb2235e17b6c8abd1aa6c7f3e252c1693a6ea92820691b,0.00034211426616489907
Destination,030312a32a1d38d27312c9596de2f9078b1b3bba522f7d204049dd5282b950762f,0.00034211426616489907
Destination,0219fc8bad855d3c861166a89d637950242230fd3d475bb4a2d1da8c89b97beb0a,0.00034211426616489907
Destination,02705407cde2e485542ac068c449d8b2966d46c5506ecbc2ee1cedd549a6b5823e,0.00034211426616489907
Destination,02670d86795b5513afe1e663189d069fef128611ebcfb08bcd00e379868e084ef3,0.00034211426616489907
Destination,02fd8d6413c9394ed55e7968e4f2cfa7473dee425fc2e72976f843891c749c192c,0.00034211426616489907
Destination,023ce8386784b1ac177f053eecc24153cc03be14eb5b521fde24f1f1529c5d5ae7,0.00034211426616489907
Destination,032ef154317acbb4077182eb1e74c75bdb81580fb51c3461c14c062491f9f6723d,0.00034211426616489907
Destination,03c75d775d0fcd8bd911cfe4372ddbe2ef2a59cdfaae7291b28cfbe2d223173e8b,0.00034211426616489907
Destination,03aa434d9ff5d5470033aa654f201dbbdce79955c61e9e48a6674d203ae3b689f5,0.00034211426616489907
Destination,038cc83aee9470c6a30a3ce668d89b7c10b4d6ebc4ba78cd858ba673acbde31755,0.00034211426616489907
Destination,03a17e8ec9570e1b71d1c719aeeafa88b0604068863dc88028b490b96c2898dda8,0.00034211426616489907
Destination,03389b266c8c94ec59dc291c4db203df2e80adb27c2dc226b56ddfde93c9a61ea1,0.00034211426616489907
Destination,036b86c50ddf706b9b4f5c03e4f3939bb4aaa3c5cb384da2bc663b2b8dcf1c253c,0.00034211426616489907
Destination,02da65c851216c09066b2ece048af560dcf5524fc96bf6e22fc5d872c42740fa4c,0.00034211426616489907
Destination,03035fbbc9116e9f56faaeeaff42941ae1ae4f6a93c2af4620a3935222da35eb84,0.00034211426616489907
Destination,03b73bda986a22fbc47a2fc1764b59e779fb0473d0428dd4bca4ffb2a183eff2da,0.00034211426616489907
Destination,0303ad2d0f33b441ca0d5fb311fae319daa2654ebb5abc10f0c691a5deb4be4792,0.00034211426616489907
Destination,03c559d7b85ba1f4a91eba069587f0dade1a19068ba8d41c75108f93b9730c60e5,0.00034211426616489907
Destination,03aeca3b52e028b68c67d01a62eede65df55bda5cd04e4341ac42688d25fc151cd,0.00034211426616489907
Destination,02b41692ce80168d4068d7da477bd7cf65b642295171bddd51b11bd9b7ce83cae6,0.00034211426616489907
Destination,02c8c12a198849eb0c0dcea7fd8dd98d5e318686a87bf408207cd3289224ab3a2a,0.00034211426616489907
Destination,0363f6132fa34f0cffcf18b94218cacff7fefebbd085ffdd0cb1bd37d12461f685,0.00034211426616489907
Destination,03e54610669cca50aae407750cd3becea033642fbf470231b65322cfe2ecd5ea26,0.00034211426616489907
Destination,03b9a7035d434f1de7f09c89f516d16b369e6aa199392d93f63a5fadeccdea06f4,0.00034211426616489907
Destination,032c14422d357563741742d46095785c76e7094d144a9dc8e15f19f929f3678d2f,0.00034211426616489907
Destination,03342523c6a0f9595ce233ccc079c30879d83c92a1e01a532d2c0c9113c5f0924a,0.00034211426616489907
Destination,030e52afc05496e2fd02a28082586d38175bfe39b3429dac042adb822b51cecb28,0.00034211426616489907
Destination,02718cdbaa04542acd05bea2bf66b9d9f0cd92e9068fa56c3dbf8445e35ef58024,0.00034211426616489907
Destination,03464340ffe96762ef1fb1d53d0e4aa9aa1527c01bc9cb6d152c49c207de4b2577,0.00034211426616489907
Destination,0327e003e3c742db9a77f436e672bd42bd4a302ec0f92f0486c4fe09143bcfb0b9,0.00034211426616489907
Destination,03b50e9c8973aa0104e4cbb3365b9dc81713159a6229f4d41875fd9b3246a92217,0.00034211426616489907
Destination,0232f57b7071ff30f02b0d89f7fe870230fcc08114121bfebce30ab1198ab7952b,0.00034211426616489907
Destination,0278de991f180fbad52a774f9a9fc9dc823635ab6b56b25ad2c35d0b6ddc5eb3d6,0.00034211426616489907
Destination,023552ffbc3634f9f9080d479f32b4924fa8898bc9eccbc2a35d53a520997a5528,0.00034211426616489907
Destination,03c75ddddd9d0c8b087fb8ac77199c2a132c78b011ccab893dc6a2735ac30b8179,0.00034211426616489907
Destination,0391a65bbd5d876aca742412d9b24c59a0fefcc0f6cdaa359d76db30af780b988d,0.00034211426616489907
Destination,035394fff7176cadd8a25beb8b4303a33a69136fd52d1bcfffd510bcc685c8899e,0.00034211426616489907
Destination,02a0c6516180eb52bd4d17ad8d6049d79f8300f668fff6eb720bc57bb981eaad3e,0.00034211426616489907
Destination,0243208ccdd171d3ca9e96d2535c667160e39fa37e8528c0006c09051a6c7f8edb,0.00034211426616489907
Destination,02899d09a65c5ca768c42b12e57d0497bfdf8ac1c46b0dcc0d4faefcdbc01304c1,0.00034211426616489907
Destination,0317b9bc4b1c197eb9f74f9f45cf14d983fdb2c90efffd5db8b78dfda8a5bccdb8,0.00034211426616489907
Destination,03df4524554b6273091ff24fcd8495300bd63f11ebb0a561f4b12f91a96933b0c7,0.00034211426616489907
Destination,027e53e6a35c67d1535c89355254841ed82953b7fbbf5d0a554bd8cf4c94575572,0.00034211426616489907
Destination,036fb07937b7282bedcbb017d05b75a435eb4b0fb7b2615f0d47e4ab0183182104,0.00034211426616489907
Destination,03e9e0f9aaba1ccbb702e3f862b8eddae3f2d55944595fb09d758fedf18cc385a5,0.00034211426616489907
Destination,03ec127a04ac464577bdba9637ca7c8edcd0e27c4ffeef5094a10ad69eeae76800,0.00034211426616489907
Destination,02b714dfb1961b719df4a8c06371c0b547ec5dfaa4faf39beabd8974d6b60fe5a3,0.00034211426616489907
Destination,0281926ebe860660d5d9a21c211864a3c9686bfe3fd2a6affcfb6b64d0c55745c9,0.00034211426616489907
Destination,024cb8d75de288f7b4f36acc8877c98dd48e5174fe8db35a9c2331dc8ed76dd204,0.00034211426616489907
Destination,034cbb663cdd9a1e2484decac164983756b1e77af29f2b3487a076b9f23baf3d9b,0.00034211426616489907
Destination,02fd98ebd4cbedd1317d629d62d192cf943f0134c61464de48f1e232d861de4ef9,0.00034211426616489907
Destination,03130090b399b3dd924969cc36bd9c4472acdd048cf55755cb916cf8fd1d7a7991,0.00034211426616489907
Destination,037a3b5518b90c9f2ce4034342f0a36a29ac71ab5f7beb00ef17995ad8ffae5ef9,0.00034211426616489907
Destination,02ec8500991471e3926809da1766d96f14f7a94675c15cd2b2e1e6c34bd3fc43f4,0.00034211426616489907
Destination,0303867fd403dea96337dd65ac67ff2aef4394e72e7464013d862501ed4cabcad9,0.00034211426616489907
Destination,02769550ede3eb65c2780bea31037f078755f43c86715e111f9d5a8633d4e34635,0.00034211426616489907
Destination,03a74879f51fdf9af8eb09ce6249225e9e2d24e0ec4cc9de3be4461402be2a1ba4,0.00034211426616489907
Destination,029c500b60ca4b16de3dba8e173fd1ca3e0611caba745811328afdc98436114f04,0.00034211426616489907
Destination,027423a0156e479f0fb8b80d7bc0b61731e700a0dccac697ea06304f5e32f2f623,0.00034211426616489907
Destination,0286ee5f61b744be9cdf8a7531149f65e7b4e169337e7c75628b36e9f40ce3749d,0.00034211426616489907
Destination,0380f7c5be7051646e8aadc2c703c16e25dcd7780a343b297f0abc57af2e2d5e1d,0.00034211426616489907
Destination,03ce23e389eb0ee3b4e7ac581324bbbbaa2652c51bdac015abe651efdac9895fe4,0.00034211426616489907
Destination,02547b727c34e48a1eeede13f373b6b638918553fba7dca6640e39306f4123013f,0.00034211426616489907
Destination,02983422dd5019ae9cccadd5d1626ea70d6af79a24ba45a3d21e0117662a53f2b6,0.00034211426616489907
Destination,023db0dbbe0223a83060c0728d2a107ccad40806123972d7985111578bca381362,0.00034211426616489907
Destination,027a4b6385dce2467628eec4c050a3027d87f3f95b33671f086803fd40aa6818c8,0.00034211426616489907
Destination,0255bd6622fb330c0bc02c340891255ebefb00c9eacde739b6726147c4c08afa2b,0.00034211426616489907
Destination,0232fe448d6f8e9e8e54394f3dc5b35013b7a3a3cd227ffce1bb81cc8d285cf0a5,0.00034211426616489907
Destination,02e2b35e7895b042a5706687a289f6d94dfb6b7e06c917ff393854f92bea228dee,0.00034211426616489907
Destination,03a21c0c2a4fdc1179f07710c32fe49804d3e2b0b1bdc760dc11cbf116da3bb363,0.00034211426616489907
Destination,039a6b6647e3d125574deb3fc4d71f0682efa0f1dde279f42a13fa956849e46681,0.00034211426616489907
Destination,03541520a09836d10d7c9e812ca31ec5f14e8e902bbf7097c2c4e0a3b988f51035,0.00034211426616489907
Destination,03f3650d18df611674cb7ab718a3de9a40b14883aed6ca081dc4d304fc76d5c727,0.00034211426616489907
Destination,0247d5d9e81a691e1de3e91762a296c831335626354216b9490dc2f108c70781bc,0.00034211426616489907
Destination,02c0549536c5e14f778dadf4da5511783f90c854d12696c0529df8b27680ad8079,0.00034211426616489907
Destination,020bbb584a5008a9d1dfcf9aca44b254919d9f33e37e8dbdba9e0dab3cbfc628dc,0.00034211426616489907
Destination,0213028043ba544713750c363067b6b13fcd3a6eeb68d60ce84aec1827e5b284cf,0.00034211426616489907
Destination,036a579c0e7e3f9fa9878edc2297a5790ab83f977a07ea7578844c86e236324781,0.00034211426616489907
Destination,02682311c979ce1233260ecd302b710288c14925b18d026e75b7e1cbe74c71c2c6,0.00034211426616489907
Destination,02d95055adc579c0c49a2fe5d3e9f431321508b1b5c62fce8cb9676d363452b9a1,0.00034211426616489907
Destination,03d931ff991e577796e4f75899e0b8325435e069c32aeb0e68cd60f5a09de5a46f,0.00034211426616489907
Destination,02a2584ad1c54300f0576507ed63a79727c55314628486f24582ac071153d18a03,0.00034211426616489907
Destination,03bf7441842433a304a1027abfb75f399cfcf62f75339f15b6c27c24d69100ee50,0.00034211426616489907
Destination,0380c798bac797dc2f90dd64cc563a4761b3453639108132cb5de1f0cfd1913032,0.00034211426616489907
Destination,02394aeca0f5ec5e46fa46cedeef0436b1d82b296244bc7132eb7263bf1953ff70,0.00034211426616489907
Destination,02dee45a79c41cfb81e13757ccba2be8ae17a52b377d5703fdacf6c464a490e10a,0.00034211426616489907
Destination,03ebd24f24a62bc7235215dd580769c699271857748614f98637378f0545478518,0.00034211426616489907
Destination,03f3ed025a295b2d8dd33c0abfcf07fd83c026b6ca92ad3145129defaef4802aac,0.00034211426616489907
Destination,02593d90d96cd81a353c65e854e7432a722b29387e1282e1907606c563ab8bced5,0.00034211426616489907
Destination,03d07d46a6ffeab2dca30248456f0caae0262441f66a2bd3f218bae6522dc619d6,0.00034211426616489907
Destination,03c319ac0fbb1748866836517dd58e8515ef5cfc81a444cb3d3b208cef8238c6d8,0.00034211426616489907
Destination,0286a857844b11bc306d3dc32d82d5390b466d611b6455f18dd96e6fc18b2e765e,0.00034211426616489907
Destination,03025f24134ac4e8e2c62580b512a9d13017da58c7609ada7c5b89ac38d4df9789,0.00034211426616489907
Destination,038787ab9eefe7aad78fbaa055f14a4e9b78b5a23d78db15dad4442ddfc5fb1af2,0.00034211426616489907
Destination,037ad440711a43c85cc47b6d4df402e4cfafa2e4210b7fb057cc47a71fdc574a58,0.00034211426616489907
Destination,03a79bafaa49c42d07495a7367d670307df082f5ac8059082b2e6d18852f006015,0.00034211426616489907
Destination,03fe85869e2304793f452a5064517553a0fb0daec2ca0b90262cbfaba9f26a95be,0.00034211426616489907
Destination,0250e838858e5f155f3a2748067529978ff515c6317684287af2273733b21c2db3,0.00034211426616489907
Destination,021ae2986faa33f82ef4106f9ac2265f9fd9fb2061ffd6028ab6782ebfa3d8bc1f,0.00034211426616489907
Destination,035eb1d0f7217adc36525b425d9aae4169a1999581bdc34485a90148a2d5beea18,0.00034211426616489907
Destination,03a898b7cca3265ae4ca28b7025e170cbc1e7f97bdc4480fa28d2a855c88c85985,0.00034211426616489907
Destination,0333d696d1de6d99be227880b4c58328183206e1b0eef31f14c59a1c250a17789e,0.00034211426616489907
Destination,02a705cbf65c3c402256b0d51657491676a9751ebe7ad3f0a7bc4422474c6f7d3d,0.00034211426616489907
Destination,0215986537a6ca91ee696f1431ec5c09aeb03494a99104407793bbf1a26c324298,0.00034211426616489907
Destination,0263967f25220f4dee1d7f386b177fe2c7f4209fb6735529b41841096c055945f8,0.00034211426616489907
Destination,024e6b1acd70476a96817daf55c3495a6ec26ec908283e45e306732281475b1ef0,0.00034211426616489907
Destination,031d2bbc75802689312220a017c6b51fa246efc59c7aa9355f6f7395038ffb4d6a,0.00034211426616489907
Destination,028c24887ba7e349cf35e7148032744156a9f1f21023530b5019e94a19984c53d0,0.00034211426616489907
Destination,0245f703677f3c4066ee684caa3cbec90aef082542009f000186f1e455017169cc,0.00034211426616489907
Destination,02ee884b2e2af0830e4ac2953c8668633acc697dfe0d4b857669508ceb717b8196,0.00034211426616489907
Destination,03bceda62f96db8ca4deb9156e97542c079c0747d53578dc93c2f3d9ec874ee97e,0.00034211426616489907
Destination,0215f74ae0d6993d2b49f6924089636875cb0e03cb2b443fae8ac5c570eb7ca5b0,0.00034211426616489907
Destination,03e5d4abb89a0d2f720953aee516beb143785fd41edef782774aa64bc559b877fc,0.00034211426616489907
Destination,03b6c239f5f7b73e0570f3390618139591ff9963635c818c8fc139aece569591ad,0.00034211426616489907
Destination,02f13830ca589cc64deed979aa2671678bdf05dc64d35c268ddc54d8ded1dad508,0.00034211426616489907
Destination,03bf67ff0e493f20739ed10038f5e2a2caa4da17f5951daf883a1d8b706b0d7de5,0.00034211426616489907
Destination,0248fa5318d415e5f5eedf6209f672f0ad96b85e2c9af37d8b4c10905e0cc3fffe,0.00034211426616489907
Destination,03aa16cd4e90af61b6f42c70551cf0750911a6882b9b8b7b5756a9f5fbf2d44e4f,0.00034211426616489907
Destination,02591507c0847eabfb590bf7097413cd1a9a2f564ef3062ec450e2718f88986959,0.00034211426616489907
Destination,03e053293ade277c33eb785e895392fc915356f008d7bfb460de1d3c2ec8da2295,0.00034211426616489907
Destination,03193b3dd9acf5388c9e88a872c9c771d0946fed2d075b24c3f0f1174cb063bbdb,0.00034211426616489907
Destination,03d58a9b39eaa2edc19ed2a98e74887e538e5dd3694d9580419bfac839d993f358,0.00034211426616489907
Destination,02fd7f4ad049984ebe2d137d47c8353dcd7cf070b89a551fc8415dee7a137c9774,0.00034211426616489907
Destination,03c33b2296b2d50a94dcdc004c8f5a6d027865ee458348e2b1ecc8eab60d65ecea,0.00034211426616489907
Destination,0333a91776bce2a9ab20203f60a9408213a9d4e44cb51f6973cb4bc6d36fca333c,0.00034211426616489907
Destination,032b8a4ec91ff11569be9d368b7f7d6a5679cb5b1896076386b73bce96814e0613,0.00034211426616489907
Destination,023469932667382b765308d1a8aec42f5ccb5d434b463c0430f74af76327a72887,0.00034211426616489907
Destination,03f47ea85f6080114f75c3d70ef069fe2f9e83733538c7348c096b209229781288,0.00034211426616489907
Destination,03ce5ea0cfa57265f2a9d28e25a89c0b9dd25f724359d24c817d45cacb07777c2e,0.00034211426616489907
Destination,03bf539579fae15d66a260949b4469340579c2f51bd1a42199487d1fdf65f6a83f,0.00034211426616489907
Destination,038f1f6c0688344c3ccf7e977b9b4cb0c34b85ddf78ba93d5854aa9450fac3719a,0.00034211426616489907
Destination,031131fe230bdb8568ddfad890063d17c3f233cfba01256cdb46e613b4174bfd7f,0.00034211426616489907
Destination,0283ca74c9229bfda5fa710fbf8f6688c6502ff055f356a2750b7594bbccfb8797,0.00034211426616489907
Destination,02b1b09e4dcc79087591d7f3e6416ad67a26d6d7991980cd27b71eb6cd3aca35fb,0.00034211426616489907
Destination,025dff6e781d4c6a926a60a3311a70fb50e90f84ffca159d2c5286b88feef41c91,0.00034211426616489907
Destination,03b25a9a4ac2dea6e3eb16aadf8a5086cecc25c3435d02019de48443dbeea29a77,0.00034211426616489907
Destination,0261eec2404fe1c2619f822dfef2daf76c50a2071bd81c419aad2a178ddff1224f,0.00034211426616489907
Destination,03887474af95a3935bacdb9b6183494029c1e79baa870438e6759729e3bc52c26b,0.00034211426616489907
Destination,0317f3749846e8e53d10207bf62ee75d76e616ca7c77495143b4f5ba5cd6726ff3,0.00034211426616489907
Destination,03fbdfe29e107cb685c34dbe000b39a5c029a1ae88f8a4f5e76f1b4850a0d9e08f,0.00034211426616489907
Destination,0301d1c0ba018f7e7d1bb32662f9e7a0da1fa2813ff002d1496cf18592e832f60e,0.00034211426616489907
Destination,0286b0bb106a269cb534a2c358084aebefbefc2e18be2bf8522c8179505b5b6b1b,0.00034211426616489907
Destination,02ace7acad668b2f33e26c06e960d661d6d71211c046c93c90ca9a59b98c8aaa4c,0.00034211426616489907
Destination,03d51b396e0e4648e11b0e0f2f2d690a759b5846e63078312b7047506e01274fd9,0.00034211426616489907
Destination,023bec768de0e3f34f7b749776a5b766b1e25ff456f249ff3025c06af1f360f995,0.00034211426616489907
Destination,026143299a455b0c5d673031e7a97885b9d126625c697625d16d23dc016e90d105,0.00034211426616489907
Destination,0294c17f2cd17b1f785815bf224ca21f9cb8f00fad1403703e1b2b421df39b9fcd,0.00034211426616489907
Destination,037db2cb84e9509025e6ad781c7119072ae2615275cea6420e636525c0011dc979,0.00034211426616489907
Destination,0321055cc39488c5b288297bc17c588d81056b94c371809ec723d88d1de2540da6,0.00034211426616489907
Destination,03f9d8049ffcc55dc7123514e4b26cd7ac54e14739684f3dfb8b32e2d0d48a9785,0.00034211426616489907
Destination,024f71307440aa436c902e88d969e5f8cd4bf6b32a0f9359d4673a2784327f7ba2,0.00034211426616489907
Destination,02bdc11206917ed19a433d50875616eb75634e8ddb67b7b6bb92765c9b7d5fc8bf,0.00034211426616489907
Destination,03a7b0da05e02a234de0806a4a32fb2a0589261ce4ddf270741e9b5e7ee22a89c9,0.00034211426616489907
Destination,02499d70a41221ddd98959296a07190213848318e15313974c2cf1c2c7c12541e3,0.00034211426616489907
Destination,02427b712042f7b6034f4407c5701f667dd3b677cef7af6fc73217c6c465b6cae0,0.00034211426616489907
Destination,0311e1ec861b51963b74005fd5c6a74913335e0affdfe4d0b5eb55a90c8e209652,0.00034211426616489907
Destination,027f613ce5558757e1ba1dc49d939e40d7c554c6de43040dfa2e42b794c9781dc6,0.00034211426616489907
Destination,02f968e4dee8379d5685f4440fe3e8398b25574968d3fe234f7e8f219039a98105,0.00034211426616489907
Destination,03ce6ccc1a9f3c68a8020c499d89c8744ddbf24858967e487c554f4e62c5b01eb7,0.00034211426616489907
Destination,028f4d656b6beba11191174ddb4594aafc9ceb9b64177ecfc1f783a1828063add8,0.00034211426616489907
Destination,0341f19eddf18026d6956a531a4a769d79a297d107089936b91dc46a4a28d750ca,0.00034211426616489907
Destination,0226d73a186df2a38756114cd7012fde4519d2c032572ca72ddc6028318d6615c3,0.00034211426616489907
Destination,03dcd2e701c757e079be23b47a79248be9523f7e33708c8517dfce8e122d201f90,0.00034211426616489907
Destination,03c90d5db7e93dc78bbd7012d65e991e2b6584745a57321b522c7b65fa973bdafa,0.00034211426616489907
Destination,02c694a194af82623a718529d651998c2cbdbb24ca2ee4368a7d3144ebfcc5c38c,0.00034211426616489907
Destination,02225200709c355b93a1825ebe117decc78c7e478a591530e2526c7248c8ff40b4,0.00034211426616489907
Destination,0222d6de473d3c280fba69f61da8bdcd52e93f60e12cc0de7df6ef34dfc68c7973,0.00034211426616489907
Destination,02af861bf4ce671a28f21925bdea3bbe0db5be61a33480877a62529485b9d886ad,0.00034211426616489907
Destination,03209ed94bb268a3f5520a263bda594a393660f19484dc1d8295e894213db0257b,0.00034211426616489907
Destination,03cbf4a818af1821df4f8f8d8acb2538bcf4aad99f703e5b4fed38de1b9b150848,0.00034211426616489907
Destination,02cf90a8578876f0362beef42789215920c287a5fc109afe0829905b920bf40bed,0.00034211426616489907
Destination,023f805324a9bd22aa7e8891d270cee741cf9368897fbb3727402f9d68765d0e3c,0.00034211426616489907
Destination,02a62e2d754ba2ac4bc53536198fc677c68738cd1905c80fde17f0e9800fde669a,0.00034211426616489907
Destination,03ec7cfe9ec570909e15d8c050b04a26d2c9f448262bf502c40c1e5cab929c8261,0.00034211426616489907
Destination,03b972ea411a288744663938721c53914b0c68b3b288665dffa8f7b5d21f09f70c,0.00034211426616489907
Destination,038765a929042bb96a7dcf5cd4f4b596bfc5174a7478b270e1f42a82dcb24ce31c,0.00034211426616489907
Destination,03ac5d8f43bf31cb56437e2c543e2b2be8a4506eb4233e88eaefc979b7a635515b,0.00034211426616489907
Destination,02f24819074bfcc1d05d3c8f9989a7f60eb6ed797cf04071af6bc1f1ec8e72207d,0.00034211426616489907
Destination,0274f88ea912dad03bfebbc0d40d92c9dd1d1a18701c5e9a60a86098528d09e504,0.00034211426616489907
Destination,025c37771e0d3a06f857c06f5b9cca1bff6adfc674f017f3613a7a6d6819aa10a4,0.00034211426616489907
Destination,03f663b498c2a4394331aac53f860e8c4c1e46dfc4bc67dc4b8075c3a584e60456,0.00034211426616489907
Destination,03411950d466290665791bf1ed4737fb910eefb5a019adb649264423be72008302,0.00034211426616489907
Destination,0230cad29b32564c812d589ce206b35ae7f9e76594e3475da06e5239d2e0ae894f,0.00034211426616489907
Destination,034af547ca321d3e35a0fcfd5b4b57495f673e5fc92aaed5609710dc5ee205873d,0.00034211426616489907
Destination,03fa9feae21eaa194e78d4ba73a82a8401690c61c0ea6c6176c9f079f9d21d962a,0.00034211426616489907
Destination,02b39e7040cd9233e1cf86823ea321c1c799534c622c9e8b563a689409962657c7,0.00034211426616489907
Destination,023187ab05e34b67c54afd61addf87563a382a5b4054fc92990b26123c8db6e7bc,0.00034211426616489907
Destination,03d91f2dbbe7783d489efaa5b84f9a3b873889d9b0bc9cbe7442408f7df1ec77a7,0.00034211426616489907
Destination,02b70134475fb54aae0590e5b908aafd0c36ea884f4f09b9e2b9f91d50fb2f303b,0.00034211426616489907
Destination,02f57b45b2181ccb15f250bdd839d44682e47f0c094c53fb39993cf2424212f64c,0.00034211426616489907
Destination,02bb3d6ea60d7a96369471d403a2dfe8a082019f1373782ed0bcaca6869cdad501,0.00034211426616489907
Destination,0206dfb16f3afee9c22a93bfa5d8f907f2340be5f36d51da0fd6f4d60dd8e027c0,0.00034211426616489907
Destination,03c9eeb2698633a912f99dc097c3462166471205e16ebe5b06b8eccc4f0081a509,0.00034211426616489907
Destination,025dbbcb4e2a9a52855e92cb7ab072ae7076bd1dfad79e8612086f56945f85947c,0.00034211426616489907
Destination,02984d869578f59ec15fe945fda6633744096ceaffda4f5db521f239c58c90ad73,0.00034211426616489907
Destination,034613cda844f214867f7134d0f994a31b7521eac48db25008a2556bf93374a496,0.00034211426616489907
Destination,022dc6a801a5981dc574d5654e878bec281d7d563848da22e5cc9c1a079fd3d64a,0.00034211426616489907
Destination,02aba32fe5119a42f154f797f590f004ac5f421439083d177032a4dda4be0bfd97,0.00034211426616489907
Destination,02c9484ad30a3913e93505771b7b739057a3575d1494e8a3ccddce2ef01310ef34,0.00034211426616489907
Destination,02a5340317463d36d6d2ff9c8fd2e4fad87e4a948ea34dcefdb8e9518bffe2975f,0.00034211426616489907
Destination,0240d18ee9c211b44e056b3b73e2698522a61b0b323fdb0ab5b0be8e9460e10b27,0.00034211426616489907
Destination,0206e0777f02393bb60e09f1bfeb9b95024ba661c8415e98a1ab87c86afe960d8c,0.00034211426616489907
Destination,037ae3fb76a9c192a33241f99a7877a435006daf825346d054144d066788d0bdf8,0.00034211426616489907
Destination,02ec3e575a0641fc419b783f48c4ec3a330c80ddd18b6c4ec0c653a0fb704df6ed,0.00034211426616489907
Destination,03f2172bcd63e6631927fd85c2d941ae74e9ef5f3886a07d3f65263d07bad9b24e,0.00034211426616489907
Destination,021359bec3ada32d6c360912b034117ad9fd42ce3e6050a8f24d79cc360a9fbefe,0.00034211426616489907
Destination,03b56405bbcaa19457bf8aba5acc07da03b95eebbf238582d002c71e2a3d13e41d,0.00034211426616489907
Destination,02e325148f637df6f08c6d4e2e80714c395e07e85292ecf0f39551ffb07cc2dce5,0.00034211426616489907
Destination,03cae35bac611256d4aa0fb33619a7bbb9e87ae38757b3865dda2602c0f8a58991,0.00034211426616489907
Destination,03afd28a34bb21fb585787ec47f87b9880559f90cf4ff636fd22f8ab2b6cad2418,0.00034211426616489907
Destination,03a42d6da845fa550db7f79cb8f3cc6ad6f776e7d75111edeef96f3c1e0c152294,0.00034211426616489907
Destination,035369d3d1969ce2b9e0fdcba865eaaf4416195e7dfcf0df4c7b72428cd2b0f072,0.00034211426616489907
Destination,021588cd2808dade054a8d4bc501b92a66a7b88c54157c5c857aa7995129d4966b,0.00034211426616489907
Destination,031637da200a8f715ee6e929ef86524471e920f49e1a8799c35130e08aa841929f,0.00034211426616489907
Destination,03f96969164739947e2cf888c8b207bd5d43d72c0af86dcddc2dc994dc4602e5f1,0.00034211426616489907
Destination,0386cb8a01e19de1e1d18c3373fcaa404abd2e21aad9d1fc599a67a6f17bc2711b,0.00034211426616489907
Destination,02dded01476b793f815383c6c278cc390dc4aa8ff28b4430f26f67b1a619945eed,0.00034211426616489907
Destination,03df6c0f08f51e0c72d532c27064dd8f3c814f120ba9655b0b8ae140ec6c4e59c2,0.00034211426616489907
Destination,029bf3edd752470fb554330e8d40f7f10d73e9f9838898117cdc7b4f04eced9d11,0.00034211426616489907
Destination,02cbaf25e5d3c33057eb0082e0a1c9b4f9afa6a7a3a3edfdb4b88642f8271ea877,0.00034211426616489907
Destination,02d48a07e5169cbf70d4e9409c6aaaff12929178c136e8cc8de449f341634ade7a,0.00034211426616489907
Destination,032ef9f0c20e9b0a5fb5d7c7c0f364b197c6ad9b9ec4ab22f4145fe0336c0d6d92,0.00034211426616489907
Destination,02610e28ef828988086d69fb9773475a93723beaa6f466e7dd75009e0af43643cb,0.00034211426616489907
Destination,02df6f092487ff5fff2e03bad300485fdb7e780312ef85dac4ecdae9d087e9f3c1,0.00034211426616489907
Destination,0392f57b6a6ad4268d48950541c663892d2c9e3857f42f1ee33043fa4069f5290d,0.00034211426616489907
Destination,03a315ef609658cecfedca712ddad3a7ef5caad73911cb0cd0c73fefa5af347f5a,0.00034211426616489907
Destination,020f27295ad01c16f8d77360c9187e3101b026513f5baf3357c2ba0b0afc5069ee,0.00034211426616489907
Destination,0258478c6633cd62b3ee6d326d5afd34a198767d5d177588ddb47dcd1e7293b448,0.00034211426616489907
Destination,039e47f4f9049c04fb4845835443f688a9f2a9cb8498f4838441c08cddc9a33c8e,0.00034211426616489907
Destination,026743834aa882c2729b95d6f6b7ce822bcb4118ca1b60ee5e6f5104ef0ff94efb,0.00034211426616489907
Destination,03fc9b2015d4641c85782b830be552dac7e01ef66e8e22f00eb71dfd8ec7ef2ef2,0.00034211426616489907
Destination,0321f174ee7e67df1dab3aab23ea5cf07888b3b2961b8a25a02d9bf8c6945d3f0a,0.00034211426616489907
Destination,02e8ebf3b925c166ecef09b48873246356323483f4b644aa579154343796fc2668,0.00034211426616489907
Destination,0295d8b8d11a58f46d31041d74aa9c2d7a5342ce8bce6a47b0f72ff8ab1c189268,0.00034211426616489907
Destination,023e3b6cd77ce427c9afce18de590f1ce46114e4493468554996bbcc1c143ea0e2,0.00034211426616489907
Destination,030739194f42b2cbb6019104a1b302408bd26691a1f5d8ef656466b4b18b113643,0.00034211426616489907
Destination,0232b54a1aad1996b5e1b0e22d18cc6d99898e359434b7064ef3b44976c56d409d,0.00034211426616489907
Destination,02e6e22a478150027e3b9bb3c67563efe1d7e49b466fe17a370ae71e2321ad92d7,0.00034211426616489907
Destination,03f45d98c565b3ef38d7dcca452cbfdfffb89847a63a1684d7df69a7525bad6ea0,0.00034211426616489907
Destination,03547b559694d1ec220b5fd69c88bb5b0d1ce332a1199947040da6aee9e5f99a6a,0.00034211426616489907
Destination,037671ea0c2126a06f128fbd398c77436a2ade8ba1b840846b4dba746da439bee1,0.00034211426616489907
Destination,02005dcac896582db30f259c17bba1849a9e1127f60d120ec7db69c17ce64d749d,0.00034211426616489907
Destination,03fe841ef419d19627a45e1e609f7b1501be83223444f8c8369e6586e290e95e38,0.00034211426616489907
Destination,03ab75012c0a552ddb0194f43d57d9af2a83a86cc2a96abf0134c6d9349819c8a8,0.00034211426616489907
Destination,037cfc1534e3993abfd291ae3effac9fe881a40a3ac14bbd6a972456bdb9a3399c,0.00034211426616489907
Destination,020cca750b6ce88b1e3b8cb6921782cdbfce972193ffaca7901f0fc4643080e457,0.00034211426616489907
Destination,03cd8d692b963b5abcd451607ab7a8a9c1eeee69df1adb3c1ac575e1f8be3b8fee,0.00034211426616489907
Destination,02995ebaa827b658e6715371d0fc9b7d342c8b1f93650b92c7276ce5c02abd48cc,0.00034211426616489907
Destination,02817244c5d7f8df87212429d35bf8f67b49d07558d8bf00707a806ad96a37ab1a,0.00034211426616489907
Destination,036c0fa27b7f35d9801f7d0dc10b8a8dab6a621d8ca620e54851a42501b8efc83d,0.00034211426616489907
Destination,02c2e6b13c4c0493cff7f63d8c0447c17897991fd490b4ea0a1beb4e8c47dc9965,0.00034211426616489907
Destination,03788bab8bfd9d044018a55691fe5721e6c29a12a5ff07e9aed04fa465eb0a94a6,0.00034211426616489907
Destination,029ace730f7ada5901781ada3db5c3f2450b0dd06739a4bf081063a28cad1749d9,0.00034211426616489907
Destination,0272440285788e02fcc7bc99f4cb769247e28bb260804564de280d7a89be28a8e7,0.00034211426616489907
Destination,02d0ec59114b2772fd5dcd7a7724f3c47a9929143a7c1b027d1b2e06dccd6fc60a,0.00034211426616489907
Destination,038f154a5f88f3bfe602223a538481a5fba4b520beddc45edfc0056fd72b5a2c32,0.00034211426616489907
Destination,03023090988c84c3566ff59c4fb17536c59279ace4f4c242243950d858787cdf42,0.00034211426616489907
Destination,036abb021301cee47ba9df402ee45c25309e1e1eba1102f4badce4a5a7a9e90bb8,0.00034211426616489907
Destination,02f568b71e3d8bb3ae1f2bd2035a9bfbac942ded484f812e201ce084c0e3614737,0.00034211426616489907
Destination,021f0f2a5b46871b23f690a5be893f5b3ec37cf5a0fd8b89872234e984df35ea32,0.00034211426616489907
Destination,03cb5a20dfa5148803badcb35fa00f97d73a132ecacda441f484ddc300bbb2e1fe,0.00034211426616489907
Destination,036d5f176ad838a3dcc76361762c64d452bea769a539fd55c83864843af6a7b9c4,0.00034211426616489907
Destination,02e13268142adb988fa62ab14e81a1debc5d76cd52255b654dc4dc9894fabeeef3,0.00034211426616489907
Destination,02676fec9428f2de8bb8a172a22a942c7636cbaf608d5cd584eed0862c79db4edd,0.00034211426616489907
Destination,02ba1b035fd9e99b625ac8dac61be99bbd3a09c12f09303daa16c931e08cfbeacc,0.00034211426616489907
Destination,0207507279cf30d649d781d077fb666c35798c6afebf4a38c1c2b5531730a07ad0,0.00034211426616489907
Destination,0210b9ede50253ebea9d8ef6f886cff7d3d0831e98931c10d4381dabcf1cd930b9,0.00034211426616489907
Destination,03223a5ce50f7b912cf0f18b73fc51e3f8e6ed6417b58062ee6ef6bafa690c3938,0.00034211426616489907
Destination,03caab5c409f779e64f3a28e8662db2ed10d23d9e31c58865670ea50a8d55b71c8,0.00034211426616489907
Destination,0305564da23021c438ca52a793b5e0bb97a9e9e4ac6b5932c0f42a3d766564fe3b,0.00034211426616489907
Destination,0255ca166cca36893e18e36ebbf3956dd5e68bf63d91e552da0b5714de397d841d,0.00034211426616489907
Destination,02ac0589f813bab7ce62115b75c7be6a5642cf5e46d8337879d794894b459b2d53,0.00034211426616489907
Destination,039e97bd0d42fd4ed120dd08ab1baedb02e9a73f6748f206939bffde9a9ab800e5,0.00034211426616489907
Destination,02ebf4ee6d024067cb45c0dd6b1141b7598d69c38603940b21b907ff70401e6d5c,0.00034211426616489907
Destination,036533303d73c34c58c35017cc286da18b5958a14ceed21f1d419eb818942e3698,0.00034211426616489907
Destination,03e5684ed7a5c61c0364ba2794ff1242209242238f42dbda513b39c91aba7ad11b,0.00034211426616489907
Destination,03a7daef60143b48b44769ff0daebcbd1796ca49d346bab7617ced5754e5b5240e,0.00034211426616489907
Destination,0397e25fdacbe8174e58bce84a49438b6306982c7d1c99c3a9d99050013da5611c,0.00034211426616489907
Destination,036526aa0d648fcfc4ad7917a1fbc0561cca65631dd990baa0c7deb57663c6819b,0.00034211426616489907
Destination,031fa545dec9d33305e5a0777ae802741ccc0c4f1703451ea455b315764608e261,0.00034211426616489907
Destination,033a58a714101b0187e8cbea8bf89b19a996cb16ed59197ebe6428089c97db9671,0.00034211426616489907
Destination,0237bb19b6a4ebd56439aa0b48f7eede2f1d68f0afc2b8616abc46b0324df296f3,0.00034211426616489907
Destination,034c4d5987d5b3b4704132ce5fefe044f7615c7882ad0ccccbf127ec29729bc7e6,0.00034211426616489907
Destination,03900174bddb85ddb1c970ec75665f78d2c69230ebe43de36eddfe7f2528a58690,0.00034211426616489907
Destination,03f5412cc88190dee53d3c551072bc692ed64cdf9f2d1f7b8611ce190ec23dbea1,0.00034211426616489907
Destination,02dff54c978ba4319d1dc40633e9c973125fcae73f3fc57a4d6f80905af5de5ef5,0.00034211426616489907
Destination,02c6aa0cd54655ffe015b0539db33e712b2f1cdd37a89834261c06ec74cec26a7e,0.00034211426616489907
Destination,0258206977beb3a9b6822c2aba542da0e5558e44ca00c29957aefe52ae5ec32b57,0.00034211426616489907
Destination,021ac23566610d81ee0c02667689728666ff0f59f6426389cf8ad4f61a2f6a79af,0.00034211426616489907
Destination,0377d33a9e5944f2a5cfbcf92a8556446fe5d21c993432b2e0185efef003b9b30c,0.00034211426616489907
Destination,02cc51e0cc486929df27fdcc58369a02bbba02340c039f868bc30a2e2e431020cb,0.00034211426616489907
Destination,02562755b419670ef2b3b76c3319acb6de647f4433b96afc25212c2a581f7ca8c1,0.00034211426616489907
Destination,02b78caed0f45120acc48efe867aa506e8ea60f0712a23303178471da0ca2213f5,0.00034211426616489907
Destination,034ba132529b78113773e771ef2abd03e44e96947ca7ab40f5e5bedadc90e68cfc,0.00034211426616489907
Destination,03c52df40dd9ed540f379c09451fc532bac17592d44cd070263471334cb3cf3f41,0.00034211426616489907
Destination,03d4a1ffac58a8ff20702a878af9b86bff2d44893b33a55ea6162e21d6438ae5d1,0.00034211426616489907
Destination,03673de8d4526e7b9d10eef999b0d155ccb1623d287e59d2f401a34627bd60f079,0.00034211426616489907
Destination,0358e461ee6344fe8b54d50117afc5666ea9f028af7fe3f6fb5554ff4821e5c654,0.00034211426616489907
Destination,02a4d6945b37d9d6df741ed9c959bf9dd3ab047dccb0001df744e5a114702972a8,0.00034211426616489907
Destination,029ebf859f2bd605b7dc1acbcf14f68af639c94e0a534c5b778e07faef3cc8585c,0.00034211426616489907
Destination,0383cdf2bbb0e92dee0684cf3d76d01fcae44597fcf387e05e822dddd31fe58b46,0.00034211426616489907
Destination,02e6a10c9047cc8957971b475687e074b7b0649a4fc8751e1e3f5e76fb8efd713f,0.00034211426616489907
Destination,035686dd9a9f396c10ffd1c06ab90b00be28a5f17997003ec0b50e4b9ff408769d,0.00034211426616489907
Destination,03b4419e5cdd83650207cbdff7b703b2ef7a9a8e41167952cea0738914172811f3,0.00034211426616489907
Destination,03443b1aa9f03c1698fcd72eccf9477c9e2c3fabafe014cf4d9525b62b7a7f524d,0.00034211426616489907
Destination,0354afc2e6aa7c92fba538ce6e39e106b3a97943585370ccb7a3b3ef8828b6312b,0.00034211426616489907
Destination,02c134ab2d3747c1ca2258debdbc7a7bf91ddacfb9be45d84a0e1bb2aa273f12d9,0.00034211426616489907
Destination,029961e3c56d6a964c67d46ccb431298d8876ffe39e8e8fd377d6afa5e5c398ee0,0.00034211426616489907
Destination,02a5d7fa448d102b2b2dd551ba542b244d7dd6e3f36136c6435fa0f2902dbabd9e,0.00034211426616489907
Destination,02bb3ed0eff0529753f92769aef377f81760116f7ea84dda3854ae45e420dc175e,0.00034211426616489907
Destination,02b16590eb7248b68c1e2d958fcec6b3c2aa9d3dfea12053939682f567b618a7de,0.00034211426616489907
Destination,029f0a9a4fd29322770aeda71acb0c083daaa7fe519c8f9560950def0117ff837c,0.00034211426616489907
Destination,031476058bb6ffa3da107ed52b235b69166b38e5d59ba93efd057121697f249e8b,0.00034211426616489907
Destination,03c3c95ad84783246e526d1ce6a10e0e3f4b96690accbf5e5a75c349092961509e,0.00034211426616489907
Destination,021bfb2363a98407e0d01cf7e50c757b8831d058dd2afd469e7256f26c8c74d23f,0.00034211426616489907
Destination,022cde66b39d815d2c55bb6c8296e9d5f8b21ecdf1689520c40a1cc4064f38906d,0.00034211426616489907
Destination,03c44e496c1af49f300d205e2bd6d7cf91ea4a89f8daed8bba464101e78ad561cf,0.00034211426616489907
Destination,022363250d88bfb2856640528851d92b53a0f7a474a6850682456b47650a92cc66,0.00034211426616489907
Destination,0218e34460681abd93f862c17799b2b45dade4dbc953bb8f67e9ee50e2deb7f8e8,0.00034211426616489907
Destination,03e6a4a8011a32976b93b3692d446225f635d7843c35f17e7fd3f8272a955c857a,0.00034211426616489907
Destination,03303973581eeb3f3265eaca594e0eb5d492b4b2ffdd6166343d775aa3828c047b,0.00034211426616489907
Destination,02943c383bc38a56816948629df6147c881703ca90dfaacfffb3374202a2c28ef1,0.00034211426616489907
Destination,0349f11a40fe564fabfb49e9b552775b104115bc1a461287e534e93b668f7270e9,0.00034211426616489907
Destination,039b4de2c51cccd445820379b2b3c3c7d990acde887cbaf1a1c95950b5812d5881,0.00034211426616489907
Destination,02c9ac1d3c37ba29fc6f3ffaed26bc606621a3c3c2a37c81661958bb2cfcfe6535,0.00034211426616489907
Destination,02c0ffc358c60ef8e185ef857b3304623d74764b6acd0d721f85c68233ff3dacce,0.00034211426616489907
Destination,03d872dd2fe34757e3b61a9b2c2264ef7ead2166145c8f087adf06bae13f9fc4eb,0.00034211426616489907
Destination,02aa531285e87cd827d423e9f733791715f8497c23059c2a0444221922755083ae,0.00034211426616489907
Destination,037e303e5dcf24e605aad6e27e49520fcd5e47fe1c8fb82d4d5acdf122d0d3bf1f,0.00034211426616489907
Destination,03eabffb8cdadaf8733408388df76ae4a7d8e487228e7925b96e2b389a61af2050,0.00034211426616489907
Destination,035601c90637c02e93e54ca8f1e1b7602ec0607b9b4d41d7dc074f92582258678a,0.00034211426616489907
Destination,027512dbc5225d2d51354f6838e4b6f6c875d7cf841ff6336daa98d6376c160d9f,0.00034211426616489907
Destination,035178f79dc627d8c2125c631eaacd92157be82bf9486be541b9a4914046e3a714,0.00034211426616489907
Destination,03821613116def5de68a997a9024fbdff09ce3dae050b86c5abec883f230e68840,0.00034211426616489907
Destination,024f5a73626471035b92b303717d155c63bef5288644a2c939464e3cfa59189d46,0.00034211426616489907
Destination,03b7dc772622940b87507055888ec303c6c5f1fd3ac1a8c78a58c5cde2b5f59d0e,0.00034211426616489907
Destination,03e15b57b84979a9771d73a2cd49c9588f46d5131ee30637e3d653f01e945f003e,0.00034211426616489907
Destination,02574c48943ece011bb15bb08b50c82f582aa1cea93ae0f231ea071a9569812ab7,0.00034211426616489907
Destination,036c751e43d16a0f760de32af778e0bf021c27092f68ed139d8b55a00d5355a013,0.00034211426616489907
Destination,02ebf3780320b832a2b7023aedf6472ef3e81ae9945390661a2eeadb4a0d100d87,0.00034211426616489907
Destination,03bfa5906e81b29b1564f24665636036419019bbdd1108a438556dd8ad7580daf0,0.00034211426616489907
Destination,02fde528065ac5be1c82c309e46475ab0d2dbd7beeb90d85dd1cc87cea2680c2df,0.00034211426616489907
Destination,035bfc9299763898e0e5910846313856435a2a236e7b449a09279a341344c3b77a,0.00034211426616489907
Destination,02dda24009e7ac8f7f8d0074e831f4a5e8ff5a8f6f72e069c798f5feb40ceb6227,0.00034211426616489907
Destination,0235591b82c3856e6ccfc10b70b7ccdce45c30994500c848fe1c81d8f6c3db604a,0.00034211426616489907
Destination,03d30c55bf772eab3573a3eb8010ba9d34ea0a2c7894f6077dc970961fb5ff45f9,0.00034211426616489907
Destination,028a4bb9edd8e0bac30555f0f1aa615383581976ea65377841ab75debac171b049,0.00034211426616489907
Destination,02587953b4c0b58ec55db927934da07f53ffc97248f763505a10598cbe22d972b3,0.00034211426616489907
Destination,03d16e368652be985fff3352624dff09200bc61d7500a5c093b03dee85fbe38202,0.00034211426616489907
Destination,03ec9ee6920809c8ca0b51dceec432718035344eb1e6a146424842c580c36b1516,0.00034211426616489907
Destination,03db011a6ec901fd9002e403e69340516bddcbe2b5f31ea4e24a1bdd0ea9061502,0.00034211426616489907
Destination,039dc42f737b519d18278022d307196ee91fbaf586f68ac6c4eeeaa1ccbbf7c739,0.00034211426616489907
Destination,02f4b30c558bcb3ed13b37b294ec5f0c8308580e3053454411f1c6f058cb48afe8,0.00034211426616489907
Destination,03b9bfbfee5464048eea9f01a0e41a0e029a019e7df6fb5ce41299e75a369e2f3f,0.00034211426616489907

Summary,,
Most Probable Source,03a5d0db685dc1d6e493f77c964327cb94487a864cf24f5da47e914dd132773383,
Most Probable Destination,03864ef025fde8fb587d989186ce6a4a186895ee44a926bfc370e2c366597a3f8f,
Average Source Probability,,0.5
Average Destination Probability,,0.00034211426616490703
