Type,Node,Probability
Source,020c92d71dfe47d49d322eed910064787973dff96c05a39d75a75d7e8f33aead4c,0.00027031410498999837
Source,020ec8725e77d88fca4667428290bcb749aa908c244e2313d0ae03417f79041860,0.00027031410498999837
Source,021ce341f7019675d09fc45cad94e68fc38c92ae1ee1a21c50187e502411bebca7,0.00021625128399199871
Source,02221cef0bd01362a1cc3e8b95cfdaa9150737c99b89e5162892b3fadc70004aa2,0.00021625128399199871
Source,0228ae27186af6ab1c2581d1772e46f60b0b974863332f52bdab7fd362594f642f,0.00021625128399199871
Source,0242a4ae0c5bef18048fbecf995094b74bfb0f7391418d71ed394784373f41e4f3,0.00027031410498999837
Source,0242b34542b971f0830927c642d48d32e1a6df70a9d9c52022a71cbabbe3101d55,0.00027031410498999837
Source,024b3fd205db7b0f84b292173900cb423cfdb4c5bd5a889a462b7b1e35394f056c,0.00021625128399199871
Source,0260467bdc75ef6c6dd797f90db11df6a6ac9bb085884b0717a029a93a00a2c5e2,0.00027031410498999837
Source,026c99d10c3b53587c22507fe88261e66ccc165805452f121cb3a126e072d22213,0.00027031410498999837
Source,0270e993307d7472d3500db8d327b514e2f2f2ff73a346cbb721d587d716aa067a,0.00027031410498999837
Source,027100442c3b79f606f80f322d98d499eefcb060599efc5d4ecb00209c2cb54190,0.00021625128399199871
Source,0273da0a525390c36857841e208f1d289275c76ebfa7ecfde697c6cbf4f235b4f5,0.00027031410498999837
Source,02767ba5a9e51ccb32f608ccc5268f2efd1dc9ac8ead95a8634ce913eaceec5f59,0.00027031410498999837
Source,0279f825bd719f651c5a6b1f2757a5a81da10e382a69bf24dfd47ca527930db4ae,0.00027031410498999837
Source,027af586a5ebce34c3c86a6acc9f6af97a027e98333b347a2760953468b0ef45a6,0.00027031410498999837
Source,027db782cd60fe113649a1ac4ec0a880266ff35977c181fb633fa2c4dd012d0e69,0.00021625128399199871
Source,028002e4514a5c74402074862aca713d8a80d1c013b22fba98c5617145bd05efb0,0.00027031410498999837
Source,0284aa8233ee3c0482ecf87c60094cacd15a17feb0bfa59f1898fe91478020eb76,0.00027031410498999837
Source,02875ac2c27835990ef62e5755c34264b2c39f51a41525adc5e52a7f94b3a19f8b,0.00027031410498999837
Source,028c6577b38dbff37fc7c57d22f888b519f5c03fb65f03b74414bb5bcf4b9080d1,0.00021625128399199871
Source,0294ac3e099def03c12a37e30fe5364b1223fd60069869142ef96580c8439c2e0a,0.00021625128399199871
Source,02a20247f515d978cbf9e9ce6a4287b5931d724068b7b88bbaead6380db3dd8e9a,0.00027031410498999837
Source,02a877d23af98bf133c9b8672f7d8a2d400413ff8ea08a7ce5261ba9db26773853,0.00027031410498999837
Source,02abbaa2bce7a353ec0624cfb91d19a3a6024d9bebdd96e79e6f289ea6915790e4,5.406282099799968e-05
Source,02c4296f8f8589c664c3445cd7e2e9ad617e5551ce08f011e367a21166908c4b50,0.00027031410498999837
Source,02c8d60f7b374fd20e8fcb6e31eac30a338f11cf6c0075cad0307b5311f5b9ab28,0.00027031410498999837
Source,02cad4ec4c8b0dc2c7035a1898f979c8c7169bdff74e01ad6ca7aea59d85c59e8b,0.00027031410498999837
Source,02e4971e61a3f55718ae31e2eed19aaf2e32caf3eb5ef5ff03e01aa3ada8907e78,0.00027031410498999837
Source,02e510f80a36cc0503e8c5b38e3e000e7cf9867108a0c565a122815f5d5aafa6a7,0.00027031410498999837
Source,02eab7f76d938d7b28e6cec10c4b0f3b4ee24b8beb7eb6b66a2c623bc5829aefc8,0.00027031410498999837
Source,02f460ae6d3d3e104f8afe520ae0cff3d94c35c2ba8df66da89f3c8006a265b90a,0.00027031410498999837
Source,02f5d3a0a2b499055d404ff83da471a940e43e3b07cdde64e330cbd9722ec2b324,0.00027031410498999837
Source,03142b162b4e55237e49dc8aadf919c99eface419c21869339687f365c93675886,0.00027031410498999837
Source,03155b6999bc3e417bd75ab2595fe2b585bacf1cba1a6deb4fe5ed1b4c68ff298f,0.00027031410498999837
Source,031f624a7f0ce33a654e3c84085155e0e990da44380554350325e4b16927af1606,0.00027031410498999837
Source,032773113021c3423f1532921bc9d64ed89d6b2c3fa3cedac66726ff5c48d90b5c,0.00027031410498999837
Source,032cc4541b25e86e39a7d450a979c1a9adbe2878df3a93fcb59c96c700bfe26aa3,0.00021625128399199871
Source,033b63e4a9931dc151037acbce12f4f8968c86f5655cf102bbfa85a26bd4adc6d9,0.00027031410498999837
Source,033fe7c583d44f5fa4cb42bbee5d86f35de1ed55f2246fbf3b26c98a7ae5bbaeee,0.00027031410498999837
Source,03423790614f023e3c0cdaa654a3578e919947e4c3a14bf5044e7c787ebd11af1a,0.00021625128399199871
Source,0342f47b6987bf98b0476fab9978c5dbb2db6edba4a6fe7abd6b88753170215915,0.00027031410498999837
Source,03473794df8aa05d7e8e53b18c4e06e2f3b8f417b32f1282df081804f92a8422e8,0.00027031410498999837
Source,034a879c36f418cb5b44b6903b3c6c1cfb5f4beb1e79b9b479c040b7df9cbc56be,0.00027031410498999837
Source,034c14f40007b762ca5e5f45f03167c863bdbcb28d0673da448c7dfcaf67b05776,0.00027031410498999837
Source,034f580779cb7d8fe4759af29a04a58c3dbe9c49f40bfa6a8c6d35c507e97053c6,0.00027031410498999837
Source,0353308936d64e44970186cb43f215fbce1e2ab8631da17c545fadb0a79312229c,0.00027031410498999837
Source,0354cda57fa833c3dc7bed61bb8c09d902c9484335e021ac52589cbcc3c749bab8,0.00027031410498999837
Source,035e4ff418fc8b5554c5d9eea66396c227bd429a3251c8cbc711002ba215bfc226,0.00027031410498999837
Source,0364913d18a19c671bb36dd04d6ad5be0fe8f2894314c36a9db3f03c2d414907e1,0.00027031410498999837
Source,037e1439d8f1394d00868beeff636e42518a30b3ead303bb3ad4185b53e41d6d52,0.00027031410498999837
Source,037e2702cf9d67a827178230bc8314263e1ac2e57f322182dc6f75df67d5f04bfd,0.00027031410498999837
Source,038f685a9f420cf794155df3f1a97ab71b871758478cdd12bbdf8e6b18e9c3697a,0.00027031410498999837
Source,039199b7b5146fa2b0bd00a4c97ccbc4950c079ad5f9f982a8b8f2d8e00c828cd9,0.00021625128399199871
Source,039c996d954520b9b3dcfd0005426c7ed0bd4d516213f92380c20ad5f774b33754,0.00027031410498999837
Source,039cdd937f8d83fb2f78c8d7ddc92ae28c9dbb5c4827181cfc80df60dee1b7bf19,0.00027031410498999837
Source,03b042cd56bbf9f9b21711291be915474c4b4aec2241c29029dd0cf9eb2e1ff6ff,0.00027031410498999837
Source,03c157946cc1cd376b929e36006e645fae490b1b1d4156b40db804e01b4bda48cd,0.00027031410498999837
Source,03c8e5f583585cac1de2b7503a6ccd3c12ba477cfd139cd4905be504c2f48e86bd,0.00027031410498999837
Source,03ca940b9d4e7736955b6f18dd5be3b7b5ca562d0efcf7c0fa9b66d3c052f07fd0,0.00027031410498999837
Source,03d346437235360f110a0ca7e0eb9d28865d32416002d0742a185d4401682c9751,0.00027031410498999837
Source,03f62377f88dec0b1cdcc8e1f22229ed7f73cef02db1ad440d1caf2816365ebe44,0.00027031410498999837
Source,03fd105d7df6595d5a36f016b8ff9ca74e5474e29593c4bba85f4d7ad4663bc5ee,0.00021625128399199871
Source,03fffda673062e3feabf6e1103e6cc4aa4af841142d0a16be8329ee5f957e8edc0,0.00027031410498999837
Source,0231eccc6510eb2e1c97c8a190d6ea096784aa7c358355442055aac8b20654f932,0.00027031410498999837
Source,025e9497188d33af48bb15cfc3cd6d7c549eed05b5f54d45615d3cb7ec3b562588,0.00027031410498999837
Source,0324ba2392e25bff76abd0b1f7e4b53b5f82aa53fddc3419b051b6c801db9e2247,0.00021625128399199871
Source,0340cfadaa3324e0dd176a9969be050114278f93260e1b6333bd2a2a2ea03c64a3,0.00021625128399199871
Source,03afa7a8196dbca763ee6f9a34b634a7adc03f154e5d6979fe654db5606b5fb2b1,0.00027031410498999837
Source,0217890e3aad8d35bc054f43acc00084b25229ecff0ab68debd82883ad65ee8266,0.00021625128399199871
Source,023e09c43b215bd3dbf483bcb409da3322ea5ea3b046f74698b89ee9ea785dd30a,0.00021625128399199871
Source,029efe15ef5f0fcc2fdd6b910405e78056b28c9b64e1feff5f13b8dce307e67cad,0.00027031410498999837
Source,02b21ca992bf95e3f324302265ad86cec24f36166fd7afca44efa0809aaa8b25c5,0.00027031410498999837
Source,02f1a8c87607f415c8f22c00593002775941dea48869ce23096af27b0cfdcc0b69,0.00021625128399199871
Source,037659a0ac8eb3b8d0a720114efc861d3a940382dcfa1403746b4f8f6b2e8810ba,0.00027031410498999837
Source,03c2abfa93eacec04721c019644584424aab2ba4dff3ac9bdab4e9c97007491dda,0.00027031410498999837
Source,028d98b9969fbed53784a36617eb489a59ab6dc9b9d77fcdca9ff55307cd98e3c4,0.00027031410498999837
Source,02ba54585837609251865ba9835a32fbeb07f96abc20767dedaafeb17a2e5b8acf,0.00027031410498999837
Source,02c44f694d85f3bc013fa4de079b6cfd55c08a5e165649d09c6ed3a4bd1dae0d90,0.00016218846299399903
Source,02c91d6aa51aa940608b497b6beebcb1aec05be3c47704b682b3889424679ca490,0.00027031410498999837
Source,02dc8e1989f6250411e6e30137ee1e984ad7f8d3aa51454f0a40faef0e98052381,0.00027031410498999837
Source,0326e692c455dd554c709bbb470b0ca7e0bb04152f777d1445fd0bf3709a2833a3,0.00016218846299399903
Source,03271338633d2d37b285dae4df40b413d8c6c791fbee7797bc5dc70812196d7d5c,0.00027031410498999837
Source,033e9ce4e8f0e68f7db49ffb6b9eecc10605f3f3fcb3c630545887749ab515b9c7,0.00027031410498999837
Source,034ea80f8b148c750463546bd999bf7321a0e6dfc60aaf84bd0400a2e8d376c0d5,0.00027031410498999837
Source,035cf526f4c01ed693bacd7434461b9dc53d65b910fb3006110d8b42a574858fb2,0.00021625128399199871
Source,038bcc6471941c7d6c14a8ce5b7159d8f73a3a0bb9a93e8896bcb892e14552658a,0.00027031410498999837
Source,0390b5d4492dc2f5318e5233ab2cebf6d48914881a33ef6a9c6bcdbb433ad986d0,0.00027031410498999837
Source,03bc9337c7a28bb784d67742ebedd30a93bacdf7e4ca16436ef3798000242b2251,0.00016218846299399903
Source,03d32e5618df518e911e2c0bf4686e9d236ae9ab0afd442f0a5de28b74d64338b3,0.00021625128399199871
Source,03d919aafde3dd26b112d45fe2222aab874e88bfe90e1a21f21ae87d402232d707,0.00016218846299399903
Source,03e9c99fddf5aaa60e22c166622206947b1fb14ae2926f550f837af6aa83556bb8,0.00027031410498999837
Source,0226f31c5f3a8b48bbbb7aaa97a10effcfb445b5972a676955d5c095383d35a428,0.00016218846299399903
Source,0328fa633788a0792d0e6f81f3bc7f765363e3b8c0c40806276e0c2b209d866eb9,0.00021625128399199871
Source,0337694505123a12a8fadd95523dcc235898ad3b80a06e4a63ca26fed68dd0d17c,0.00027031410498999837
Source,03facfde6cc13310d7c20a8eb69baca8ba9dfbdd1b5a49f647e6914e7cfe0f4ec1,0.00021625128399199871
Source,020b016e12ea77fd894e9bee0fb852c5153f19b64533b67a13d128c637697ad3cc,0.00027031410498999837
Source,020b89502397dede9af0a453e438f611209a91db26d7b5f6de26a43de5ffe6af20,0.00021625128399199871
Source,020f5e04764a0d5b256e20e6c41c493a8b2b5ed0f755cf6ce52c1dbb1ac3e2f5eb,0.00027031410498999837
Source,02106eafc9627ac3afa589def4a05486600f62c5e224cd14c2957fe519c1ef842c,0.00027031410498999837
Source,02109ab6b08d040364c660cc176ce54b1bbcb6c33c2fab3e26a63ec3b260927d72,0.00016218846299399903
Source,0210f74eff371e381b2be88f60d5846462d06d91145a66203b9d05482fdaba4e8d,0.00027031410498999837
Source,02145fb4540069b2aa88723470896c5d607c52e25244ced1346b4de8b3494789d1,0.00016218846299399903
Source,021607cfce19a4c5e7e6e738663dfafbbbac262e4ff76c2c9b30dbeefc35c00643,0.00027031410498999837
Source,02180a97ae2fe9beaa78d33bc6e646a07c30f337a184953344fd0946eb851ec07f,0.00016218846299399903
Source,0218e396e20a50f2f9715dcdf9afff93622607e9995f2df7020b228ebec587d127,0.00016218846299399903
Source,021a5c8e6d38e468596db450b90a68d63a3ce1505ea73778ec0729282381191410,0.00016218846299399903
Source,021ab948d27645d6f51c7d1c8deac9408788036d3ebbe82fae3cf2d74c05fb3287,0.00027031410498999837
Source,021d064e3b9a9dfd70f0e7485f4b1e96908d18a006d181a4df43c222a4657454bb,0.00027031410498999837
Source,021e0743e92c033b57072adc4f8ff6525c6430c4df5de735646cdd823993fd7706,0.00016218846299399903
Source,021f1e6bdf336f7f4ebc7a585d7645ac90be3050e0dd5ab5e814d1d7bef8b897d4,0.00016218846299399903
Source,02202eae147f1ae466bc77c27affba6e6d5ba01439071b8a62e55bc134ec0d7373,0.00027031410498999837
Source,0227fa9a86de0924b670df5451ddaef8f1f68f655e1dd737a6749d20cd6f6c8b77,0.00027031410498999837
Source,0229715d85d30a71e3714debecf6d1a8f9afdbd3e1e9b79ba27ae9efa12bbf4105,0.00016218846299399903
Source,0229ef8a409f8c1ef38e50206791ba05bbd8a7493e03b110504c5d7878253756c0,0.00027031410498999837
Source,022c402216eee911831d0d21e8ff5d9f2ac664b7c24cb674cf9e90b00f99a3d7c3,0.00027031410498999837
Source,0230faf7c3b2d0c4551568ee657348b77c48d8d365a31f240a832431bb19307f98,0.00027031410498999837
Source,02325d9c4703e476e146a6f26d1375a486e1237cef1225e809c505aa75e4c1c45f,0.00027031410498999837
Source,02375b91bc583eec4d1b0c906d5339ff175c5512d4c3bdad03af745c34543d93a3,0.00016218846299399903
Source,023966880f40128f00e0885676a8b4d009a3bdc8d1d44a84e3ee0dfdfb1a8fc152,0.00021625128399199871
Source,0239a9362ebd05bc5b3316d5bffbcb16165a4efcb2302e5c2fa4663f952858e526,0.00027031410498999837
Source,023c0a5ffb6c1cdb69024d454da062394a3f15e4caafd172b74258f6bab601659a,0.00027031410498999837
Source,023f803c570100380ba088c2b491eb238f54915732405228623953627da7c500c0,0.00027031410498999837
Source,02461b4b7f4d38ad542fdda77e1d1f494cabdd3c99514d8ae6bf1ef61bc3a44f54,0.00027031410498999837
Source,0247bb7a1216ae1cf48def6eb2d3f39a1a0e909259e508dd0c05a11e9388061c07,0.00027031410498999837
Source,0247f333757d8767d90f92c633c5676643f4154f0cd82bf34191a5f0bed9310399,0.00027031410498999837
Source,02499ae9609e459bd1d75770a450d4f9c79d1990664e36b325dbb8ca0ffded8400,5.406282099799968e-05
Source,024a94efac7990e56082c51630bb408e275524565c20f4345b0771dc644ac31b9f,0.00027031410498999837
Source,02522af421a0dab5146b64eccff2428c9bd2b275859d68e0367a71e586a77c9c00,0.00027031410498999837
Source,025489093ccc58eb9ceb6546009bef1e4e346c707eaa0dee9aff9209eb9e79ff95,0.00027031410498999837
Source,0254c26b8875b667cf6dd39e016016619e18a244c088f4d5a6048b296dfebd79d0,0.00010812564199599936
Source,0254f4e4672d919587ea08c9b0b2ece59603ba6ee13d79665eb99afbb7a4547245,0.00027031410498999837
Source,0255b6454150dda61464242778868d95c0bb0ad924162affb23cc268666e16f91e,0.00027031410498999837
Source,0259fbbef1c371cdb49f964e4614fb12c3edf537e82212e90d26902394ba01e018,0.00027031410498999837
Source,02638b42be63448445e8d522574cf411281bde1544e70b69c9d1cf35700f5f4669,0.00027031410498999837
Source,026393adb3d4f4d7330d3982b1d91319205bf40d2a7e80a757ac667229d2ec0606,0.00027031410498999837
Source,026606c031210ff5a38e193bfc3148ce8147f18f93637ffcb967d829ab361e4852,0.00027031410498999837
Source,026a38b5d58e84d88b1e4ef072153daeb72c317468d33878978a3728fe83d59ecf,0.00027031410498999837
Source,026d692db4c19b1cad27db4355057d82aee88b1d3babf87957318be0eda00bb054,0.00027031410498999837
Source,0270a26e0772d0cde73d870cbadf632c5377f83ed02d979f866dca2e8c49ab8551,0.00021625128399199871
Source,0271fa10958e6cc561d9295645d501f230ebafa1bb7a5d3a0f2c5ac2af6f5b8796,0.00016218846299399903
Source,027652585a9795d03425f588571a86375a1a83d09c721f1c5736abeb56c3c4a6d0,0.00027031410498999837
Source,027831fdda22a3fdb95ac7f4a6348467720ba073edb61317c7bc965315c9e5bbe1,0.00016218846299399903
Source,027906859e0d9d26a8bf3320c007847dc29f7476325732e3c21eda0a2ec4ed0700,0.00027031410498999837
Source,02795a9a9d9aee4dfbb9247b7bc07887a965d9e2a0a583673bf2f48e0841e7962c,5.406282099799968e-05
Source,02836794e5e74e835c63e56dd56dcc31300ead55dc5437693e8f0d5ddcfc630d5c,0.00027031410498999837
Source,0288be11d147e1525f7f234f304b094d6627d2c70f3313d7ba3696887b261c4447,0.00016218846299399903
Source,028aac415e5c3f5bcfc0530b9027fd5f5f6601c2e54dd179eb927c99b0922d27d1,0.00016218846299399903
Source,028b7264dc679f945aae21d2bac9db15e78aa3f6ba2c226eec7b78ff5ddc507e81,0.00027031410498999837
Source,028e0f275b529ed75e0b5eea2d448636ad6ce06b815698a3d2faa57ba4d438c45b,0.00027031410498999837
Source,028eecb64901349454ede06fd58004cc6205d751513d6dc96da1cf9bdd622f50b4,0.00027031410498999837
Source,02907887f9bfcc9e83512bfdf40ddfdabcb8569786f11ac3e9c52c42d77da3eb6b,0.00016218846299399903
Source,02931a67262b2c9d4bdb88504effab703d8379716406814316e6d1bb7a84768fa0,0.00027031410498999837
Source,0293dfcbbdc0b1db2faf435e96ec435eae1f918271c66889d7daec4545f6ca6277,0.00027031410498999837
Source,02967d7201143639be3ec0445464aad9ff433976ab46f6819e8e6d103dc21045af,0.00027031410498999837
Source,02968608642dc4dce89cc9142e2c34e4323a98c0772d3dc24fb59581f4e67e8acb,0.00027031410498999837
Source,02977d7cb87a0de73dba86cec35c9916bd5fa9253c1d087fb46eaa986885af2a78,0.00027031410498999837
Source,0299582fdb23f3283d30d679573cd5223eda4602a32a55ad66b79068138e7f7cdd,0.00027031410498999837
Source,029ce281aff306ad0cbf10fc860b299aaa5c0f8946af85f46f023d2b725033cfa5,0.00027031410498999837
Source,02a7311555b28f6851698999c8045de5dd3a355feae444e6ca1300bb52cceb1e7b,0.00016218846299399903
Source,02ad042ab8eac8e615bf8408ec3c267f3d55a37f0837d0066a74bc1772c7b692cb,0.00027031410498999837
Source,02b1de90cd9aaca5b9b74f473e770bbee62df0645ea12e33ebcad8cd18a5f20093,0.00027031410498999837
Source,02b2c0e8a09784f75e6348e00d5ffa55882d24a0d078e47dca1e5d07a218d90ba3,0.00027031410498999837
Source,02b3574eb067bb270b76308ca3c7febede0c4de5333cad9683a27b2e572e18e044,0.00021625128399199871
Source,02b7e3d0a5aac953d01ab2ed046c4f6dd319a47cc9ce1f4380ccfadbf164c69e23,0.00027031410498999837
Source,02bdb62df29e3c465784f471cf4405d68b743d88e64e40db0e666b6a04a06dcd26,0.00016218846299399903
Source,02bdec497f62a689e1a1094814fc02206ff98d1ce08c564e06269c136d4ecc3e4c,0.00027031410498999837
Source,02bdf03ac2a999c80dc44972eec997de353448f67e79b14e983acb091957938433,0.00027031410498999837
Source,02bf9b5430a21ffb8ef243fe885a82543ac12a5c5060f011cb018450015fa9d8e1,0.00027031410498999837
Source,02c066b5c326e52bf58ab4fff601ede7ad07f9497ef050ef1a83fc8667a575de2d,0.00021625128399199871
Source,02c095d069538f96bf14c5f90f6c0851bdf354a0ec86039a24bf38a73f705adc2c,5.406282099799968e-05
Source,02c373f58a0bbbc613f8a60129582369f05402800b7c3febfec6b86aa3a8595fcd,0.00027031410498999837
Source,02cabbf55e79f64bcddf18fdb6da82ad351383e61005dff7f3c88e1e10220347f0,0.00027031410498999837
Source,02ceb27f3d4e32b83f37dff8bad8cc802dc0f380ca0193e90514ae25bc32c7542e,0.00027031410498999837
Source,02cfd51b25292efeff3a886f39402b869fd5fc4f8f61dfc5c04165be67a774376d,0.00027031410498999837
Source,02d2ea64d766aec8e2b6205d78d793f79b93727d591818e0c2fcde3c43339a37d6,0.00027031410498999837
Source,02d3b1836dc2ec9af7ad29cc741aeefb630e99b57aa1182c2b90499fdcb5f18d92,0.00027031410498999837
Source,02d64d032d72d826b0b3ecbe359f11236995abd2491b5868c0abff42f7a0327a90,0.00027031410498999837
Source,02d6e3fe44e45fdc3a2c05eca763487c5ce50a3dd4f2834075d0e3641eefcaa73a,0.00027031410498999837
Source,02d899a2cd32591775569c05457cebb27d06210b5aa99a942d850fe38e9a6ebb7c,0.00027031410498999837
Source,02d8a1d22732b1e2097ddb074bc15b3d14234ea5a0655df2997a67255df5c74765,0.00027031410498999837
Source,02daaf8996a270f6da09ecd7a8e47ba04c776471505eac46b01d790ce2ec08d2da,0.00016218846299399903
Source,02dfc9310263062fa4c1b2ceaae1c87412fbd1f75a4e3f5daecc66823900b07f02,0.00027031410498999837
Source,02dfd3cc8212d496ab64f59be43c65702ce9fee04eb78f4c06f350e53318237784,0.00016218846299399903
Source,02e60f549303ea17f2a811a2bb47d76465b37e02b93b18cf0ba8c57b39f7c74130,0.00027031410498999837
Source,02eb63e46a9ea4b1ac7d6f9413b8e30c3258f6fe10bd5023190e1518ea93dd4745,0.00027031410498999837
Source,02eca3581ee816bfa5e1acf3f7b557592ef359f89bd33b23c238217366302498c2,0.00027031410498999837
Source,02ef63b97e509c84ed66d43afe072fe425f4f1423053adb045fa47be7e5e33cf9c,0.00027031410498999837
Source,02ef754a13d37b6a1d9747a01866dce19adf5adf82b7581b8bf08e7dab16041eae,0.00016218846299399903
Source,02efd5a2e8c08f29f9b592d944d398c6744256dee8539f0994f1260bf23c1d3d77,0.00027031410498999837
Source,02f324df7694f57b7d800d5a64f62fb226eabc8fbacb997f3ac5cd230e37944fbf,0.00027031410498999837
Source,02f649d5dc82672290cabc4ad85022e77c2f861f4a93bc559abb8fb50ac790166e,0.00027031410498999837
Source,02f8afda05622f180587be3048dfe1640369a415c083121b4c9419d71a483f02af,0.00021625128399199871
Source,02f90a1f535bdc0c3d05330b427e1e04d854f5fa0d8297d5a78a7442811999f07c,0.00027031410498999837
Source,02fbc02a9b4aca24ad5e077846a7669397f76749a29c5f06d76b43c118eeeb04e7,0.00027031410498999837
Source,02fce3ea57e9ce97cb7da178b91ba00d194b1a4d0928325463c777622b88eab001,0.00021625128399199871
Source,02ffa359fda252dd4d928d1a8505227fae63079e4e4e9b8f67087ce9bbfb5624b1,0.00027031410498999837
Source,030000105571185e167b79408f78271005c2bd3c76d3acc68a5f75ed58915cbd4a,0.00027031410498999837
Source,03000c0eeebc2d5dce3725f4a1c74572529fa3db071f290b6323164f96e2cbefaa,0.00027031410498999837
Source,0301e46e7f02c955e274bf60dd819c153d93b2d87017122df72ba3dc06af4a294c,0.00016218846299399903
Source,030326c4b6b073c402e86fff2933cf3f8ffff1811c097bf733c2eda4c5916b36f8,0.00016218846299399903
Source,03057c42a22641c6202489b2875ab171b6340b890cef2a213cf1e79ac8f77d03f6,0.00027031410498999837
Source,0305d68eb4b9f4b394b57e0b3b05bd42ebcb19bd5c9a24492eff9319169824e13e,0.00027031410498999837
Source,03080b61a2dab8ef6bd9a227377b59b43f22662430236c0c620f405dc8d422e2db,0.00027031410498999837
Source,030b178d86fbd13f395d178a0bc4fe7e367b4d0433f9a47c42a28443fef84fc395,0.00027031410498999837
Source,030f9d9381bf02c158af82d221ea3a9d6c015a902036450ae714173e83c5d424fe,0.00027031410498999837
Source,0314a77523d1dcbc5db56081edcbc24ab820b35e343a6c6769176de707c178d457,0.00021625128399199871
Source,03171a0e9031375c5fa9992f9c556ab254248d9984342922be554c4fe2ab8e7ae0,0.00027031410498999837
Source,0318cec4082ae263053f6b738f8238a62d7e426993c31131e5d1d21a5b5c0927fa,0.00027031410498999837
Source,0318e47bb5966402f38b7eaeacf0eec0f5407ab3ea8f897c74502bddc113a4451b,0.00027031410498999837
Source,031bc25323a6dfa2c92f793739558faa7109c60a7b3857c152ae49047232e3e246,0.00027031410498999837
Source,03204fdaac64b5101bb5d8a1699b3067b4c617c0ea4758b36158f489dad1027ef5,0.00016218846299399903
Source,0320bd97e44c074e44168b840a86b920bdd9a08d07524f654ea32e5d3f12688e5a,0.00016218846299399903
Source,0323adf01d03dd71a39cc703dba3324f8c053f5da734ada1a026bae703d81279d4,0.00016218846299399903
Source,032470ad49f32eeffdae38af4689cbc7581e1ffd8b98cc533d1e40c27428ec17d7,0.00027031410498999837
Source,032705858146e9cbd40b937daa3ba02f2f9ff48fd976d42cf2f000517c2bf78911,0.00016218846299399903
Source,03290056db1f9b834a39cfd8727f7c35b15e52dfb1f1c9db83a410dce9a7d2948c,0.00027031410498999837
Source,033081f5d5f77b53dcefc0b83e2f3926cefdd48b9cfcee281101a6a6ee92e14227,0.00027031410498999837
Source,0330f1749117274b57951c9ad95c39aa6556bcc9d3ddd2697976ea720fb4969f9f,0.00027031410498999837
Source,0330fbfe20227f84227e5823f80a7f9759c7529b4071852e56e6f550360d428dda,0.00016218846299399903
Source,0333b2b050198cf2dc3175ed05826251d7cc97ecdf267d3f34cf048c2422803bd8,0.00027031410498999837
Source,0337535848e6d63e626a1de4528832eeec7daae9010ffd6357cc523619f532aa3f,0.00016218846299399903
Source,03390feee209ea18e7dc387be04035508e213e4f4e8c36dc53c337f59ef9273a52,0.00027031410498999837
Source,0339995292a8f2b2370489e2a8b3d359a18a95c4d09de9fbe5b974d887c4a7e6b0,0.00016218846299399903
Source,033c11734fb3c9f30db392e12b4661f0ffe114737a49871c0cabc73f0fcd4af69a,0.00027031410498999837
Source,033c4f63a79100953785fcd85e1c11cc8ef6e7514b77042d1745646544dc3b0e91,0.00027031410498999837
Source,033d38e07e2541628214c8184cf6c562311059872363e9f538b2f45434418b5bc5,0.00027031410498999837
Source,033f5b33099a9a7628645b692fdd45492b359f8a8375d460c3341cb9afb8169bc1,0.00027031410498999837
Source,0342a82e858b7ed032b2054639016a6f398cec11b9428db269c61bfae150bc6870,0.00021625128399199871
Source,0343efbcaf52daf9fd980ea9bcd504df1263c50e076787042fd3bd87faaf7cf27a,0.00027031410498999837
Source,03460aa140bedc526745cbc844e632314f64ff39efadc98abb77ae10f306d097f6,0.00027031410498999837
Source,034912508815cb90e91dacb1b36e755fa057497520bc9191c770f5b58a06444056,0.00027031410498999837
Source,034b4658f3e6c3114c6470942d3d108463b4c1cc76697d45c46dc4336d2f6d4521,0.00027031410498999837
Source,0350e8672e1cfbf20f5853505041a67df6fddbd8d3aea7886942cec9ecd27312d2,0.00016218846299399903
Source,03590d628002dbaaf8fd8b20e5a8624cfa051adb1f85167bdc7e47fa994dc44339,0.00027031410498999837
Source,03598656c47982eacdc64f0e18074ad7eec085f116055db40063a19f4e23b3d406,0.00027031410498999837
Source,035adfeca8fc95de5e2e9dbf9be39ac577b510e7dad0ad9287117d01f282eb667a,0.00021625128399199871
Source,035dad5f595766e6f27de220450015c21142543af7dd101bb7c601b424d10dead1,0.00027031410498999837
Source,035f6cea030176481dca0aec07d5ae076c2cd652ea34d1d04ce122577c836170a9,0.00016218846299399903
Source,035f82b8ff1f8805366cbe4d1ba20ef90c46fe31b17d5a677bc48a5c17e593b922,0.00027031410498999837
Source,03602f0224be36145acd9246d7bf41ef9ec887de0ed848b92b4efec41bcc114cff,0.00027031410498999837
Source,03648d283a4f47671a01612abfa58973450c30bd0a709132798acaa596c45e12bb,0.00027031410498999837
Source,036595db276e0b5035c8d432d774dead27795449d9d5fa447672eaac4178df5d32,0.00027031410498999837
Source,0365c9be671852ca838b5d561d3b1aff853e6600d3b426588f6d7cc5f80247d2b9,0.00027031410498999837
Source,03688d87335d1a9ea47537f563492b0346f8b3683e52b2bf1c1a125e2cf8449b5d,0.00027031410498999837
Source,036ae7701c8a296b0d52c34068799de2964b3a2621e3d8f5977dbaa976cc00b4c7,0.00027031410498999837
Source,0372b9d6087f8aef01f1e2f34ceb09eb2e5e750b3845077e569597b1e960bb7999,0.00027031410498999837
Source,0372bd00e7c43efd583623d8fa688141b91e00d0ad65b29b630bf7188804da50aa,0.00027031410498999837
Source,0373ffcc34d5ec309129f975e1ea809daacf38de71eed7126266fbd13634750ba3,0.00027031410498999837
Source,037641f7ed5a12c1a148cc0cb92758a0266a552a195200a35043dd3c01d103bedf,0.00027031410498999837
Source,03780dd9efc144ac5d3d653bca63e3b6b4f91c82be4ecafc416e04ec5344db5872,0.00027031410498999837
Source,03787064772ce3eeb981af66732254e195bfba8cf57a84e8f4b8e6d0e15a071564,0.00027031410498999837
Source,037c21b765198a0d53fbb678049bee537c7d30133e2c8e2b4eda3f84442dce1dec,0.00027031410498999837
Source,037c6b271bc2c7df7e274814ed3044684d899b7c550e2522f2c824049083afbd47,0.00027031410498999837
Source,037cc91c054c31c3519cd4282b8cee8d0123dc04d422dbb9663b9b4ca715e55b9b,0.00021625128399199871
Source,03859670d82f62dbe6c1d2c3b453d87e17e2dbc4cd69341435ed83b58195b010d1,0.00016218846299399903
Source,0385b4d74c9463e9cda6db5a4e6130e2a0340c49c3026daa763808f2cbd4558965,0.00027031410498999837
Source,0387ddb07315aabaebe2e2898ad5ee0b0ffa3c46d3894eee2632d060a3b4065b32,0.00027031410498999837
Source,038c736de97aa63b60bb58cca0945e65b36109f68ef47cb53a8002a059932936db,0.00027031410498999837
Source,0390015fd1a8612df22e648844e310a713bcdddec2f85b3875c5739ffe734281a2,0.00027031410498999837
Source,03912363d1942594b58861fe9f9507dfae239a1e43038fb15a20501ac6868112c7,0.00027031410498999837
Source,03925ecce6de3ebcd5dfcc42c0eefc697ca136724225d4c32ee01b133cb87696c7,0.00027031410498999837
Source,03938f10b2bd7b693f1a2205d06081f778a5a540e8b2273b9b7f5e45938cc9cb97,0.00027031410498999837
Source,0393ce8b27e037e9dbf9576fa4615a42b48ac84917e519197c92d475e8edcfb51e,0.00027031410498999837
Source,0394a8cf19969a6aa5677f5b62b37104187b967322415351286c928fd66ceb0d97,0.00027031410498999837
Source,039c721135b4221b1076a6f663b2bda9d12f2446b80a3c825df17a86a96824149c,0.00027031410498999837
Source,039f5888701d162da5c6fda161521aea1df813d845405f964ec54bc432b3ce4879,0.00016218846299399903
Source,03a1aeebfadbfb6aef16e87e0cbce69c7339497bd214daeb0058878906ec10f7e7,0.00027031410498999837
Source,03a1f3afd646d77bdaf545cceaf079bab6057eae52c6319b63b5803d0989d6a72f,0.00027031410498999837
Source,03a3d237cee59e33c30e7a95446aace8e7cb92ea7368a5dfedcb7c4b71a888c5e5,0.00027031410498999837
Source,03a3d9e29bdea577fc8708056245986945ee5234d98a56cd67428094483668ebb4,0.00027031410498999837
Source,03a59ebd9a20f2b8d6c366473f6e2e36254aca0ed88d5d46e9b0a3a5276fe25ebf,0.00027031410498999837
Source,03a5c59c83b3e77ec51a6e65ba86936f9991931c878ea06bba05cd6ade08e9e78b,0.00027031410498999837
Source,03a858dea8b0ece46ac5543dd89611fe8e17706bbc472722a585a8078eee9dd3cd,0.00016218846299399903
Source,03a8660bd78eb0ffedecb1314201c50c610b7d39a75bc0965c8fb37e7d66f14842,0.00027031410498999837
Source,03a92a92e64eca60c122e87e90c6373e6ce23b171ab6f8f5f24c1512b668629a1a,0.00027031410498999837
Source,03a93b87bf9f052b8e862d51ebbac4ce5e97b5f4137563cd5128548d7f5978dda9,0.00021625128399199871
Source,03acdb811601aa7fe38347c5c0818c9d7b7942cf5d8cb0c71e22f94cf8c4a63d4d,0.00027031410498999837
Source,03aeb303fa7f58587e8f08dc0e1127c3189207bfaad396cc8774b2a76d2c655b8f,0.00027031410498999837
Source,03b004c305cf95a0aad70d9f4ccb2c31a9235439d4262fda1b1f4b5f528444417d,0.00027031410498999837
Source,03b06c880c5d2451c78e2d58864ad1d12f7c6ae5b4e3209701783a8376b1fa661e,0.00016218846299399903
Source,03b5effc7e8402297e7bebf2358832a4e4ef8b35b2205d9575bcd80324c20da929,0.00027031410498999837
Source,03bb1b981fef92717738d51215f7cd51c6d0b9354cd6db68aa4a05cd6a0a107925,0.00027031410498999837
Source,03be84f0443547a5ff97df6ec40e9506df7fddde0fda9fc9c7793a344f19a388ed,0.00027031410498999837
Source,03c2a82c4a00218ecad7b4b811d8ee34fe71044a1677cfb958a072716c62b75da8,0.00016218846299399903
Source,03c7eb52b2f34a8fbc9a346c43c94d9f9e177620fa7086861453894271f904c74c,0.00021625128399199871
Source,03c9e422da6b3c9a29d65f2c91ff73c36c93d645ce91e125a7a20e1758b42cc309,0.00027031410498999837
Source,03ca3af61df598f549e4ad99fa29605b44aeb1463ae0e4fb79168087226b27a687,0.00027031410498999837
Source,03ca430e1a08054edb69de5c6812edbbb67db6b7ee775acc4ff8349255c95c7623,0.00021625128399199871
Source,03cbc091a70ca17802ac4cbaa92754338e7582344702f2ddd44b6a9543fbb587b0,0.00016218846299399903
Source,03cf486ed3df742e344c7e944019e147ee7a01cdfdfb123bc3042f4c6e9feb3934,0.00027031410498999837
Source,03d06042e80fa9bbbc30480cba4f998db16d5f22f9d4d58606d7271d81975db777,0.00027031410498999837
Source,03d06758583bb5154774a6eb221b1276c9e82d65bbaceca806d90e20c108f4b1c7,0.00027031410498999837
Source,03d1e805c38257b713340049745ff5a15d9ee5d733517a1d48a956815c9482055c,0.00021625128399199871
Source,03d2322cdbc2ceff1c1a463d9a05bb874197299c02896ef46ea3e17a3a459562bf,0.00027031410498999837
Source,03d9399d2e1344e4adc5b405c96afe79564478d3b3c142d0aa88bb99b10d30adab,0.00027031410498999837
Source,03d9f69a90c7fd013a585710c4dfcc83f9faf51ea544995f36a7d8c0a91511463b,0.00027031410498999837
Source,03dcf175d20c2fc3e9f58550c15b55cc456ca13c663be71914652a933a7d2169e5,0.00027031410498999837
Source,03dcf81668d31e69799a869116ad2c60726b2e896d220ec8b64682ea4ae43aa286,0.00027031410498999837
Source,03e4df2558737184a1be19fc5a3bc39380c97cde5e9718e952adaa551a597908fc,0.00016218846299399903
Source,03e4f3d7ccf98bdbf24085b948f204a6c0c0b4464a7572cbac85c746085b14bbc9,0.00021625128399199871
Source,03e5a86bd6b9f794f9b72b6c180d29369e2c8374eae701e93d31b37fc6a6840d09,0.00016218846299399903
Source,03e810678921935e5e16c5f32747ab743111335b6a87d0bcb530ce70c01ada5e9d,0.00027031410498999837
Source,03e8131fd86c0929f689b26bd48f5d227b6f1f2cbfdce96f053341944a07458945,0.00027031410498999837
Source,03e921beb1b648871d869469f5136d38039b1691b30aeb561c9dee04d30c9cde00,0.00027031410498999837
Source,03f17895bd544a2e48aecd7365bb5e413c20518cee0945324a2be02dac8ef6e8e4,0.00027031410498999837
Source,03f778538df6dfde80eca8a943847635a5be670df85406f1039868b8b1fd3b205e,0.00021625128399199871
Source,03fb24911a8ffb909e7eb7eb3bf65c9f9494ed73ab81e0522a0db71b570a9ca9ec,5.406282099799968e-05
Source,03fcc53051a4796b5c0ffde3a3c12acbbc3b0f4a71d69f7fb08648804567d87341,0.00027031410498999837
Source,03fd3e0f2504e149b1907cab853712a213b182b8c972169fa3ad009b623533103f,0.00027031410498999837
Source,03fe511c8372f9991663c4209c7d7bc19ac13f08c167986d055643006d8f2f1ae8,0.00027031410498999837
Source,03fe7b98a34674cc96e131a25ad23b434b8de9d1a8b2e9c21863011cd9dfe01aed,0.00021625128399199871
Source,02f4c77dcf12255ccf705c18b8d6b95e4f884910bf61e8aa21242607193a79da1b,0.00027031410498999837
Source,0351664db87087bc70c98e9df6e9d515839896c887a7df2088dc56ceebb27e3aba,0.00027031410498999837
Source,03e9cbcd46bd7de2a1559777e7f0c6681522a9b1821b994923da748e06b796cab0,0.00027031410498999837
Source,0202dfc1c6a94efead8a9f88236f2338345f7a2cc6924226e904e68f5ebc7dad20,0.00016218846299399903
Source,020e85b16f267cd0128c505101047308768fe240059a89c0be6dce3f500957bac7,0.00021625128399199871
Source,0217a309762fb94b9dcedfd16485ca2e52f3f3c8fa1cbab54e8f922fcf1454bbd7,0.00016218846299399903
Source,022387c7a6b5ebbf53960b56e88fae0ed0aa8cc1fa58158492b135b703c9a2cf97,0.00027031410498999837
Source,02345b36322a4beb0949c6726a36839a8eb30c29b1b61ea66b8d1594ec06f4bd5f,0.00027031410498999837
Source,0236333aacf54604abf218af6ab116d4fe6f16e527502e0019123d0cc3c7a8a194,0.00027031410498999837
Source,023a48106b7b6cd84ca58cf086a00177bb5d1e999aaa9db82cca58bdaaaed1829d,0.00016218846299399903
Source,023c52a46c4d8b74d24b237682b4c1b982233a8e5c8575f16cda965ebcbaa95c01,0.00027031410498999837
Source,02656b7abfeb4065ca1b52310af76750e769718b2b0dfce1ff4f07fe5cef3c3ff8,0.00021625128399199871
Source,026b33a83311adebb7915427734e483787ef57d856f5c792ea6f866cfea7e58908,0.00027031410498999837
Source,026f46207fd290a33cbd86e29b3ad0a47cdd44ab9aa5267cde66483e10aa9d3180,0.00021625128399199871
Source,0293952cbf1be801ba5d73ff34a950affb64fcbfe2d0f46ed0b32c468874aa0d57,0.00027031410498999837
Source,02ae4cde808ebee3684b7107fd337b1b05a1f12e92467f12c24cfabe5b75e36152,0.00016218846299399903
Source,02b9735190f3e98ee3d96f0cef0bcd02af2ee37141d5c2d969683b354e2293fd8f,0.00027031410498999837
Source,02d695b01c7a6909e716c863fb39bc5fb7bbdc3824b7fdce53adc593e5be080e73,0.00021625128399199871
Source,02dbdf2312bb589a721604f3cff62d11f0d9adcd3602a66df3c413e8ba0c565692,0.00027031410498999837
Source,02dd3fcdaa17b9bc83bf7138fbea85d0e83385a68b5fc8f9933658c8ee04644f68,0.00021625128399199871
Source,02dd4a9cf224e290851f6af83072e2496479bdf4b65e1733e92e24d42a0ba89a75,0.00027031410498999837
Source,02dfe525d9c5b4bb52a55aa3d67115fa4a6326599c686dbd1083cffe0f45c114f8,0.00027031410498999837
Source,02e869c409bd62ca84e9306ad96d9daef3b2b31a1c777b501fc55f2c09969ce1a3,0.00021625128399199871
Source,02f7ff310d5c6f97261b32197ceb1e2d6e466bc7cfe2f222c6fd2685544a81f8dd,0.00027031410498999837
Source,02ff0713dfc6191e69033895098837d46823ba25241d6af1e896900f1b20f6cbe5,0.00027031410498999837
Source,031633471d005f37252ede8114c6f4203e0a668270532f0f11a1e4072eb2eef272,0.00021625128399199871
Source,031f3b9c62afed62f9939ac4abc28dc4bf70b198a8410b3634e5676462f5932fa6,0.00027031410498999837
Source,03284287b86a1378fdfa5ab34d7a7528f10bbdfab4c301d34087ca8996aa2571de,0.00027031410498999837
Source,0332f9a34057f5edf02d97f0cb484c78a0420048f5031124f4b53cc2006d05c62e,0.00021625128399199871
Source,0342ec03d283d1ab1d36fa20c8d1122ea19ef0e65c27e99414ab5e24d700a5e7eb,0.00016218846299399903
Source,03466e29d4bc1a2f7a63f5d385e9d489cdedc27d7d3f0196cd053e300d9253e10d,0.00016218846299399903
Source,0359f88efc91da26b443d2fb611b6240531dc662ff6c789fedebeff45cf04833ae,0.00027031410498999837
Source,0376bd2f87ea8376ae5b451f85a4210e4df5ce81b949054288def4c7867640923c,0.00027031410498999837
Source,0379221a4051d4171490e43e4a09e218a02941f06996b71cd814b290da08ad5f7e,0.00016218846299399903
Source,037c4745d5b32e63f1989781c825d5e00798ca9a148455bfd36ab94a1384ec7ae8,0.00021625128399199871
Source,037f6c805dfef7a0f01cca0abcea96352a32aa478c63c974bc2e726cad8d026a89,0.00027031410498999837
Source,038785f5cb66513dde1d874393f7a85862d70c276601a54572dab16e3ba5ab8503,0.00016218846299399903
Source,039c66f4f373358478622683601a5835aa8a5f53c2da1a25f1d3af0b1dad0c72bf,0.00027031410498999837
Source,039f84a3bc738d14d0ae48061f6fb2433822d2ef2b6359c8bdfa4f399d0802275f,0.00027031410498999837
Source,03ab9dd5c008c8117f754b7cd59c08b4d53489a03fbd66dd9be8b108bd93599aa0,0.00027031410498999837
Source,03ca171e97e2e86f9e4682bc9fff84868f6d2ffd605b73667fd56b14e0797e44f8,0.00027031410498999837
Source,03f1f9d524dadbc90e682bcb5c330eca642f7af333cb47920bed2be136a3e33f3f,0.00021625128399199871
Source,02553fdf4cdf01219db760afdc9ebe98a044527ee639fe690b8f422c71ab1a235d,0.00027031410498999837
Source,02018467279b42635c6e923b71d6bd914ebe8541decc09c2f5638678d038d954f5,0.00016218846299399903
Source,020c1f7928954b0fe4a734ac7227652d42ee0d033fd901d60f98e81c3a06f0dde4,0.00021625128399199871
Source,020de4c7b3fcca7eac8fe5ac0fb9c87400db5a931baec35251fe7c55f0d0f91773,0.00027031410498999837
Source,02115d3de2e740854d46375ef945e9ff8071832e75ef047e795314119a3a734f8e,0.00016218846299399903
Source,021ab89df9cbd28cdab8c71d228ca40deba1eaebd827f24849ec4f3e919c023555,0.00021625128399199871
Source,02257c8ef33feaa880677b59a1168775b2a91c5472a1a7d7233941f57143ed6c71,0.00016218846299399903
Source,022e687b9621f4a9ae5deb5836627e1a2bd218a1aec3b831f3aa43e4472497a775,0.00016218846299399903
Source,0230a5bca558e6741460c13dd34e636da28e52afd91cf93db87ed1b0392a7466eb,0.00016218846299399903
Source,023e24602891c28a7872ea1ad5c1bb41abe4206ae1599bb981e3278a121e7895d6,0.00027031410498999837
Source,023ef4f837bc76e5c5dc5765141edf54feea809ebd58464785c6fefdf7a19cb91a,0.00027031410498999837
Source,0248841dd4a94e902ede85285e67b5527afe5c46d6a3ff27955d63d18c70035757,0.00021625128399199871
Source,02491a3434a7db80abfa24f6bcfd8a848e4e5e107361ef458f5e558bfe5ca543ba,0.00016218846299399903
Source,0249454059bf9a9e01c8507064cd5da39d4a547652193aa406e56407a7b1ee67a9,0.00021625128399199871
Source,024fe02621f812ff80a80ecf9ffc985b7d1888cb8e59d8eef410d9f308dcafd2d2,0.00021625128399199871
Source,02535215135eb832df0f9858ff775bd4ae0b8911c59e2828ff7d03b535b333e149,0.00016218846299399903
Source,0253c97dfca0720789f68ce6adbec1f0be18b2b9c107d3c0a03bff78bf802777e2,0.00021625128399199871
Source,02547187bfb3960fbde2ed8acdd58c4b277d15b7bf44ac470a905a18f6696f46c7,0.00027031410498999837
Source,0255457f1231750f726caf0ef32cfdfd1066df0012676e28f72cacc9ea96d67646,0.00027031410498999837
Source,025ddd534168f01915299316e362ec8c47aa9d166f4a00941f9866dc4de0d47cf9,0.00016218846299399903
Source,026c2595bddf44ca1eadb65ad26942b325616690d104442f8560a7faaf67c4c323,0.00016218846299399903
Source,0270022c2adc16eb48c9b4ca3838724c14455558f32be331889d1ec47fd0dd2ff4,0.00016218846299399903
Source,027cd974e47086291bb8a5b0160a889c738f2712a703b8ea939985fd16f3aae67e,0.00016218846299399903
Source,02864c16b6d4516db0ad55427edc90c1e64bbb588c8612ac70b2f4388bf481ea70,0.00021625128399199871
Source,028ebdf29e50d65f0d54e567095c1d2a1f0e60f5851dd1f28abc40b8f08559da62,0.00027031410498999837
Source,02911996d1d772e461c6c261f9e7ce1960869c2989a0de7906aa91e155698a7b12,0.00027031410498999837
Source,029aa70f34d19677a159afcb8306da6dddc8363aa2adadd028a2984678122ffe78,0.00021625128399199871
Source,029b2749f0b049df842664578a8dab18d8d63203f3675598d0a7e48af21509f0d5,0.00027031410498999837
Source,02aa6b03fcb868cd111d95d5e3679e9ec3b96fd899266beed66463a076e79b06e9,0.00016218846299399903
Source,02abfbe63425b1ba4f245af72a0a85ba16cd13365704655b2abfc13e53ad338e02,0.00027031410498999837
Source,02b03a1d133c0338c0185e57f0c35c63cce53d5e3ae18414fc40e5b63ca08a2128,0.00027031410498999837
Source,02b11812562c659d304bcb903fd65b20553146f89d433beb079455203be2745445,0.00021625128399199871
Source,02b2ae15001601b74eee8ddbd036315c5fbd415b24f88f24d5266820169dfd13de,0.00016218846299399903
Source,02b986bbee8ec9382909e2324b46f9585d2368b3903798e5d37706bad1cc2cf46d,0.00016218846299399903
Source,02ba0c09d94698745ebbda922c6d19d54437a89aab333f1539d8cfafb819173feb,0.00027031410498999837
Source,02c49429f3c6ff30ed43eb08d00325f5d83cbb059b5b69d674c4b602c606d315c3,5.406282099799968e-05
Source,02c5544a361bfe1f025f29e83d092e4c83feaf5f750af59a0b1ff0591ebc0beedc,0.00027031410498999837
Source,02c66cca3f86764f117c0de7e4ee7ccf7d2e29a1d15a349f88197bdfa4aacc7f42,0.00021625128399199871
Source,02cfdc6b60e5931d174a342b20b50d6a2a17c6e4ef8e077ea54069a3541ad50eb0,0.00027031410498999837
Source,02d2e2bf6868d7ddd2eb306a49ff964b717a6a9bc771a9f60de87ac77bda986d78,0.00027031410498999837
Source,02d4177d3f5c217cb68f13dd2b22b6f9ef8b2bb7a3342394edf72a2c034b8466f9,0.00021625128399199871
Source,02e46fce29587e4a8d39da2cf21f032536c1ced45e82e4ba04f127ee7337783b38,0.00027031410498999837
Source,02e8d8f3e1a8a426178668a628881c8028e94e9c0c0d0c140f60e829ab1150e0ae,0.00021625128399199871
Source,02e9046555a9665145b0dbd7f135744598418df7d61d3660659641886ef1274844,0.00027031410498999837
Source,02e9a5bc151bed9314f10d02772413cc3e96168cb4320f992bfa483865133dc28d,0.00027031410498999837
Source,02eef44bb2092b9327d7e16cca6ece40b9d35a64301b3c3e42e9357ecc0ac56faa,0.00016218846299399903
Source,02f3d9e33a2de53e128ae1821f0cff02f7e8c9b6872d949f0ebb0c8e388bad82ac,0.00016218846299399903
Source,02fa0e7a8a4b5a6adce412d230698528fef78da778ee59d67098918326e0a29a0b,0.00021625128399199871
Source,02fcc5bfc48e83f06c04483a2985e1c390cb0f35058baa875ad2053858b8e80dbd,0.00021625128399199871
Source,02ff837e673764e2ecca93ade2c05bc1b288e1a0ba7b034ee807d405d69858cecc,0.00016218846299399903
Source,03011e480a671ac71dbc3fc3e8fe0db32bb9a10cc4d824663e09557d446ef80679,0.00027031410498999837
Source,0301c3924df01f1a376ab20ce9273ee2c4a1f2354c3400e6357d3d4144981ae728,0.00027031410498999837
Source,031062a1a9c91de5fe6c49c7a4c091ad309f57095c6f444ef02e996050badc6c95,0.00027031410498999837
Source,03202791105580f5b7869ebd599c4ae1ae2a3e1ef47213dfa060cb201e0e1b4505,0.00016218846299399903
Source,0322824989daf1f31dae04fee4034be4069f3dabf7059cf7c637257bc9735da80b,0.00016218846299399903
Source,0322d0e43b3d92d30ed187f4e101a9a9605c3ee5fc9721e6dac3ce3d7732fbb13e,0.00016218846299399903
Source,0323a74fbd280d757cdd8c04513d302077089f3205db62963d0dea468c6424d231,0.00016218846299399903
Source,03260d9d6fcf84146444f46dc58cf2d06fd275fee37448f84c324e3598523f48d8,0.00016218846299399903
Source,0326cc26b26d1c5a85076d15c6dcbf6a3e08d890d4cb29c36346a17b4cf774bdce,0.00016218846299399903
Source,0328e8213309cef36486fb9a0eda6a16f349562333bee1a7d2ed84dd10048d682c,0.00016218846299399903
Source,03308939665ac715bcc194f760c2e920a9a5059b56e57c0eec63568db47dd85282,0.00027031410498999837
Source,0339be993760b0bfa4d45f775922d07992d19d9ba77faa4af6993d71e10404065c,0.00016218846299399903
Source,033acb18b31498eb6503e06172dfd281b5b64df17b8a7cb6b2bcecfd89f275b755,0.00021625128399199871
Source,033b74d74d6b7d96e89ebc9e135c4ffb0526fbe8293eb02c05f0c28146d078605d,0.00016218846299399903
Source,033f7ffaaf6091821b402b9bb801ec3c07f124139517a7e462ae49cd146a34027d,0.00027031410498999837
Source,033fc44ec70c1c5a269a7d7c1cfdaf6f9ec7a92bbe7a8e1473e3663ce7ce8d399b,0.00027031410498999837
Source,03488712604abc514c04c6f8c148f820df74522383dae0c94b4b9afa89b83288c1,0.00016218846299399903
Source,0349cb2f33d5542432b016405a22dfda18617d87abe4718e61c45909b8a5449329,0.00016218846299399903
Source,034b3ecd8d87edf1e13aa23cb34c4f719d2faeeeae10010d44d91f5e432c8e4b5e,0.00016218846299399903
Source,034c6f506daf93caa4bde4e9c08d9d98cf4dfb37cfa01109f1e1ab5339471f3969,0.00016218846299399903
Source,0354683b71378699b8f03d55f2e6242eb60c270c7991ac978b6079c0dbc87a7383,0.00027031410498999837
Source,0361a4bc6165b70f5c59a646d6b1b33d576cf3bc0320592cd59fe297319255956b,0.00021625128399199871
Source,0372f6bae86ecbf1860c749e41a106446c4af1144ce8d5fe591375184b738fc5bb,0.00016218846299399903
Source,0373eab8f43b0710549ddccc19ac7824ab6aea7655f4c15f4bc93b63df5db8fa48,0.00016218846299399903
Source,03799676e76c2be7b06716809d77fcca7962766079f168e47122bca812f4a10628,0.00027031410498999837
Source,037f990e61acee8a7697966afd29dd88f3b1f8a7b14d625c4f8742bd952003a590,0.00016218846299399903
Source,0385ad517d68a47afc08eba7192b62fd440db74cd6710e6d24c74502fa2db0a37f,0.00027031410498999837
Source,0391904d140fdf88d19423513945a5fcc49c606521b65a85f6d6fe46ebdd1c7665,0.00016218846299399903
Source,0394266d512812dcfaae2efac267ed12cf884a4bc85697db56622da1d7346a7c1e,0.00027031410498999837
Source,0396ec20635d4b63d884d2737a838e7b0329e5ad44782b8321d0773541d0bacab8,5.406282099799968e-05
Source,03979fd8dc3990d83314f2198db6aebab48dfa520c9d36776b3a529fd5f896051a,0.00027031410498999837
Source,039edc94987c8f3adc28dab455efc00dea876089a120f573bd0b03c40d9d3fb1e1,0.00027031410498999837
Source,03aa776656f3d083baf8bc2c88f1555e62847adb52a2498a60d0d6a08d566fc256,0.00027031410498999837
Source,03aab7e9327716ee946b8fbfae039b0db85356549e72c5cca113ea67893d0821e5,0.00027031410498999837
Source,03ab9e95211f638cd961eb1a138dca5ccd8a9c2e6e91af6efb1a4e9954f3984e5f,0.00021625128399199871
Source,03ac2abafea57755b9487247b01234ca7c8e7511fd424f012ce24bf6d8836dcc45,0.00016218846299399903
Source,03ad866d77dd2b4757836cd4bb2e1b8a48a7e741cc4cf6fcb1a2f06d934a374e4c,0.00016218846299399903
Source,03b428ba4b48b524f1fa929203ddc2f0971c2077c2b89bb5b22fd83ed82ac2f7e1,0.00016218846299399903
Source,03b6f613e88bd874177c28c6ad83b3baba43c4c656f56be1f8df84669556054b79,0.00027031410498999837
Source,03b8a68ccec65c43c657b5280d0f592e3d491f0799a090aff38d3198e126f2ff76,0.00021625128399199871
Source,03b9b264fed14f0db13e053e2d48ea61a3db898638dee2e19ec02b6ce3aadc5fc1,0.00027031410498999837
Source,03ba52b971ba42c179a55f3579fef8b64600213c72f14d7fab7946d38f964e98fd,0.00016218846299399903
Source,03babb7da9a859ab2fe5e72659c398385638de0c7a79de7435caa79e60b87e8ea2,0.00027031410498999837
Source,03bc77779d860e8b231d307c109bee12fa8f7949ca01273f296548fbe50c063dad,0.00016218846299399903
Source,03c41003c8059526fd7051ba1036737ab53914d5264786fac34a521a0ed645a600,0.00027031410498999837
Source,03c5528c628681aa17ab9e117aa3ee6f06c750dfb17df758ecabcd68f1567ad8c1,0.00027031410498999837
Source,03c7d41659d9192c552c52f904e41fb9f6022c964903de51e3b9c35eb41316cc57,0.00027031410498999837
Source,03ccd4cfdf6971a4cd1a5ccfb8625e564dc581557204fcda824cfaf5b84f17e5e9,0.00021625128399199871
Source,03cfea6e01d8735d29863d0ecc0f637e5da25c3afb1894e6cb1c25cc9c52dbceef,0.00027031410498999837
Source,03d506016e3e0e540ac26d557a412520ea24990ca9405d410c24122f648752b830,0.00016218846299399903
Source,03da1c27ca77872ac5b3e568af30673e599a47a5e4497f85c7b5da42048807b3ed,0.00027031410498999837
Source,03db10aa09ff04d3568b0621750794063df401e6853c79a21a83e1a3f3b5bfb0c8,0.00027031410498999837
Source,03db3238a14b391b35226b772df323298e57c6c63b775f3cb521a28ca41688ff5a,0.00027031410498999837
Source,03df3f0a2fd6bea5429a596461ce784c922b2981ada1af89cfefcd9ccfb16c16a7,0.00027031410498999837
Source,03e0dcfad4ea28427ee109f7c09f62a1210b4576cdb5f079631f9ab3565b5cab44,0.00027031410498999837
Source,03e7ecebcd918ca4ac2b9d779664277f0ad0d4bf14ebd2bcaa49ff47e85179c521,0.00027031410498999837
Source,03e95b4144147cbb8f5009bf32d48314738135d02c28260c9d6f8a74454fb6dc5f,0.00016218846299399903
Source,03edcf2358b9920ec2ecb28499a0f51629ef796d891504b5423ba4b5ad18cbfbf9,0.00016218846299399903
Source,03b8b817582bc29de74def67713895e0366a8ee81713e3730031290e62d030860e,0.00027031410498999837
Source,02051a247550d168811c7508e4a84246ed3a756a5eeb0b8947b9430e79e99c0c39,0.00027031410498999837
Source,02aac548b877279c30f3abbb7301de93096e3b87144fc484dc3409bb0d6bd566b1,0.00021625128399199871
Source,03910da61c1b42e135f134ed92a537c758d1edac5436efbec5ee8cec1928e1a095,0.00027031410498999837
Source,03a5d0db685dc1d6e493f77c964327cb94487a864cf24f5da47e914dd132773383,0.00027031410498999837
Source,03fa3179f8f023b022b39286dd7e4179e362acdc295e32f522f053209da5dcb415,0.00027031410498999837
Source,02bfe975eb18b29455ee6d5c3a2dc6c8097cb4d9a38fb440ded1e464b33ccc9f60,0.00027031410498999837
Source,031f2669adab71548fad4432277a0d90233e3bc07ac29cfb0b3e01bd3fb26cb9fa,0.00021625128399199871
Source,03321d7878b002c6e6c29143dab1c7440c2f94f5963c9669acb919bc66bcc1a996,0.00027031410498999837
Source,037943defcf3068fc5b8a2b821cdd2c4c1b1faa39d6a971b3fd984b9dd291a4817,0.00027031410498999837
Source,0390cc12f782259427bdc45a283705f4c20ccbdff064ed43f6b74fefcafe9eb1f7,0.00027031410498999837
Source,03c97fa6c17f9bfdcf75971f3fd00ab6da54f903536cabb4e3fb9d918a1e453e85,0.00027031410498999837
Source,02685697ab29f0076fc888368c0981eb3c305feaa6f6dd1c4255a5504810711756,0.00027031410498999837
Source,0318ac9faa9629e7da08819bc8fe0dd2ae3044d69b1b2283a63479acffeb968483,0.00027031410498999837
Source,025f1456582e70c4c06b61d5c8ed3ce229e6d0db538be337a2dc6d163b0ebc05a5,0.00027031410498999837
Source,0208dfa005c47a8ae85363d12c54007a38550ca0d6f1c559ee11caaac8221eccd6,0.00027031410498999837
Source,021a7a31f03a9b49807eb18ef03046e264871a1d03cd4cb80d37265499d1b726b9,0.00027031410498999837
Source,02254f26976d6487f7664aa941e006642ac3f3974d20c19f4117069e5803418dbe,0.00016218846299399903
Source,0229ba89bd21cad840ba50ea2bdc86d9e709318965d42bb7ef7609c191be7b8fd8,0.00016218846299399903
Source,023d49fd88692d4d1f366ee8ffa9dfe979c2266b036b440928e86cf3abe28d1894,0.00027031410498999837
Source,025b0351eace3c8951c6831df34b769a25040ed600ec5aceb80349c4129a4a51af,0.00027031410498999837
Source,026a4c4193e1af3415a2b7f31d000facb006bc50c772e173dbaa8c8a848573069d,0.00027031410498999837
Source,026af41af0e3861ba170cc0eef8f45a1015125dac57c28df53752dcaeea793b28f,0.00027031410498999837
Source,026d0169e8c220d8e789de1e7543f84b9041bbb3e819ab14b9824d37caa94f1eb2,0.00021625128399199871
Source,026d665c34210fd99f9d4be36bcfbd7d637ae890631274d1f82cbf45af8cd8b2c6,0.00027031410498999837
Source,026ec3e3438308519a75ca4496822a6c1e229174fbcaadeeb174704c377112c331,0.00027031410498999837
Source,027ce055380348d7812d2ae7745701c9f93e70c1adeb2657f053f91df4f2843c71,0.00016218846299399903
Source,028c589131fae8c7e2103326542d568373019b50a9eb376a139a330c8545efb79a,0.00027031410498999837
Source,02e0af3c70bf42343316513e54683b10c01d906c04a05dfcd9479b90d7beed9129,0.00027031410498999837
Source,02ec20f34bb94460f3d63780dfc24a4d4a1ddabc3bd86c09e1830c5b5db08953e5,0.00021625128399199871
Source,0306d727c50c0e14ae9a0d0fe7e8e84fb5c08969d71e7e79fccdef22a78c3615ca,0.00016218846299399903
Source,030b828fd1e42549fbc2f1d0960ec3663362c41777d3d87fe1b8e1d4bf063abcaa,0.00027031410498999837
Source,030c3f19d742ca294a55c00376b3b355c3c90d61c6b6b39554dbc7ac19b141c14f,0.00027031410498999837
Source,030fe3797178f7543450da9668df56f6e0ad4044a26f90b192a7baec5f510567ac,0.00027031410498999837
Source,031df8ea711416b52d33c2f4a9b2a41d82f1da3c7672ffef2c24b0751cbdb75404,0.00021625128399199871
Source,03284f74651198c2c35952a8e0204e68a824455f329f799c1368feb850572036e9,0.00027031410498999837
Source,0335dc0160c4995be2a6e4abad424ebb1db656c492f36145e8ff26604efbf0a5f7,0.00027031410498999837
Source,033dee9c6a0afc40ffd8f27d68ef260f3e5e1c19e59c6f9bb607fb04c1d497a809,0.00027031410498999837
Source,03439b551099e748ca19871f251d5001362b78114aa2d855b0f70c9d1138de4eb8,0.00027031410498999837
Source,035360b3bf6a997ed1bb943ccca2b7ef969b1e25a1ee1322d3c8acca7e34468edd,0.00027031410498999837
Source,0353ca731df02320a40b57d35c3b27a2bdaf62a47190481cf6f9d1335651cc4490,0.00027031410498999837
Source,035eb7d2253d934b51dd1cc145b6f36a9c2d953c4379f5fff9c39bb437ece525ae,0.00027031410498999837
Source,03627ebe50fc6eb80b0caab0c3714958c701eda735e3c29588e83150d6d4a93976,0.00021625128399199871
Source,036982a2b2398b9835a9d6cd2371a08c6e221f9e1b879008959dae28413af78067,0.00027031410498999837
Source,036eb65676a65660e4c1ffd728d88b3d82d027d416fad59867471fe2123de0ab27,0.00027031410498999837
Source,037172d2110c4148d6ed0c2790ec8be948458022425dced6794fede834be92af36,0.00010812564199599936
Source,03797da684da0b6de8a813f9d7ebb0412c5d7504619b3fa5255861b991a7f86960,0.00021625128399199871
Source,037c65e34444c37deaccde1f61f03b93e22b3d7451894d836f60132ee5a6f486ed,0.00016218846299399903
Source,0380ef0209ff1b46c38a37cd40f613d1dae3eba481a909459d6c1434a0e56e5d8c,0.00021625128399199871
Source,0381dbc5290c1c5a02693be10093e45029044fdcdffe5011a17fecb96281c5d202,0.00027031410498999837
Source,0385218f0e307b6a0e989d2a717d346942d96b4fd550e937de5f8ffe1568510a18,0.00016218846299399903
Source,0387600e7702b803edddc49d9cd5a8eac509eab5d1cc12a87ab385be39e6c762c4,0.00027031410498999837
Source,038ba8f67ba8ff5c48764cdd3251c33598d55b203546d08a8f0ec9dcd9f27e3637,0.00027031410498999837
Source,03905aed59919f322abcc107c3cb6767bc7d40ed175a9d143706fc211cad188157,0.00027031410498999837
Source,0395ab9ab6ac75949a648c5b7830ecea192c618df2fa6220154a5066878d9f439c,0.00016218846299399903
Source,03b4b86f2301fe2b9ca478ee5980d812de2071a21a9f8f5bb49b88e29a034e1a9b,0.00027031410498999837
Source,03b8d3617af7a3b525f2ca3cad9d08cae6ff7519a19c9cf3236b3b4e2f092087f4,0.00027031410498999837
Source,03c181e13a09a649c13f60ea3ddbeefc66123c43280da8eebc19f54445f35173ca,0.00027031410498999837
Source,03c287a177705648112370a4219b3b2c248553d73ad4ec08bc83653cfc5bb36347,0.00027031410498999837
Source,03c5bfa5cab7e52e7cebc45fd1b86ea30ad518648651314563452b78b822333660,0.00027031410498999837
Source,03cc1d0932bb99b0697f5b5e5961b83ab7fd66f1efc4c9f5c7bad66c1bcbe78f02,0.00027031410498999837
Source,03d92d6fac82b1aef7c974ee400dcc64aef3ee12723a01bdc0c269edb4f11c5924,0.00016218846299399903
Source,03db4c2b18da2bf7c5526da3faa6940cd96b7a03296d3cf66ac177abd291628753,0.00021625128399199871
Source,03e4d457261595cb52bb2088c831304905a47df8715a5d83a11b60dca5bd4933c4,0.00027031410498999837
Source,03e81689bfd18d0accb28d720ed222209b1a5f2c6825308772beac75b1fe35d491,0.00027031410498999837
Source,03e86afe389d298f8f53a2f09fcc4d50cdd34e2fbd8f32cbd55583c596413705c2,0.00027031410498999837
Source,03c1cf3c3ba4a1b28785a5fd47c93952ac6474042b2af696b26a7007a22bd653d7,0.00027031410498999837
Source,0202f00d5f5c91a3c79113851b162c2b75f2cbd9fb2378fb4a4ce92d5ba1e63e08,0.00016218846299399903
Source,02058a29920854e5088ade34a0f89ca9c89464d6d6595c2942eb13047580a1192b,0.00027031410498999837
Source,020b831768ded7615eef25b34639c14b912496137ff5218ad3277d0efd57a32e09,0.00027031410498999837
Source,022de9279d7bde9ece983da359c4037c5ef078e58ac4118fd3d3fc86f63b354c0e,0.00016218846299399903
Source,022ea68ac7588959a6a4829a5ff176c296329d614b90b3f5f4456b5d6130ea50f6,0.00027031410498999837
Source,0236ee5d3e4bcea64309c37462244af4f13394e820303b190d875ab839080992a6,0.00027031410498999837
Source,02468f95f9bd4f9f0bbf9121929dc47d3013fe541b75c45c2592deb6b7988b35f6,0.00016218846299399903
Source,024eac466254511fc135d43ab676155c3b3a2db9c63a4a85ad8a76ad2520652ab0,0.00027031410498999837
Source,026f9c804ea1fd88e955f7e5755ac60e0500e0a89ad08c8f7287e257ee88756ad3,0.00016218846299399903
Source,028bda4d8c0d34a0d777b8488d68d44ee1f2ed5006d8305a8650841af04ff01c17,0.00027031410498999837
Source,02b2c7add49ffdb7ff469ed578788e786ca1f1f0ff00b0c2c7fa3d021ef66381da,0.00027031410498999837
Source,02c9ce1231f9d751122659846340159abbce76cf1acf98d7522bef17655eec4937,0.00027031410498999837
Source,02ce5b45077985a4c6e51f8e6b4d5d4bbc1f212de4c90787b31e0da79321995ee0,0.00027031410498999837
Source,02e182884352d8b879820b13652539394f799b8d9529545a1dbe3c06d16007e6f5,0.00016218846299399903
Source,02f1da3df3636e5c71afbb66f6801b8b8efde3f3446c47e752b6004a093675070a,0.00027031410498999837
Source,02fe4a482d38a9c68f0750e0f1992381713173ba2c6e75697abf9037a588bb5028,0.00027031410498999837
Source,03104f31794cf38dcab59a1eb93125b2afef79a56a4cd05fbe533f492ad194480f,0.00016218846299399903
Source,0334ea8bae08c378759535054ddcc7bce8cbd16d6b15e78e0c2325715cb22e3b75,0.00027031410498999837
Source,03466b2b05df75d18d420c702630c154a67c620a0d1b1e64c41160f56627e2ed5a,0.00010812564199599936
Source,034f8b2c5dbc9051f06e3d9925a258fc0de49c0afb13d5ec065490d66a1084a1d6,0.00027031410498999837
Source,0362259ea579f84772508de22086fa746f6e2571f8efb4bd5ec0876bcd18b5747c,0.00027031410498999837
Source,03905e28dee72947e6c599a0e5f0b83cf60840835c27bf15fdaf1829001198e87d,0.00016218846299399903
Source,03a2ea4a43bd4d8a56b41c03ea8f6e14faf2357c94d28871e881f50076e9fac133,0.00027031410498999837
Source,03bcadbf6d18681c99d6cae4364456196a0adcacc77aede921e6e40a38b12b69be,0.00016218846299399903
Source,03c252eacbe4fbbb0f8e9f34bd47136c22c16d981f62508e7235a484989c3f53ff,0.00016218846299399903
Source,03c4f53c4289d7563d230c2edfb248790691d232149ed93136476c790991544c8c,0.00027031410498999837
Source,03ee5caef01115a6ba7c857337f852e3aaa3e26a4b62784297179934dbedbd7122,0.00027031410498999837
Source,0200000000727d3b67513c916f16975e3bf8f3304cf3fcf0ed855e2ae41888f461,0.00016218846299399903
Source,0202e5e2d739b88b9325562a768218c71613b9e8e4bf11ce674a8b4d168f714c87,0.00027031410498999837
Source,02045f289f0de16b275e925aff584bc6c626dddc0f29e15b367d68a35de445d98b,0.00016218846299399903
Source,02060ed659410a4087774ea417e7f4eed00e8fbb7328baa25eb2268ac963938f61,0.00016218846299399903
Source,020c2c8813173fd64f0a7d93a62c56ba2bf500f8609e4030bb37523ecaa20e7ac7,0.00021625128399199871
Source,021177fc6c3890b7f0c5b6e67d786c3f855664cd74bbcb52c52e4d45eeb33ba117,0.00016218846299399903
Source,0213a007ebb3843143cd98e578fe105dbccadfa5202840bbd4b832d8cdd63a2946,0.00016218846299399903
Source,021bdd1130960703e0a2c08ebfcac464af42b0643431684a355f4710aa50d022fa,0.00021625128399199871
Source,021e2ede208b8daddfdf3c17b80e81bbca63505eccb32b4437a0fa8aac8c0f0944,0.00016218846299399903
Source,0226c3a56e4c8c67ed28ba0ea7a26cb1c044a14dabd3db78849560c7e74904ea5b,0.00027031410498999837
Source,0228d33e80417710e2191b274608a93ee425f1f708eefc842c5d845647ba0ef665,0.00027031410498999837
Source,0229e0e933386fa773f065ebae1ce25b580b5a2cd4547e2919895a5b7619d6e098,0.00027031410498999837
Source,022c4218f9c1ed84e255ab68e55bb0619e5983e23ad83e00043e997d89017297ea,0.00027031410498999837
Source,022d913e98e18f4e72531a78875fcb3e34cdc14d62f41156dd403a997b5a28df93,0.00027031410498999837
Source,023139fa0b1abae119396d1e854561f0dd77b0560cba66247ff59de294f8ee3ade,0.00027031410498999837
Source,0232a5c6b4e1f1dae5e50528fbc2f0de6f2d66363638c83cfab65391e3eff48ca8,0.00016218846299399903
Source,023369b071005d376bfa94b76d2ec52d01d6709f57d6b67bf26250f2ef57a66aea,0.00016218846299399903
Source,0234591e856f9c789cc36fac67e54641243e99003640b123b74f62a490f789a4dd,0.00021625128399199871
Source,0238ab861abac82ef99c8cb58673231f5d4d54734e158f86e8913ea6d4a0c0f681,0.00016218846299399903
Source,023bdd219b85d02da9b3fd679b32a1098c97122767433eb4ba59641514bbcbd694,0.00027031410498999837
Source,023ead0d4228df4e93cf80ec32aecebc6032b46427d5ad987bdb820664ae5ffc2b,0.00010812564199599936
Source,023fc48cdf9f0b814436363d0fb80bd03df7a9c66e3dbcd1d742010db838fe47de,0.00021625128399199871
Source,0240c9d159c70e2394c6d179a3f62d6970d87f4a56956e16c35b9833c987d491af,0.00021625128399199871
Source,024357f94113989d75c146d07b3ce3b24b7533283f61abf4fb888efdcaf16cdc31,0.00016218846299399903
Source,0243c0a76f150de2dcdee10a11c55cf5564413b3b0518e4772a83958581e7c69a2,0.00021625128399199871
Source,02442d4249f9a93464aaf8cd8d522faa869356707b5f1537a8d6def2af50058c5b,0.00016218846299399903
Source,0245c968d8cb579f738f6f565b1cc5bcf7eb71636fd87176ba48493f69ab964d32,0.00027031410498999837
Source,024717eeddc8849775a21fdfb8fea1d7e1491d652385b1e68900a9b74a796b2212,0.00027031410498999837
Source,024e460809304ea205431434e11118a153ed4a6e4e0da8fc2a230d461cfcb571d5,0.00021625128399199871
Source,024f0e88bf2d693ce69eeb4696ed4bd15f7f04db10c1652d6bacc6dc9e84b04706,5.406282099799968e-05
Source,02502660576c4274b49b27ad48087cfa110960472c3846d99ba2c96c8f6bc52ddf,0.00027031410498999837
Source,02506341e3a554758922b246519091cf01557838a4251282c6129fbc53d1bab05d,0.00027031410498999837
Source,0250ed44b6f4ef9aeed4ec42fa2b82d9093c83c925602831795df8b332136cad07,0.00021625128399199871
Source,0251fff168b58b74e9b476af5a515b91fe0540a3681bc97fbb65379a807aea5f66,0.00016218846299399903
Source,02542b74385b4965bf6b5616a0eaafee06b58ac62e3d441fdb2380a92ded3cf124,0.00016218846299399903
Source,0255cd2e8a722497c4f76c7aa42f5d3c38e18ef88dd0b584d21b2096651e355b02,0.00021625128399199871
Source,02628ea570ef167daa4de5d967f692df447e2375f53b4351ce464fd5a5852643ab,0.00021625128399199871
Source,0266ad2656c7a19a219d37e82b280046660f4d7f3ae0c00b64a1629de4ea567668,0.00021625128399199871
Source,02682b7c86f474d082fa9d274c3751291225448468691784c6f112187de975a8c2,0.00027031410498999837
Source,026e10b080dc2ffba3966daeab5803a2d263788cef0750bff3001bda037e358d98,0.00021625128399199871
Source,027208d43d94fa830417a0e730d12cd11996d5cd62df2e210cdc48464feaafd3bc,0.00027031410498999837
Source,02926a7ec4f47b624239aac1652228971ac812c6ff813efe9b5e772184cf3cdc31,0.00027031410498999837
Source,0293bd82b16f9a1f05ddf26b24a6763a86a5c91de7044ccc23b871d4e170408039,0.00016218846299399903
Source,0294967f3327884442de266e865f21c2812d5bce7c1081d375c55f6e47322bcc72,0.00016218846299399903
Source,02961ed16db648f99ff5aa121a263420911d6b6011794f2a99b79397b5e8b2eed4,0.00027031410498999837
Source,02971e49ca8256f8b1ae03d65facb710c310bf6d15308f7d5494dae54becaac546,0.00021625128399199871
Source,0298efb4ee7ec9a4a8d145314799df8441b901588772ca0d20b82179a2993afad8,5.406282099799968e-05
Source,029b81d1aaf177fa00c1c5796360163bfa98ee4d5d0daa54c6f510d9e237f376e9,0.00027031410498999837
Source,029c5b14214ca7c1f5334db539dbab266088ba43a40563551efb9458756a94cd94,0.00016218846299399903
Source,029d3500d0d5b169d9b27597c009cd0f23bd76b33bc50e484e79c755ad826aafbe,0.00021625128399199871
Source,02a652cc93de7b5c8a048f0734444ae3882e1bece264156bf014c1a325dd5182d3,0.00021625128399199871
Source,02a8d15c6611e9742d64b9f07b91d8f2811399704c296083bb423ae4dd23bddacf,0.00027031410498999837
Source,02a98e8c590a1b5602049d6b21d8f4c8861970aa310762f42eae1b2be88372e924,0.00027031410498999837
Source,02abddc7c1a11ab46a514c096e8cc759087a048b556c3b2d960863dc3fde5f9db9,0.00016218846299399903
Source,02ad9affc8768fee98f2eb6423e2f848341287720e454a34a4cb5107a43faab31e,0.00027031410498999837
Source,02afdde5063894c0883e036493781e9e1dc402b1dc3fe780ab5147221b1c27a875,0.00016218846299399903
Source,02b1e53f6b2873d3c7f05791ae205621dc08070ec6b63b2d8e3c8dd481151e9173,0.00016218846299399903
Source,02b45e6448588de24daf7c773a674ecbcd3cce3bf2cf27428d1ddbf1e6ca034684,0.00016218846299399903
Source,02b705ad9fff5b30e69dd3810d100372332c1a750db5a50edf7353c77ab486643e,0.00027031410498999837
Source,02b7291fcf57fd64cb9610beedf37eac46212762608813ccf8090520701b94ae62,0.00021625128399199871
Source,02bb73dcef71bdaadec6ef5fae34f1d5263303e7e4c06518909ba36cb35adcb4cf,0.00027031410498999837
Source,02bd37990d737473a7827d3aa0b5d9ba46d2ac16c73753567e4d703e0a9dea3571,0.00021625128399199871
Source,02bdafc0a837a5151c67bc587b5327d19a8df192488d0d01a5732a4fcf589c8a17,0.00016218846299399903
Source,02c0359c835024ab08dc926c8b0188c6594a1d266f116fd06d90dfff6b32c2d7ea,0.00016218846299399903
Source,02c29b89b2121b2c1fa2e5422bc70e0bb7ae7326c7a9d2b796ed6b89cdc5a2871b,0.00010812564199599936
Source,02c4bb2d0c6003a94f5cff1f1e83414043082d8a075c3431ba896414cfe39a0f6b,0.00016218846299399903
Source,02c51392ac92ef5120548469f6916407bbd32cfc6ffc8ab39fcaf3cabc0fbca3ec,0.00016218846299399903
Source,02ca31a1d88eef417b648343188137345234d56cfe7245a887e99b097c509ca8a1,0.00016218846299399903
Source,02cff38e0c8329d3da345a1192efed582d9a65e0e5bef8e1e0c287b0c4be67cc0e,0.00027031410498999837
Source,02d57312dec8d0e07d7c3b1826d7a1f5133a0afdbeb5a7804978ebf47621ccb6d4,0.00027031410498999837
Source,02d8862a71c2ed833139dfb32adb48b429166470c528d47792f4aeb35bac175236,0.00016218846299399903
Source,02e9c9122ff3a8094eaa5d5fe77a58d86cf74c0255301ce132e58325a6e018fd06,0.00016218846299399903
Source,02ecea52a1ba30df9046fecd001498eef4f7249bf164eafaac2784ae201a262a56,0.00016218846299399903
Source,02ee5b1739e0de315776fc4d3b4f2665f7e4974aff7afe04eb67eb0ec9838d9c19,0.00027031410498999837
Source,02f0c7b731ca40a285d7c12aa1c5c7c7caa4598d3d6d34904c3714cd0d47852640,0.00016218846299399903
Source,02f2a6c3e0c70d946ee4ded2460b949b96fb8e6892d5ea1b05030a0d9889293dcf,0.00016218846299399903
Source,02f5474df66a0f887ad580f9028ec2dfdee779c71911effb45047e8ed952333f75,0.00027031410498999837
Source,02faa4ab03242a287651931e7dae6fddcd7f65f01c17800b7edf6a1bf2a31e00fc,0.00016218846299399903
Source,03027e2c3961cdd2105fe6aca1e4b883c8938e59f6321d8a7c867a84c67a11b0fa,0.00027031410498999837
Source,0303e0423fd2c40d73978b03069f63d6ca5ae1abf61f5666bbbea886181f21e8e3,0.00027031410498999837
Source,03051ccd964d4d2fd820c2ebc8dca31d6396ecf9798701174092e66530d2ca0687,0.00021625128399199871
Source,030bc9e8a4048ca8337ff48363f643840e3333fd31ac36316b55ede34ab9f98d19,0.00016218846299399903
Source,031054617ea79560ebe492873a1cc0f49d8466d10870a0731ab4e4beb4343909cc,0.00027031410498999837
Source,031429f90b6abb03eb3329199a58434a491faac7a2294f4ff43dd0a3d3eb4dcc8d,0.00016218846299399903
Source,0316526fa9d148235c55884fa12b0ed00ad001a79a8773d0408d2172209f36772d,0.00016218846299399903
Source,031800c296bc29a25c00986c16b752f9b01f8a08595ce92986df833a1701de58d5,0.00021625128399199871
Source,031b301307574bbe9b9ac7b79cbe1700e31e544513eae0b5d7497483083f99e581,0.00021625128399199871
Source,031fe264e70b544b4469027ca557ce97bb3f1d0f3ed9e2f4c6565c2e942dad6a79,0.00027031410498999837
Source,0321c95cb9242b489bc89a80effd391b93fe8fec05cd66f7825b72d6880f1feece,0.00021625128399199871
Source,0325bb9bda523a85dc834b190289b7e25e8d92615ab2f2abffbe97983f0bb12ffb,0.00016218846299399903
Source,032ae3168ba52314da581d6b6693c562b437a9cf805933d4d69e7801547e07302e,0.00016218846299399903
Source,032d220e18d098ba84c95ccc3c76e60f9346c0b82e776c824cd852bf5391492812,0.00016218846299399903
Source,03392681646147adb5995ad5c1325e7f308345f4d6eef7f53a6af1c3bc51b1306f,0.00021625128399199871
Source,0340796fc55aec99d8f142659cd67e19080100a98ea14e8916525789b57e054eb3,0.00027031410498999837
Source,03501a74753e0f6ae270a1e4e2ffbbc37f7a796360e650c1121c18e116b22ac106,0.00027031410498999837
Source,0352a2bb7d2eb81cbfa03619a14b1571b47916df9cb76af3fbd73a5591fa2d489b,0.00027031410498999837
Source,035404f564396bca34cfb261324a6dbcbd63d81c10fb7d630afcb65734da664019,0.00021625128399199871
Source,035ac18540bf0856be33f764d745d657cfcd5399a0f6b4baabf1ca4af36762384e,0.00016218846299399903
Source,035c15fe7cf1531e1ce56e436b459bd06066c54a79f0650d7ec4b8ab7370232c18,0.00027031410498999837
Source,03641a88d80a2a85bbecd770577aca9b5495616e9fef63d66ef2631b7cca1d395d,0.00016218846299399903
Source,036b4069cdb1c0e9b16b2e8141d45c2750a9e494a91e302edb92f85737b0166f37,0.00016218846299399903
Source,036d306e01a65128e5130c99a004119f36bc296ee6f002a7c3c478530b8249a548,0.00027031410498999837
Source,036e963739bfa62afad807c9ffb195868a1a2ed697d74ffc2d80f556e46f98c0e8,0.00016218846299399903
Source,0371ccb71e3838984f6903b40b76581c4fceda54e22cb9c6a7d20681c036de0571,0.00027031410498999837
Source,03724c589256bcdf0b3ab75de2862bffea891c22076e806bb1b395f2514223cfef,0.00016218846299399903
Source,03728ab64d00da1b9f16106af398a0fff8c7be00e2e0a3a14370b6217595dcb6b4,0.00027031410498999837
Source,037310ee65744f9c4a37cba7dae742a881f7bcc57f6be70b69a437860ffec410ee,0.00016218846299399903
Source,03759d530dd9b1ab9a47f46b751be131abe184fb6ec1c97bb6768ff0e3be081dec,0.00027031410498999837
Source,0378d8b9a46189371ece70870b39e8a80f80f952c967289d7234b99b176577a212,0.00027031410498999837
Source,037c0bb263a4fe95f0ed598b50cf51e5732a6bc1c48d1c81c5e89f2442939dffdd,0.00027031410498999837
Source,037f66e84e38fc2787d578599dfe1fcb7b71f9de4fb1e453c5ab85c05f5ce8c2e3,0.00027031410498999837
Source,0380a492921bea0522ef85d8df6ff83d0943e43712e6120067091a0ab4ba2bf65f,0.00016218846299399903
Source,0381499873090f47c7f857b90a91a5de4708054b5966904e0623023c9a5ad0e8a1,0.00027031410498999837
Source,0382e6dcd8e534cd6a680ebb96e22b85deed55171800afa1b8fcde9125428da414,0.00021625128399199871
Source,03831262b0cb086ba6f2360a36757e4283347f3f67f01d6f24f54c3eee841e29d6,0.00016218846299399903
Source,03848c08fa9c9396f6b04b12f9f6a7448268fddea2b6e9ae98d76046c01f5e9489,0.00027031410498999837
Source,0384d386b7bd01e93765d9f1fe70fbc8fb32c35ff747c3454403099d98849b5a84,0.00021625128399199871
Source,0385262f7e9e2eeeba1e7d6182a0efec98e79d01154b76189f3e0b88bcee279dd0,0.00016218846299399903
Source,038607b58550d272ce8a058b77bc7a00e099687531359074bb600477f6bb7d1764,0.00027031410498999837
Source,0386b35d2c0c4f16407f189865b49ff05d66eb0d9334226083ce57b0331eb9248e,0.00016218846299399903
Source,03874157d7c053cd15e1d71096c33c52d84dcf69511ef68d8cdcc524189aa4c4eb,0.00021625128399199871
Source,0388dd99cb0ccce388523c9efff92f7870e8d2c178a8693c2e8bd1f7cd1f406ac6,0.00021625128399199871
Source,038a32819be0c97d615ebcc2dbef7ad839990ebc8bce62104ad4dff65f7f45b64c,0.00027031410498999837
Source,038ecb7ca4dfc44d5bad17e2a5fe88df9272fc93c89797566b3d4dd5092f52d91e,0.00016218846299399903
Source,0399aec05c7eadfcfab9ae0ede812e03e1e0e22914ec601fbd61f377762355bb71,0.00016218846299399903
Source,039cc5f54fcb4ceb6900d13d899a1ea5a142f350cebceaae21043d1d502bb85ef5,0.00027031410498999837
Source,03a0eff7571c0df85de299fe9dac581f67dae2eabb087fe15e2ddddeead195e449,0.00021625128399199871
Source,03a57b59e6a31bef8e83bea2bb9081ca13af55036f04a2bff399b0a266ddc9c097,0.00021625128399199871
Source,03a692458aa3357c5dede272b1bd4502209531a8fc50cd6d416331e557c04aa5c1,5.406282099799968e-05
Source,03a84351bb64b77d1bc69ca69fe8fd2a8a14bc4f8e10373e8e3d735e614420ffa1,0.00021625128399199871
Source,03ab5a4b4f9883321da39bcac78f298c673f5d3f0d90cac8780d7f730fed8c2193,0.00021625128399199871
Source,03b372d946b49a5949b315c49278259f86491d09353f648a80effbba780fdc58e2,0.00027031410498999837
Source,03b4fc97e978836a85e5aa67fd52950069f6bfcb34ccce342c67ef28e77011fbec,0.00021625128399199871
Source,03b5a0226affe3e03b115ce48075bfd041bd0e9fc09fa33e767239450df98d7b25,0.00021625128399199871
Source,03c0b0ce7d95883b419cb42af28c1b8f6ebffcf09ad775cf837fd9793be8d78b34,0.00027031410498999837
Source,03c3afe708af86eb25fa27556695d477af98ab0e8eb60450910d4415271d238568,0.00016218846299399903
Source,03c40e5a891fb206b3142d46f7db6a9fb89ec5e61e4bbc1afa9161beec0542338f,0.00021625128399199871
Source,03c4be41146b13ccd8cc9466bd7d1af418b974678ab4cca0c5fcf12c906b03d285,0.00021625128399199871
Source,03c908f28d8e3a37aa3a976e356cfa12389ce6f5a1f0d8468f07357c24c8b6d224,0.00021625128399199871
Source,03cabeaa1223b83d56954e944e83493d20c6b2c9b45e47b62a899ab9d7d31cb56d,0.00021625128399199871
Source,03d466079ed3bba72ab461d25b2c97c5aae5efe5e7cb137e48692806be88200195,0.00021625128399199871
Source,03d67f36c4f81789e2fe425028bacc96b199813eae426c517f589a45f1136c1fe5,0.00021625128399199871
Source,03d8856006d202e34ba6d50c949067d208cb65e0845ec70445cb9bafb3e7fbf2a1,0.00027031410498999837
Source,03da5b40408bafd195d3b1534dd00a198c71c725857cf1147a7499746f9d6de655,0.00016218846299399903
Source,03e036c7da199f4dd1f2ea0eaedf2ba6142850553671cdc7d502ec382173ba9396,0.00021625128399199871
Source,03e0c30f830e4f0e198d830b855935aae4d1a99536f9aedbabcade66e146a4b9b6,0.00021625128399199871
Source,03e2408a49f07d2f4083a47344138ef89e7617e63919202c92aa8d49b574a560ae,0.00021625128399199871
Source,03e30da473716d39c09356d5372cf839d8ee3a1cdbd993ee853c23ab9bdfbce6f8,0.00021625128399199871
Source,03e9dafc1086f4e9f5617a011991f083e448e693b0fc073f4cd09de7cbc5069203,0.00016218846299399903
Source,03ea23e773775eb33004bf7d3431c61317cb1e969995e631e3349bd1ba7e5e33f8,0.00027031410498999837
Source,03eb9f088f62bb414b74b11e287624d5f05fd92b582658b47b4ed6048e0dd01404,0.00027031410498999837
Source,03ec989184aa887337f9766d3c8dfa90a26b82f642eb89758432a9d6f18489f1c8,0.00016218846299399903
Source,03edba122ea9d02126968a3e404680fa136b41440dcffc7c6d6db18231e9b52975,0.00021625128399199871
Source,03ee4232a62c54bea08dba3b426ad3e1069e90db70f35ac31942c2efa333a6d561,0.00027031410498999837
Source,03f01cc2d156a164d22924d8bcc9fd793952fdb891a3b9edf681c4862fc2c99e06,0.00016218846299399903
Source,03f1395985d44b683743de49cec697ea762d1e3c9e709063e435cb3868d1d167f1,0.00021625128399199871
Source,03f4553a2e6092fb7c03e7c4041451d9946e7326f6bf2c852278dacbaff798a4b3,0.00016218846299399903
Source,03f5021e983c203af56e5f4b42f9987149558422ee4943d82863d6c5b4a53c30be,0.00021625128399199871
Source,03fe87c7b8c40ac8ab6f569ce7bbe73a7ce25ee288a5219cc89f949547866b0b66,0.00021625128399199871
Source,023b05691b633cb1190453c329795f1b48ecd0f61f9e29c00fb9415022ac6d7a6f,0.00027031410498999837
Source,023d153b512346a3a6026859ecf906d7f6912bc9fa4214ed4439ffafe47ba53cef,0.00027031410498999837
Source,0260a613e8be8ce612813b6b72a7ec2bd5719122f9618dd6d3a2468f869f8836cb,0.00027031410498999837
Source,02740c62f38896511eb98479036b06907fcac283f62d08b756a1e25fb55e3f6772,0.00016218846299399903
Source,027891ff6ed0f28a8a06b42a379a921b83b9a689ef7802c8108dc28de4a31c7dc0,0.00027031410498999837
Source,0282c03304843150091acd28fbbd2341d73571004ecd48b1da1e34844010c74f88,0.00027031410498999837
Source,0289753f4559770003baec773453f8d1b2dfae3256546891e4cfef3a0bdbaa4f30,0.00010812564199599936
Source,0297fc2864cfe1ebb51490c3ce74cf408daf036874790d8b2427e82682235e179c,0.00027031410498999837
Source,02a45def9ae014fdd2603dd7033d157faa3a55a72b06a63ae22ef46d9fafdc6e8d,0.00027031410498999837
Source,02a4acf2042a6527daf094a331005c805146389c7b2272299335c9fbae2da036aa,0.00027031410498999837
Source,02b1afba6153f9668ea0be12f4dbfc396a782a52d3eccf868732a1088eb2cc5d69,0.00021625128399199871
Source,02c4ad243f18d8ed3a40e98725bc6a795b941d7e3d64be9f7dab38144f1eb09cb8,0.00027031410498999837
Source,02d50e281845b66acf67a0ce754220b8cb045fc38a783f056800c5fdca1cb3abcc,0.00027031410498999837
Source,02ddb472c8edf0624dec5544507b705aae67d42a6cc2db133ba7e843fd5ce90135,0.00027031410498999837
Source,02e8b87796f8c4123d1b4bfb0365584bb6a7177c73c71bc1e6659509d74a7504a3,0.00027031410498999837
Source,02f77ee974dc8b413ed84fcf1dfacd75710144fd69feab6d045ec4da83d02dec95,0.00027031410498999837
Source,0310570e9d1f40d46404a551c447384f5554e7ed601f7c76104062421e7589b563,0.00027031410498999837
Source,0314da85ec42da046703ea16f8ffd3b69c181c09652138f517af87df92a64502e8,0.00027031410498999837
Source,032d330f24cfac7142561e961ba5c11f17ea4dde3e2b3cd257241c0073787e3310,0.00027031410498999837
Source,0336f76c8d1209135699fb1aa3db07634c361c4482210111285234eb28b398fe2d,0.00027031410498999837
Source,036476b59b23f7275552ad2891f2a0c81f82e9074feb8f0b8f48f354ff6afccc39,0.00027031410498999837
Source,03748fb4b918f57f3268714a1fb706c053fdf117cd14ef5b64a520ae30cfc6db3a,0.00027031410498999837
Source,037c20dd6ad41f288b448d532093217eaab756aeefc9d30f526886fe0c4eac7a72,0.00027031410498999837
Source,039174f846626c6053ba80f5443d0db33da384f1dde135bf7080ba1eec465019c3,0.00027031410498999837
Source,0397337276656b19adc183d5735e6a08d4c0fc6965e79199600fbf2248119baa6d,0.00027031410498999837
Source,03994a9d4b2ec02cca101a0f069b5c360ac65fd3fb441519288e048edfe38d7044,0.00027031410498999837
Source,03a79c19361154aba09c1d25221d600eefde698332fdc8643d41d1697bb8328792,0.00027031410498999837
Source,03d28ac32e13a26bc2bc4c2e24adde07d8db2c27557de8047767e41537304bc64d,0.00027031410498999837
Source,03fd5caff808b412035ff573666ae5dab66b46bec8c99599c63c6c6f41eedfdba6,0.00027031410498999837
Source,032f46d1e9a0c0db99cf788ddfd86d815be6e9d752af37f4cef5a13a5276af7004,0.00016218846299399903
Source,02049b00b78ce74f0b727c7864de81d26ca3bcede6f38b78f773ca8fe4a6ddb2c1,0.00016218846299399903
Source,0230465203e24e014c0879067908f24cee03ef708e5a1b6fa1c2f816c6a5d41edf,0.00016218846299399903
Source,02318d0463d5c45782d61a762f36ba486bc92d3186ab81e853e6345a72b8ea7fb6,0.00016218846299399903
Source,025b37a511eb67d30306fb15a9bcfb9eaddf3a55a60675bb68f02707651896ffe0,0.00016218846299399903
Source,0273f4141a2eaa5f963c800293497b4b049a36458f967b0ce5b6e5dfb97ccaafb4,0.00016218846299399903
Source,02a0a9ec6da7f909fdd38a7b2e33cdf96f4646bac3c0f204353be0b6a1d3ad8aff,0.00016218846299399903
Source,02b18785dcad9c511c83b13341b55396dccbf73624d6a88155274bdfb1c9954bc5,0.00016218846299399903
Source,02e113dc70965e608ba18097e8d436a12b5496adf2245792f4e58168f815f3e882,0.00016218846299399903
Source,035713cc3f003a00b6aec8e0b0341d0c5668b4285d20dc46842168726c565f23d3,0.00016218846299399903
Source,03728053580578793c83d47f235b187f513dcddda4135e7764f53e40c6d2adea69,5.406282099799968e-05
Source,038e5c1c9b3892149c05bfb6980c5f250a362691ada5330b6c45f2e37ba5fc7ca7,0.00016218846299399903
Source,039b4b3110d5779d75c5573480caaad5d842f9e1628eb52408d2dffea2eb7cc915,0.00016218846299399903
Source,03eb56bf2cfbb4ab54035ff8cc6a8a1691ff7a150b84011cb38fcda6a85745f3d1,0.00016218846299399903
Source,02d9c6b45269a39db88b4a1d10094edc078c3e3b4b8bb7b5a228aeb8f621b6d1a1,0.00027031410498999837
Source,0331c0fab939b392146138a0418171c2bbea227a243a9714d94fd1266d1b5e2332,0.00021625128399199871
Source,03c5254c74e21a342f4182e5993dafe164527a42340a301dd5736b9a3017701013,0.00027031410498999837
Source,020d1617e27ac022395352f2b3774969593d3d6ddff6fb117d820a9dda8da45217,0.00027031410498999837
Source,021c3ec6432d2b9b5abcb01dd64b3a8f2afe3ba7d8c021f63ffd0a994cd3bc9b88,0.00027031410498999837
Source,021f98b9898720f8633c93faf0aa54ab399d277464e502d1111b233c2cf4064828,0.00027031410498999837
Source,025022f660d278b8d90415bdde1b385841b6caf179dc69569e4b55fd5aec70555f,0.00027031410498999837
Source,028268dcb4c68311613dd3bbb0164f7685b6710022bfa6dcce639acd44695049a2,0.00027031410498999837
Source,028803c6dd88596c7cf92566a641f7fb62cc848f525ab0bd5d72b6856fc71a44a9,0.00027031410498999837
Source,02a0f17d3ddb81b3b0c048956baebdf68468c9d7c8b851e5d26354a64a54cff562,0.00027031410498999837
Source,02b4552a7a85274e4da01a7c71ca57407181752e8568b31d51f13c111a2941dce3,0.00027031410498999837
Source,02b8a8fa4ad69db88358dac5bd71c133b05aaf58f2fb82ef3b16b9b68c6ba1e6bf,0.00027031410498999837
Source,02bc400b9df471549c1a2071a61be27460e9726d3399370671514dd8356606bd81,0.00027031410498999837
Source,02cb0b711dcc2887736227aeeecb81ceadd372d978e7eeb9c85cb076b3420dbd3e,0.00027031410498999837
Source,02e1dad4d396696cb207a524bdf595f1a2e6792d7b990f18cef1ebd1b557bb110f,0.00027031410498999837
Source,02e3b6bb0834592f327f82ad6202a8328a64f27de2b736cd89319300f101f5b761,0.00027031410498999837
Source,02e880b95c737bbe110c5ef4f5e70d0d4d04253503e42c4de2760d519f9cb9a81e,0.00027031410498999837
Source,02fe6a27ddcb2dd9fa8479fe1d52549b5932079a493b51f1409fa2c5878f1bc07c,0.00021625128399199871
Source,02ff30e83896d453cfc89ff4dd06d23d793b7246f154c210324adc1d42c849ce74,0.00027031410498999837
Source,03006fcf3312dae8d068ea297f58e2bd00ec1ffe214b793eda46966b6294a53ce6,0.00027031410498999837
Source,03223cf7709a22ade0e34764e7222ffa792fbbba2878a75b84705545f3726021f6,0.00027031410498999837
Source,03339a8dca2023a3e2a7b4ee99f6a7be87d04bfd32775d3b7f85b0d6d30c457626,0.00016218846299399903
Source,0333a4a1ec6ddb057fdc26c830ee0e457ddaa32c1eb476a8b46d4eb1a592f70578,0.00016218846299399903
Source,03407663d5245bd45bc65a9da81cb7ce6eeeea3c94656b7406f11c5165b9fe7c39,0.00027031410498999837
Source,0378a5312ca36773971df43f833b571d024fd7d5d216fbdf7e241b710714ef1be1,0.00010812564199599936
Source,039dea43211cbdfe6d020c44127d70e41a355681f2b01eae35832e2b5fc87b5dc1,0.00027031410498999837
Source,03bd6d28432d67effa2b2b89dd5fd68697940e8a8f2fbb84aaae90d584295b03bf,0.00027031410498999837
Source,03c72f89b660de43fc5c77ef879cbf7846601af88befb80e436242909b14fd0495,0.00016218846299399903
Source,03cbea29f98bdc5ee43d4f22b8b2c80ebe41979b6bda629eef5d52035b1d90ac56,0.00027031410498999837
Source,03d2e20bc19d995098ba357157a9cfbfbfdff4b78fce5ec713128e988e0115d776,0.00027031410498999837
Source,03df75dccb85e82f4b5cf4a6bcb28b32ea12c878e809e89f4e3b35541eafebffff,0.00016218846299399903
Source,03e7d1b2db2f6909365a066a2b40d5ef3a66f1c4d70d8cac3337e09ff2fd2d408f,0.00027031410498999837
Source,03ecef675be448b615e6176424070673ef8284e0fd19d8be062a6cb5b130a0a0d1,0.00016218846299399903
Source,020a919e4684a3678bd5d5fb21752ca19f9700214bf399abca72190c29664ad551,0.00016218846299399903
Source,0217ab1f3781f806c702341714d67ddd46bd2253150cc5a7a4354d2110439b5976,0.00027031410498999837
Source,023d9c506d636d6fb215c3995609447fa2e7b136550884596f8d8cbfbff23b2479,0.00027031410498999837
Source,02439112f98b6f4828e1a7426bfbece166bd36837d7dea4225a75ebd1d96864a07,0.00021625128399199871
Source,02b765d017f3ac7149f1ca2beaced0415953c556eb4aede1458ebf9918157cbc4a,0.00021625128399199871
Source,02c197ffa4c2aa4105dd4c4b7279ba1b9061b22910ebbfa759b0001bed9ee48a16,0.00021625128399199871
Source,02ec4695ac9e0af8f8ae42cedc903eedcd3cdb6d7f7407c483840649e23bf51bab,0.00021625128399199871
Source,032cd1bac674b61e993c9c0afe8efe23e3b1eb30246719010f2cf0f1452ee21e2b,0.00016218846299399903
Source,033533e2db6311c1d417d41279c067d8713ad8a7d577a0d91e65df2f6a82c5b862,0.00027031410498999837
Source,03a01da97af71f7859cd1b2b6a70f221ecd49f6eabf0bf1e267bae9570b47232a6,0.00027031410498999837
Source,03b465d6fcd7305c9fbfac523ec6c4a179756ad03e0400ed220ee303161bedbbf4,0.00027031410498999837
Source,03d6b14390cd178d670aa2d57c93d9519feaae7d1e34264d8bbb7932d47b75a50d,0.00016218846299399903
Source,03e472ddc37b014ce7d5f942b00b28fb1db53d461c4a89173962abd4b331a85179,0.00027031410498999837
Source,0291994c03e93cf58f3629b62e404851c6dd2f6b34241937e012aa84851a90eca6,0.00027031410498999837
Source,02c303b46ef8f95b799211e9112dcef59bae6a5af6133d333ac5ef8194bc8ae0e6,0.00027031410498999837
Source,02d3f41e090bd5b52eed0a9288705b248eb27afe995f02840cb8e7a2abc72580e2,0.00027031410498999837
Source,02478e2fc963f74d0557a4bd821a743b18d51bbb589bfa124edf39aec95a65fc35,0.00027031410498999837
Source,02521287789f851268a39c9eccc9d6180d2c614315b583c9e6ae0addbd6d79df06,0.00027031410498999837
Source,02a14c5c4fedba011d5a822f44bc4cd968484b94d92810872971ce498f278e34f1,0.00016218846299399903
Source,02bdb6c80604f46458394da1e404cf414fe13ba117e7f2718ad7ae5ccc325d0824,0.00021625128399199871
Source,02f235d24729fb6d06c7d4e7d3b7268e33a4ca14a1044d7a2b11b1670e2555edac,0.00027031410498999837
Source,030fd5ddbe1250f0d7dda0ae555bd8187abb3426190fb58bc8f95218f72828dd2d,0.00016218846299399903
Source,034c3dc51afed189148232b9a5975c19b63ee717a62cd0613a2799b74417a5381c,0.00027031410498999837
Source,03afb0e04d0f4cd6242148d4edcc4f0469f498441743f600fefefcac156292cbf4,0.00027031410498999837
Source,03d1e5e7e2ea43762f5e1afacfb60a8002ae57189eedcc13fcab44a084f7665d1f,0.00027031410498999837
Source,03d64e760b4af3698e51eb7ed7d97fbbae41f8cd28c0bcb6851c21207922f6697d,0.00016218846299399903
Source,03e683ecfdbf6ba8fa7a3dc5aa8ce84739939fd8d4231e414f311ab4d8540a6daf,0.00027031410498999837
Source,0304b7f5ba050ba5354943ae7809041602e091e8ab070f7b48c2436a1c2a4b37d7,0.00027031410498999837
Source,031355b5ccf84b32a8599c7ddd9af8f656bcbfc3bb1910ee0a7234659365a841a5,0.00027031410498999837
Source,025d28dc4c4f5ce4194c31c3109129cd741fafc1ff2f6ea53f97de2f58877b2295,0.00027031410498999837
Source,0348b112905d19c4707aaaa0fa5fab5a89e1555b4981360b06c0d22b928880c1fb,0.00027031410498999837
Source,02ab94392156ba8f9e65ac228a595646215d887a492ae1077f57c5957f5bca81d5,0.00027031410498999837
Source,02103f1826be6287c8430e653de06ef16d94b3106c01937a78f5ae2c89bd40f234,0.00027031410498999837
Source,0210c09f2140690486dbb99bdacaecbb917aa23214d451e42bee0aafed1956ef14,0.00027031410498999837
Source,02587c51c3196667c9112c688ccd2356d1a3983610cf19118e33947830ce46e1db,0.00021625128399199871
Source,0280d226e47b5c7898a8620f3dbb4813b4be3ba46231d6f6f302e9c0c6ff88b9db,0.00021625128399199871
Source,028b025ed7ebec8a890403cf4b3e130e526ca365502dba53c654f956333c717d79,0.00027031410498999837
Source,02c65b3982834573d0a1bdeb313489ad95fa3c13e8d3ac5e16871a6dc03aa40d30,0.00021625128399199871
Source,02db7483edbaab2476114207bfbdd0c6eedb71c6fa94eee88eae53c10c6b3d24f0,0.00021625128399199871
Source,02e20cd7de8385128138b82b8364693a66766b8fc60c00aaec0dcf0f92a0435490,0.00027031410498999837
Source,02e53b812850e3f329520a37656a800d9d96a62ffcc3616171443f9e6dd4c2985d,0.00027031410498999837
Source,02f16437c2b9bf9f38bc4a57d7f32d7c36633725392cebf1faadea11b4ea855a7b,0.00021625128399199871
Source,030112133f62b20f81b76754695a0cbb683552c307a062897123fbf3d6360f394c,0.00027031410498999837
Source,03118fcb96eb9473558fc8b9f17e5fc01bbd9a7aadba525d0bfd23632386f4a20b,0.00021625128399199871
Source,0326e262cf1921cd6c597009e7725ce3ad9a7559b3e815d34cb3dfe30603dcf83e,0.00016218846299399903
Source,034902d22cd6103fc02e04bb158ca02df7bd5ce7ccd4e6eeacff0095ba1a3a7fa5,0.00021625128399199871
Source,0380cd74093aafadd0d2db4ceed5cd7b0436e9e1c64327b1d789a175f4d331c3e3,0.00027031410498999837
Source,039bd6ad6e5da4fd0774023233b818e5c930a2224d70d84366840bd9476232711b,0.00021625128399199871
Source,03efadaa931100cceddf4c5956572db06a5d6308c8a4fd4dbd13482cb44807d827,0.00027031410498999837
Source,03f55b4f277b85df749ce23e4f55255a3f21f36dc7205d4a3b57e09c3953d87ad3,0.00027031410498999837
Source,0205d9b3537e4c212c59a52e1a7fe7080b521f6f88b3fb34dd57e5a54a80a8dcdb,0.00027031410498999837
Source,020ca6f9aaebc3c8aab77f3532112649c28a0bfb1539d0c2a42f795fb6e4c363b2,0.00027031410498999837
Source,021b97b0099963bc56fc0c7e3b257ebe3c66ac7616dab1f3aa72e3208e87ff5d1e,0.00027031410498999837
Source,0223d7aa491e26a307b4203916b8d60ded8cfe832806b432d6cfc278e96374f9aa,0.00027031410498999837
Source,0225ebcc280a5c1fb2e5d56fd2ada9a1b1277f66cf5ee090684e9e5f6e6313b475,0.00027031410498999837
Source,022c85f607ceda998bf78cceaed94d329fe24409a0ff640d124db9483557817e09,0.00027031410498999837
Source,022eb09a7993a0edde69537b420f4119c0de833e0ee47651753b46bf884db75235,0.00021625128399199871
Source,0232f4c09bf0a9a1c19c68d4b22ebe0377bbbfc240e62afaee824d9355cd52eab9,0.00027031410498999837
Source,02361f3687a21d4f0e77d2fb024803e7fd431cdf4d746cd7ef89704b38b3b81b18,0.00027031410498999837
Source,0254bb156ecd0eac318844415a91a377bc6947ea4c9fbe5d248e563c29a1662835,0.00021625128399199871
Source,025f806c1c21db29f0a5d8ede16c6b21d9ae6c54b66695a4a9669f943b9993f95d,0.00016218846299399903
Source,02741f86e0ca163ff710f79c3d319a0765a2189616ed10ac5729b30f11db4d4246,0.00027031410498999837
Source,027fa5d82ae86515412af3d361df8bc2c242d8fe92e6d488612964108c5797e5e4,0.00027031410498999837
Source,028142dba8a06b1f2630f08b238b36645b458c0dd2a06fccda05a17115b2921a3f,0.00027031410498999837
Source,02826f50035eca93c7ebfbad4f9621a8eb201f4e28f994db5b6b5af32a65efb6b9,0.00021625128399199871
Source,02916bb52b33836e28a3649baea2e4a29c16fd8ad97901b2c97d408f428edef108,0.00016218846299399903
Source,02926b19109c70bc8dafa980fd65a1bff673d3a52603b816aa80d27f7961dfa945,0.00027031410498999837
Source,02a49e170b9b5c0d4f4b4908da6fd797186f04166a0182f37ea87fb8523c3646ca,0.00016218846299399903
Source,02b56712f65c281a1eacee0bb034699a716535a1c8ae1c912e232893d4ad27d3a7,0.00027031410498999837
Source,02be146de8bd4b92f98b038a9d9ab413ade61fd8aabec7ef124ef24614bcb67e80,0.00027031410498999837
Source,02c7e5c1e3e4bec5a9195ee82cf470b83fdec1b52b1801e8e8aba54b576ac5ce6a,0.00021625128399199871
Source,02cea40d9abce36f1f8cda175ba1ba7c3e3a72c10b52647e1e9508dc466c639f58,0.00027031410498999837
Source,02d2f693212fc525ad1a4d7546c2f24b96a8c002b8567c49fee744569a4abc6c99,0.00027031410498999837
Source,02d96eadea3d780104449aca5c93461ce67c1564e2e1d73225fa67dd3b997a6018,0.00016218846299399903
Source,0309bf5fe006bd2b14d61126723481c6c685bda44efe093800908527dfe9cd8db7,0.00027031410498999837
Source,031a8edd311cc42ba4a947bc82c23c73fdd18ffa21046a9eb00dc5cc9b133554e4,0.00021625128399199871
Source,031bdbb93de14f5c3b1295fb964e6acce26d1dbfef8b18dfffdd45586551dcf1be,0.00027031410498999837
Source,031c7ecff228dfe6054307ee49c8616998af5f8d4436f13c07d211aeb6c0ec87f7,0.00027031410498999837
Source,03362ab599d1e8d5e8e02ce38e836a3cf1a6e59f047d7f02d12484f160a6bc76f6,0.00016218846299399903
Source,033a2b51d182b19f2ce42bd0fcd83aa01ff2f19422e3f7ded6df8cdad0ba056d0b,0.00016218846299399903
Source,0355b39fb472045743c767e1f8de60128b9a68deeb5a834f343ed4968cf0193fc7,0.00027031410498999837
Source,03820714a3f891c7c3ae5e00dbdd77f06ceccc24ddd8c99fadef13ec2eec462cce,0.00027031410498999837
Source,038a43948bc67703c9ce8a94aa298867b8533633ae95dc80edf6e34020e820f030,0.00027031410498999837
Source,039b8b4dd1d88c2c5db374290cda397a8f5d79f312d6ea5d5bfdfc7c6ff363eae3,0.00016218846299399903
Source,03a32622b5350eea6c5bb16a73ddfa07af452b17b47f0d2ec7d33db884fe074d83,0.00027031410498999837
Source,03ceeaec6cb017d1ea8ad04a5dfb3facb24a28399d24624ecce8f319973de361d9,0.00027031410498999837
Source,03d6f80df785288de2fe5de19f24ba8a1db3d20647a88d0a903be9de3e7bb8fce1,0.00021625128399199871
Source,03e354c5bd6a262e04130f77841386c6942413c52d6b34448bf15344067d5aebe1,0.00027031410498999837
Source,03e598dcd4a42f697b81f5b82b79a561b7466bf16efc3d56ba72b228758b428cdf,0.00027031410498999837
Source,03f5dc9f57c6c047938494ced134a485b1be5a134a6361bc5e33c2221bd9313d14,0.00027031410498999837
Source,03f918398e7dd266b5ff9ed330c4c86e502a51fc4d594861f1b5896d7cf4bacb44,0.00027031410498999837
Source,03fbe1c1baedbc99b2642ae524d9c2a6f12b771a3ab91e0f56ca6efc6f7f7d53b6,0.00027031410498999837
Source,020333076e35e398a0c14c8a0211563bbcdce5087cb300342cba09414e9b5f3605,0.00027031410498999837
Source,0203e5b16ebe87b089f22e18752f1f7a66a1bdf77879df8d1c9e8d912dbfb9beb4,0.00016218846299399903
Source,020518ce69c7e60da8e9b145d88a5bbd412f0735e5119de477eee3182a7ece08ec,0.00021625128399199871
Source,0215bea618806194ad88b80de8bc11c6391edb2fa1beeea6174305856596faeee8,0.00016218846299399903
Source,021744d86987a91958461117cd9e7c0e3160f7b86de11f5998018f4b4984a5c330,0.00027031410498999837
Source,021998f701de16564da7abff57abf8a79bd722de3f0152d5e7a219021fd5287510,0.00027031410498999837
Source,021d2436cab847373a4212bf6d754ead5304f5d0791479643893a837b295f3441c,0.00027031410498999837
Source,0220d71d6912bac2d139becf75affd6a93caea63e38e055b5331600191d0b7063d,0.00021625128399199871
Source,022788692d9132e73e6e50721e17d6b75e93349876b106ef3cec0cd5ce69b81f17,0.00016218846299399903
Source,0235a13fa1e3cc0e15e088a0a72c9c732e9dd42bf5dc84330c20c4f7a1e2a91061,0.00021625128399199871
Source,023631624e30ef7bcb2887e600da8e59608a093718bc40d35b7a57145a0f3db9af,0.00027031410498999837
Source,02404d14a1a5ffdf7f02a04b1aea3941a9ff3184b9ef2fd2c78af862cde9572188,0.00027031410498999837
Source,026a0d374752a27ae489c37d6b37d76d9d7f8ad27a469d091d740018bbfbfdcf3a,0.00021625128399199871
Source,0270dde4f0e3b60d61ef11d65eda76f54381f9aecc0de632bd32479c5e1da67c2a,0.00016218846299399903
Source,027b510a7c40bc1aab58345eedad23062578a5647d13a69ed5a2b90290de2faa81,0.00027031410498999837
Source,0283a2c4416a4803590d46fc104a8df50455c84cb25e9efe494b3ad4739bb5b3f7,0.00027031410498999837
Source,02846c64281cb9f271f93f53a0657976e68cfb0830b49f6ea4450d22878faf8d62,0.00021625128399199871
Source,0288037d3f0bdcfb240402b43b80cdc32e41528b3e2ebe05884aff507d71fca71a,0.00027031410498999837
Source,028a3a69336f1c21b584e826293de1feb81435dcaee927e6b58dd76385142da044,0.00016218846299399903
Source,028d1db1af4ba4982e4dd71c6e4167065602021f34006c9bef683dc57d053df4e9,0.00016218846299399903
Source,0290cc884704073b2b633f69f852e8ca2a37660bb359a1e861f2b48760c298ac53,0.00027031410498999837
Source,02957896a4cdbec7618eb6eee478957f7f5acaaa03c7af5179810ddaf9afbb8327,0.00027031410498999837
Source,0299b346598af7ba4ca37af7ce070a9f60f679e161ccef376a46737ad2ace3f648,0.00021625128399199871
Source,029daf6925ead3d3934890b565978a93f28337d12ee3b7943072e47662488f2942,0.00021625128399199871
Source,02a2b81a825b5e73c0e4688e6349fb674dd759371ce03fba108cfadfe70bc5a11e,0.00010812564199599936
Source,02a7ad4a99ac5f72ca8bb10f320beab966bcc8bc86fc2384bd17f238ac8a8a5441,0.00021625128399199871
Source,02ad6fb8d693dc1e4569bcedefadf5f72a931ae027dc0f0c544b34c1c6f3b9a02b,0.00021625128399199871
Source,02b00c7ccbf4965cfe843bea8bd34acccb0e75584dbd94825fbaa01ef98e4b89b6,0.00021625128399199871
Source,02b20c736785ce8e801d50ae0bb6f6daa534a992445b44f4b6255ebedebd84c037,0.00027031410498999837
Source,02b6867b56ca1b6a4548b97b009152683fa366bfa1b14119c8f9992e1acacbe1c8,0.00021625128399199871
Source,02ba3ad33666de22b4c22f5ff9fac0dc5d18ae9b6ce38c0a06d9e171494c39255a,0.00016218846299399903
Source,02be8a325c61af50aebc2004e3a3db0dc8d255f2fb95036738392172f739fa1c3a,0.00027031410498999837
Source,02bebddc34ff99181b3a705107815d0c48e3598d62f9fc85e538a3313735839473,0.00021625128399199871
Source,02c0d8faca275e161c20c9250afedfc64d223b4f7a0a00074a1d64f0dce9c6fe97,0.00027031410498999837
Source,02c2ecfd7e7646f7a249491c565737b5c9f83863c23b88e752f2d624e026f5fde7,0.00021625128399199871
Source,02c73c8ac3f37bb28d9fc3819dc17baecdf24b137d476a2a9e22395d490d842bec,0.00016218846299399903
Source,02dc0e58d3b2a396a243b8e12b6e1b333ff95cc0fd3429e732039ac93f40c7584f,0.00027031410498999837
Source,02e7c42ae2952d7a71398e23535b53ffc60deb269acbc7c10307e6b797b91b1e79,0.00027031410498999837
Source,02ea4ae75bf67950b61ff48844c1f283868f108110c3a234d2b9cc885b149adb31,0.00021625128399199871
Source,02eb9dfcbe445ea0366635e932db3bf78e95eb5241ba9bd3f1c72b48fa9f3fc234,0.00027031410498999837
Source,02ec921faa245b5813385e04a51a6f0e2d99a570ff820bc42b6d1048c278f21216,0.00027031410498999837
Source,02ed7a20586fab0461c75bb3912c100ff1046cf545d57c753e1e47a629983b8feb,0.00021625128399199871
Source,02f778514e68fa50c90ba49964371e83786d62a2c9f82c2545a0510a5c6a9f9eaf,0.00027031410498999837
Source,02fe465d4afdd00864d60db80ed3f276240bd902cf635a06d4479548dcdeef529c,0.00027031410498999837
Source,030a789fb7dd1e9aa80f8409d4666d59de17a2e7ce9e8adf3ec0314a6ed3e7e430,0.00027031410498999837
Source,0313827390afcae8876dc7d56c417d5698effb237e6eab45a364ac71e9e2044c9a,0.00027031410498999837
Source,031da27172ae518f7a492c428795f1876ae65752b9da43477ff4928b94d346ceda,0.00021625128399199871
Source,032434517e28f7b51665a525d5e11fa493bd4e30a59883b8156c2be4085f4aaf70,0.00027031410498999837
Source,032d5a4b5a6a344ca15f6284e3e149f4716a1af782ffbb0194e0dadc077051acf0,0.00021625128399199871
Source,032eafb65801a6cfb8da47c25138aa686640aec7eff486c04e8db777cf14725864,0.00021625128399199871
Source,0330974249e7f1d9f515e04af3bc664b2e924641de53bb43fb9efe3fa6edf0e2ae,0.00027031410498999837
Source,033e514ff30be0ea421f9512da0ed1aea52ea541275654d034bde3470a61269285,0.00016218846299399903
Source,033e8bc45cc79dabebd18507ba39b101c839240932174bff6ddf34631305881cc3,0.00021625128399199871
Source,033f601cc7ed1e78d95fdf7132f2f47d5b7ae109802f9599903aad7178b301be1a,0.00016218846299399903
Source,033fc997c1622281b143fce0cce0711f18fdc8129684840b835d6a4c5ef9d49ddf,0.00021625128399199871
Source,03434a39cd9a537c852fc8fb72454086d726f9111e9f730cef4985c39c11fae944,0.00027031410498999837
Source,035542f0f213a5b6e985dff0e0fd973da01bd77325d44242fc325d0ea8eea3d312,0.00027031410498999837
Source,035b82a3172c53e206e6a47ea95f17702d78619f384281f43feca13747a8c33896,0.00027031410498999837
Source,035c4456f52f70bc2b5d55fdca73b63752aeaccbcadce3cf8ef53d7c9e37674c57,0.00016218846299399903
Source,0361b5e2752ea24a0073f7e3221bb93498c85c54f9744e3431657501aa0b42d9a9,0.00027031410498999837
Source,036280ce2a8346991c39fd616d2c8693017f073709f38f3c5eaa39891e40cb2ab9,0.00027031410498999837
Source,036fc6041f67b673e9357118eb2b74cb71aebf7e1e3535edcdba3b808b2a790c0a,0.00027031410498999837
Source,03740f82191202480ace717fcdf00f71a8b1eb9bdc2bb5e2106cd0ab5cb4d7a54e,0.00021625128399199871
Source,037cf8dde7210e5c0de0556b6c7b74d6b449a0836fa0e6ea8b8c9bfe97ce5f2ecc,0.00027031410498999837
Source,03808b1a698906bbf0457922aec66168a8edbfe98b1379249ace270b41ae0dde48,0.00027031410498999837
Source,03816141f1dce7782ec32b66a300783b1d436b19777e7c686ed00115bd4b88ff4b,0.00016218846299399903
Source,038198109314be718c531864a7494bfc66a5a7666d2f7b6afcf5709448b4d9e8cb,0.00021625128399199871
Source,0382b31dcff337311bf919411c5073c9c9a129890993f94f4a16eaaeffd91c7788,0.00027031410498999837
Source,0386efd6861c73cc85357a7d477e7a3b078f1b95d3e512689b28a63b155a794080,0.00016218846299399903
Source,038775102258944fbad46ce629d453317ddf62dfd391e623e0db3efff0fb006762,0.00027031410498999837
Source,038fdaa84188212e7aec321d443c3206a3ea4e009aa41f37be194154b1be6726c1,0.00016218846299399903
Source,0390b3d73a0e40a1a4d91d486f422bcb232868000a05cf4d88d74b62a6e7421f18,0.00027031410498999837
Source,0391e2edea5191627a25ecbd327c0dc2a95c880a5b0e73af38dc4a5a8964263b3f,0.00027031410498999837
Source,039e8327879cc56a485195fcc5ebfae14bf0dbb5f29261f8c2c2689a1e7e7c8719,0.00027031410498999837
Source,03a09f56bba3d2c200cc55eda2f1f069564a97c1fb74345e1560e2868a8ab3d7d0,0.00021625128399199871
Source,03a327ab2c8adcd21758d176f357a8a1e3cd833e8979f665d96cd189ea6ca01fae,0.00027031410498999837
Source,03a3e1f40f49840c720d971a3b2771ba43532cdba4668a208c85241e82762dca68,0.00016218846299399903
Source,03a465772d45616bf6c8450a69191db8f3cf8cca19ff92138735fd5f1d436fe4dc,0.00016218846299399903
Source,03a4d094802dcf01f3327f7b6862d5089cde71712e3fa3c75be8f09a8d7fc5f739,0.00021625128399199871
Source,03aae60ebc0d009ef1bd3bcd5c66611d66cd235bff9ee7d2ce7ffec89fb369e981,0.00021625128399199871
Source,03b392152e19d74789b366aaad427f946c2aa4044e6e6ca1b13b92e48707914f76,0.00027031410498999837
Source,03bc86d036cc77ef27773d365b1565c1b5ab3b848ea4181f9a9f3853970e6a02b7,0.00027031410498999837
Source,03bd82b6d63567c196025b942104523f0e3440086c09627d140b83fbab47557f8f,0.00021625128399199871
Source,03cb8d989cfe7e59d0302a49d5ec96d1dbdb4ed943ca424d1108b9f6a7fc843fc8,0.00027031410498999837
Source,03d35779ff612c574b92494d74300ce467e0eb510181a6ae3eb74d8ada891d82aa,0.00021625128399199871
Source,03d860c48ffecb94dd15b53646943ae1a3eee4a53374fa88b5b385e07a2c03e4da,0.00027031410498999837
Source,03dc90588725058b0d68b27502396ea8ec79a0df4046b3cec0570a766d68b14575,0.00021625128399199871
Source,03dd68418e6e3325b5a7d2a57542ec33a707ccd875a878d238a766b82d158837e2,0.00027031410498999837
Source,03e121fa397cb7ec60935c140bfbfa7690c3158ba6df26b8bc636508d8a3735afd,0.00027031410498999837
Source,03e35f46a031560d437b3b2d81dce1039a19d12421d5a60362135448d0d96a077f,0.00027031410498999837
Source,03e507065c3b62d966721efa7b9187207a3ca863e8333f0a1003b0f37e12209c16,0.00016218846299399903
Source,03e691f81f08c56fa876cc4ef5c9e8b727bd682cf35605be25d48607a802526053,0.00021625128399199871
Source,03ed75f1ec977b78f26e509cda991f28d30fa6ee6138d91aecb2cedba323d82add,0.00027031410498999837
Source,03f13fcf0e95d329e779c551675cb01b85b3b01a095dcf280efed20520cd912a21,0.00016218846299399903
Source,03f4e34609a220e36157b542d024fc1d9fe145c436dfcd00d0162a0edf2d4c5f00,0.00016218846299399903
Source,03fb1e396cc523f9823458197150b74fdc79b0478ee00f67f526cd1e14e1ad267d,0.00016218846299399903
Source,0224c95521cafeee55d3f0acd3e32c8d2d41b4b8baa34557cb9bb35b66ff91bc54,0.00027031410498999837
Source,022d509049e143b1c5fc5383210acb97a3e5a4b0e0d31dd4c920eee92a4aacd312,0.00016218846299399903
Source,02c83f5d0b495919c4a6ac6f5fc3310ae894b374d3deb611cc3cbfb0c39057d7b6,0.00027031410498999837
Source,033eec549d83e98397100a601664e182d1af8332dfdde7a41e4e06ed127081c80c,0.00027031410498999837
Source,039bd8fd26d4ae06c627af860b271f0cc896153ea87accedfb5b2ed20bfddd7f3b,0.00027031410498999837
Source,02607c9c92b7fa405dd27d8114d5ba1e6c04bf8757bef18b3649bffa2691d7638c,0.00027031410498999837
Source,03ae9f91a0cb8ff43840e3c322c4c61f019d8c1c3cea15a25cfc425ac605e61a4a,0.00027031410498999837
Source,03d648c5a899ce1dca6777a670467d2fdcebb510617efbf1d756b2a68fd076a65f,0.00027031410498999837
Source,0313068e96cffffd324f3487f28e8585b7d9d98d6b0665235c3884a26f1f0f8760,0.00010812564199599936
Source,032b01b7585f781420cd4148841a82831ba37fa952342052cec16750852d4f2dd9,0.00021625128399199871
Source,03e5517051478857e4ccf6be1a3cd8c61d43fb83594f4d44458f4b0d94ad32504d,0.00021625128399199871
Source,03fbc17549ec667bccf397ababbcb4cdc0e3394345e4773079ab2774612ec9be61,0.00021625128399199871
Source,02963d1d5feacc58531c4e80927728321626eaf2c68e50e5687b3ea77866c160ee,0.00016218846299399903
Source,02c8d82c8925be7987b4a5fe55425af6928a932094d014b1fcc3aa4a7f30df6c02,0.00027031410498999837
Source,0329c723f13525de7e67a8130243c4a214d6693d84c910c01ed9127b7230d709e9,0.00021625128399199871
Source,020154791bfcc0000e7c2fdb481b7c122a9aced5f8a3faa53002886ca5395b3098,0.00016218846299399903
Source,0201af659a3986832bb5bf2493c537cee9f7d62a7bff5d0a68176c1d60df931cf7,0.00021625128399199871
Source,0206dfc7fa5f56f3ce752c6621b1d03223c11b16cffb05835b67481c12c6d87031,0.00027031410498999837
Source,0207ed361128e101a16605fd8e7b491e2d28f7db1677363c9712a3907523a414d2,0.00016218846299399903
Source,020fb1b9fef75f80ab0d44f6cfcdce5a985bd8db2e06312252210667c65e4df88f,0.00016218846299399903
Source,021294fff596e497ad2902cd5f19673e9020953d90625d68c22e91b51a45c032d3,0.00016218846299399903
Source,0214ec5397050f7eec8e574d1d6feaa0c992169ed107056e6bd57aed1e94714851,0.00021625128399199871
Source,0216fcf031519e0924e5e4b64a731b207cccb85b13caebffd0f664a32a39bcd368,0.00027031410498999837
Source,02176b46b4e509f7889fc8754eba525858a0bd5eca600a4fce384afc81cca2f244,0.00027031410498999837
Source,021978670b8c4de8a5d311afdf288a27c8d32a4052aeb0a4b38fab05b9d8640ec3,0.00027031410498999837
Source,021a23f6698383454e51f0ad66e20410d61ec1771028531eca867569368b6f1032,0.00021625128399199871
Source,021b5ad807784041b0e6104f4e6ec35eb215659df624573d280ae1bbc20cf816c8,0.00027031410498999837
Source,021be5d8205556d8aad034cc69852de54ec10f133a628dbb80ba04b3765fefd5f2,0.00027031410498999837
Source,021caa930b57a42c58ef86a099c7c136d33f37dc346566a1dc33393ceff238eb67,0.00016218846299399903
Source,021eb3cebc4aee0e563d6ec77131035e817ad69c6c7577e0582e14ca06c502596a,0.00027031410498999837
Source,02223847c2b5165bb38601b89c58e86102c5599c867e84acf78710b4eadb90ea49,0.00027031410498999837
Source,02287f754427019e74b88c8f3779ce09bcf2c3eefd3e24c1eb7b011b35d9d883af,0.00027031410498999837
Source,0228cc784d015731cc0c5dc2163c8bb856f59feb3234ce813edeccf2e26733c32d,0.00016218846299399903
Source,022b0f0363cfb33dd4f646a8dbb59560c878377f9c845751852a38f78ecdea13e0,0.00027031410498999837
Source,022be9317c82371b76a8e57f96139fc9537f0cee52c649488405072c8c7ab4d601,0.00016218846299399903
Source,022c6067d6b87f1714a4f3936e010aefacbf5c66ccd5bcb62f71095032a0dda1e5,0.00027031410498999837
Source,022e5fb4aacd3d96555c3b0a9481a2d8b64d20603fb94661eda206f970b956078f,0.00027031410498999837
Source,022f26520239b8a2eed4f5871687ea97a9c17aaa29595ace6057a7fee8d3737511,0.00027031410498999837
Source,0232d18d0ca279db6ffa18cb6f5628ce068e4fe3bea85cef4b75a15e67935c8df5,0.00027031410498999837
Source,0235664b101bfe94038da2f68b05be310d5ff4b6b210de2d0c1c560cfe1d4a5d91,0.00027031410498999837
Source,023619ad26f17792d0c217202587651af088ecb637a3fd3e54b42c4b5f71947318,0.00016218846299399903
Source,023760d0f42fe8b9befa1ffbfa36b567edf28f574be2cd66219f3632e87db1e920,0.00027031410498999837
Source,023924542082a5d16bce188ec4c29a45f00dd439a3f5992034d82e3353232a0345,0.00016218846299399903
Source,023959abfd8fa129e3bac7c6468ecc947aa94da05c16ff95fe159c249c9b076f0f,0.00021625128399199871
Source,023cc89e1c4ccfa08a0648319f4a32cfc1a4bc41eea9cc4759b7512c0801258a7d,0.00027031410498999837
Source,02413d9c273f8ca507440a75f23de5eff1e678d3cb7720e074fb1a7bfc7eefada3,0.00016218846299399903
Source,0243353fdb7dbf798424e630cb3d5815fbbfcb6ea57f43c14e1c9e9d08c550f575,0.00027031410498999837
Source,02445854b90a954a3d6936c7d4a93bb8ecde414e683de1df451af870f9321eed28,0.00027031410498999837
Source,02461d2992bb4d4cc28c41f06d3ee737980d9b05434027ca103a58c3c33aa13dd4,0.00027031410498999837
Source,0246259cf53c9d8a270e303884b3aa334422c54d65b6b73165c24226c530133768,0.00027031410498999837
Source,024838dd54569cf607d76572a2fad528d8bb9d923eea2ae24edf046702b7b6b718,0.00027031410498999837
Source,024bbcd3120ada0763f7203d60c7504a51e53484fd37413ef229f833b02cc3d36d,0.00027031410498999837
Source,024d7d463f559d892220d745c0a790df66d54e2bc650ecd30900b316d9e197a59f,0.00016218846299399903
Source,024ee5c6c2ccb1ec26a11ca9dc7f891e3ee2b9036a9e23d83cbadcd93160731659,0.00027031410498999837
Source,024fabbc7c4c161af673563bccbde1837ed263f51e3f43879fc117cf0258eb9219,0.00016218846299399903
Source,02555dbb3eb52bafefdb383bf041539051503250e8ce9935c944ed656b8af6c335,0.00016218846299399903
Source,0255f20d53b9a53c0d22268217894ccb90b11b86f956097b67e878b605a83867e3,0.00027031410498999837
Source,025651f2193a89a44a80d833f0a82da668a3af8438eff2e9633fabb3f6a3748be6,0.00021625128399199871
Source,0256afe6405616400c90630aebdf34269f4000230a8c84af471a668dc646cd79fd,0.00016218846299399903
Source,0258865560a1729096f0dbd4cf031b5bcf057bbc5985c735f7c3a6d9a7db5709de,0.00027031410498999837
Source,0258bd38fb3a67ee8308ec975f2220ca5c1c2525dc6c34af637a1bab6ee17b41dd,0.00016218846299399903
Source,0259a363d5d0c0602d4e65a28746d4eb653bbcc0f7a997ebc1c86f706e28b20582,0.00016218846299399903
Source,025ade7633d14cdbf4fb2e91f0f8777c21df5486593773f3c0786944147e8ca7e4,5.406282099799968e-05
Source,02607c337dd0ad4f1f293c529bf0248703fe628261e2d629ec3d4afca6d603507d,0.00027031410498999837
Source,02615b617c685994d4197d8505437dc5a7e3fd4c445850c2b7b23490a3edba829b,0.00027031410498999837
Source,0263e61766a8805e013ae539c2eadb10c2e38a4e2ed22ab1c0651568f4ab2380e0,0.00021625128399199871
Source,0265b8ed989c84321bcd0dfb77cdb4a8347cc5164f5e65d0c44654d1641f3cc15c,0.00021625128399199871
Source,0265c6f926eb2e1156800eef230505a42a6e7bf9e68af4c331731b81b19d62da71,0.00027031410498999837
Source,0267b5583bf3f7bf8d4d957403be84c305e0feff0bca1c2be7668363a8171cb72d,0.00016218846299399903
Source,026b7b4187a40ae2fff865294bdc2311f810014e73a1a8bb237b7797f42edab98a,0.00027031410498999837
Source,026be995c53aa90ab526bd519134471466b21220c1ae3c1f5c875c6b4bcdf14cbb,0.00027031410498999837
Source,026cf8782a7735ac62f0eac8f790798cb288e0068dd4c36081a71da85c93f1d864,0.00027031410498999837
Source,026d2002de505b8e9811e4a911b132561167bca428e2ae152c30a2e5c38fbb603a,0.00016218846299399903
Source,026d2bfd489c5dd6724c5d136070217acb8fd6ed723ad47dc796e434b1ebf6db11,0.00027031410498999837
Source,026e0283d16402b81ce746db852aa8ca84e7735ec95d43f42dc9be3f00dc746b6f,0.00027031410498999837
Source,026e3301f975f514236ee47b433ef9d811429c1ae92087cf33b1c220086b50ca1a,0.00021625128399199871
Source,026fc146ded8d9a0914b88a3682da529e604b16f35d24aba9a8c650d21786ebd5b,0.00021625128399199871
Source,027230e7207075b18b089399c4244ca4b45f5e629108ef020f6812aba67037a499,0.00021625128399199871
Source,02733342a3849be5f84490157050b4779fd25144d334d04ad90f41501e73877efd,0.00027031410498999837
Source,027537449dbaf56360c2157a605637ee1c594a3c21c67f66059007c7e7493a842e,0.00016218846299399903
Source,02791c1f586fefb3b0b59eaf8720bbb5c2d2d055c6401822dd307ee0a0dba28ce3,0.00027031410498999837
Source,0279dbc9dfcdfca410dee0a67320d4eb07fbff04a1960b6dd1e0cb92ca18e3698b,0.00027031410498999837
Source,027b581adb069aff78389c970b898b1956d00e9ebeab3c2699e463a3db9c9299d1,0.00016218846299399903
Source,027c45fb7767eb99652da0045a8580372241449a1a015c92dbf71ed8ffa434ced8,0.00027031410498999837
Source,027c7a12964353805dda90dc6a3aceb195f8873856d73539c9bdfa73ad3bd691ab,0.00027031410498999837
Source,027fdad1055d6c8d21679a2792f49365599a24b4b9df2d8b75acaf951c31070468,0.00027031410498999837
Source,027fdf3fb07b893a10cbcf9cd077bb69580d7fbee44cebf7e0dbb2f36f478dfe78,0.00027031410498999837
Source,02835e0b9145bdddec9ef25cad408fdb2aa9b4eca84249f027bce2a10777530638,0.00027031410498999837
Source,0285cdf038d8bb23027ef65e00ac56bb6975e3b5ddc163122a57f4cd1a58a5fc51,0.00016218846299399903
Source,0285d50bc04a6a7eaeb37c4964d5f1322b1136c8cea2f242d3c52302226043cbe4,0.00027031410498999837
Source,0286639824e8f464c2febdfa9bc18a3e1e5191c3f9682fd46ba1c2b3712161aa2d,0.00027031410498999837
Source,02881003525adb05fef7f73eacc8f31903791ced708a4fc2680de08acae949006a,0.00027031410498999837
Source,028ca0ffee9ac156a022d92d085bcecd85202f35e5245f0a464f5fa60a004fb19a,0.00016218846299399903
Source,028cf3eb05bdbcf2187c214b9b99d9532ed4532f850186ecfa837f508e6b1b161b,0.00027031410498999837
Source,028f4a60dd133875e8776d5ac36e87097cf59e6e3a1d74fcd14c900270dda57c06,0.00027031410498999837
Source,029221ee9b72b7b1be2cb09610839bef2ea286ba1d7da9fc184731abb789a8fed0,0.00027031410498999837
Source,029226d8258fda7c12427af191f18b514ded8b471aafe76fd581fb8d6c43cb3e3c,0.00016218846299399903
Source,029658c18a365d050d5eb75d86b281d7e151396872e2f8c27777b95942e44d6c9d,0.00016218846299399903
Source,02966a90f51a0874f706d243878b58eafdf15a2369eaf6fbd1f3273159f0d0e130,0.00027031410498999837
Source,0296f5f265b0026e705def4da129bfeeb7ffc3cd3e5c77976b408c879ced6d5197,0.00027031410498999837
Source,029799e356f54bceda8ceaaeee3d75a384272307ef3f0829831caa6de2158d1533,0.00027031410498999837
Source,02992960012262be5891d59080007d18c85fe7b9b594198e5aaff9f5291fe32742,0.00016218846299399903
Source,029cd2514443cb00ca806e54a770f444f25f2d6368c959a172d302de0702e30d38,0.00027031410498999837
Source,02a22a8dbecb63144dacaaec0d9a4f4931479585b2ffec8c87933018c7a08bc300,0.00027031410498999837
Source,02a54fe7690fb419c965140d6252ea69bdca54a44eb3b5cb895b97cfb2d3666395,0.00027031410498999837
Source,02a5e151038284a632aa944df938bf13be3936a969d7da15bb3acb86efd6f8f4da,0.00027031410498999837
Source,02a6db18ec075eb080834eeec58054da00356a5552dd853032df942cb97214631e,0.00027031410498999837
Source,02a83cd20732a744b7a9bb5515f1bb2d13b9875c16b5417177587b4c14f8426e84,0.00027031410498999837
Source,02abee897f5ab347fb917b30bf184c4b3ee33bd81d568958193f0cf3b7f7b41b44,0.00027031410498999837
Source,02aced13b08adcbe1e0897ad3b26e4525e1a9cdb76c86ed4aa42a518045bcb7e9f,0.00027031410498999837
Source,02b05c41d8aa7f63a0d44ef848d8f31af927f92989bd08525b1e0a3253e4eb1324,0.00027031410498999837
Source,02b3239d36d7e3e3216a9ad8250d5c01e9a9cbd1ea409b614936673146bc2671f3,0.00016218846299399903
Source,02b437d586e5824b3f14ea8960897ad02db88dc049c54f25cc44a582a9cc228198,0.00016218846299399903
Source,02b590065ad48c3312b3df0c2cc1b56e924672b77d931a199c58e9c0e33f3460eb,0.00027031410498999837
Source,02b814e877ef16dc7c6f96cbecca2e1759b860efa827ef2bc85a79d8d1ae7f3be6,0.00016218846299399903
Source,02c2101c8cee4ed9f6d1c6da8a0432dc4ca03c972821b57f05866b68d052dea589,0.00027031410498999837
Source,02c33c8f4e38ea2986675edad9265c59c355024bcde4c5e10e30eaeab47c1fa39b,5.406282099799968e-05
Source,02c3ffc714b9ea194ec3f4fb46fa08bb0da1430584a60fb2177877fc7434af9b14,0.00027031410498999837
Source,02c640298966b12829225ea5e9f41c3da88c01f623aa486dda59c3ae04f4f01fea,0.00027031410498999837
Source,02c89a19081269d1bedac7b3f13680fc33143f065445fe5fc25fa92739ccbbf264,0.00027031410498999837
Source,02c8b4b6ffb57f4d128e926a15a8e001840c9f68aebded811c665c0ea6f6b95908,0.00027031410498999837
Source,02c8d72638ddf8d20774500d64118acdda6d2ce4854257ae7ed114941dcf58914a,0.00027031410498999837
Source,02cc362ae3686e5a11a6a0cfcd7122c65cc98e4db830b05272ab796fbde6887402,0.00016218846299399903
Source,02cd1b7bc418fac2dc99f0ba350d60fa6c45fde5ab6017ee14df6425df485fb1dd,0.00021625128399199871
Source,02d126427eb81bad759c59af2a92c6f04f8665010e3f6c6a8ef84febf33800ac4a,0.00027031410498999837
Source,02d51da503cf7f67fb996f9f9b3278477aec998a48171735abc6c40ac4559049f3,0.00027031410498999837
Source,02d55979aa02d8f9d596250478bdd1f0b8fc53fefa7289b1162c22c9b6da47c7af,0.00016218846299399903
Source,02d6579730da253cd4b01f01a44933adb2319c544d0ce55a7e65dee2ca2bbd1e7b,0.00027031410498999837
Source,02d6f4112fdb133ed2c26a5617d6c996526d3eed45dc0711da4dd71e56d4641d8c,0.00021625128399199871
Source,02d7e90928e0dc65852d6622768f6c6c1debfd8a03ddca7e5a47d93e51e5112974,0.00027031410498999837
Source,02d8cb80fcafd97d92e8a0bae889cbc823b4c49b0104621a6dfe399f5b24265045,0.00016218846299399903
Source,02d99d87428e4141881758007e04aaee3ee45f78f3b593a72f091f4310f9832922,0.00016218846299399903
Source,02d9d9aca1ab7cdcc73a8760da378a1c791459e2ef662af7ed89e5aa358dcce476,0.00027031410498999837
Source,02df315ed19636d66272e2ebbc1f413e460ac5a004810b28ef4714b30f33acf6b0,0.00016218846299399903
Source,02dfc0404d3c9774974286655e5ef5859617e8da7ca291db6afc602a6b70db3537,0.00021625128399199871
Source,02e05a06d1666bcef4afe7695e6e3b2cde640170504eaad6bbd7a30ad5bcb69d68,0.00027031410498999837
Source,02e0894ed742ec18fb5e0048298de76fb162d1ab1116257b63727bc1f047894d20,0.00016218846299399903
Source,02e29777adde8a4ca2208df209ce7ea578ad7b6c5ea4f02d00b3b1025df8e58a96,0.00016218846299399903
Source,02e2a9bda21fd5c43649128beb78cdf623472cb2ef83147254b78901d898f83c24,0.00016218846299399903
Source,02e3cef0dcd8b1650ce262e7dca24be4d364698d07de5f9896d4e193a2047fc25a,0.00027031410498999837
Source,02e66e22271739b0c3e9a11391d0797ac18e7265328a96f495ed52720af1c38f10,0.00027031410498999837
Source,02e7b320bffaabb516962fec3b77e901b75454e5e62a24ca99aac0ac649d8b6900,0.00016218846299399903
Source,02e80f1f135c1999ebcedf8bdd657ac605eaab09c526c06b0c22f038ee111b135f,5.406282099799968e-05
Source,02e8754aa43e75a0fe755d2f3a7df90e98ae4976d53f8aa4882a1e89e59f6a7332,0.00027031410498999837
Source,02ec095bfb29e486b814b61bcad294224597f7b890fd977149bdc1b2718210d088,0.00027031410498999837
Source,02ee60fef298e59b2ae4ff09642a62a1317c7baac97d51b1fc7e5581d1c6fef695,0.00016218846299399903
Source,02eff4053a30921dd739b5ffa6f9299435637206598f9240d7bc9c8df27cb7ff61,0.00016218846299399903
Source,02f06ad40a3d8719a724b9f89f7a48b1772d5a5d6778e761c4a18708803ddc41bf,0.00016218846299399903
Source,02f167bc48f7d304013e09b9cc5bb50e2204f7a8f76b9280b0cdf9c3745ccb5544,0.00016218846299399903
Source,02f2ef56264092d7ad5e2286af6979be59fdd0f3384b37f407fd41fd0c61f6722f,0.00027031410498999837
Source,02f3aa970b28ae7ce244fafce8f68d2ed816e2eb44119c714a2131cdf50d3479cb,0.00027031410498999837
Source,02f5d832ba1cb6a29bbd65cb96c1e1a29e4a48c18840badc3f5a5c4f90b9f5b1f3,0.00027031410498999837
Source,02fa025108e90ee67836c7b11001addf70428e4e8ec3cb0484ca207eca05a457cb,0.00027031410498999837
Source,02fa817c62a2825f1a0406c3bda2fc2eedf8d0cc24e873031c9ad7c87bc98e4c34,0.00027031410498999837
Source,02fb79c3a9121d85b126687bd111eaebf21aaaaa5cbf232e2b6c3bdf8803f40182,0.00016218846299399903
Source,02fbca8a81b8bfb17f4811d3c5121252019666bed2c4f3d667611db6742161e9c6,0.00027031410498999837
Source,02ff4c0c9ac0215be3b83f96c8ff4e53abd4c82d98bea7fb75564fb16287b62646,0.00027031410498999837
Source,03037dc08e9ac63b82581f79b662a4d0ceca8a8ca162b1af3551595b8f2d97b70a,0.00021625128399199871
Source,03054ece547e19a5262dd3d74aa503fef4cd06f0a075e01c015fc2393f45cd113a,0.00027031410498999837
Source,03087905435081ff61840629de73ac2598684b690f4c751894575824ddb1b3e14c,0.00027031410498999837
Source,030d0036c5fdfb850b38d6101d2e23c13976b335fd71a4f649a98cd35178c9727a,0.00016218846299399903
Source,030fd4a722cd139c2d11285cfaf9d513f59be56645af3a0fdd7b7125976b709a03,0.00027031410498999837
Source,03104aeb4121f194d2996edaf1ada75ec397d9c746151d4c7023c3aa20dd1eea0c,0.00027031410498999837
Source,031567fd59c91d831ec6855378ff68ce2d8118507d865c57609868289059bbda5a,0.00027031410498999837
Source,031c695d0c7cb3f7a6d8f66f72737600b11fd8800e5d865abd0a54e0c9ed9e6335,0.00027031410498999837
Source,031cecb697b2fbdcd265d233fc65442fdf8a3522a61ab1c727a9d6be673270cbfa,0.00016218846299399903
Source,031d7a6fdcfe5107244604798cccfa8a21faf2027f11e5ddabd9ae35fd3f869796,0.00027031410498999837
Source,031ec0d096c3d8bec7f812af70907927100e8b396e61dde50741e2d0b1c2a269aa,0.00027031410498999837
Source,032150675a9823223556eea340e40b365ccbc9ba1f3eb8d2ea664089e19ad8ce58,0.00027031410498999837
Source,03216a233c40b7c9ae836c22b372abcec94c4d02a0295e05ecb00a939ee3c767af,0.00027031410498999837
Source,0329536bb05d9a8f88f3a459cbad0e51785cb825bc8a1ad2bdf47faf3f4ce912ea,0.00027031410498999837
Source,032abc48fbe58e4f1762f9ea019295c061bfc548f882ccd768cb3ba8b0a9e77f15,0.00027031410498999837
Source,032b2a81a78a8b32c240400e317ba874454c78e54b9a3299041d970d06e32c049f,0.00027031410498999837
Source,03314752609894ad71ce9eeaf3597dd8013c3569594ade4ae36f1172a0f8f4adf4,0.00016218846299399903
Source,03326343fab76852b47c7cd3f6bbef0f622326bffa446fa2404b0e8d9e14d280a0,0.00016218846299399903
Source,0337a42a4384c331258f7fa53697f27dbc1596a689fe77923d31b8e7a6f5960929,0.00027031410498999837
Source,033875f91e2f5b3529300d160f74012a74b5d416060ad7239d3103216e869718d5,0.00027031410498999837
Source,033b1f6009f68afafd62c567b81233d56b56ed0ea7007eae61b7768106850b0aa7,5.406282099799968e-05
Source,033bdba82ad41e75bb78a3c3d5c632d0cee8ad2c47fcaf65f83084b8d62b9cdef6,0.00027031410498999837
Source,033c5deb9fa6a19f2fe9c9ff37ed83cbacef8a7c7aae8d1684f81b11da125b614f,0.00027031410498999837
Source,033d9ba0963408a8d8f8c09adb0176b3fa33fd8228666d8b500b01bcdc6879ae3a,0.00016218846299399903
Source,033e7e466c56c51f53723fb966674db881b5aae8907e22170d630fb1b149f55ee3,0.00027031410498999837
Source,033f1323173de7e70b4832c0b9bf27e9997198a04e244bd9dbb9e78f86469bed3f,0.00016218846299399903
Source,0342835fbacb33f23d6b89e6f025f73536a2bd4c3836c5d5dbe8422d017285a002,0.00027031410498999837
Source,0345dea313a1073ea4c64589b91a1fb963cb66aef2ee84570d34d2db14533cc286,0.00027031410498999837
Source,0348635db8078db29f9ff6033a2a9160d478ae6320111dff79a3c3297e3a1c6a53,0.00016218846299399903
Source,034b2fb8cecb1031b7f94695278932ea10791e636b03ef0cd87947eff07e0f3892,0.00027031410498999837
Source,03502e39bb6ebfacf4457da9ef84cf727fbfa37efc7cd255b088de426aa7ccb004,0.00027031410498999837
Source,03581b22146814bdb82fe94e8b0a4e2a63e61f62f31bb51e44c3e06d15fefd90c9,0.00027031410498999837
Source,0358f59ff1f65add6939f82b96448bf612bfb94464ea08940e027159d7c4663c49,0.00016218846299399903
Source,035aff5114106d285b30457f846ad654a0e83db22cccce98dc4e23125f368febed,0.00027031410498999837
Source,035b6c98b5837ab3db778abd07fcc942e9bc3f37f9beff47da516470caf9040e11,0.00027031410498999837
Source,035d4955f57bc32f07cffffbe0370a2d0a5127a15edbae632f983bb5974c96f7c1,0.00027031410498999837
Source,035dc8c4f36ef0661b4e0790fedc7a5765210f3d378b122861093652a25f4d706a,0.00027031410498999837
Source,035ebbd9ff90177077cfaa6a9a237ebbf9d2027a462346033ba88682416d34f4eb,0.00027031410498999837
Source,03614a9bab5591adab6d45e85f0e2b9e4d1900cc2449e6a83887b0437e1f45a3b1,0.00027031410498999837
Source,03649adf3a6e607da302294c168a0971388080422cfbbf53a9f5c5f8482aea9a80,0.00016218846299399903
Source,036578a930856b958fa6ee136cf27a1620c48a2280a3315257b33bd1b58174a776,0.00027031410498999837
Source,0366de97c9736a62efe4ec834515e8a01871152140a88cfc9fed8602b0a9f9e13f,0.00027031410498999837
Source,0367094b41d64de5c1bc7848ab21d8b658bbd5267dd4831485aaa97fde911d4034,0.00027031410498999837
Source,03670f006b8efa0f789fbfbf25799371d2a4d3feca4935c98614bf3bd50112bfb8,5.406282099799968e-05
Source,036a9f2bda8106c542bd771dce345774c78d9ef59a6e3dc912869f478134b43c1d,0.00027031410498999837
Source,036b68a35fb90c15d1499829bd779b61ad9966cce0e5115c5783f936826d30c834,0.00016218846299399903
Source,036bc853cb9bc0a3964456ad3bfbfbbfa64e9867cf701de1e35f6e809449f566e1,0.00027031410498999837
Source,03708012c1e39b721b0704937a3f620c373855da23935ea912dee626c22abf845b,0.00027031410498999837
Source,0374c8265a398a86c8fa952eb838e5dd2ef473a477b0c2fd7263522b508a79a226,0.00027031410498999837
Source,037591d5223c68392aa0e6e26eb73ffae6f44906f331018603ba467d7f8b0b8779,0.00021625128399199871
Source,0375fe623727893ba3fac26883767f5072087048ad8c1b4497e291a065e98e626a,0.00027031410498999837
Source,03770ffda2a7abffb725ec6022e604a57d7c0b1e2fc3e5131a070767b8d41da954,0.00021625128399199871
Source,0377c91a2402d866d24029712d48dd303d529202b8774b935a25b15f9e23a80968,0.00021625128399199871
Source,037932df9242c99de7c6dbe393798d5982bffcccccc8e6dcbf84c87ead888dff7d,0.00016218846299399903
Source,037b561d57f97b67c29f894d61d5312238d30521f7f4f4c21462bbf6e2da814d50,0.00016218846299399903
Source,037bf380d267ac4a2b495382f84482dbba048b22a62c5d463f94274d013e8c6286,0.00027031410498999837
Source,037d284d2d7e6cec7623adbe600450a73b42fb90800989f05a862464b05408df39,0.00027031410498999837
Source,037d34f87c2e608908ecead8f7b8aa66c7c0ab7131184194588f232a516a3848f5,0.00027031410498999837
Source,037f4a1a54a43e2de05f4da03bc5702f15d887b1222697e48cc4b432385231751b,0.00027031410498999837
Source,037f53a3f28905bc10efdb111922e8fe9401119b3f946d1d7f387dc64de649cd82,0.00027031410498999837
Source,03846b1ddaf23b4f1319cb1fbe3286ad24655824fbd6322d18f7aafccc6a9f45f7,0.00016218846299399903
Source,038557cf45ed950a0b18534acf9a417911ff941ea3d00389940016f262155e779a,5.406282099799968e-05
Source,0388f018af1c22892139f907a8e6936a244352059e8064674f65d451f21ffbc24e,0.00027031410498999837
Source,0389819a7125ae55835a4c682edc21c712f2193d0af1f13be9d1d04517d4bcd1bf,0.00027031410498999837
Source,03898773c93ebfce82cca04f9aae583b99cd1a9c440302281a38f0491b60848585,0.00027031410498999837
Source,038b0481a4b2e396f446853eb7c6dbb682c1f90ba8123cd1e82ebfc29507e7114d,0.00016218846299399903
Source,0391aeb8d6d54df19b56c3eec85ea5ab8aa04e6d5865af1b34fd26106ca75bf081,0.00021625128399199871
Source,03930b55a0b824ef3190ec623cffef7e91dfb336ac239d18c62f2987d382d77e5a,0.00027031410498999837
Source,03937d345368ebd7da30af2818ec6c36c8a9b1d62293f97e82e80a1996276e2774,0.00027031410498999837
Source,0394879d35037b72f19ca075f8ceb1363b3a04a7466ade9af56d83d26301a3a824,0.00016218846299399903
Source,0394a8619decee64ceedf54dda0fb06f3a912fff236824d3b913d3a4e8a9f5f703,0.00016218846299399903
Source,03972c8fbc8cb22d1d0dbbf0c81aefb0f0fe3d3ad42c28505da4e1e53cf97eb12a,0.00016218846299399903
Source,0397919767be2ef36abfa8e0e42830204c89fceda7decc2c755a915eab3993367c,0.00016218846299399903
Source,03984bda8964519d866f70bd5c0b08bf833d31fe2d1de84802a5047ec7ade5af7e,0.00027031410498999837
Source,039b24fdf823583c918effbdaab3d522e8814722847f01a4a1ecf0f19c604b0587,0.00016218846299399903
Source,039c7f7eb44868824b6575cd53e52d0374a863f0f9ea96e868e4d24ee00cee6d58,0.00027031410498999837
Source,03a0ec9f2148b8bf5386df07418259b260695307ffc319c1300bb12ad35308636e,0.00027031410498999837
Source,03a14d159502d6d1d8ef9419d916ca2b6a4c8eeb4e9b132fccd66bab86062716b2,0.00027031410498999837
Source,03a1ceb2f4953087266da5dd83a969a01cd8097ad856507dbac605d3cdad4eb735,0.00021625128399199871
Source,03a3b0460644d4fac81e5f062719c879c89fe6b742245d3bf7e574dba68cca7a2b,0.00027031410498999837
Source,03a6680e79e30f050d4f32f1fb9d046cc6efb5ed4cc99eeedba6b2e89cbf838691,0.00021625128399199871
Source,03a6d2d8b6ff5d50e39292429308832412b748bf1634ca8bdc72f946809fca1f45,0.00027031410498999837
Source,03a6e62c398c18e46fbe57999b942494149596f7c04c4a1edb469707c1077dc9ff,0.00027031410498999837
Source,03a760243ee9173d87d32b5bf09ae331c910d1b67bc2842a8da1c5bfb246776d81,0.00027031410498999837
Source,03aa367d17406acfe7f814e5b3207a7dcc56bc688903ad36b7ad39024c342bf4ab,0.00027031410498999837
Source,03ab94b44f23b98668cc1d0f01fe6a4a41791660c14a66058c653a7da142b0ef22,0.00027031410498999837
Source,03b14c4ee1515af042d79a01eea29ba6312614d616df8d48c807e56fb755cf63d5,0.00027031410498999837
Source,03b1c1a3dd064c7b4386b688c1f0950fddb28f61f2c3be8bcaf4ef3c78429ffe4e,0.00027031410498999837
Source,03b2d5c9409d42e0b13abfc23cd3908a6cec05fadf602dc4e98b1a714528289437,0.00027031410498999837
Source,03b4572ea31a8f58f02dc85d945c611c94432c72f95326c01b34a14e51eea712f4,0.00027031410498999837
Source,03bc2f182ecca2be6c76f3f3b07af40b213c0f31e78de228eb8f8d601d93d57021,0.00016218846299399903
Source,03bc3f75ab360d63b09af8ea8d8f297715ce41b06acd678f9a6b92886e2f1c12c5,0.00027031410498999837
Source,03be06c29b8b891b9f589c346aefbd4f73d09bfb73944b7aecbd91739d7ad5b575,0.00016218846299399903
Source,03bf8061805149f6a6c1f77e5ee3a7fa0e898f67b57927fdfa59832979d57ed0ee,0.00016218846299399903
Source,03c16b1a0066c93f05dfefcf11d79c3c729ea526c1a039768d3de8952da57aec89,0.00016218846299399903
Source,03c2b5e97173e2ff7baea106a34a165e0213b6c5148441ea97785b35a78a506299,0.00016218846299399903
Source,03c457fafbc8b91b462ef0b8f61d4fd96577a4b58c18b50e59621fd0f41a8ae1a4,0.00027031410498999837
Source,03c63f25b2b991f0e8253eb45054be6a47e0467b9532c02c779b204a87004ee7fd,0.00016218846299399903
Source,03c6d1cce30eaaa8b4ad436735c6816ae886f588ff8362017af940ad5a89118014,0.00027031410498999837
Source,03c8de1b5d833d51851a7f4a3c5533846077c3b30c0ff4d9659cabf19bf9b0ca17,0.00027031410498999837
Source,03c94ac295881ab54d102e152b572fc9600fdf40db46699476da3266f45853d83c,0.00027031410498999837
Source,03cb151cacee2103018e59d5a156ffc7dd6e208d93dd1e846edbbca5bb4e842f3c,0.00027031410498999837
Source,03cd61aa1bb94d756b018eeea825218a0d82d75493d0ff091325126fcc7d7b29b0,0.00027031410498999837
Source,03ce6f7b7cbf90dd7ec4db740bffb52b0ef2f0f53ced6d0284358e9b14c604aa08,0.00027031410498999837
Source,03d2d9b865127074632a6b8f8e67c977e9618b55ba0e7d9c005011549bd6ecc302,0.00016218846299399903
Source,03d912dc1db79a1c6228bfce97652d96b8cf99d99edb92613a999702b20d2d0cf8,0.00027031410498999837
Source,03de23d27775ff1abc1d5770e56ee058464c9fcd4cc39837e605646e95aaf5f8f4,0.00016218846299399903
Source,03ded19c55ab1726e2b839e006321c002c61602cced485c75db895ec73fb48543a,0.00027031410498999837
Source,03e10961b3dca2535db724606ed1fb1fa5140278a934d36826937310420d4537f3,0.00016218846299399903
Source,03e14a85a4eab351d47aa52acc76a0411d3d7e9c83e9686f306d89bd932097b2d7,0.00027031410498999837
Source,03e241b35aa9600562e07f6ac26da20ab3e13a7a3ac6ed11df1dcb86fbc7bc7488,0.00027031410498999837
Source,03e437df1443336c647f0a61e03eb0449972a486863acf2676410f308a27df33c2,0.00016218846299399903
Source,03e45aa39c2123ad5c56ca1b3768ae2367014d5ef2762fa891f9cd5fe0efbe52c3,0.00016218846299399903
Source,03e7882ce549d3f8ddb24b6accee327297795fd8d7151f42943cdfc1f5eb87fe9b,0.00016218846299399903
Source,03ece2b628701fd5f44ba866704b0fcf4bde05adcb3f91e724dca2fd4b044297fa,0.00016218846299399903
Source,03ee6f7529b16a75fe00825a9a6cc26e512759df6292881d90819a55d9553eaa36,0.00016218846299399903
Source,03f16442b17123ee86eb9f4a5273d0af82fb2cc3f258e5a8313123e535ddf97e00,0.00021625128399199871
Source,03f4ee45cefe431435fe074a94323eb1df1d2af85475e7518d556bcf0230395f08,0.00016218846299399903
Source,03f537c6e27969ea9da7665c51e153b558a890d0682ec47f9056e5c81b08dfb366,0.00016218846299399903
Source,020003b9499a97c8dfbbab6b196319db37ba9c37bccb60477f3c867175f417988e,0.00027031410498999837
Source,0205bb43fd083ef8d8b9b4a4c96d8cb1256e5a5249de711c36c32f79788a01b00c,0.00027031410498999837
Source,0205f412822832116a7dc11cbe2704f1ce7704cf1c2c1963f925589f98b8774dac,0.00016218846299399903
Source,02063ae340ca611922072d71063807b116286022c8638d26833a022e414d572915,0.00027031410498999837
Source,02063fec62479bdf7d43f046056303e48f5029108111ade42aef41c622a6245d52,0.00027031410498999837
Source,020d0fdcc9cfca39aebc7b6fd5657cef4bd5287e571afd6317f0b0a8b4430e3c00,0.00027031410498999837
Source,020f744caa3a20c3195de8752024f98edf1100b072db7bc5d582d64a860132e7c0,0.00027031410498999837
Source,02139c236e0f8e6b0dd11134ac4e363718e254778792ce3031979f457786405a44,0.00027031410498999837
Source,02159e8c2198559cd4456d13b6365aef9c3b0bf0cfc85b830e3282448660a505b3,0.00027031410498999837
Source,02180d6f6e349a86d13d8828abecfea0b80c7cc73003e8366ea753973ee835a0bf,0.00027031410498999837
Source,021f89d852ea916b44e640565fbbdd99d8b4bca96d80b402e32ae5cbf9521d062d,0.00027031410498999837
Source,022422dad8b0841c5588563e9a07306a1b1b0158fb3c0938257f18e323a430f2ca,0.00021625128399199871
Source,0225e29bcf897f22d9f546ad71185f9519db538d484b2fd2ea2be02e20b5c7224b,5.406282099799968e-05
Source,022b213281fad5065c66ed53a53198a04b4cb528ce92d76ed0175471b93f1db74f,0.00027031410498999837
Source,022c1f1ec7f9f065056c97f32a0f2275db0bc74583630c6592e7dda2d92df8e03a,0.00027031410498999837
Source,0230b207b3385feddb1ed18d5c7a808015aeb668aaf9bf980bee62465a382112c1,0.00027031410498999837
Source,0235b43d6667dcfb27a35992e0fcccb7dd52d59106902f55df349c709bacd6dc4a,0.00027031410498999837
Source,024636018bfae0674b64513c8b5c247130f8273c75a93ca6536240a00d7253c132,0.00027031410498999837
Source,0249cddd0ee768edad24893679fc753fd1940c6fe01cd3b1aa8b1d18c856d4492b,0.00027031410498999837
Source,02529db69fd2ebd3126fb66fafa234fc3544477a23d509fe93ed229bb0e92e4fb8,0.00027031410498999837
Source,025f735f59ac2f691e83f42f3ed7335f8883e651e7e3fafad37fc0f745cf015799,0.00027031410498999837
Source,026067a7fc2b0a6b3414d29fe854a784267c58d826bd5d940c501ce18d585caf7a,0.00027031410498999837
Source,026209a739dbf4ab8c73db56773a61247e92fecc53ec5c8f7ae41f6d11fec64a04,0.00027031410498999837
Source,026be7f5f2f6649cb9eca52009bb855fc036814da1b703310041966a1912763d91,5.406282099799968e-05
Source,0275502b6f71867ab7b6a4175e042c513758952e86cc5bff38161cce7e70302bf5,0.00016218846299399903
Source,02765a281bd188e80a89e6ea5092dcb8ebaaa5c5da341e64327e3fadbadcbc686c,0.00010812564199599936
Source,0280133316d7e1571a7b5842092c955e027e00c6859e404e5ab3e28c42d9aec332,0.00027031410498999837
Source,0282d3f067cc541bca91e1016125c9361631fe7b6c8bd3a5711a8809489864fa8b,0.00027031410498999837
Source,028e65a186905f1b81b1e1013a2253cd33bfeabb574de24cd15f1b16c1fbc9a2dd,0.00027031410498999837
Source,0294f3e45ef1a1f70cad57ef1b5c412e318e2dedd561e8f15829b83be8a2f18b37,0.00027031410498999837
Source,029bea9e4fbb6c26ba7df3beebf21a6df7d45798675a98e68b3e50266c87dc5c2a,0.00027031410498999837
Source,029ccce3929309ca5a198ea23840651c92dacdd43a0b58507be922d273b5d490a1,0.00027031410498999837
Source,029d08f1d1e2717c45eb4d2b226c757338f378c823c302ab2f177b1977492fee88,0.00016218846299399903
Source,029e048e15fa4740c1f3c8f99dc355b75cc00f3acf295dc583bee453f8520765b6,0.00027031410498999837
Source,02aace31b8120e29cfc29d991b63fe8614cddd3fbf6148431cc3a68932c363ed29,0.00027031410498999837
Source,02abd50ef667e05d26a1132eaac0521512605444e95bf12c474a114c7407994eb7,0.00027031410498999837
Source,02c94a8c40c64c511228c0ca4b393ccd0738d75e9229073ceb6328246de32b9a8b,0.00027031410498999837
Source,02d96b23515a63c9a8a5981cc4be539a6eeb60043b2fa1c3fe0940cd0bbfc21d74,0.00027031410498999837
Source,02dc9618bf6efef1e95a2686ee8685dff78f1e5b5c17017bf95c3eb831bb2f31d2,0.00027031410498999837
Source,02f7467f4de732f3b3cffc8d5e007aecdf6e58878edb6e46a8e80164421c1b90aa,0.00027031410498999837
Source,02fcb7149222c1fc70376b04d631d9fd86b01f268d65148bd8010cef799bf41397,0.00027031410498999837
Source,030057ffea1a1650ce716aab702c9fc29ce24659b89650eb963f2455df0194c997,0.00016218846299399903
Source,03042f51a348429fb0dc15acad4f638114dd8ff77d7fbc233d5fa3af2511b4dfb7,0.00027031410498999837
Source,030ef51039f200c65c5ec4037946b18d7129f63057bb7fe54ad707407a94b37ee0,0.00027031410498999837
Source,0310dfe64857489e08e93ee3663f04659c8a1953715be2c55553d1fc7fd8722201,0.00016218846299399903
Source,0314a24c30311e514f436a3732636ce0958e014a4a4018ba92bd2cd665c0de5b6b,0.00027031410498999837
Source,031799c401adff643e20b825f9f84b9f9bcec7c311d7c7cc0218044a26f2a107d9,0.00027031410498999837
Source,03233b3339914a17aa7dfaeb78b677534559c9f997fa5775c3e43747593268aa96,0.00021625128399199871
Source,03279fc82bf354280cdae4c84033f856606cbe2d431d7cafa4387329dbd5ae529f,0.00027031410498999837
Source,0331e6322818e1e4adab58c2ca2c2e979bbeb4097dfbd80e896c1d874d36ab1148,0.00021625128399199871
Source,03413fad64682198e5c740af24388a9d402485ab0b6f7bf05fa04e5a25a6e331b4,0.00027031410498999837
Source,03457d5efde77c43ae640d8f71aa00204ba44bfb4cf2c6cb54dd3c69d340ff1de9,0.00027031410498999837
Source,0356380051ce63f48f85400f214e6d285c114114159e246b597085ecae4c5ecc54,0.00027031410498999837
Source,036afe432cad4fd5a5671d9d95d3d3671e315825efdc10f734dba1f47a711a276b,0.00027031410498999837
Source,036e69d69b4769650eca66c0c15dc385016fb7764e8b2343603f3325377a33e572,0.00027031410498999837
Source,0370a5392cd7c81ff5128fa656ee6db0c4d11c778fcd6cb98cb6ba3b48394f5705,0.00027031410498999837
Source,0379999536346de413e17cc42307688b96dfd012d1832c2a698bae23ba6d45bec2,0.00027031410498999837
Source,038352cfcfbc3f53c9a8f469f8d881bf18d3519364aa98cf8f9a10e0171ad008f4,0.00027031410498999837
Source,039d1f6015cb97a284ff2b1af4bc96b7beda2d39ac167b93e339928a7301b2c030,0.00027031410498999837
Source,039e05e271f537cfa1c060d2364b960b85bd509ac89bae524e4a01948a07b3e8d1,0.00027031410498999837
Source,03a23d220e27ef41688fe6912a3897040dd024fc53a3d2f6c9a621858c991fbfd4,0.00016218846299399903
Source,03a643b2f40f86f06a94fd30a603ddc7060a5c1910259ef859b86dfb3542944a53,0.00016218846299399903
Source,03ab5c1de60b2dbdfdce26acdb0074bd8b3b586082d36fb33ec4e70027d439cbb6,0.00027031410498999837
Source,03b006c37dfb8681e5db9f513386d06c9d18bd514fae5d79a7ed2d5991c7d57330,0.00027031410498999837
Source,03c226ecc43d26e135f999c743dc0afd0479babfc1821b46c9c85b2eea3f41ac9e,0.00027031410498999837
Source,03c2ec9e29e4b34c38c5f799f003d88b14c8ce3916ce046305b44e18783a2734b8,0.00027031410498999837
Source,03c8991cda06ca118ce3ca8ab422493a3527c948d8156918766d2d62b5cdae3058,0.00027031410498999837
Source,03cfde391d5363545c1fb021060c6cb744403302b1685b6260668c4c95caeee743,0.00021625128399199871
Source,03d6f092d9806c189d8fe2475d8a31260e891a861f57c10d742e08c02412767d5e,0.00027031410498999837
Source,03e5a5eede5a208cc6b1ef8b05f1e3bc525e6251a7b03dfd268ea0c67b2c0ae985,0.00027031410498999837
Source,03f6ceaa67db2cc169fb8f74b762211e3ce20459bac52ac7f8c85f351670a6b678,0.00027031410498999837
Source,0201bc093d985533e23581e421086d37c6235a0edf3bc20ac0a4f5fab627adb6b0,0.00016218846299399903
Source,020284ccf92bfded620df993909e1ef55282725adcde48dc20bb3754b004427037,0.00016218846299399903
Source,02030439c95574c6c695c1f341425118085f26792fdc271265b959b559ac0fc2d4,0.00016218846299399903
Source,0204c7c3957c36fbecdc6b3c64f4638fc030d5052ab13fbeb538b4b4e2bd1bdc3d,5.406282099799968e-05
Source,02057240f617091dedd1bce0da761eeaf1809ad9e131771cf1f34858955e2a304f,0.00016218846299399903
Source,02069f944d9d863e15c0f9d3933cacc49400a1346e83de9f5d1396228d06872e28,5.406282099799968e-05
Source,02077dd3b609b3c19afce0f86575b2a692332197ddc99339cf5dc89dc38b82bab1,0.00016218846299399903
Source,0208a97d43dc2062d9c8ff4589d6f77202ba0e9f1c0c418d428442bf028345c80f,0.00016218846299399903
Source,0208c8768da0fe9c9e5a6c9337da26432dcc534a5391fbd2955e977dfb67997658,5.406282099799968e-05
Source,020b1d32cf2d8b9001f9eb183379417d8d136c86b45bee59e2bf2b83e3fba9aa65,5.406282099799968e-05
Source,020cabb16e80b37c44e9897fc2d0acb868556f04b7a879c1cb60fea4123aef8f8e,0.00016218846299399903
Source,020d01b5c15c94dc84eb3bf0402f41b073423624a2df35c88ee2cd6c8b4b29e838,0.00016218846299399903
Source,020dc414b3d1853316d926496c6a226149a34dee021131620cf0a0dc498f8f4a5d,0.00016218846299399903
Source,020dd8fc221b1075c628bc049a0580e4dbb510d73d5416ea9a1334a518c467c5c3,0.00016218846299399903
Source,020e185a68d4fee4a5637b481dfcb1c485b13600eefd0642bea01fdf3c2ec50873,0.00016218846299399903
Source,020fc7e62c9956a34bcdba309a4809ccfd7adcae4b8b644cac81b4dc58d43a2479,0.00016218846299399903
Source,020fdd6edafef0f9fd874abc1629fd14181717c751c974f43829b235c272043f19,0.00016218846299399903
Source,021039b778fb9ce9e349c39f9b5ed7aaab7ee94c43b9c079d3c5cb8b38b919ef99,0.00016218846299399903
Source,021053940184f66d73ebeb80049d1ce5c3fd176e9c290ff9433aa6f25d839c31fb,5.406282099799968e-05
Source,02108aa19613f51a93910f5e18953c0111cacf9cc0db0e6527d507621f4f54d7d2,0.00016218846299399903
Source,0210c2b9701f3b7c309437c73151b952f11c1f53e236aa40316a042945cea5a600,0.00016218846299399903
Source,0211a3bc1328c473247628a446b4c3902d81b03dcc0847e5714763bd026dcf7fe6,0.00016218846299399903
Source,021219960c0f41944366db375ef177ba97419d50766aaa4d8a9b4cdda3dde47a7b,0.00016218846299399903
Source,02153ca4cc9e03f036fc1ebb7b18759e9b1a288da4d489c4a333aa7bd5014d3b51,0.00016218846299399903
Source,0215edf1f0503badf6354be612bfe0248fe1ac60ded6113bcb01fe6cd38f1c99a7,5.406282099799968e-05
Source,02166680efa001694765c1bf15428198c37057a8cb61ed0eb264047c24dd6876d4,0.00016218846299399903
Source,02183ab3028fc876a7ced70a432b83c93935120a7941665a99e90010df520164e9,0.00016218846299399903
Source,021ae1459830f490ffb6fde437eb99210ace2bf4ff9afebb8b2b9c4a704440e3a3,5.406282099799968e-05
Source,021b062d68e6b63734a559a40bf08997e6a9ba8df07e5b2bd198f7b344e8264742,5.406282099799968e-05
Source,021ba5729603c9821c8c7e5baa0d828a5861e3deb9f624a5173a842b526e1458d8,0.00016218846299399903
Source,021baa07f59a42edd4ff2c2cd9f0aaa37cc5e81493cbdf9c8beda28ab46a102cf9,5.406282099799968e-05
Source,021cf7e967397fea7a8fbdd1a9d1b7bc75d02a1e44de3b1fa70061fa481cbc3925,5.406282099799968e-05
Source,021cff95cb091cf8efbe65162840676b02040cdc619fa47cc55d167140efa9fe32,0.00016218846299399903
Source,022068d13dd2813e4bbfd72f1e5a27e3c04ce23362e8491d87006e9741c8695f9b,0.00016218846299399903
Source,022306bf59377e3c6c8c445c025ae9e030dc2714c199975ef18de0421a4c03c7e5,5.406282099799968e-05
Source,022316f1c42c310164e0b660dbc9c630d2ffb7b660a81157c168331f1e20daaf51,5.406282099799968e-05
Source,02258ef4b60edd70bb5b004baa2008eb974f8972f516a414627fe83fdb6ebef60c,0.00016218846299399903
Source,0227e8baab7b4397a88ea2bb3976a7fc8f975aa4fc28ef9272a33b6a1291ffff63,5.406282099799968e-05
Source,0227fe7931b4a8e1817606d4b6ea60b7b37ba0e40ee3bdc34df36b60faec10d00f,0.00016218846299399903
Source,022b766f64a3b647d26b447396d5f5b914f13bb032a10d64de4446b84f9a48af7b,0.00016218846299399903
Source,022ba8bd79c61528164f08e87de06618652f28cb4db4afbd581b3b1f8573a68223,0.00016218846299399903
Source,022bce70c6252c6c9198f40f8f1c8bfd2b22975c51b4d222b6743d6736fe49ede9,0.00016218846299399903
Source,022bd0aa893db4ac890e457cca8c83f112518d6941bf9153dab4bf904620503a78,0.00016218846299399903
Source,022be6257c27afe5410c732d1f0269eabef306400725a277c5ffdf32fcbbb32c0a,5.406282099799968e-05
Source,022c024b5e34bb6f76ec0e7322e5f6e9519561f7f72db42b76d41e4f4ae02a7d65,0.00016218846299399903
Source,022c2e439f25adb469b161cbed4f9e0a44c05c952ed350619c309bec0480461a79,5.406282099799968e-05
Source,022c6d4cc91f495b269a9d5a2f685dbfe50835fb2de0181d389d1da4b2b5bb07a1,0.00016218846299399903
Source,022ce3a40e10c7a4beb0d852490b025b0aaf75d203dead5cb28987a439fd7c3f3b,5.406282099799968e-05
Source,022d0315cfe2cb6b9b1616e3eb31b2744ffc525d72e05eb66e30dbb2fefc44f5c8,5.406282099799968e-05
Source,022e9d43e9ca90ab8817f3581c0a34db186d83a1a6837ed61d6b08a06f79909ed8,0.00016218846299399903
Source,022f25ede65b3964a4c9d95f9367d242604bd96ab8e7337c3eb69d9afbc0023d0d,0.00016218846299399903
Source,022f35f2456d9a1ad52db97f5279a41b18e13977366229281420ed3a081135a042,0.00016218846299399903
Source,02307f1011d8a03acc7c41d60ba97f02a0a826f23ddbfa96db30f8a26fa6296e81,0.00016218846299399903
Source,0230c3d8719c014ab024e6ffd68b1136f57a2d48100a6f09c1a1e417b8e682bc6b,0.00016218846299399903
Source,0230e8b298bef620df9640c7a956106f905dbc48d5cedadd5837f3a22a9cdced28,0.00016218846299399903
Source,0234444ae8d91ba7c019bcbbaf59fc9822f3d3a266274558ce4b2bb0623cc6b29b,5.406282099799968e-05
Source,02344fd35bc80f464d89451f17544108bc252936819e9319cdb646caa173a64bf9,0.00016218846299399903
Source,0234f3200e878b8312e738ba42d37e2aa5c9028fecca6afd9b1114f8466eecb5f8,5.406282099799968e-05
Source,0236007805088112d7762966d5d509d8a506171a88bf6a79f39320133cf2d9bf4a,0.00016218846299399903
Source,0238bd0ebb46dea536169553fb05b25d2de9db1e3632d3355361e4dbb9edf88b42,5.406282099799968e-05
Source,02390f3a455d16bd4a55948999827def30da2fb2a6df5c47232969a92856a35280,0.00010812564199599936
Source,0239ace7d127dec146939056be6951e2f08c85e9d4977c7c6642b109b28f0302e6,0.00016218846299399903
Source,023af487e8558d7d6ce7a944e54c207d6a0c1a40645f85f1fefc2860cb2404420c,5.406282099799968e-05
Source,023d1d5bd014fe70ff9b359bc1e5fff9a409e9981f3fb40a25772fee7db21a3a4e,5.406282099799968e-05
Source,023d3165143024c8bf7538717ceef296710f38317a9b8d51521fc1aac83626e1bc,0.00016218846299399903
Source,023d3344876aa2bcfb7c976d9a5ae3e2ba44772586c44a947433c6d84700722171,0.00016218846299399903
Source,023ddd188054cb94cb6779f4cb57e4da7f91a8ba779c5e0bc26cffed757177c306,0.00016218846299399903
Source,023e1d002022f5aa90fe4ffb71c5ddc2dd20cd9aa4540e9e15290a2b52a78a9f4c,0.00016218846299399903
Source,023f6ac900ed8d20b85533afa498448e33c53ba59adc1525732255448005c3717e,0.00016218846299399903
Source,023fc9930eaf87955db3615ec4da0d12d09839578cc544dda4df3218ae683373de,5.406282099799968e-05
Source,024094a59dc794181648a928e39a1fd2312ec02cf7e2b89c9505c04f4e416ee5af,0.00016218846299399903
Source,02412d393206736f5451511a3a527a1ba565911ba40d05e8811546816835594355,0.00016218846299399903
Source,0243eb245b9b0d6d19749598f02c1689ecda4657e0b0fc020b76667a3fa9ef8a50,0.00016218846299399903
Source,0245aa53edf3c646688b5cd4694deab61cc04ce8d240570f080f5b14f41aadca70,0.00016218846299399903
Source,02462b5bca3db0753aa65e71c9d49ac83d65cd787c4295c86284d0c3a2b0f98f3b,5.406282099799968e-05
Source,02469b5571b17f8abe3d0a1b18c90055321dce8ea4acb0fd6792d4442a590e6b44,5.406282099799968e-05
Source,024722a3ac8fd714ca658534611327fe898eb221491db3aaf01e5ae972db2047ef,5.406282099799968e-05
Source,0248d4f63760360a6c87c59ce3eb446258986b2efbe23ee9164c50fe000a4636f3,0.00016218846299399903
Source,02493033fb238cab27a1412acc55101bab4a9b644f1d18b76287aa8d764c9285a4,5.406282099799968e-05
Source,024a65932bdad1c4ef070289a6dd9f71b315e61d871b38c79339d0cc3d26e100e1,0.00016218846299399903
Source,024afe7ce90b3b09a886e68b498e0593050cb364bcbcf3b4f97ffed0124cbbf506,5.406282099799968e-05
Source,024b1403a996b27d44bb4f88f938b93270aa0d0f9c0454c7a193933228931f79de,5.406282099799968e-05
Source,024b5b162cb90768d852c9c9b5ebbe712be34f55f78871894f7ad7a761a1b7138f,0.00016218846299399903
Source,024b9a1fa8e006f1e3937f65f66c408e6da8e1ca728ea43222a7381df1cc449605,0.00016218846299399903
Source,024c711b33483b2cdd09670fa220ef7effb7c0340c832df5db64264354c12d7a86,5.406282099799968e-05
Source,024fb89635469db10ac5b76eb3ca0eb8e0bdf0277c6d8fcbf7fd9ff09fc94afb8a,0.00016218846299399903
Source,0251c1c3c167ff1bcdaef55cbfb61cf49f1c0212e3122aaf9493aa3d06351cdea4,0.00016218846299399903
Source,0252061bd5cde993af2863eab808d21eaa2face86949a3915bbe64c0a7b9bb8ca4,5.406282099799968e-05
Source,02538a62eecb2875bf1a66ee15ad1e1fb499506accbcc1c0bcb7f383d7e4a6ba0c,0.00010812564199599936
Source,0253b02752d9629e6029840e2c6a70aa13c72d6de18ef4209f6fc809452be30236,5.406282099799968e-05
Source,0253e62868531838dbc07cd2d7b0d3970533777c5bb78dbe8238f03fd6fc5d6a1d,5.406282099799968e-05
Source,025479debbeafca668da93958f227708a36e6fec9c82cf3e544b3cc59b44bde37c,5.406282099799968e-05
Source,02559f7bd0aa9e35047ee32ddfa5b531968245c644cb4f1f0e41ab191af0afdb19,5.406282099799968e-05
Source,0256aa1e6b8bb0546dc60b5b6074b7ac031344a43eebde126fd930ae7e0e3d0ec7,0.00016218846299399903
Source,025833b1cc1a52ce68a09d8088ec7281af46849444e9b1b83261729e086e366264,0.00016218846299399903
Source,0259bf03f2502722e0d8d90c41afe1c263a20af6f33040a1a549b27fb455eeccfb,0.00016218846299399903
Source,0259e693cd166f34826682e4800f695056ed1c46f993baceddd0c7ea04f0611774,0.00016218846299399903
Source,025a62c3ed9fb81a1b5e3d80227beb1ea00eced4aa359a6da2c0ab762b65c7b522,5.406282099799968e-05
Source,025d4a6dc57ff74f1c78a36cb43ebc72f895bed965d1e48a4f282dfdd714299364,0.00016218846299399903
Source,025d780b5d74120847aefe384e2b4a733667743d621a9eadabe661f76ca5d23d7f,0.00016218846299399903
Source,025e98a9c4f4603ff668ce456bb89b7575e6667decd79f26beca7ab881da862467,5.406282099799968e-05
Source,0260286c77290cb797a9996d186328697046419112e4542d66395ebf78ec74c522,0.00016218846299399903
Source,0260b2dd149223ccaf0bf3aa095f47da15474d71fe42511f504bc3f8618f3d1a72,0.00016218846299399903
Source,026205c9dd2928ba52a6ebcd86ebc1a69b4d6aed1e5ae750c32f67b3428fe3e5d8,0.00016218846299399903
Source,026394b215fb9559dd1ad3f0a1e05d59794ca3607a971a1713d155521fa79c99f6,0.00016218846299399903
Source,026469a15b4bcf27a814c54bf99508cd36ce6e7ba2973b807ad93269f4ead8948f,5.406282099799968e-05
Source,026651b2c2ccd59b53a310bba1737797b4f368c0847a61faa503e2892a71704d81,0.00016218846299399903
Source,02665cd5eeb875155645483c14704703e88dfd5094f560a14301e4ac7870a0dba1,5.406282099799968e-05
Source,0268338b189ed3d71fd1fa9870e5b5d496f78599230f3ffd414981618f33c8f2f3,0.00016218846299399903
Source,026844fe6d8c9dc51a291f67cf50d6236d4ea92abd665cbbbffce4cc9e49edd481,0.00016218846299399903
Source,026ab669fa9be9451322ea3517d2baaefbe940923fd1a9a5049013b8ee6341062a,5.406282099799968e-05
Source,026b98870d9fd58ff96220eb0c1e80465d1950d7aa545baddfe6f370a7c3ed185e,0.00016218846299399903
Source,026ca7fbd916126fc4b5e6e67d331051e84d7f35d2d69baa95e1535776769fee16,0.00016218846299399903
Source,026db470c8a438657498f034805273d51b4906c2e0bd0f8d5f48b9f53866f8a2a2,5.406282099799968e-05
Source,026ed0eca921f902ac534271bde0f3b38338b2a29328b13448fb076673c2b76d51,5.406282099799968e-05
Source,02707ea0b73ae0c318868c47d5639fb78badfc440b7b7c806ba0c0c975bc9cbc97,5.406282099799968e-05
Source,0270cf65c290ba54910af70eb24d758945f1b712584708c1fd35112e16682c17d6,0.00016218846299399903
Source,02721f94cc322fb4257d81ae6ce05fe6169ad5e67564d90119e838f021d5908382,0.00016218846299399903
Source,02731e5c9370a8d08bada7887e761721bc9d094120f4c8c11fe9d980d4cc1c0473,0.00016218846299399903
Source,02734c504e4636c4f9d9c3657dbdcc371c2d3a7d6bb14e824279cd69f66d3c4ffb,0.00016218846299399903
Source,0275080fd049ab56e7173e97c1d24c3e198647d633c4c233b5ee342e6697f7898d,0.00016218846299399903
Source,0275721a2cb785d2294bbe489a79de1f2a18b9a2eac7d95dc40e5e637c281538a5,5.406282099799968e-05
Source,0275bf18e91a351a5aa211833226db901449fb08e986bc84f94a10774407b24da9,0.00016218846299399903
Source,0275dbd4d6cb62870ea7c9f689e3d17c31b8bcfe8c43c67b7f1e8194019ef74a2d,0.00016218846299399903
Source,02763d8a6be55b52a6a352f417f6cf3a1680bcb6b9e9d3e3e369fbd2df0435e8e8,5.406282099799968e-05
Source,02768cf079dbbeafc174221d377a6fc46fea6a49ab67deddbd8165f43950a075d3,5.406282099799968e-05
Source,02787fa383a86494733aefc06caaf05108ef7aa2fbc3da78a557e14bf5b1120a11,0.00016218846299399903
Source,027892f5df9b775211897e714d45be355fd5c831886e78bea1795eb4616a3ccdc3,0.00016218846299399903
Source,0279130d1b0ef9c47029874486487991b88ab9cd4aa769c4921dfb3efc7109aeca,5.406282099799968e-05
Source,02793c468d6e179bfb3201e4d33b91737a6b5f4e827e73639e47120788685f2c69,0.00016218846299399903
Source,0279cba97d7810156b2ca2cbce1c6b8464450ae728d5eb26910ffb0ae1a5e3d25b,0.00016218846299399903
Source,027a4cb61d55f7335a53140894ca5bc530c71b5470e8c82cd4c5111f17547760ce,0.00016218846299399903
Source,027b0bcfe1d61b9634c326265f3bfaabc666c5c11b40e9f79329e817c6a254040b,0.00016218846299399903
Source,027b405134210d0d051c28a8ca19a58bf2d4ebacb1f689402caecd902d1b2ee4fa,5.406282099799968e-05
Source,027c03012e294ba9abd92e40710f028fda5f021ffc6dca46ef438179c5c31ad79e,5.406282099799968e-05
Source,027d4b3fb26b629143567e37ffc7ed3210a5206bcb2e7cb42403dae4b60abe1871,0.00016218846299399903
Source,027d4f8fd79e846b19c36891004c4e1c02e4ec6452112dd73a5761c971cf880ee5,0.00016218846299399903
Source,027f0379cd857a690a56c389b13d715e11cc4186ce2e22b8064a1d797ef3dbbf57,0.00016218846299399903
Source,027f6a478755e8f2b07c8c167623151f5be2005948c930fd45aea94d343a4d966b,0.00016218846299399903
Source,027ff2837f2aab5ec52251d09af600822b31084bf47688f99901b948b76d7f9239,0.00016218846299399903
Source,028059662c65626f3002290dd3151186bc1952726c03f56012406f3ceadb81cacc,0.00016218846299399903
Source,0280e49ace8ca07e8647b8e503a01fee260f32b08d7f441de1476467fd8cb9fca7,5.406282099799968e-05
Source,0281541fb8be936a337873a652ad9ddd991ba1291e5d0d814367311f6c7fabd63a,0.00016218846299399903
Source,02826f55700185cd81dfbe5a3eefd7d578dfe93c06f3ebb2646a3965d27cab7188,0.00016218846299399903
Source,02833b7a5020a0afbee8edf42e05840e5fa52485d1ee56fb2fcd0c87b2dfe7b84b,5.406282099799968e-05
Source,02833c2d518851358dcc5000b45ab0e18c64357a825f4c9a009bd725a2c39aa7b9,0.00016218846299399903
Source,0285c280641305f1641a9e08718d5f4b1ea3bde8003beec4acfbefb5dde207ae4d,0.00016218846299399903
Source,0286f98999997e2cd931571358d1f7e380d0f391a8159d7d8a1a9bc779f1707ebd,5.406282099799968e-05
Source,02891f8a0cc91093862417a942cd3bdc12e6a51a2e4cc24bb01ad8c4b504793823,5.406282099799968e-05
Source,02897b79f66d8a98548bb055a976776399d284700927dccdb6c3d363845e2dc4a9,0.00016218846299399903
Source,0289b7bddeda923c7380141f32b60bc12234be58f59fe883cd2a2c7fd46931d1fe,5.406282099799968e-05
Source,028a28a17bbe900b7126bd2671e931d64d0b98906a9f6f846f8f32ea95ede2e01a,0.00016218846299399903
Source,028a89f35c9afedfad6764ec7d32f9d058a702f4e6ecd8cfe327296fdceef6e8bc,0.00016218846299399903
Source,028a8cdfb4801416bb95674893398ed9a8308125805542f1c53b0f6cb3f6431614,5.406282099799968e-05
Source,028b06637205225f29f6daf40b4a8281eb3dd8aceace945e7b012fcc9e6a1e1b39,0.00016218846299399903
Source,028b6cb61e000ce5731dd56d142474bb3c62fadcfe26f87171b468a37b2cdfcc82,5.406282099799968e-05
Source,028c17e69dc04d9846861df816de7d53339c555773387a1900cb28a2e2bfd89bc9,5.406282099799968e-05
Source,028da2720cc25a5c0cff623b340be5d772330247ae08e11b451e6c22bddb0d7605,0.00016218846299399903
Source,028f0259227ab1fc1ece9614fdb372eba5f5e0e934cad7481fd0684f780dc5771d,0.00016218846299399903
Source,028f48d16c9745fead9b87c5f1670a7ceca19014cd9bd037dc4be2906a1d4a238d,0.00016218846299399903
Source,0290732f9772598474d13c4796ab575795b93ceb91db5ae6a09a180c8417dafbb9,5.406282099799968e-05
Source,0290f49e1eaba3e141453b253e5d63024381db278951e21886d1443e92ad7fdba2,0.00016218846299399903
Source,029105fae590a53a79947514c357e58190372f165113f4133144cac1e70d123a2e,0.00016218846299399903
Source,0291340e3f187bcc839f7711d04acb2ffe93c3b2cdb68dc07890be364e54b923a1,0.00016218846299399903
Source,02921dcfeaaab06cbd28b78297d3e49da2e22aa1d63d9da3f314b8c9d422022022,5.406282099799968e-05
Source,0293423cdebe76a816eea3c8697b15ae8bd702e19e01798cd7641d5ccdbfc79fa2,0.00016218846299399903
Source,02939bd0f036eb127a726b7bd3c9081c36c9b769a94b3a3f74b53ffc18767acfbe,0.00016218846299399903
Source,0295a3588b52f7612b4f07f4c8257991bdb608d4eef8e474d87ba9879bce46f32a,0.00016218846299399903
Source,02965189e2bc026c023685c51a505476185e9851c907c1ea895a7ab31f5cff3c12,0.00016218846299399903
Source,029775aed2dd13f493fd7e1ea0a198e726b633e188c3c0c5c3465acad15fdba3ce,0.00016218846299399903
Source,02991f43e6d8a917da4e5cda4e043b4023da592ae7a04cebf426163a6bf61b4fe4,0.00016218846299399903
Source,029b5694bdce8dec3ee25168485932d5275963633d7f897dadfea1f0ab682d9e36,0.00016218846299399903
Source,029c1f31132d20d8242a75d09cc96a77fbe88026acf292c63714835b2b6c42eb1a,0.00016218846299399903
Source,029cb5d877fb65761c9edc2810037b532631d22cd0e2b696051cf0d07d6ee218c0,0.00016218846299399903
Source,029ef2ce43571727104099576c633b2233bfeb8dc18b476f93540a32207da9e9a4,5.406282099799968e-05
Source,029f5e1a32f80ab0714deee369024bdc373229eab5843dc925a7ac72975ca9eb38,0.00016218846299399903
Source,029f670766420210850a6c388b109d3a356896ff3adba3a0e262d4d8a74f225ff1,0.00016218846299399903
Source,029fd76c8cd95dbfda635be7314c4eb4cb91445d006ec99afc5f6d0798770cb3f8,0.00016218846299399903
Source,02a2e2e47fa0b981df4653223621b43556b3c5e6bd4764142bf87b4a9a18452ee5,0.00016218846299399903
Source,02a347d06a30244c3b876e20996ce1622d5ab3a88adddd8e02b82ef2c610cfefc9,0.00016218846299399903
Source,02a3bcfbf123fd931dc7f7bb0b1aaae631d7a126e3da608d58f041a56e3bae1282,0.00016218846299399903
Source,02a4cbded5edaa2b174502f6f481b16d15e52f22ca8bbc0b5e288abcb3788b29f7,5.406282099799968e-05
Source,02a4ee943caeb847398960230bccc19937dd04834e768472b711a4ce0e2c77cd98,0.00016218846299399903
Source,02a5deaa47804c518bb4a1c6f04a85b92b796516bd32c4114a51b00d73e251f999,5.406282099799968e-05
Source,02a624a8019bb184d208045c07e511a571dfd6d9f1fb6c590c0f8ce5c424748f38,0.00016218846299399903
Source,02a7225838d63a99cf7f967805624d915775cfe96a5dfdd95f23b63ae157a63a70,0.00016218846299399903
Source,02a7724cf8815d185d292b413349fe3df3b577871c8eb29803f379409eea53adc4,0.00016218846299399903
Source,02a80106b6c510c4c145d83bdc7882c70dde9401b6ad19160a76c84c24990a2dde,5.406282099799968e-05
Source,02a80fbf917ef6f6d47fe764114bae9799807e0169b3d919ddfe4cc49ed0406b88,5.406282099799968e-05
Source,02a8a5851029e18cedd26e6d44ed39984c16eba8af753cc633ed0736a178c250af,5.406282099799968e-05
Source,02a8faff8ce2b909e1f91257aa6168a1a80c0e8b32d71e425957ec16c7d10f8ee1,0.00016218846299399903
Source,02a929fab5df472eb8f8b2d5becca4b2cc4b439d10d46651db1921739186afb0b4,0.00016218846299399903
Source,02ad74cfb336667e8b57b63023294b2aec2610243435b900fd9ff6e47b6106542c,5.406282099799968e-05
Source,02ad898fce14604311ebe871e1053fa248a25e683803a8e599f168fba79bad5f52,0.00016218846299399903
Source,02add360b297570778c23b8c74ec4bab5612c690d4ae5871842d5bcf314a8bf8e5,0.00016218846299399903
Source,02aec9e41abeb523be04d71cef66d7eb319ea584a17a3ee90deb24ee0f1a39592b,0.00016218846299399903
Source,02b1b75da8dcf1c20f8552cc8a80ae42e01b3e78d68ca351574782ae20e52ab30f,0.00016218846299399903
Source,02b3a0d1df18df7121681e994170e8d000c9afc212301249c0fc011f330e141a31,0.00016218846299399903
Source,02b5f661d26668cbe325df698afede3349a1dcc2843ff5e6275ce90d70629770c7,0.00016218846299399903
Source,02b62333c0922fa5542906ca0f98ecadb24de9ef9e259e4a63ac4db33aee8fdc7a,0.00016218846299399903
Source,02b6458eb26f7997abb9be11c244bf44015f85c34710044a3902f3c46ed91f9d49,0.00016218846299399903
Source,02b65c2d121a229b3df188d3b90599e398bbca05388a1b4ff74f3c9d4ead20d0ea,0.00016218846299399903
Source,02b65dbae39dc11c2577c318ebb82696651377be09187b1a9b0364a417a1d96815,0.00016218846299399903
Source,02b70c692008102e265f376cdc2d8a74f5b9ed08995a79bc75c87eaa83f54bfa4a,0.00016218846299399903
Source,02b72157c7fa1463bd358169eb02e44466a5f10a2f4a7c5e015865e0eaad469b83,0.00016218846299399903
Source,02b72bcce369e0bb62d70c7eb1f1e7169799647a77eb7e32d3a920d4520c3dc7d3,5.406282099799968e-05
Source,02b7da9f73401ae02d4781ed10b6fde598f567993d45dd4ee9fc03d5c8ee9d9bc5,5.406282099799968e-05
Source,02ba3eed9254d108197461de9722bc299cb21fe3b1fa680ab6d1463206fd8b0dd3,0.00016218846299399903
Source,02ba604ebddaf9d719fcdcf74bd94f1e9f36bd6f1b39c2ad933959ec6b46bf80fb,5.406282099799968e-05
Source,02baa725c94f2ff4c537772fbf340d47d9e6cbf12e3d93fe224713e18f5acfa8ad,5.406282099799968e-05
Source,02baf137993ae5da2ba45094e52b4ccf72588b059d32a7401c9759a42d9b68f114,0.00016218846299399903
Source,02bb10aaa77a95a358cebb2d112c4de00e47c08f56e89b1acb4487ddd44cc98d6d,5.406282099799968e-05
Source,02bb2a0357e93205eb891fec3fc144996a85389ae0b330954d1aa8b3e5cb3a1664,0.00016218846299399903
Source,02bca5e545b5e6f868dd887653c16d57e8e177d433fe455e41db5b87d1bba7f317,0.00016218846299399903
Source,02bcde8f404ae85e7ac0e904f6ec2e2bcfe96da0e47379b6d612d6fb4eea64269e,0.00016218846299399903
Source,02bdad1847051c04285a8afe76fec9495343cc9dd9e87e8f3cf478c3e64cc3bb63,0.00016218846299399903
Source,02be99f8bdb0ceac55cb5ea64b0f4377e5ee5d06917ff55d38d712524af1298592,0.00016218846299399903
Source,02bf595953909b6cc1b994928e2115ec2430c2d4a3eb0a1f0fe89b36f5b246ff4b,0.00016218846299399903
Source,02c0cd59d003d9850c548e4c0f390d38c48271579fae7bbaea2c5cc9374a0dc1b0,0.00016218846299399903
Source,02c10d14cf5f67a0bd71248a789539112532a249d68d8efd46c695d1d3630d9abc,5.406282099799968e-05
Source,02c12253b40b6bc44cba256cdd35cc77a7868dfa700cd8615ead9893f002cfa2a4,5.406282099799968e-05
Source,02c1b4b5669288aa35a8b0b11466388e5c8cebe8d17f6477ad0ae60bca3fc72c6b,5.406282099799968e-05
Source,02c1f09ec838d3125c9ac39bcdb0e71e272f7cd11fb0e4c8daa920df2ec119eb80,0.00016218846299399903
Source,02c28872d38317b00526f84c7e084631c63a9414571a1ff18d6134f5615e7d6b5d,0.00016218846299399903
Source,02c29832898775ddea5e84996a3120b58ea0a76c8f6f89129e3dd86f46420536bc,0.00016218846299399903
Source,02c2cc6212ea3b464b470e0269c1f1ecd6cf7f424d4cd06e085a5969f30780a39f,0.00010812564199599936
Source,02c3c398601d84400782e003f110184b398cdb4f6668d09c9ec786d1d3bd2dabd1,0.00010812564199599936
Source,02c5333bbaee6c7ce9bb80ad601970140434ee180ab7063ffde8f9ec6bfc35825f,0.00016218846299399903
Source,02c5898bcbba603c536c0ffac22a4f32f67ee441b32d119dd74c55b362499da4c6,0.00016218846299399903
Source,02c5898e90424d4b9182ddf2d38f9349713a77c0f731b9bf955bcdbc0dd64942ee,0.00016218846299399903
Source,02c5b5972b05fba2cd2c2d9269a47bc478f73fae0f248a85cb1e5af60a07c1919d,0.00016218846299399903
Source,02c6f986b3c5a05ac6d3e1ca4d28e49d09d02a3b5963bc2a071b8b5cb31a250927,0.00016218846299399903
Source,02c73ab6e0a2b9c32503d2a3d8009bbb6f494bb36dc4d5fe0b8aea388c075f72e0,0.00016218846299399903
Source,02c7b1ea0deea10e794f2afaf984e0585d4eddb9f017aa5841dcccc483172cffda,5.406282099799968e-05
Source,02c7c0a15ba6d021550ad4a39f5d99aa0b26df36f14e3e05ace7d1db838d3c5125,0.00016218846299399903
Source,02c94853a1e402c179d3eeb926c0229676965a80ebe9d0301b59ef57f15565a945,0.00016218846299399903
Source,02ca3248eb460c64a3572c8c4fbae295cad74ddaee3a3814e08ba55d51111c0654,0.00016218846299399903
Source,02ca98373e4cf05bb1cf1f24df11ef33b6872f8f8c14a5561478c47fc62a263ccb,5.406282099799968e-05
Source,02cb636e4c00127c8da7864d94a26b16a789dd4a082e0a9b7e2d99077b02fc050c,0.00016218846299399903
Source,02cc9a91fd72e7d114e472cb9016b73f81e33bc5c8f39de9d5fb62cebf0f7df381,0.00016218846299399903
Source,02cd546a60230b5d5c603bf79ff344afaf071cd42438bdd7846a5de4595c1ef304,0.00016218846299399903
Source,02cdfbf22d57df11fda9fabea8b168f9547ffe3f79345d18346f33c0e1617c828e,0.00016218846299399903
Source,02cf9b8f668d133c4e37b8fd9d14b34c8f70377f3f47c6ed549a568d9c5beb7778,0.00016218846299399903
Source,02d0174302d68aeafc3d7bbf53db02cac059581a675af288edde5818347365dea0,5.406282099799968e-05
Source,02d2db4bed1189e106f931732cdd26a1aed0ea937c237f55b40b65dace7df9ab95,5.406282099799968e-05
Source,02d310706cf17d14dce6ab1855668420e5bd5fbcbf4b2e4794477baf11eacd83eb,5.406282099799968e-05
Source,02d491cca4aacd8a5d82d30058a0a9dd7435d6dfdfcaf33b51c3421540c31df099,0.00016218846299399903
Source,02d4b432058ec31e38f6f35d22a487b7db04c4bf70f201f601b66f7b4358242b03,0.00016218846299399903
Source,02d4dc96f2a7c9e08263bd6476e78e9333b29e25cfeb9765bff69a2c1dc8b962db,0.00016218846299399903
Source,02d4ecd3cc314d355f31b01d4bb3ff29a5aea59183b82ff74d6eabcb117679d455,0.00016218846299399903
Source,02d58b8a27c8fe982cf37360ec053ebf672d0274817d77c0e9ceafb65deea9a5f0,5.406282099799968e-05
Source,02d7a00331d21b4ed01315911b772e7b8f4f8f579db1b6ce69bf3c1957799444ba,0.00016218846299399903
Source,02d904870a5655101789211614af38508fe03e4d746886264a84df4f6b12155b2b,0.00016218846299399903
Source,02d9496a1a5a0ff0ab5a27d3fe7fd0e441536595336b146d831d6d23a4876eda0c,5.406282099799968e-05
Source,02da8d5a759ee9e4438da617cfdb61c87f723fb76c4b6371b877d0347abe953a4f,0.00016218846299399903
Source,02dbdb833323cf3e7713290f76d96089177752f34bc229b7560b494b52707df700,0.00016218846299399903
Source,02dd0714f9f1fd8b64ce0edfa0a6f0326ac48ae198b43c7f38485d6f38547c2278,5.406282099799968e-05
Source,02de8a8a645bc2b01eae36b91d3c22580daa28e1f41e68131b5e9bc9bc2f3dd255,5.406282099799968e-05
Source,02df601e84fb432da71c333e5ec65d137195442b28403325c190a700dfb8875d59,0.00016218846299399903
Source,02df939275d8c25693316172f2921fa9e5f1252bf9c3ab1b236421b6019b82951a,0.00016218846299399903
Source,02e09a5b87f3d9122c3f3056806d61a6391c1f6a9204ae03bf43b9d25768e7071e,0.00016218846299399903
Source,02e09a7d40fbc4876c47604c376cdc3a099152b164b343263e51fd6df046618166,0.00016218846299399903
Source,02e09dc039cb5a7ef42e202a3c71ba612d8aec5c283eec882f54079541659b6e30,0.00016218846299399903
Source,02e0ee992ee12d5ed05f1a825483c8d514d1dfcede7fd336d4ac0f90ba278a0a9a,5.406282099799968e-05
Source,02e15b1650f6d93633d96c3fbe213cabc4fe2bf65db33295e3f96354a558ab857f,5.406282099799968e-05
Source,02e30cfee5d8eb3739e74bb631b5e3e2b523b8a52e92c27ee7137166bd2afbbdfe,0.00016218846299399903
Source,02e49f290df1e8bfb7c995da5781f8a91575236623f704531fa85fc286f15d22da,0.00016218846299399903
Source,02e8f4b19c80c517e7d771403dde07bcfe422ca60930cd529196a26ad8f2aa8ed8,0.00016218846299399903
Source,02e91ff08cba7981d73dd56fbb3e9123b101c9c94aafd27a7d70094ae479ba2c18,0.00016218846299399903
Source,02ea39a81e8f335b4e8fb3cb7087ccaa10931af880223f8af32a6ffd5a73b8aaa3,0.00016218846299399903
Source,02ea63e45a8f201fb2884b9cb910f5b41cf7bb69ded286474c9fb27806c5c5dcef,5.406282099799968e-05
Source,02eb751d26ab0359e5c076e2c4821dfd4122966e1e78c456119435e781a2343e39,5.406282099799968e-05
Source,02ebb3b8a2316b3e876ea3f3d8124a3ab97f30b128f619608eb06b5251235dc2d9,5.406282099799968e-05
Source,02ebb9c3b7265647faa9c6361cdf5d2a0ecf08d4040a6cb47b5372046f23cf7ecd,0.00016218846299399903
Source,02ece7e2b277d83154ee9c9098db7762d456e2aebc5f7206925d6b1f609aa1544f,5.406282099799968e-05
Source,02ed588d777b8512f850eeb0b167e26fd2da2052fb3ccf7a3c3abae2c920acac80,0.00016218846299399903
Source,02ed845240c369753c662e6514288a2c093811ae01beb3d2b50ba818020d2a9d6e,0.00016218846299399903
Source,02edfcce712afca50ccdd79e8d272ba03b784e8ec5e77a9096454587077ce8f05c,0.00016218846299399903
Source,02ee1fafcda7597297de305b88da52bf62db04a08599e7f8b2e6c86bd03303590e,5.406282099799968e-05
Source,02eefa0df220393744685187d89e96f65a1bda730e477c628f79fbb539acddec8d,5.406282099799968e-05
Source,02f1962328552371769881a9f49c192c0df261f3e0bdf4cd68a4f6d449cc6fd4ad,5.406282099799968e-05
Source,02f3db9e1d8d10a157740f6fefc5a0d9b5996935d90a57f748c62a4e50894a590a,0.00016218846299399903
Source,02f41b50ea42c48b1bdd7d4d75e27d16f93958d0071367e4f5960a755e0a2067ad,5.406282099799968e-05
Source,02f50854610dc0d0ca2ec28a913df26a3a1368c2196c7ed39cce0648a968c7fe76,0.00016218846299399903
Source,02f5be5f3d54b66bf531b96f06327f59cd139f6e2c301cc0131a3f632025c2704c,0.00016218846299399903
Source,02f84866ab6e0545561c5ff510bcace31ac884af29c4557648aeba63c2bec7295b,5.406282099799968e-05
Source,02f8abf84b102a61b7fac723fc4ec88eef2c1c5ee9c80ba747b82942cc2d819cb1,5.406282099799968e-05
Source,02f910e74c2666a909930cba9d63424df344c50141b70dad151bb12fca11702166,0.00016218846299399903
Source,02f97f34b35a34142321a3a0c1ad4ef576be6895fdfe4ef72ff45ccef406f14a54,0.00016218846299399903
Source,02f9c73c793ab1cf1dd14f9fea88b9eab37511d64e29c400c61059744663b98bfc,5.406282099799968e-05
Source,02faa3924c63fabd1fe3d924b8d13b60903e0daa0850f6dde0bf5f239c9cbc7426,0.00016218846299399903
Source,02fb2d6acce2b8605b864e98205c7d27dbf09b535ccd4731642d8ea550de96fc21,0.00016218846299399903
Source,02fbb175a01a328a57d8b9a707d519b75a818efc29ec48d4ff7507eeae66e53e04,0.00016218846299399903
Source,02fbd317aef57f0007dbb3acd1865c8ad9a6491c9e9d82dbee5d0d3d111fcf480c,0.00016218846299399903
Source,02fbd735ffb1c0ccab0ed05f5b4977130db0eb9154e777bee3fe588a9876e8080e,0.00016218846299399903
Source,02fc845f19505d6207d0f426ce40cd3a43dc319af2f32674465f1f428821f5b6d5,5.406282099799968e-05
Source,02fcc80a433aa1c5c7e9723ab66025c88fe5bc08725df067de917a2cf275a3271b,0.00016218846299399903
Source,02fd2ff4e1e9398c270e59e4db2ad70ba35b55054d4bd4f6c79e89ada0a7e15da2,0.00016218846299399903
Source,02fe158eab31e2b84177fb378f2e07515e16856d179bacf746fa2bfd13ab1ab015,5.406282099799968e-05
Source,02fe66dddb3f74ced0916989d5ddef13f8ed839bba67259597da501cef84898815,5.406282099799968e-05
Source,02fe769b85f480823dac4bf2557c715746ca2646fae6cf0f212be0556ce763c7a9,0.00016218846299399903
Source,030016650de79bbf44988e9ba1a826d3f605f38a400710b1fc460df5cc83c0851b,0.00016218846299399903
Source,030035ea59d3fc1b6f598dfb835260dc03ea3955207086b43273f4f7966e7e7381,5.406282099799968e-05
Source,0301883405f47ab2ad69dcb2abe6f68c801bcc8093afd1d4b3adbac48e6920f85d,0.00016218846299399903
Source,0302a55bff0c4f02483bcdf602930ef94091eadd1ab42aa5aac2364a509526bea9,0.00016218846299399903
Source,030412a84dd6046a321d43f549ffffd557c8c043090cf18d77fda6ebba18e0fbd1,5.406282099799968e-05
Source,0304cb6754fa272c00f4934e67a314d3c4d709086ea6b9990e740a393f35b96db0,5.406282099799968e-05
Source,030588fcbf2e1496a3bbc17a8b50b74a8779691d7be727f93e567a96c3d1053e7f,0.00016218846299399903
Source,03074ab83706de692a91b6e7c5db4def16686e40f0fe7ff6f8997706a604671ba1,0.00016218846299399903
Source,030751b547f0e59c40086bd6a2b5efbaaccfa850aa5af5118253070ee123787193,0.00016218846299399903
Source,03084ac386ea2c20ee984cdd102828d7359b82580b8658e8164970385ef912de38,0.00016218846299399903
Source,0308ba223f2e9bf7577e9f37eb421cb28e93a4ff632667c6f858055d86581c2f40,0.00016218846299399903
Source,0309506f816ef8c60bd9be263fae9df0818deded18f7bbe35887246cbbd29f96a1,0.00016218846299399903
Source,0309b984e585af52d4f95816d99eb9dcc62fdc1c3df4fd68865f88121a8d256170,0.00016218846299399903
Source,030a3af967d63bbb0048409b0adb4f8999eeab7155c3e972597a71b03d369c0d2d,5.406282099799968e-05
Source,030be1b6c769b5c22478f6fafe1f689fd0ada178ffaaa4737f1375da710cdec6a2,0.00016218846299399903
Source,030e0078ed41e4920bda7025be1eeb5d7cda6202e1fd31bd32520da103ecc87d69,5.406282099799968e-05
Source,030e3c5473d6fd21844958bf4c75f9ebbd751f7f3f9302f336594bf7b7b85c4006,0.00016218846299399903
Source,030e5868ee555b0cf34e56bbce59e5c755ad80a8b41fd4d848949666189b100fae,0.00016218846299399903
Source,030e6af245da51ccc1d43d161c46df6d21099d14c6383eea7b49352e6e656509cc,5.406282099799968e-05
Source,030f2e51d184c1aa37104e9d646b3a7fc14dc4cda7390982d571b1135c3093f3f5,0.00016218846299399903
Source,030f35e2e50cd3e097cb243e137191d28b9628ed85b5e24b0a56c8940a8c51b1c3,0.00016218846299399903
Source,030fe1e426098d3f9423f18ce6aeda899672985e8ffdb13d84e85e16eb48a53c74,0.00016218846299399903
Source,0312d61bdeeaf335423453dfb45bb9f091f8fa1459b7e99c21d43d47e5fe714fae,0.00016218846299399903
Source,03145bfd9aadacd3fe67265c4489f846f7fffb63879049a50e6134d3d13fe937e2,0.00016218846299399903
Source,03145d7bf5275e814d082e0d0a395f7a93ecb5b87f59aba5a21a4da53281dd2b72,0.00016218846299399903
Source,0315f59f515dda83fa0de6df79d631dc7dfee53422a5f80abf6e87b87e419427fa,5.406282099799968e-05
Source,0317967faff954b5c3aa3bfd2841618742f84cf263495d8ef11db4bbf64e544355,0.00016218846299399903
Source,0317c6cff804e69ae7eca45a059370f91b27a085559836fa93d56fd19fe41f2f78,5.406282099799968e-05
Source,0317d96b4ac6fdfa3934632204498dd326f0da364d9d159d5d39f19f5b4668557d,5.406282099799968e-05
Source,03182cd3f691d3a40c66e77910790b05573333e9d2d4b2465d47e2ad1cc630f5ce,0.00016218846299399903
Source,03190c590909fa30d1551f1d5daae580aabdf6e87e3cc8297e3826eb38166892e7,0.00016218846299399903
Source,03195ae25aeec5d2956478558c26b0f790c5baa2d55b66e46d3ec9d8abc01ceac5,5.406282099799968e-05
Source,031aaa39139979f521db13315658c9b1805b10e75dfe3edaa604135fb9c30ec71d,5.406282099799968e-05
Source,031c624b716f0394d73ce76549a81ebd19612ed4426312205f0cca4dd2b3a0da05,5.406282099799968e-05
Source,031c88581f20575a2eacd0ddfb42ecc89831f16c83534c03cf1fa02fe26f1c2398,0.00016218846299399903
Source,031d49ea984bfef0be80f2c0206ff508882a912ff7914d03dfc60e3f712e0be8f7,0.00016218846299399903
Source,031d5e427abad6a2aed64fc790f0aa424831cb487ce64d74cc17759d2c8e59bb4c,0.00016218846299399903
Source,031d9f1d7e81f7e9cf17aec7f965b420671de5b4fee0cb72274408a9206e09ba7a,5.406282099799968e-05
Source,031e3f9147b199cbfedc973d8a0f8a46b4b3d7751f09c1a964b31ffefd9a07db84,0.00016218846299399903
Source,031e7ed74fd4ab8cd739a164f9857cd4116ea9441b9108bcd41b2905c965ae8321,0.00016218846299399903
Source,031f164d5811b6af103b815195c5428694bad2c71665b25321cad498818ac388b5,0.00016218846299399903
Source,032381f925743e86cefb90087d1f20f7bf2a338a4b5dc80a88e0412c65ca7af534,0.00016218846299399903
Source,03247f548316b1f29d6df47672695cdf911a4291a885137804f80a8c61a031b429,5.406282099799968e-05
Source,0324a2e360fd6bd9c5bce793cf1a7ba799353c9684dd5f57bf7430ff3559a5fbb7,0.00016218846299399903
Source,0325ee6e037c9a62a927597e3687e90b671365618a4998f17af7265eead92251e8,0.00016218846299399903
Source,0325f5875721d50d55e96542a0643b34f63b1e9594eb5d7f55d891aab7def1a4fb,0.00016218846299399903
Source,032616381fa4654d1dc85f060cbd9ff3ee6f416d24dd0ca5a067e19354dcfe3cee,0.00016218846299399903
Source,03271d44374fae2581810d11342472764ba5e838601ecdb8ec7c8e60ba5f8e14c9,5.406282099799968e-05
Source,03276dc6e15c326b9bd243e327d1c71787312384c669ad55797e1ef7217acf3f87,0.00016218846299399903
Source,0327e580b90bc1ff5646bb7e24af6c71e8ff093bf5002d00f1fa334e1a9650b251,0.00016218846299399903
Source,0328b5d9d56c4f4192f4687611dd200765157d07b721343b2247472d386d551cda,5.406282099799968e-05
Source,0328c52c77b8eb31820b3f0411fa67525d3b6634e3fddbb9b224175f7eab720735,0.00016218846299399903
Source,032a3e7c39432f4609b0bb7f35630ce2abd5e0261d5d9d8b2311c6b8a05c84d5fb,5.406282099799968e-05
Source,032a4e05b909452a8a21a4b9795b6de44785ae17dcd2ad5b1788f689f36c1cd84d,0.00016218846299399903
Source,032a54b1e9cd2ff8ec5f58915a749cf074e957006e8b4da9c8497fed4b6c6f88dc,5.406282099799968e-05
Source,032cccddea0f75ace1edad9d045865a1a0447f8d3a218f008e087f862b7ddb4e6b,0.00016218846299399903
Source,032d9f76e3fcc736734a0fae90fe88218f690c0e9e2d5cc985e5922d5d6767eef4,0.00016218846299399903
Source,032ee01185ebe5895ab7f1250560c2def539f335ca79d0b58b1ed4cdf9b2adac1a,0.00016218846299399903
Source,032f99d1bd97dd02efca70dc148d6971c8cf688b1c07e526a7c3b04b65dcc7ef55,0.00016218846299399903
Source,033033d0a3279d91c366c22932d1ef6cbc906ead5cf6d1687d81bb79217bdeca68,0.00016218846299399903
Source,033057f1498dfa2d199d58b50f270871de6b9a53c4fd0ecc7200650e342d415224,0.00016218846299399903
Source,03305a714e271bb6cd931d7bb0277113a5052d2411d6789fd5e71dd0e5c3610832,5.406282099799968e-05
Source,03318d01b8f87191be2c718d1e5716af1906df5f58d7eb1b7750d95a80501eddcb,0.00016218846299399903
Source,033244077e319718db3eff7667fe1abb35a70461be6514b9ce42a3889d64b256c1,0.00016218846299399903
Source,033254519c33b0b86ad8796c44cd8a04b3333149881d1453ce963c14e4af910099,0.00016218846299399903
Source,0333668bbb13487cbf0623cadfc111a97a9fe61d969eef6746052d43a2fa4e0630,0.00016218846299399903
Source,03359cad9e58ead8d665af91ebcbc868f9267d4302664cf155cdbb4355ce9b7f2c,0.00016218846299399903
Source,033864b40a0cacbc61f3d489aed81009120c92d319ca5d4f7ad02f889bd2ff500e,5.406282099799968e-05
Source,033a6fadf13d7ac90347cdbc9b47b980d2746ddfe86bec86f0f22c9b5579263e52,0.00016218846299399903
Source,033af5090e5530aec789e32e6ba160a2abb1e567d4777bd3c7b6fb59a92154b841,0.00016218846299399903
Source,033becef4ce0a0c08052f7fd53c46f98166b74e8a06861b311f5158120b476e583,5.406282099799968e-05
Source,033dc4a3db8c558203d47fe15b0409d18ffea90ca87071b88560f87330e794aa74,0.00016218846299399903
Source,033e963ae80facfebf0702c041b25d8e03534c30e234e99f67fb5aa9eca3e1f867,0.00016218846299399903
Source,033f0c0084b07c480d7bf0c808dbd940ddc124dd5fcb21e0476a7e6764fa136357,0.00016218846299399903
Source,0340564f388bb95eaefaaabc755ba4d8ad9bf0b052bd6cb55d16bcccb921f2929d,5.406282099799968e-05
Source,0340c67d7ff2042071763c54d3074c5d207efe2eaf4d133fdb157d272ad4f136d7,5.406282099799968e-05
Source,03425bb03614335589b053c57b82884adb6256f8a5fceb0787bc7fda125560c9bd,0.00016218846299399903
Source,03426bc660a4facb676490e6423f6b25a4be087a4e8c0003220dd1430c88c5e907,5.406282099799968e-05
Source,034325d1f0149405ac38de4c3504c8a113dc67d79038968f9a311ff5d6e474b9c4,0.00016218846299399903
Source,03433dadd3bad0c00c0a50504eb8b4938f6689e9d48e60feddf78256effa20d68c,0.00016218846299399903
Source,0343a47780ac685e337f3e12c707b2b36646df867312b4a6dec9d8a4d5f17e4ddb,0.00016218846299399903
Source,03453b5ef95c3b28c3013d708933e94db06f9356b9f198d545bbf9537e245dcee2,0.00016218846299399903
Source,034598c5beadf46d4f35bae5ae86f3c4cd02dd264232f4746d66d1539fe804c9fa,5.406282099799968e-05
Source,0347c12bc647f61f74cde6364cafd6cf1dd722dfa9b3b531c7dd2e9c8f5e0b5259,0.00016218846299399903
Source,03493cf9581953cfeac6f19558bd5ae593971b8c8752104ce8d7f78f348c98e862,5.406282099799968e-05
Source,0349697734dbd497aa3139fe099bd5dca259f464751d3daf6cf72e3c7c7faf68e5,0.00016218846299399903
Source,034b0a2d6f0a95ea05a9ebf1dd602b9367512eb3d134c606bae7ac2fb1457b7827,0.00016218846299399903
Source,034ba5fc8291fd22622fefa7a74ad821d7d184be482a5115da1a4b07b10e205441,5.406282099799968e-05
Source,034bc385daa9b1dd6dfd9ac65711d5a1d53a108713ebf8f3b83523690e12b9314b,5.406282099799968e-05
Source,034be84fa9ab4ea9f04f940d44ac6111cc669b4030cd78dc33949847c654fec672,0.00016218846299399903
Source,034dd644c5b06f0e5845cd483bc8fc39ac3f4c85c7a73d83854324a3cd15a9ca81,0.00016218846299399903
Source,0351adee2a8206b03073f20c865f707a335780ce1254cab9da4ddf77760a6c1641,5.406282099799968e-05
Source,0353081d41a8607e1bb8c56277b09bb4082722cae4b0a2339aa8b2b4d45618cbfb,0.00016218846299399903
Source,0353fd0b27072d5d994470b65506c5df926641cb0db07f7032dfab44977e22b99b,0.00016218846299399903
Source,035510dbd1d58e9031fc37f5805c6c58e1763d33ab5a406f4007243a8e75a75e24,5.406282099799968e-05
Source,0355157b4260b70c7f407a720c527a84e9522cd948e7a8ad92ae00773be52488e3,5.406282099799968e-05
Source,03561d4dcc14a587323afd29704f702bd51d30903a208c4021360f0e124ca31dd0,0.00016218846299399903
Source,0357774008d681e1d98245c521e5ff1f929c9be7e49ced303d17a68f870795e07c,5.406282099799968e-05
Source,0357e23939805a0a739b693107f1efd33936023afb7dea6472cd2118df6a0a7036,0.00016218846299399903
Source,035822a521c25ad307e64c0e4437031a04f2766b490391cd377a8a0930f112e18d,5.406282099799968e-05
Source,0359a361c177fd16096e6d97f2c0b1ccd04ab722056303c6dc1d1b97cc4fb49670,5.406282099799968e-05
Source,0359d338d993fa339e21c0fd0320219144e3fb17efb1075d63737a1f99cbc22a31,0.00016218846299399903
Source,035a7161b3f8101eaf34981caeb012d332afc03e4586bfab8a26b331c9b2b844d3,0.00016218846299399903
Source,035b241ac078a67e2deff6c73569816261b65c3125697149ba9548b1713d4ecec5,0.00016218846299399903
Source,035c03874c6116312afd210dc0ebda5edaa5164c2296ee738937d10ff2a45916a7,5.406282099799968e-05
Source,035c99ce410f124c08d7218fa6b9fa8d74d52e361f5c1648d3db1c0ae8c0deac6a,5.406282099799968e-05
Source,035df40d260523db32cc90dd178176d60965e23b6abe076861909c40aeb56120ff,5.406282099799968e-05
Source,035ebe1bc65fb589bece4df419a07a48897dfb39d09e506236b6257a09220bcc12,5.406282099799968e-05
Source,035f264f10ff47be33cc779fdc42e48de3f9a6ab9975e7942548dc065623dbfc40,0.00016218846299399903
Source,036023cca9e3d05a46eba1f6aa33627c34714a6de5b2841869c6f11fffce2a7f3e,5.406282099799968e-05
Source,03603e2f56e66587848ce2b04a6329441e516e1cd62221673b7952cc8f176017b9,0.00016218846299399903
Source,0360f50e9b79dbe6dba04edff82385d6e4edcb4ab4ca4b87e0936c755d666f1bfa,5.406282099799968e-05
Source,0361e3cca1fd1ba3d44f0c8db3f5e426b74ee5d2addda2aa4ba31fb729a39661b3,5.406282099799968e-05
Source,0362a4372375bd24c5b8f8bb2ea85ae2ccf783808477e68cfb06121694b34d1927,0.00016218846299399903
Source,0362e330afdf043766a48c4bbfd1c6f8fe616ee4f2b0595c00982e09e2e79d4a83,0.00016218846299399903
Source,03633a00575eb8a6e814163f1b84ddce3ec187495707e8e7b9928dc5cba8240c68,0.00016218846299399903
Source,036360986f6673fd63711d6153841ae613e040bd1f7d32d648a1befdfc6ce4a702,0.00016218846299399903
Source,0364356cf136034814e9f7a0c542286d65d94b20c72afaca9cfb1811656de609b8,0.00016218846299399903
Source,0364d6ff27ee48dd409e088e6b57abbde6623de80113ff29cb19d6169688fa318d,0.00016218846299399903
Source,0365bc9f5bfa169fb6efe53cc7cc840274da3cbfd8fca4e1065d0f1794dbc5448e,5.406282099799968e-05
Source,036754ace92d5c07c0e278d5c87dfb2a12f36c96caf16f5659076959ab0ea51e03,5.406282099799968e-05
Source,0368462b200426c7f481d934233ddc5ad2137aa8278af370dc99b055f5c41c8628,0.00016218846299399903
Source,03686128db3100e8a66caa3a50943aa72b80c00b3f8700ec01f3bf2e3657d69d54,0.00016218846299399903
Source,036ac54a55189e853c5c22bb5dbc3261d856b508e33e725f1956d64e51be48f7c6,0.00016218846299399903
Source,036ad2da9b057d4ac40f911bc4faf21ffe43bb84802e6cf948e447753488a7246a,0.00016218846299399903
Source,036b98894240f9dafbdf052dca5e0e0c6dcfe823ce3d59bffa57d3aa7e0dd4dcf4,5.406282099799968e-05
Source,036e84a061346d6430f838a431c16895905ffcdbda115f0b763451995da5347b1b,5.406282099799968e-05
Source,036f1adf8460c8abc7cf7c4316e77eccd05bd0ce474aa624afa1b93e33e1597d15,0.00016218846299399903
Source,036f4fbc924c877c7d1fe6e8b97d99751a16ea62697b6c29043017c5e45ccdb325,0.00016218846299399903
Source,036fdf30295c3d9c682f294de07a11c65c40fe86a721cb04b061e7248542b01eee,5.406282099799968e-05
Source,03718bbb44877232a672ef2a8cbe79d357fbb3f506b646f0a0741da6f0618bd1fc,0.00016218846299399903
Source,03736eabf99d772903d72bfc8b2e9792e9f408f3c0456a05267737fec607a9d3e4,0.00016218846299399903
Source,0374fd7bf28122a8cef4eae815a9ee15514c3f349ee7eefd68bb6e602283461732,0.00016218846299399903
Source,0377c9f9105f3decdd06962f164001982de9f26a28b1f21a1a9ebcc160d13e6574,0.00016218846299399903
Source,0377f04cf8ddee20a0f0bec7835a8849f22acfeb342301512c30a454712a823ad8,0.00016218846299399903
Source,0378015105d688db09c0ee702b54e33dd6ddf269c66172c5512112b0a9e96a3e50,0.00016218846299399903
Source,03795713f1ec4261acb727761e0818699ebf3848c3313e8107fa34e8cc8f543a1e,0.00016218846299399903
Source,037a3de793ea6af80c6784836a7b86139a1973219a9958eb9f12570a617de62aec,0.00016218846299399903
Source,037cf3054185aba0bd2889800c7d5c67b4cc08deca1686c24f98b15ee46d7e8fbd,5.406282099799968e-05
Source,037e8b1af65a511e3baf38e45509fb1bfb8023a6e5e2555774998b9ce91a3c58b6,0.00016218846299399903
Source,037f627fa45736c5eb23b8a89f2301ebc6c857df2cd4a2bd8dada05aca8623e180,0.00016218846299399903
Source,037fca9c7303e42af0c6d2934b24af23a2d226ef58a3a44c25bd86a565571c4be9,0.00016218846299399903
Source,038039907cc717ffefc2d8c12c1e4bae3112543f822ebdda94b170004387c7c2f1,0.00016218846299399903
Source,0380c5536d70b81137cb72fc71c262f50a3ec5a6fa9e517ef3637d889fb0b7e3db,0.00016218846299399903
Source,0380d617cf863bc5c0a4b0bd25a3d330e38a0d10c505d5f8af8e1a70b62c18b022,5.406282099799968e-05
Source,0380eccb4d0c299ba0cafef20df6c43298fdbc2c7c78c11efe467d43960be192d0,5.406282099799968e-05
Source,03817146c7cc11163d7110502657562e0b9033d062c4a785f9369013e477bd664a,0.00016218846299399903
Source,038199a41dff255d181371a735823a78429632051fa3f1e722c6ac20d89e1ce9d7,0.00016218846299399903
Source,0381dfa9a8a490f9f8699a831364d4d465c2dda2c035b15f7d510a5c599db33f8d,5.406282099799968e-05
Source,03821e0cf58e76f6d763409ba9a115537d44b12c46a5249a60256965bd4473abb2,0.00016218846299399903
Source,03825052101cd5402c7ec0bcb814141229b60faaeb0019f5aa599fb3384c909d28,5.406282099799968e-05
Source,0382bbeaf6920684efd54608b307d9168ceb450d88941b55df8df88dc6049ec297,5.406282099799968e-05
Source,0384b220ab8701207f6e4b3576517c6390276ee9ee40b1d0c97e96579190e5c946,0.00016218846299399903
Source,0384b713f4879521634586ff2c1c6e0438c4bbcbfadd1e3addf0b40e2c4b77d01e,0.00016218846299399903
Source,0384e9a13236f14854d7ede62a764fe4b9d4122601ca62a89b54f9356704027104,5.406282099799968e-05
Source,038777ce4015f987fad34a4ba8d3bc6f43e9d0c4c040073302be69ecea6d106e44,0.00016218846299399903
Source,0387875d3a8de01bd83124666ba078d9ec610c2971c5aced02b648179c5b29f80f,5.406282099799968e-05
Source,03879a464c9017b7c789556f1721a7b9ce92d6572b02f790b518d1dff38a1dc489,0.00016218846299399903
Source,0388648475b8e5d2a345c1c8f8a9028e7cbcda2065cf41e120a9ed1507ccdf3529,0.00016218846299399903
Source,0388f89086bc5f4bb1283a76bd27b0f35392e467a6e9411086597c01c23c541d26,0.00016218846299399903
Source,0389b6edbdf24d45af96261f8493403abee39d74f9b1d789e70d1db9cd4480e77a,0.00016218846299399903
Source,038b19417ee84b5469217efb333b677caec115e0298823e71148d2741b40cb62d1,0.00016218846299399903
Source,038baffac55a282ae73e0627146a12a345f7beccb90dec07280e8b970a072849cf,0.00016218846299399903
Source,038da115c0147a3a7ce38a7f469b07e7e3631c415ca91091cf300996a4cbaee72b,0.00016218846299399903
Source,038e8396a8ad339224c7bb055ed0f00490b3cd83775351102d88de2edce3621dc9,0.00016218846299399903
Source,038f5b2058e1435f24a61ff45c3c0c9ce8901f0e970744a3231c7248cb1552ac0d,0.00016218846299399903
Source,038feca33faddc90f9a62076ad33a1ec3c7d260849434b89848bed0125f3e518e4,5.406282099799968e-05
Source,039021a5b9801f925b4cfad70cca14aaa257ea265cd994233439967311a55fa6b2,5.406282099799968e-05
Source,0390822c16135481647a5ad352ea60aa43542cad9a9bc54429e7e01af6c4304c82,5.406282099799968e-05
Source,039089d6af09b1aa403b65690155670daf50c8e7c4843de575a5b28c3683e12880,0.00010812564199599936
Source,039170120cf7502e10c5d83f109cf23708ebe00a38ff3ab83ce87088fd25d811d0,5.406282099799968e-05
Source,0392243c08c24092167ab89c95c3ae3ad2c0a67158df4598597b3aa09b3d4859ff,0.00016218846299399903
Source,03932179f4e20fcd850fb90dca6297cbfb2a1c1ffb3b3a8a10a2894c9b15a75fd1,5.406282099799968e-05
Source,0393990dadb1e26fea7975360817545e537d6c1794dfa3e946085cdfdae4b66f89,5.406282099799968e-05
Source,03949b847fe3d4296aca994ed0fec4c9b0efa82b427f7fb3d20a1f4e1a6e487040,0.00016218846299399903
Source,039600f149e81d78c14b2aecba9999ef773266525fb5ac8174ccbef6e2cb9c6166,5.406282099799968e-05
Source,0396361c74640eca3afe8a48e2c5c0ff4a9adac24091d42c665852a29e7b7ddd79,0.00016218846299399903
Source,03966696a6dc60bc33c602fad914d1ad6d8dd5d80212778a30a6be1469244f0b5a,0.00016218846299399903
Source,0397fa8e17a9a1bde9513acb39f2d35ad069d0be0a3ba1fcc67f5e5bda56784e78,0.00016218846299399903
Source,039947a98b84480dc6780ca4953c6fa7a5e821db86fd593ce249466d5d26cbb987,0.00016218846299399903
Source,03994d4c9051a52687262f46da8c5f3994c0fa31b8d51325e7989bbcf29853847b,0.00016218846299399903
Source,039981e0686cf786aa78797525d018a533c4ee2a420bab047391cae19ea449c307,0.00016218846299399903
Source,0399d94ccc0c5500335aa7c6fc8d0ed955cd6951aff926b8a4c2c9b3ddaedf6740,0.00016218846299399903
Source,039ab76496a8856dc195a102e5edfa1ed7551df335dc009860309addebd3bc4283,0.00016218846299399903
Source,039aeb49d81cf764691fcce0e1b5a0f43528f3d65337c2156d9baeb564daea3e91,0.00016218846299399903
Source,039af365f0b2c9bcfeb7fb2db60e1972d2ac58e312720879eb6f755f9b800ef3be,0.00016218846299399903
Source,039b8666dc2b2e69e2b226c314c7e10bb9d7a17fb5d3f5eff1142c57382d4c2271,5.406282099799968e-05
Source,039c19c8c90544baaaa98fd7435e7989b66a0a3c057b34762cde05f3985472ecf6,0.00016218846299399903
Source,039c1cd58831668e7fd2b89ff2a96fe868470e360e813f7fcf27f170374e6115d1,0.00016218846299399903
Source,039f7d3dfb2c7abea836ed924b2c06501f610c38af70ff7ee78a3d5acf9ee49e35,5.406282099799968e-05
Source,03a06420ba90b084cb7eb73489f3a4343061b1fbce51c495151c8d8bf0b133092c,0.00016218846299399903
Source,03a089032b601ac23b773516dbb32f8eef4135733865bfa4d2a618ca9f4fc63d40,0.00016218846299399903
Source,03a0c5423f3c437bbf0cb7b094d53d6aaabc5bbdb6c1e29c57ce2110ac6c7ff030,0.00016218846299399903
Source,03a1583ff60c27c634a44cff66124c71807fc38e0dd861a6110965f2f985202e19,0.00016218846299399903
Source,03a187e92d850d81d15e5791d4d773940d0429fca5533e293d8cbd093510187fa5,0.00016218846299399903
Source,03a2807e87f2dd84193a41f8c289e9ca4723dd9e27b6d814f010ad8da5db03830b,0.00016218846299399903
Source,03a290348379a936196de128aa9e0258572bd78f117764fa90b255c6375551ce12,5.406282099799968e-05
Source,03a2d9707aa15908ae00986a650eeec057ff026bd9ba17ab0fe18b9e19d19d77c3,0.00016218846299399903
Source,03a503d8e30f2ff407096d235b5db63b4fcf3f89a653acb6f43d3fc492a7674019,5.406282099799968e-05
Source,03a65d69fcc81cdc6a8261b26471269722479e1760a0de8de89dbd41898e546d97,5.406282099799968e-05
Source,03a6e8c14ace455f0bb3ada357e0bedd2a1e79fd8688d5ea633f7bd28467a624e2,0.00016218846299399903
Source,03a6f5bd2224cd15cdfa57df6a5d532c86e5605e2c973a63bccd68ede992ed3836,5.406282099799968e-05
Source,03a78a1656c92706b4a1311eb72cd96ebcf566764cc451bdb05d8eae5f0db5c864,0.00016218846299399903
Source,03a804cdbf925012509789cfd373b96234c8ae8f38cbd6c852c685f118d68aeec7,5.406282099799968e-05
Source,03a9bee7638c96a67333f9cefece0e80c9e16a90b7c2fa3b041616e5d59f7bc64b,5.406282099799968e-05
Source,03aae3f600d7355af542a368cecf67cdcb0e61c5503b7893f1c1c65f57740cd93e,5.406282099799968e-05
Source,03aae93a71a3211cc2f2238e68617eb315cae7d34fc08d6fbfc9d46c39cd177c97,0.00016218846299399903
Source,03aae9fe9aebf495ab565c29c498e9219a1d9694c379f67425b39d8400432afd67,5.406282099799968e-05
Source,03acb45f93c4d10c1df39ce3a303dcdf2c7e963b671a74ae8d5423b6bc6ef58639,0.00016218846299399903
Source,03ae19786884da33c7e3220337fd01b4f5d44b8a920af310779863072f35ba25d8,0.00016218846299399903
Source,03ae5e2427a98d54c2509010a78274c87952c3d024ec03ed63d3ff093d4dc7304f,0.00016218846299399903
Source,03ae641aa89c4d2c0034b31bad23a4f80f841d593ddd52f7f35cf7896d0ef8a594,0.00016218846299399903
Source,03af9907b20acda85012d855de45176e1a204214d59c45b7173729a6b8379222b9,0.00016218846299399903
Source,03b1f6e4cd30dc195ac471db66aa0a85fbc9494c41e9e1bf5b6447e07fe55750cb,5.406282099799968e-05
Source,03b3268f7157a30c050fd97857f071ea6bd411bd966a7480ec9200d71d329499bd,5.406282099799968e-05
Source,03b3e145da638f4be5d1c6a38115676f8388098e527bae2cc9aa84ea050dd2e94f,0.00016218846299399903
Source,03b3ed8696e03f36e98cc054ed9cf8cf0752bc86252784651e5783b3e159956266,0.00016218846299399903
Source,03b4a569785e86378eaf6b685f649ba336be14d9a32a8d7812dcae3c81a7e26d84,5.406282099799968e-05
Source,03b5006b578f5b113d8031c6a671ae1e135e0de4c010087e26ee7442e10cb563c5,5.406282099799968e-05
Source,03b58efffe1a9e73390221863d29d3d1532963c01ce527500de0d7cfa9383627dd,0.00016218846299399903
Source,03b7205c4c8e87d60db8cb80d99b9ec9a9678485b45864dc51774c1a8b5fd42ed7,0.00016218846299399903
Source,03b83404feb66eca08b2343579c7ac09eccb1035ff07cee30a0551e071a9c26b0f,5.406282099799968e-05
Source,03b8f7d9499cda7890d981a319d86a26aebea15df70344fd8e8e135779ed8e76d9,0.00016218846299399903
Source,03b90d6f20cbe82e930b96acf2b6b6806142b43d5bc6d969d310958d3c71a2438a,0.00016218846299399903
Source,03ba55d04cf42f4dded663d046ff11f1ee44dfcbf284e1bf8afe564af41a172a3a,5.406282099799968e-05
Source,03bb086b83afa45795c2265ebc76dcc749a590bcd83ba244c27d4f47b1102ffc60,0.00016218846299399903
Source,03bd743abf0f94b6d208d1c3c47aa8e958d6ddd8aa4e8c910c6e1d6b8dd7413a93,0.00016218846299399903
Source,03be9d2a0276df1cf7cb56b3514242ec6a4c16526bfe7b0513247d40c2c4cde49c,5.406282099799968e-05
Source,03bed0844615730934cd1db1db76e10f7a5cca955b11f23ac02ecd84575f3bc56a,0.00016218846299399903
Source,03bf85d154d32b7712b3d7b0d680373928da828433ec27b756135f4f0c27ab9c22,0.00016218846299399903
Source,03c02ec99cc9b0989b373e94db9cf209250ad0c0ad2f64de2a68cc8be365f66c69,0.00016218846299399903
Source,03c10d7c9ad24fa5c44a4aa6df3c1c97f079ede5d0f94c81d001c41062cfefb588,0.00016218846299399903
Source,03c1d4f9ea6dd3f5531a9ae876d9826eb104aed163e94baa88f2ff57384ef3f0f3,5.406282099799968e-05
Source,03c38c9abb6694747ea04bf7fdd008a413c7833b338dc79622a29e51bac48b5bd7,0.00016218846299399903
Source,03c3a9630e1239fbf113bc34d043d105df9b75ca9621fb72c8ea33a5c45853832d,5.406282099799968e-05
Source,03c3e9f55581947e501c63aff341cf91bfa6f9b9a31b7581b6da6e0cf6f738aa8c,0.00016218846299399903
Source,03c43b2bf06cad74849e599a8d3e36ac54defad9569751b49866f08b4f7ec52ccb,5.406282099799968e-05
Source,03c43bc4f842d85676bc69223ebb7d0b5a7a7230d66b1e8a81c4009714918e7e1d,0.00016218846299399903
Source,03c46b35a15e9ead3068c8fea06463c72fefe59ec87b3323fb9b4137fb2ddd26a7,0.00016218846299399903
Source,03c4d87d83f965d3e4258b411b9c3fd34793bc9570bab67beabb8d1bab67eefd49,0.00016218846299399903
Source,03c4e5b2b1e789f7916ee3d1aab38b92cdab044ca87e1b8d483be7b2de85fc2a63,0.00016218846299399903
Source,03c65f59676fcb31951fe4c610f3a17612dc5a5c35d1f03733468e19277aad6f6b,5.406282099799968e-05
Source,03c6c207b280f47d5508a0c2ec920502f5e4dce56d45e115f32ece73771e53ef7e,0.00016218846299399903
Source,03c726365d5e1613fe1289508bc494cc8d67a8f25793b22d543707e3bd090a9404,5.406282099799968e-05
Source,03c7f13d2b8be26fcb555363f9459db305d568b7683f9f7fe66282f8d670aee5d7,0.00016218846299399903
Source,03c867a0ac34008a0436ccdd8f8a51365e7cf70e4534e82d008f3e55ea6514fc35,5.406282099799968e-05
Source,03c8ba74efbb09b4223746e19bdd96ea6b7cbcab06e1cd51f363f9be7b8b444b40,0.00016218846299399903
Source,03c9419fc4ea899cafbcc993daa0a26d1ef60eb4098367893619a6218f78b049f6,0.00016218846299399903
Source,03cb8d1a782babd2060cc0bc953da81616ad6c413b4550f9027df70e79cb7f77f2,5.406282099799968e-05
Source,03cd09745d8cd8c58f51538f55444abab3c3899210c52d1fa5cb9301f88be0a097,5.406282099799968e-05
Source,03ce90d72b44aa7220e79e60436062f2b686cdcae8a3a8f805fb56e028229cdde1,0.00016218846299399903
Source,03cf2c6799c0342b11887ce5bfff1492c2295754fe4c33b0a6b86426adf6e4bda0,5.406282099799968e-05
Source,03cf99d284674ea9d07235a6fd519ee25fca15247046318d94ad82ccacb7b856d8,0.00016218846299399903
Source,03d1254e69c167c6eb74df37350027cea2badfd4375217be12563f24b0fef4d2be,0.00016218846299399903
Source,03d1534fbd4cfb6e41b3de0765088c6add555fbe0a19b8c0dc127c17103f5893c2,0.00016218846299399903
Source,03d16eedc2c4064c0691d6948e56ec58468e622330602113797519a6819bc8b49a,0.00016218846299399903
Source,03d38e5631647c10d7bc930dc9630348bc92a2c6e09b64df7eba50f910a8d35c50,5.406282099799968e-05
Source,03d48660e4d5b595b6de6781f8b2d90793ac279a02b65f29c80faa137a7d2fa147,5.406282099799968e-05
Source,03d4c462c6cbf5229d8a1bfbf4bd1de649ca03e68716f033025948f70cc3425034,0.00016218846299399903
Source,03d51a1ef33999f08756d9340254418e1b2b0c499c58ccefbde3021d05657f7f7f,0.00016218846299399903
Source,03d5855896faa6d6320e408f11e18b16831f0dddbb3ace4cee79f039d0dea528b4,0.00016218846299399903
Source,03d5cc8fb20d1a95c06a63348ee35cac8a885a6e10b2259b9c8a2d17b510500b49,0.00016218846299399903
Source,03d829f2a214473bd6300f3b829c8dc5755583f2113deadf4b75dc83da2c4ee149,5.406282099799968e-05
Source,03d921b4c9b5a5f155e70be01b340d99117896c4fab9efdfef71ca9999d059862f,5.406282099799968e-05
Source,03d982db3411528c4a951dd6168d66eb978908f6ca9c1223d79e37b68fe33d3a26,0.00016218846299399903
Source,03d98e20969aa217f1cf84e0c2dd5f8d4b65323c4816d4dcf7b1779c57a14ae296,0.00016218846299399903
Source,03da8b23c27462eb7011f2d17945aac723a54e42102ae06cbaae1e16144de38b82,0.00016218846299399903
Source,03dab86982d5f9d605e4ba0e04ec163268dce1814ef38a563620608124b469241f,0.00016218846299399903
Source,03db73d5a53cf889e2520c449a0d7a8c3da99bec15cb544011a006f8c702a16ce9,0.00016218846299399903
Source,03dc2d618c677cfc6cddc77c3b4891eff8582a9626cdb79787e09ff7f8ed20bfc8,0.00016218846299399903
Source,03dd1b795652debf811f93142ea4e7015889929e43220966e2431b38f74535dd23,0.00016218846299399903
Source,03df87b99d597f1982e3ae89ea3ba7bc266536269326647c73acc056f9923c9ccb,0.00016218846299399903
Source,03e0214c8ac4fa7580cbc2ddc1d71da9ccba6b3f62b3152bb0d7ef0bde90e4327c,0.00016218846299399903
Source,03e2700107ab7d12173c3e3e74fa7796c8a14536ee59eefe58a79d154e559526a6,5.406282099799968e-05
Source,03e4356de7f0e46806e9eeee1d9e9deb90da4f0e780c932c0bd97016477bfcb167,5.406282099799968e-05
Source,03e697a1899a17611255edd8e3f43858a0168b1874cf50b8c3d4baf1ea1fecbb05,0.00016218846299399903
Source,03e7360ec83dfc9bb7de16b146ee0cc17b84d0fd510e3fc61d7e1747d10d91972e,5.406282099799968e-05
Source,03e78423c7a744550bfb7c02978badf59302a4feb33c7b305e67e6f4633cbe5744,5.406282099799968e-05
Source,03ebcb8cf02338a86ba79af7f7b7d449ce6d72512762c7f55a012830c5260b494b,0.00016218846299399903
Source,03ee0445de8b91acfb05688e3b240f4e061098ed4841564ada9b299a980780546f,5.406282099799968e-05
Source,03ee42cfcb9540159fdace61e085a9bb6f27b272385f640f0be28df73695ed9817,0.00016218846299399903
Source,03f0383bee4dfe3f6ecde1624d707cb50cd93e5d13d080be270e27cb753866cca1,0.00016218846299399903
Source,03f10c03894188447dbf0a88691387972d93416cc6f2f6e0c0d3505b38f6db8eb5,0.00016218846299399903
Source,03f11710057e2d087c2610ef9fd13886c8497af95f5be9d96e4ae7b2d4b2035e4b,0.00016218846299399903
Source,03f1b36c1fbde8fcaa8212bbc2c36f3f77a71c4925308b5a8aba4aa75be5e7d922,0.00016218846299399903
Source,03f1db913dccc3330664723def2a84295d8a067d5ad0605bed68023f990ff40325,0.00016218846299399903
Source,03f23da4fcf14c87121b3ae7b7251bfaaa7fe157638ae293a806b219d42966df17,0.00016218846299399903
Source,03f293d12737736d6aed764167f6a815811c225f21f9fd94610b00f44afc9f776f,0.00016218846299399903
Source,03f3657e3c4f586169002cdb68505d4a3250fb5ed59ebb4d781d64dd558d43037a,0.00016218846299399903
Source,03f4d2fba5aa0ca3857a1a58ef86e08eead8185ca21957413e052bf3a456a927d6,5.406282099799968e-05
Source,03f54c3072e69b2e925f3bb42b24146983b111fc7e3fc0fc86dab257f5f79cb4a4,0.00016218846299399903
Source,03f5b5620bea104d91921b1effafe83bd0921d60b084b4e738b81d2e97e61f415e,0.00016218846299399903
Source,03f641f79a344a106547ebbbb2889e0873d82458b2e72531f4dc74509a6b66241a,0.00016218846299399903
Source,03f8a0d401257c24c3a6128589d4d7f2a4fc5f3eaf62b57bce8583fff315970fb1,0.00016218846299399903
Source,03fb64900a7647b4499a88a6c30976333074dad3bb7702d0219bd84dc4ac4a241e,5.406282099799968e-05
Source,03fdb1e514b0ad22a0a86d2ee7dd0ccf484c4162de72f75649cd3e3bfba9164199,0.00016218846299399903
Source,03ff8254accfed217b86979443346dcee6673ffb06eb7942d0ef14f568930625b7,0.00010812564199599936
Source,03ffc72cbb54a9d76d89f562bdca16fd81e05c6651490bbed90640ca3ae86da7c2,5.406282099799968e-05
Source,03692ebcc6e0707ec371e1ee2fe375c35be73e7e5ecb77573cd56e484fe59e0e4c,0.00021625128399199871
Source,02071ce929b58266c895f929226c00da19e14dd4783bef30b29829f0e6e2ff4bf2,0.00027031410498999837
Source,027222caea9c1070952bc8c7a05a6f75f26f3bffc37e80e627cc651d50d50eb268,0.00027031410498999837
Source,03114ac5e19a7b9a13c0f0a3a08ff33bf72163ca25f2973a7e1995eae7550f8907,0.00027031410498999837
Source,031312f56daf1123e0acc7d5f81ec0a579cea0c145b85435caa52a03385f43434a,0.00027031410498999837
Source,03587d4a81a217efacd4127d610f2c965c6b3c410a0ac538503c751c2486630e18,0.00027031410498999837
Source,0393c66308ef1ee0b689ce50c8c2aef6417893fcb319f40365a961ab9961646b87,0.00027031410498999837
Source,03c1001018a66630780915c71aefe3924d945065db01f8c59d9f04dc5ba7e92242,0.00021625128399199871
Source,03ead928663ea403b6feffbb1290202adacfcda3b49659c20b241d3316e998c884,0.00027031410498999837
Source,02bb5e47ee26aca1654ce092d9d06eac15d953210c737f2220e2d7e54c4f108677,0.00027031410498999837
Source,02253dee7c1a45ab049c4d8832f620df6c0f4b100751d86cd763ae7cc2804ab221,0.00027031410498999837
Source,026a1afaab383ee1512d07854d1406ee7cc26fb07f70bae07cf5f198dda7ad91f6,0.00027031410498999837
Source,02efe91c6fdd98f3da3dab5db81427eeb1076aba1216a7bc0cfcf5fef93f3133df,0.00027031410498999837
Source,02fc6bf390208dda96f489491b5c79830c39dfc07c998cc5f469ce3801cd01c5b2,0.00021625128399199871
Source,033fba3ed526c1b7eb60379e5f68f07225df7a4b1ff6a6923dc9e06725169d1d99,0.00027031410498999837
Source,03917f91287052aa6729c8161edaab8d8dddcb1261068fc2aaf9b119f5136eb988,0.00027031410498999837
Source,03f92722767497f9ed3b1d49a422d5fd9f9d566ea42f4e084a4f65eede537d7679,0.00027031410498999837
Source,0200e5a6afd0cca4383b67a7ed18fc0af24b80f475295d683ee58d7fb00e8d9b13,0.00027031410498999837
Source,0202d9f3575d6b788235dc617262ee3bb2d4c3c740adae6e98016bc1396e1a279f,0.00027031410498999837
Source,022fe18b687c6ad723bcc7a038b66fc996f5a1ae9112bf1896f5324573a2b1a559,0.00027031410498999837
Source,02356ec8f50e35c8692d37c253fb5a7d23527eaf0ce730c70a894cc6cd040c3826,0.00027031410498999837
Source,024a381d0ae3bdebd48825c792cab89f8ac41207312048cd44c313f864cd17079d,0.00027031410498999837
Source,026043fa7d58985b5d145de472ed4c3306fc4e726f29e13dadb9189d0c7845937b,0.00027031410498999837
Source,0276499dd9775f36cf95506c16e14ed6ec4cf230e8e5d341a441e1190d3f9e1e4f,0.00027031410498999837
Source,027e9dd63e04e1b0582bd151997510c6c78f666fef4dbed8ca884e4676bed49552,0.00027031410498999837
Source,0281d6f21551b0e2f733948bcd0ee5fcd258f949d0ab8d2c1418737d55dce2b88a,0.00027031410498999837
Source,0283c8e76952e4391a298ef991250406906b8877088b285f032b60867ebe27dad9,0.00021625128399199871
Source,0283fddb3d68c05e6e6cc819389731aaff62e9d8c07b0a059ec959508a48b291ce,0.00027031410498999837
Source,02bfafa3d4bddee3467a6163eb6ee540cf04723267c2955e053a4f33d03b898bbc,0.00027031410498999837
Source,02ebfa30d95e70454a523416654903ae7c511193550b31a542a1d2744541203644,0.00027031410498999837
Source,02ec7c26b4c8e4786b57b361d7c1712292673635157a57949e6eae4aaf5879c45f,0.00027031410498999837
Source,02fec1414f44c45a7cdedf51fa67a1ac4828fe48ddb4dc0cb54b1628124582fd6c,0.00027031410498999837
Source,03127747aa9fb9b4813b7ebdd6ac47eb047954513ab06fe909689c2c42eaa49a33,0.00027031410498999837
Source,0313bae3a7d09d7f1a7ff595918567ba39e503789884d003036a88f7fcea3ec66f,0.00027031410498999837
Source,034d15df0d19d64e60af9c2f3489fd4e00fcae9d70282b37e9d3e041c1e872dbdc,0.00027031410498999837
Source,03bcf1f73199ed4445a8d6c033dd8cb550bb5205a16982ad2e13359e3318498c02,0.00027031410498999837
Source,03cd275b154962cfd52d98ed170f9f477ea42dadf7cb2673693e443ed3afd4aa7d,0.00027031410498999837
Source,03d95924d6de5784f0b610d5a597d4a94e247c6da5e8db39a3d051cd9059467719,0.00027031410498999837
Source,02f6155b106a9f92a13738833ec7e25da58fab1fdef3ac085571c3984bb277d547,0.00027031410498999837
Source,02f863083c2972e0e673bb1650c05387a638cef0ec9a3539cba1a61380cd090f93,0.00027031410498999837
Source,031e47777e35627e1018bc886ee24f81633a54527cfce24df0183a8fee7b3a24ef,0.00021625128399199871
Source,0356ee5b87d2885f080ab704cc72f7d5f12cc287647bbf0b1d56c2025605068b95,0.00027031410498999837
Source,03823ea7cb6d0ca121a5103b1898b4a954dd843a4e234eb1075669a15f011c57ed,0.00027031410498999837
Source,038dea9341a1be887457b117ef70e8a4a87ca03163e0cda3f1e2254e2a7590d3ac,0.00027031410498999837
Source,028377251f4fc47a1ef64b7fd6221209f0ece9b7adfb926ba608c5f3e0e2e9a30a,0.00021625128399199871
Source,02d801ca3bb9a5a27a9872612fdaa249041f2650cdce935235a0d3a27a95a86d4b,0.00021625128399199871
Source,02e31746bc16074e5612d129a41f54a33a041b116d3974d929c5fec7106224049c,0.00021625128399199871
Source,02e7189442fbbf0eb871b3b563ddb3bc54ca4fdd6745ba61e2ae51943381ef84c7,0.00021625128399199871
Source,02ee625bb15e64a4b053c31d111ee608a4300f7661f55d0635a0dd08cab52e9025,0.00021625128399199871
Source,03331ebd40449bcf4b62c9c37afbb5eafac79ba45cc32e29105ba5b898113a4025,0.00021625128399199871
Source,035c3fd836faf2eff316311fc70c56995772e9e719b707c41d72fabd2ca4d8a226,0.00021625128399199871
Source,0371d9717fb062bf19d53dc2613ec24d558a3dd8b30815f14f639d4253e686fd88,0.00021625128399199871
Source,039d3433dd4964fc24410b0dc33fe22bc060b0df4622bb5335134e98e2d7a039ec,0.00021625128399199871
Source,03ae8551b4daeadf292e3aa1cba76d663e2067da3746b107d56d29290fa35a2117,0.00027031410498999837
Source,03b2c579d4e971374c5b2fe5ff0890543948296c9153e6b5f5bb0619762cf5b4dc,0.00021625128399199871
Source,031f7117cfda5d2aea959594430a9543e51321f3b99ed367f06634955defb8c73e,0.00021625128399199871
Source,020de401c4c456ef6ffec0f3fe728551f9fff2f44b2074221c82965b1d220e5522,0.00027031410498999837
Source,02138548af30cf00b6264f80e65436882173b4fdd0da72ce5cdcdde84695e62f2a,0.00027031410498999837
Source,0223f301135c33cacd5e6cb194bea080573c0a7ff84b23786a88c6d9a178de912d,0.00021625128399199871
Source,022b9864253ad504260bd93126f34e656a575549a5fa969959a2a0084f073fb7e8,0.00027031410498999837
Source,023190477a6e69917d9787eb574e4a853896845876e3101b3764dbcb09e9e53f0c,0.00027031410498999837
Source,023570478500144cd6450a27b05c9ac5c9fef647baba0c5f0df4a6f2e66432cf08,0.00027031410498999837
Source,023fe628ca0f67014b0da1c9b252cf8eecfdc6fad033c90dbdd8a160bf97a0d365,0.00027031410498999837
Source,025194638ab6dfec97e3b977080eb14f068ada3d26412589c14f982b917f9dd897,0.00021625128399199871
Source,025eb39a1e183b0e4671d57fa8d9520c419e5226041f3b34f30724a972da5cd7a3,0.00027031410498999837
Source,02625d744a708911f2d731687dc85eedadd20a559552696efc056b4f6679bf66e7,0.00021625128399199871
Source,0267e27b8ea5ce2c2283f5241a922088387334674573bc4bd13477bb05f2ed3e7b,0.00021625128399199871
Source,026d1de80e59f3fe2b27aa3dc8012f4437165bf99971bd9b7d8afedb066f92d695,0.00027031410498999837
Source,0272c56f8a85f4ab5091045fa52ff6971e00c072cea338ef0f4a42b84264d80bd7,0.00027031410498999837
Source,0278e0277942f10fdc2ea623ae63ef56b66ac1f89e20719f69f3e2c6460fb7bfd0,0.00027031410498999837
Source,027cb1a88189ac81b24474d942c4e0fb6545be33204fecdaba018174e79cb1b23b,0.00027031410498999837
Source,027ced29e48b19f7777d2c8f10beea33deb9131a6f104595ffc96c25a07ea66ace,0.00021625128399199871
Source,027d3091a6dfd5042356075345056a5d97ba4f4455573e71018777c4304c5a078a,0.00021625128399199871
Source,0280598b41a603ecd63193aa236dee1190f089b5316f89e6d68bfbe0c32649c9e9,0.00021625128399199871
Source,0281b8e537e70b535426da81b9fd3bd2034667ede4b1a3dee099b56b1d67284843,0.00027031410498999837
Source,02825a6bd596025eb351e46258531ee8593bad1f110dd5f566fe208884a3cdb7ee,0.00027031410498999837
Source,02896feeb3e4146691f8110a0c39cb785064ce40a4e32048add293987efbf365e7,0.00021625128399199871
Source,02948b9c10eb9f6ed9587926202e52420b4787ab54e61d1034770539c5ac4a0bb2,0.00027031410498999837
Source,0294e9ad2727d623fb22870e32f167d4d014e2f7adccb0926802f0bd4d17959093,0.00027031410498999837
Source,029b9267d1d6a189429fb71f53ab735eac6e7a19d12c9ec2503c0a08840910dfe2,0.00027031410498999837
Source,029c0fcec2639bbe3292aa65e7156b1480966566ec0f0c267111e7065877512d66,0.00027031410498999837
Source,02a1d2856be336a58af08989aea0d8c41e072ccc392c46f8ce0e6e069f002035f3,0.00021625128399199871
Source,02a36970b6ad3482d689eeb2a945dab351eca5e3ebb78c9b5824988283105f89c1,0.00027031410498999837
Source,02a9ce90945f8889b22fedb2ddc862bb6e7640eb43c12078563667b902a162827f,0.00027031410498999837
Source,02abde32f52092d4ea0f4121f959a59b24206e0c1e380a863dba4890dfe53d1222,0.00021625128399199871
Source,02bab057ff5c0fac57d994ae7ec1218b87c1f786b424c3d1032bfa69f98da9554c,0.00027031410498999837
Source,02bc0521a959da5f979333350f143d8ab1a0e941c7d5380d64dd46ac7fbed13aa7,0.00027031410498999837
Source,02bc9226ce3a0eb45eca00a488fe6726a56e861cdc1a916b95e3b7311ec994abef,0.00027031410498999837
Source,02c376e54ff08c4ab3c94e9a5cebdef2c367d29a428b9f9bd3427b7708451532fc,0.00027031410498999837
Source,02e3a75e58f98ca387b3ee31a24e37c4a85603dc0a388b1490fcad65ae36c76af4,0.00027031410498999837
Source,02e515a88a3620281a7fb904b2734d6b160ad2c4c3de6eb3131c3a6ff17d8081bb,0.00027031410498999837
Source,02fec15b3df56e0b92f037d7c316df30216c8420683fc67e124aea588aea1bb705,0.00027031410498999837
Source,0308bd7d969a520ee2753b3e1eb38b1e3615cfdc372485caf521f8db293d5f32c1,0.00027031410498999837
Source,030b5d1a2f2502eb14f7dfccd6de8d227cc533fe14214c80ecb5dd9bd6ef9dc8e9,0.00027031410498999837
Source,033a3ce3718dcf6e4f4985d34d4b86b65fc2e50076356660a4899f65c988d091d4,0.00027031410498999837
Source,0341ad401515ef0c62316dad5e54532d7db46084d912ce4d08e67be2c49af5ef3a,0.00027031410498999837
Source,034232f9d7d4fbc7a0b7b35f70cef9695daed85c2ef95c2e3ae6de0a9aab00cbe6,0.00027031410498999837
Source,0347335597159fce666914f13628ebd62a60223f3520dcbec5a7d77cddd3110f17,0.00027031410498999837
Source,034c065b63aafec3f44515741e0924b190034bd40f61e7b0e5e1f01ba87a8d4984,0.00027031410498999837
Source,03594c75a867944a6d8ece3f721690fd6569d4d3fe814d00a16b82aa942a18cf27,0.00027031410498999837
Source,03669345f634ad7b2e3f1c0cea5eb291e0b8295713629a314037f7f09f6b983604,0.00021625128399199871
Source,0368fb98760a63119a7e90abe7b87d4437a72a24439fbaeb89ce3a64377c05a541,0.00027031410498999837
Source,036a7d163ee090c4e51566d1fe02b366bf8e4dd3a5363932939adadbde860a7519,0.00027031410498999837
Source,0373413108d1f6438eb0f9a648d82b5804658a94591cf083c198e1504f17e09bd4,0.00027031410498999837
Source,037be970b0667bad00af9e5d535c7ded7fdfd320c86494c22ceaede3dbce3c2eef,0.00027031410498999837
Source,038405fbc50e001c58c803e04fa3057ad87f664bc44ed4b14abf12e259fc32ad61,0.00027031410498999837
Source,03937dbc8719c7b6cfc3255aa7c0ab25d4797ec8b7d98ec2b8598a7dbed520bdb5,0.00027031410498999837
Source,03bdcb98cf120435429d863a2edcbf454800a33c48449a41e3e6aabad695043505,0.00027031410498999837
Source,03e550308bea0e1af1e6f787b53c88d4c64c43211c78cff842d29ef99b83bc187c,0.00027031410498999837
Source,03f724b4bc6cb04f45068c0fc542c35e7d82dbe750383e2eda229c8304699f48f2,0.00021625128399199871
Source,03ff91d135bbc82a56815218723d39d8f02f05bdda774d71aa6dc329329ce90734,0.00027031410498999837
Source,024932a9d1956003233bbf7d8f2a838eb1097c403ef59b74d1175ece05aa5d38f0,0.00021625128399199871
Source,024c94fcda880c92822bf0b24f3d483a635442ceb7d1272160f941108590489df3,0.00021625128399199871
Source,025d8cca3a924202b76d9a81a7ee2830c0d5a35eac93a36d869ae9a7dde8e13aa3,0.00016218846299399903
Source,02eaa325a9126380c0e5c5c78be31de5cc7c1654be1ea0c469b2de7bf6531a1d04,0.00016218846299399903
Source,02276a279d493715ec9f1471f7751c36b467d41967fda3d2f0c663857c0331894c,0.00027031410498999837
Source,026d8619ef583104f0ba4810a12f3e9088993c3dce521dc428affff57abdfdd0de,0.00027031410498999837
Source,02ac858fbc9f39b6abe1cc18b306c2305e2c92f1d61f6f93d9482f007ac9870a7b,0.00021625128399199871
Source,02c2f5bb49d75455c67557d6216ad3a4db508295d0126fe2410a6ebfc43d3e58e0,0.00021625128399199871
Source,02e0042ad7c6cf68342399d56630bdd06847bed64fee32082688ed0b88b0755ee8,0.00027031410498999837
Source,0321cdad58119596b3ac37c15cd6b72eb5167ca15ae0189fbd7245259b58388621,0.00027031410498999837
Source,03358f5dbf0ec2528905073c654c4f51909b5f8e41e68f6848086477c8b4b85865,0.00027031410498999837
Source,0383384a2a75341f5ec28322ae94ee322c243181fd7b6f6df7913d3aca1165e7ab,0.00021625128399199871
Source,039aa549480303cd8af5f1041e3109ed54f096aaef987801a7d8411d6437243239,0.00027031410498999837
Source,03b6582f3165302030577e0e963919a1188133fe057ace5fe7705c0951c06d0957,0.00027031410498999837
Source,03c5ea66cae78faeb2e701e1a6afb0a4f08e71ded17c8751561aa211efc4f4f063,0.00027031410498999837
Source,03d9231f97a1dccd822ffc58226e9c7f2bec9dac00df4c0ff6c73b3d3f6c6ef6ea,0.00021625128399199871
Source,03e1767a00671c2f6782359307e4b22ad57e866832c3d22d0ab40deb3ca681376a,0.00021625128399199871
Source,022e6daa0464a77800ef0ad117497d687e21bab35b15672a7f9de7d8541b042f17,0.00021625128399199871
Source,02318623128e26140962b55979de5354d32854a725728ba9760148766333ac2f5b,0.00021625128399199871
Source,0237411e424eb96de22e559cd222f1e969132d1191bb0393856512909f9f9db1fa,0.00021625128399199871
Source,02391c7ff48f2b18f8daac330c0eeaa3a8de7546fc1465daca0ea2762280037432,0.00021625128399199871
Source,024c034b96cb972cc804a7ccb71e0a5328824b9a54aa2699cbf920d0856d00381e,0.00021625128399199871
Source,024f867cb41de698403fca8126d75910a8b582ba0ec39b61c64eb012306e5acc23,0.00021625128399199871
Source,025030f3d939123a0fe6c9b81d7be1cd9589b55526ea678f9b1cf8e1ddc4b364c0,0.00016218846299399903
Source,0250f506570bff58305e2b68ba5a46d24ab299ca82dc2ba7dbf208243515a4680a,0.00021625128399199871
Source,0253b575c7c8aa6cc340917e35174070b509c1b8cd553e1ce3f04f33a07a8abbdb,0.00021625128399199871
Source,0256978982f85682c4182e887a3d865237048fe66b37bf464d155edc2f4b02d38c,0.00021625128399199871
Source,0282ccffe2f7fd63b0d68528dab9cd6cff8f64733d2d730c3eb8fa81e011da930e,0.00021625128399199871
Source,028a28d0d155381980c13ecff57e711ead9b56211caf60c21934f858b99d12c248,0.00021625128399199871
Source,028f8de8616847688676c8db4041a52d354e0605d389a40d9d123c70b6d2913d2c,0.00021625128399199871
Source,02947ea84b359c2e902c10e173aa209a36c2f92a6143c73170eb72b2077c592187,5.406282099799968e-05
Source,02a2cd39429354378d4ee7d239a4396a10844938e16bdc5a3d27b24c49de922b4c,0.00021625128399199871
Source,02a508dd59da1f8ca55480f45ab0ef7446b3704cf7cac9e265fa733a2b1074f21e,0.00021625128399199871
Source,02aaafc96eae45ce209b6a587b8fcc42e27cdea46b2c1cf8c8a6d4a4e1f146aa26,0.00021625128399199871
Source,02be5b5e09655ddce2a322eb38e98289237a1b88c279d872947f159d2d90b2ad36,0.00021625128399199871
Source,02c911ba09b21441200e0424279720ec13290b36cd51f4ab1a80cbb40b3baf0fe1,0.00021625128399199871
Source,02d4531a2f2e6e5a9033d37d548cff4834a3898e74c3abe1985b493c42ebbd707d,0.00016218846299399903
Source,02d7b4c6b3e35b4f77fe685958e52d19a187b8063239bd585bdcce2c5708000db6,0.00010812564199599936
Source,02f6d570c8f4cce182a759fbfb6249d856cf0ad6567ef9c1f1c82c30b18eddbb6d,0.00021625128399199871
Source,02fc5687044b12a01992c93af87d2dd8782c7c7846ca0641ca3aaaa75be62f68bd,0.00021625128399199871
Source,03031ca488497f11e36a1a81409f7d4fdffcff7e0226e3bd35c2f1774bcf060333,0.00021625128399199871
Source,031005b90058edcdb6a85e8071a5e9dd5bcd4eb0239355485b495e00e652a6b03a,0.00021625128399199871
Source,0319f8a144ec6a040c1a90939ed6da98156c22c0a976fa1d4e774c133fd395fb31,0.00021625128399199871
Source,031a732d64d07ff432c5b8bbd3f99afd79cb50a71be6e908bf0a66654f0a702eda,0.00021625128399199871
Source,0323f50b49ef9e58d8644504e9496bb52e8e87cd1130b86cb29e83ef2dfcf2236c,0.00021625128399199871
Source,0324889e3022bd1c084c44422c797e7f391d7b5ec07b3221d15690748a861f63fc,0.00021625128399199871
Source,03324f88d4fad9c6282d2d3a5c480510d9b9e08e76dececd8b0ed4401fc0cf0a4d,0.00021625128399199871
Source,033aef518f370382db1b7d304abbfe953a2563d0a388ab0ad8172777f1f5d80db0,0.00021625128399199871
Source,033bc6bfec1d65312cb330db5754ad33a14292e348b0113d624a9928775c30a555,0.00021625128399199871
Source,033c941c0655e5a882b35a95587f5097e02be94766916a6ce30aa5476b9fe27de2,0.00021625128399199871
Source,034206c0fd02e06addc0414126bbb2f7c53f5ac961dbeb10aac53b1bbd75e1f525,0.00016218846299399903
Source,0342dd8568081ae1bdd852c0d9440dd22e4bbc432391975e6a1e1f2688e3ca6fc1,0.00021625128399199871
Source,036170c5f4fa822a4bb1b23535eaaace9376884d3717903370d5cad5ea3c8e3959,0.00021625128399199871
Source,0362fecabf5b8aa72608bb8bd911c8dcc5df47b4743305e18429c66e775c259b98,0.00021625128399199871
Source,036d91bc482a213818f45035041f26b51550bd01bcb5fe4c066c075726de365676,0.00021625128399199871
Source,0374e89ab7d02496e4e938fc717e84bda627a4ccabd927724d59cbdd97d25e84b1,0.00021625128399199871
Source,037f46b621325f6bff6cf2afcfbbc9cd8e196e7206f94b753ed8bd95c8fffb5356,0.00021625128399199871
Source,0383ff9baff26e7d32e41514da518bedecdfdf96efa5145e3af7c355996c85faae,0.00021625128399199871
Source,03862e0238920a3805f2c1f35fd681d10bdbcacba71eb6d6342dcb0f0ffeee3211,0.00021625128399199871
Source,038d215545aa370dcd6af63581bb205496113d4185e70dc5af5fb4ee0c499910af,0.00021625128399199871
Source,03903d93f1188f881d46982510e716427253ee32718ab937d0a6081783d29ba78d,0.00021625128399199871
Source,039a13c8c639fde6234de6d95862cdbb7c41b1acd4f7f21f6d88d2a694260d6e6b,0.00021625128399199871
Source,03a333a8d24be890d5941535462f79616b6401298f6eee1eb4842fc107c7f19d25,0.00021625128399199871
Source,03a3d41a4166d7be533840b5387061fee8b4391943136b8b5ea3d3f2530071af47,0.00021625128399199871
Source,03a524eb4f2e9f07b4cbb904f265ed21af7e46cebd8dc92eb9682dfd0d54f6349f,0.00021625128399199871
Source,03ad6a299cbb19453feba46d1397e5404fa2b6b2484c7df58ec61db13fd42e3e8e,0.00021625128399199871
Source,03c1ab51fc25c9cc4c4a0091024415b143a72ad753a87f3b8017862654c0a84fc4,0.00021625128399199871
Source,03c3a201d80404eebf323384c0406d67290d7540e89e24ce4ceaf2f3c2ada2c209,0.00016218846299399903
Source,03c6b86ec1c1bf313144dfd2d64f58cfb7a93e9f8ac3bd50910620ba02b460b570,0.00021625128399199871
Source,03ca41cb0069b52890ecb876774c08ce9b597df7c001f734759adcc72d4405c71e,0.00021625128399199871
Source,03ce6a52087823987396b341168544aecb972e008a0d582b474a08cc52f2ad9d73,0.00021625128399199871
Source,03d05ce800bcaf66183062a32a46176c8a9def025b3820240d5a55e533649e98f3,0.00021625128399199871
Source,03d76526900a5fbdc1e6f5fb9fb9f26c17291e3023b9a9847cdceeaa02281236b9,0.00021625128399199871
Source,03d814d6f1e133c293e3aebeb178a5053aa3bd3681780e40d5907ced874e957ea8,0.00021625128399199871
Source,03e013a5e980467f23c2622017666dcc3cd23d06166f61a6adbb6b186b77887c3e,0.00021625128399199871
Source,03e5b13aade6d25213c77d3c7a2574345b0e4af23e10f43de808311a9981c05209,0.00021625128399199871
Source,03e9e4517b6e82fff24ad2c669af21b01adb96b21139d9eaacc2e86a17c61ee872,0.00021625128399199871
Source,03ffb24c4740fd13bc69680c4adebba8c332ad63a9a8ee44a541831eeb73d8e72b,0.00021625128399199871
Source,020b49ff5970221f6ea883bac3854c63804d9ae155810f0a0cc6a1cee40f4b64e1,0.00016218846299399903
Source,0228a46cdb9122f4334eeb9f774392c8df8027884ef7cf7bde3d32866f6beaabbe,0.00021625128399199871
Source,0234805c18f583bdf7ea7aeba455d93ce2c9651a2e72909ec680add9eea6dc1fb2,0.00021625128399199871
Source,023d6c517ba4352a5037f671571edd00eb10c1d6ab83e6b58a4993abf9867e8a5a,0.00021625128399199871
Source,02448bdefdb5f88493e3e6aec3ea98bc00538dd66d33c75c148b2224f6bcc4f57f,0.00021625128399199871
Source,024a765ac5f2023b7fa083d66424a717d08f5cd3f5133d4d72d95385dc5d7f07c3,0.00021625128399199871
Source,02577748d1f4114725a9f0164b6ad2fffae7ad225e1e26e346de82355996ab1655,0.00021625128399199871
Source,02834fcf15aab5cab3b0405409704548b23ab1ee073bbbafa26a5127c0858b4108,0.00021625128399199871
Source,02b351712b80e81597b87742eddf35c47b6d1ec5b67b3419b584785b5d55aa879f,0.00021625128399199871
Source,02cc09fc6a0c77ca2f8bca1de6c8c13f6854745832155d40f6a775b552aad5127a,0.00021625128399199871
Source,02d2451ad77976b304c8f6c591ed635b62946846feead72da9b81b550f61019858,0.00021625128399199871
Source,02f7912be4665093ec0cf0507f24a27ac57c3dca1f9e8697f5b5439ae68a242f74,0.00021625128399199871
Source,02ff46f501625017c64d7fb1d50467e965f81ce260b97151e752c3a3eb8335662d,0.00021625128399199871
Source,0310db813c1fbe28bce8e57b4115b491a16cc660f81f6cae53051ed12b36164307,0.00021625128399199871
Source,03424eb6f238b2bf29819252fe84b7d0fbc26161f21245a3b487de30f9f7298f0c,0.00016218846299399903
Source,035aacdbbe6f121742f23325cba919053c5d985d35ef1ebaf267c3ba012068f0db,0.00021625128399199871
Source,03937df88da3a5c4d0334f6de204844e0239b79fa15636a1b3e71b070ab4fe3f87,0.00021625128399199871
Source,039f83de32e5273e7e92342ce10e04bd36062f6eac1d140898b1753a5d876d343e,0.00021625128399199871
Source,03ba48998b0e42593460b49da7463233f155717be51f71925f80207c3bffe62f86,0.00021625128399199871
Source,03cc3ce8e15751ed1cf1c85d7920a3be45179067885de36ad14298916078532403,0.00021625128399199871
Source,03e71fdbd8d066f10d88556f7d7060020bcb2a9a787dc80a905d18dd7a4260dc38,0.00021625128399199871
Source,03eb407a7b56ff1227dcbd2745067e267cc5b944f1cb4bc2e18ebd42540f915461,0.00021625128399199871
Source,03ecb3ee55ba6324d40bea174de096dc9134cb35d990235723b37ae9b5c49f4f53,0.00021625128399199871
Source,0221112da0a50e95c4a781311897316d4fb3c26975fdd61b0c173171f496f1ac2a,0.00027031410498999837
Source,023b91f29eeea2b700944f2da3adc0213d1804d082567215060093ee0b3ecc49a2,0.00021625128399199871
Source,0272e5a558b7bc9fa1f7e0cd42b6b237bbfdca71baf3300707b9562efed46ec488,0.00027031410498999837
Source,027e88f660b8e92bdcadd9699d79deaee5c8404e5276ca6aed0400628e5b07c71a,0.00027031410498999837
Source,027f7d7553453d27a715ef0805d4508a37097ddd6722f48879676281619de45b11,0.00027031410498999837
Source,02958c403ec55d2281280afd4a4e564e63a04bf4c84b9cbb8d589f0b1683bc91c6,0.00021625128399199871
Source,02977d1f5235b37ed63497e6bc3c165e4e70583eea6d967d0fff8cddc96286e7bc,0.00021625128399199871
Source,029859bb9d3cde023d43b306f688f02bf821f91790a9fa65f7ff5eb9278074eec9,0.00021625128399199871
Source,02a24b7e95a9a45f4a02dd397a2828544c8e22c631792749bcfa819e55fef1d6ee,0.00027031410498999837
Source,02b98a259e0602a526d2d3387efef02bf7b7348929575218aba4d467b3706272fa,0.00027031410498999837
Source,02ef655eb454898118c559fb3f118b3851639853374e8daa5b72295385c8a66a94,0.00027031410498999837
Source,031ea21746533ea517e0b78bdf40e32ea49b41e551847ea427f0ec05d2a5440837,0.00027031410498999837
Source,033f09f5ae51c101debed97a7a7317fc5e91a2041bf9ee17079856c2d4005872e1,0.00021625128399199871
Source,034a5e6f338b42759be97a3e45b0f9cc487a3bb279e6990bdc7ad79379598f58d0,0.00027031410498999837
Source,0358deae26e63acfb3000f83074f6359f2a3de0699cc672d09470ac349d8e6cd2a,0.00027031410498999837
Source,0365fec18b0b649b15b16d96e8f2d0645b2c1fcb4b1d8727773334c4ed8b4779df,0.00027031410498999837
Source,036c831d191f9bc7303bdcb26d68c0c0ed07e53398cd6de50e2c6320d23ec8cfb2,0.00021625128399199871
Source,038f64829991b5b85acff3d882e1a8a6b01f2bf36bb563dc43aac25c846c4734b7,0.00027031410498999837
Source,03aaab87d0b9d592bab4b0bb63d2c2b7dff0d889769d90dd656e1f78ffbde77a21,0.00027031410498999837
Source,03b251cb7b354d330df8a1a6694e835f4fb47355dae53c0b11d0902ba6644275df,0.00021625128399199871
Source,03e0a9226f731af0d863ab49f6c170013321eb1919599215640766a17687e51da7,0.00016218846299399903
Source,0203285cff3072ad8e042f1e2dd963dbff8e1ab26a9b6863bb9ab12ea4507a1e2a,0.00021625128399199871
Source,021013473124b6152f3f9cdb153487838c8b625fe818ff1f4635b44c3b706581b1,0.00021625128399199871
Source,021c2e0336982ce9542549280e3989ad732d4e6ae1302b81950df03ee8e99ea05f,0.00027031410498999837
Source,021c955b5184e606a831e32f05a3231f219d1ba409ee9bc969d71d73e582e5a631,0.00016218846299399903
Source,021d270e374cb040ffffa0ca82f329a0b674ed8dc9d25df980f6acf1c14fc28f1d,0.00021625128399199871
Source,021dd78b685a6cd68a0919cea859662e73ec9c0c270e1f12a56b75b9bc623683d2,0.00021625128399199871
Source,02234c3148e84ba117d69762deb3edb76c793b80d8358fe0a4c97833a58ed2dfd3,0.00016218846299399903
Source,0228b9e146a85193191b0f7b01198058d47aafb226042d6c4a393173fc1cdd39c1,0.00027031410498999837
Source,022b41d52235474105ff8a0e393b0e9fea4b999a55056012aa8f3b3b9ba82f9716,0.00021625128399199871
Source,022c0e2a1c0a99a7460fc90ea3ab398209c1c1447ffd959799881fe742840c205b,0.00021625128399199871
Source,022d5a1465449f41d1348ff60d0d054c4ab1f6bb2c5fa73b4a21286f054293fe90,0.00027031410498999837
Source,0230a2a7088d716b905be96dab1318f36be58e8da5e89959bb8616308ffbaa8404,0.00016218846299399903
Source,023bc525f65d2f28f3f63d9369b22184d9fc48986b4635ff39e660e926580d0b4a,0.00021625128399199871
Source,023cdf0a7e99dea7a8eed3e4985dab23c0119c5051afbc8e0b676be1ae204500fd,0.00021625128399199871
Source,02432210f1b3940d8af701c2f2fb4058a4ab93b11150d35c4c4164fbd0b454ff51,0.00021625128399199871
Source,02441a7167038db734674bb5bd8f1de30c1351021b59a79776cc3f640ce8c6f720,0.00027031410498999837
Source,02448b7e3f73fd9b0de7d13ab74d77e732bf7c4a1a4f1962063aca440d32356bdb,0.00021625128399199871
Source,0245437e7537080fe4a7844eb09f75937dfa496d20c4a2fada861e8b36debaf773,0.00021625128399199871
Source,0247b3869ac6fb6fbfafb3ad22a84f07a9b3dff476f333eb50d2fa47bfa5c49afc,0.00027031410498999837
Source,0247e54eaa2af722fcd7cfb162bab948d5e2960784e1fb0ec9ab99ce6b2bf104fa,0.00021625128399199871
Source,0248d46e58a4bb3fa0ebab403e22fc72c88445fb02e35aad89e46974e34b0c69b4,0.00021625128399199871
Source,024986bfb5f3811fdc150a75e1481dcde0c104420cf8ad0855091d6892bbbd2796,0.00027031410498999837
Source,024afac82b72aeea9736612596405fa0cc0a78f1dd7cc88c9a52f56fb1d5c94da3,0.00021625128399199871
Source,02525521f2287f7698b962592d55451845273246b82c4df02e1fc1af54266acb88,0.00021625128399199871
Source,02536934a44cf15c51a0b2e0d0b727ba1167db4d335a5a220a35852320bfd4c0b6,0.00021625128399199871
Source,025433308b00780850252c97dadea732697b85687d8062b898285026ef742ea232,0.00021625128399199871
Source,0257ccc19362bac5a12fbf4065022b76961ca26561398b82e77964cb0954047b51,0.00021625128399199871
Source,0261d3dc85c0f9f378e0a0712421c66c49f6f9763c9c1758652c6f4565fb9c81cf,0.00021625128399199871
Source,026205555deb792f2f8315ccbb19868fea4eaa06d320427b577dce9c5441677d7b,0.00016218846299399903
Source,0263139905d2d5bb8bc6741065b1a16521a0a6750c5a3bbe333ff6e65c6b31643d,0.00021625128399199871
Source,027389bfba6b20682c009436e84dbea7f484efa52c8b3a2b8087552d1cc7fddbdf,0.00021625128399199871
Source,0274733d17512f945a7fded6fd511e3971620c32c6186ea9b0cb753958a4382d14,0.00021625128399199871
Source,0277553efa01b7d3b99cc885c4b42f09dfdc76539cb1e5dd40d1c13878dcfbbc3b,0.00021625128399199871
Source,02775fa86a65cee7d22e27bdc9a8a963d58705246f29ec200b97102c8106b4f4b8,0.00021625128399199871
Source,0277afc3b043f61c3e13e7e1a51cd7c11a6d3d83f8266507a3e3a34c950bfc7ab3,0.00021625128399199871
Source,0278245750e0e21ee9d71eaa00b53320c03283c7189c91c472e522d42c3e0c525e,0.00021625128399199871
Source,0279eb503225c4157e5228b49b3c74d574d9a75a48da78e67af45a6a795859cb14,0.00021625128399199871
Source,027b1bca594f60db9322ac40d9c7c7ce8022dcd14235332e2d4ba9dfe0ddbb49e9,0.00021625128399199871
Source,027b62aa37c3c76c3e1c56a830ab4d38308a04af466132fc99b0468a16de37ad23,0.00021625128399199871
Source,0282a02b7b778b10f168c4efea85c4ab4ea484bc4d60a9140dcb0c41799177a802,0.00021625128399199871
Source,0285fb02fbd9abf66e4052bb8683f615881aebb0b0d00b157bc42aca9b71c8d52e,0.00021625128399199871
Source,0288102facc21074cebbc0a690409af9deeab737407db7bb21f61ff42b161ecfef,0.00021625128399199871
Source,0289bcc234ca13160eff14214912e4dc7bfc1529cb4ea2c7c71c9ae4848cbc3342,0.00021625128399199871
Source,028d606259b4b2abe35eefab59c818afa1d47ee37c6f3581547bb5dc8edc93a53e,0.00021625128399199871
Source,0291ee6e6c56c6c5d26973084adfc519192efc0f23fe814f319733e2f7d90461ff,0.00021625128399199871
Source,029909235d003b0d15f16d4de2adb937639e78ff1d11a59a18f23ca1c26cba53a8,0.00021625128399199871
Source,029a6b5c59e3d361398b3b382ddd822a65fec534b45fa0d4576042574c767cf99f,0.00021625128399199871
Source,029d871293231607a51fc666f59eff109d20ca6dd2324431ac4eeeb40d2bfaa912,0.00021625128399199871
Source,029ffb123a2e686aa5eb2b57637ebba570762a9d1a2fed734abb45b9a178a39280,0.00021625128399199871
Source,02a5d937fd2328e1a48fd56769ab6ea810fa9c67bfac233f0ac864494b5442d483,0.00027031410498999837
Source,02a67c2adf6bb7a93fba01897f7f1462721865d7c152df03cdfdd97f0409414c70,0.00021625128399199871
Source,02ac523c8e17a47e5dc126be3453b8ee3b7d9be95fe2dcabbf5bd4c8f856078402,0.00021625128399199871
Source,02af88d74e956f88f662673cee4a43479cb09051a6ef756f41b793f334afe5b2ea,0.00021625128399199871
Source,02b793cb09a07d86a3d506d47f333a1df8baa988174038ab7ba1093231a390b0cd,0.00027031410498999837
Source,02bccbde48aad83dbdf5f6f00c197bd2f4f11aff1224756f9c4669df7ac962d9ae,0.00021625128399199871
Source,02be4b16abbb9d27c91ea9caea9b54b9934a442336d0d23b260c6ae1a610bd121d,0.00021625128399199871
Source,02d0058d861e8c3dd7ede033b0368d6bca47fc8f8d3f44e13eb96ac45c2ffe581f,0.00021625128399199871
Source,02d249c1535670475bd8bd6be2dbe51d671a78a6971ae0c00953fee8ec29497711,0.00021625128399199871
Source,02d63f85785a88a057e1d75e6f6d94baf3f9a50e24ce2f0f054898e9fd185c3e8d,0.00021625128399199871
Source,02d7dae1c8663ddab35f8fb063ea495c4a4e2d1dca1977aff9899410320962672d,0.00021625128399199871
Source,02db394e717b75570e01ec92e14f03aac93437a9abad7eb0d08893b97494c1fb34,0.00021625128399199871
Source,02e3c3479923628aa40b34f6c0a12e7d1a151796951eb790b5fa5a7a9c8923206f,0.00021625128399199871
Source,02e4768d6c3f6f0767d67fc7370a9ee18c82cdcadd07daa19d91e86005bcc7ab75,0.00021625128399199871
Source,02e8984b99413d9bf3320376e83db130e85ca50c0b5f75478fce147c15dd223ba2,0.00021625128399199871
Source,02e8f53da4a885176eae566aa7008d0f231b09dc432a3268cf3cafbf5334c1167d,0.00027031410498999837
Source,02e92071f8e3dc0daeccc78dd613591cd3cb51084edce5e349312a05d9c6aec171,0.00021625128399199871
Source,02ea9f3533a42182eeff78eb67508cb0763bb16f125faccd8aef34b9065e1aae38,0.00016218846299399903
Source,02edd739d5d9248c2c1ef6f568c90e9b58a6a9464eef50eda3c0471971fb85348d,0.00016218846299399903
Source,02f2e43e1ebd351db0f456915acdc8259881bcbecf60df6584b8df7fc4499d59b7,0.00021625128399199871
Source,02f6d241c7f6b77b408d15d8d0b744dac71ee5d9bd5552aa6e706d96b4f0c929f1,0.00021625128399199871
Source,02f802a1f8b244afc7ef6d006729f1044272817a9bfcfef803208fdd9b4d0c7e74,0.00021625128399199871
Source,0308dfb3daee58351b4cbfca4b7e23b0ec0fb4fc4226eb001167db3fd6b566cc1a,0.00021625128399199871
Source,0312a268abc3506f0ec0490dc8b3f62ea3286cfa9a3f43929cddc61094a1e972ae,0.00021625128399199871
Source,031371bfd9e935c86bf5fe814d8e6cbc8efe50a46d711f75837a32e35b66494153,0.00016218846299399903
Source,0313c71d24971e2faffa080753f1998e9462ef3ca8da409aa4b1e8e2d8f293b55b,0.00021625128399199871
Source,031c728f19773e486d23544bdf354011475bb586488544e125c218b221b86bd15d,0.00021625128399199871
Source,031cc263798261e5f43312a7e6b07e7f78b3ad72b838666ab6541ad394be9bde73,0.00021625128399199871
Source,031d8ff96e256155ac7351c21a9b47e05b0582dbcf3a2a7db766b6a9da273bb9d2,0.00021625128399199871
Source,0329d096c7574676082e2fccccd3d401bacfa742c644e4452e797f43d9812c9362,0.00021625128399199871
Source,032c52b2aef1a1a42cb32bdeed43c445b7e026bbbe91a5d74b0d75c5de3ef11ce1,0.00021625128399199871
Source,0330c626e7bb1413379cee94f3dec312f02615594864a54652238ba592b9425018,0.00021625128399199871
Source,0330e5ea709e9c1f3b2f8c3cdb8ce254106ea6b8c3875b68235a510f77f9ad06bf,0.00021625128399199871
Source,033a00b409f26a9aa827a26ab825195439bb2baa6a2df2ce1b8d3dce1f5cd70a3e,0.00021625128399199871
Source,033a364862775e16d813b0dc41fe7c4434b86115e8464de7fab988d0d1e8cab47d,0.00021625128399199871
Source,033b94e6b9567b34442deedc276034ee13de2fafc036d709b42fabdf6c0b280736,0.00021625128399199871
Source,03452d1cd5a1a02bd7aa74cbb488b92611b74a66e45c3ec90a8c5b0ac0667734a1,0.00021625128399199871
Source,035156c8df56832cfa012c5fee037c954521169074f3165d68403e8ee2f9036f35,0.00016218846299399903
Source,0358585104ed3cc78644e3aa62ea6e1a9fe09f42f16b3f3d72b56b175a3298581e,0.00021625128399199871
Source,03626ee469931a07622adbb8657043e05d656f7c91565bb9ecd92271c71d6ca1d3,0.00027031410498999837
Source,0369c289be9f3ba233901795265faa76031f2a05d06088c919a8e102facd0023f8,0.00021625128399199871
Source,036b244fde77c949ec89da837454dc75a88d5cf98b2eb2561a271cbe6f036accc8,0.00021625128399199871
Source,0372322aeda8c29d4afc3285bc2f1dbc59db0e8e73cd8dbc2941d89512baefc132,0.00021625128399199871
Source,03737ff14ccd4f7dcc8e18c9a3b3137f9363b9382ae3244cb9519fdc14c8106109,0.00021625128399199871
Source,037f133563c4123d6807abdcc802125dac2e022c5ed3d2a48fddb0ea830cfe5d50,0.00021625128399199871
Source,0380f50db3a2c1199f67715da4028ea2dfc154adfaf3163e14fadad1a5efc34e7b,0.00027031410498999837
Source,0386322180eee7186e535b1ab68723f23c10f276a170bef6164c2fabf9fa82df60,0.00016218846299399903
Source,038abfbedf8adca86399fb717a2d7f535ba2eca4d1a2ad54639ff1f4a488b8f8b7,0.00021625128399199871
Source,039aa5145890ebe7e4f946d6cf646a222bd84b71176504bc0194712aa79ef49b18,0.00021625128399199871
Source,039e6ff1ce27041c597ab1092446573a2778335d0095c80264dbec86607919f255,0.00016218846299399903
Source,039ecb633664d6fa8a58ee0ab5f11f38b0f0a0a34897e4c6fef4de691485c41407,0.00016218846299399903
Source,039f6051d57375d36a9090736f1501c053a1967c1b37e74ee75fa910fb7b3a846d,0.00021625128399199871
Source,03a62ac46c4df65142ceb38bb2a3747d776bdcbe6d04671069c4431ed8397984a4,0.00021625128399199871
Source,03aa55b35f222453a882f26d52566f21653a6c2f500c019b8f9cdd45c298722e8f,0.00021625128399199871
Source,03aab463365767af8aae383a20c3c62f49d76eefd100baaa5690f570dfe0da14de,0.00021625128399199871
Source,03b068fbb4770e3c24789e09d36104eba4994f1a37fb39cb91816947cb0db4631d,0.00021625128399199871
Source,03b0c9257250a53234cd63db3254cc1b44d33d1516b2dd068cb706d5e1acb20676,0.00016218846299399903
Source,03b3f0d08949f1d97fa3d6262df1753ba66d69a67dd76f8f1aca2966d1f21ccb4d,0.00021625128399199871
Source,03b4fba66037e24856f8a6cd724206143574cbe1b17d521158632d031f0ea16ad6,0.00021625128399199871
Source,03b7b335a927f7333fbc7acbfd1a7e070d19e8ec597d2c1551bdd7d7394c38c7da,0.00021625128399199871
Source,03b9b5aceedb9db2ce605649fd798a11261a445e05ecc8c8f3338f811642e4f1e2,0.00021625128399199871
Source,03bf84b204e652450ebc20758e283ab2c9585e8614d527961e71fc668140fe7841,0.00021625128399199871
Source,03bfe5128bb16ec6e9fe21eb33fbacf70deb80b15dd7ca275a0728bc5ae7ecd3ba,0.00027031410498999837
Source,03c49291c2d5a42131fb1ddca367d7fa29168baa549cdb84ff84452a23b55f2b47,0.00021625128399199871
Source,03c866edc5c6ea3b8e57f731872b076e5a23240702615e44f721cf4b3a6d34714a,0.00021625128399199871
Source,03d3cb49d204329eadb56d2ba0cb4129c3720140ca2e4bf302b84bd7e612f4503c,0.00016218846299399903
Source,03d983294450c4faa900311655ac9a2c126515c5fe092be61d1f0ff00d1a167ccb,0.00021625128399199871
Source,03da555f4473d308d23f1c993cc0812f2e23ee27397856e2bf05a8ad90162d0ad2,0.00021625128399199871
Source,03dfc9ccc57869f47b3869ab3273547c4a3a4d8bc78b2ebaa0d4aa917515ef6442,0.00016218846299399903
Source,03e67c2a899ddefabcfe92c92ceae1669f76b1c25b277412cd154b6e715f61b9c7,0.00027031410498999837
Source,03e7fc04951b32c95459f6097c3dffbb2f7314d6cfdb8cd81f2df3e65a04689d8b,0.00021625128399199871
Source,03f30f9a537ce8691b3674dbdf180001fafa15123f82d1075a3ded51ddb622120b,0.00016218846299399903
Source,03f3d5144e539fbb79618603d787b901fff655de468b95887ec54ded77933c0bd3,0.00021625128399199871
Source,03f40415ca4354aa2b06cd475d7eae4614ca705615cf8d98c0591396151ba1531e,0.00021625128399199871
Source,03f527819229a4345d3bd80d30eac8c067d512ef19bccca6a8b38d75e88b96965c,0.00027031410498999837
Source,03f73c529f4f6e8dd974946f44c318b84e8018a74bbb28599bf9c819f1e87759d9,0.00021625128399199871
Source,03f9bf1cd6c76303f58efef697fc54e87731fc533503dae65d45e0951d93550c17,0.00021625128399199871
Source,03fb6aeea74945da9b729221a99e4dd1d725e2547167de12b6f1848b34bc5f1301,0.00016218846299399903
Source,03fecf0d0ca62b0a10f38a5e5529ce74a2188cf1dfe2464c20a2c216529de22389,0.00016218846299399903
Source,020463cc0708ab01819946530f5fd88e5975904387c5a3483181e1bd821086e3ff,0.00021625128399199871
Source,020f555b633c267a7c79beb44577aad3394d82d8febf18bfdd82d837a5f5591e88,0.00021625128399199871
Source,0214b1f6b48998b9eb19d8a756af39a027202cecfe608450109465bbccf3bb74ed,0.00021625128399199871
Source,025c644f64160761662483c24aedba90f47f81f74292c7678640cf688a4223caeb,0.00021625128399199871
Source,027aacfeeaa24fa5580324ae3803577f47a8dd8f43344dfc306991fae6e399bdab,0.00021625128399199871
Source,02841286ba5314ac9a4a29eb8d558b30fec348f22e22351ff8896288dede68e6a7,0.00021625128399199871
Source,0294e7e59ce4b28b77cfeb3d06588efcf70477894af2ff36bc0fbb78743ca7b043,0.00021625128399199871
Source,029cfab8d2e0924479fde4c1515b1bcc4162b716c8629a8f624958d8de099af7e2,0.00021625128399199871
Source,02a446876eafbbdaa96e768af73ecc77988f245c298727ae60313d7e3e420bde4e,0.00021625128399199871
Source,02da144507ef75070d4960c0141785e82b8267fcfdb9a29bfd490b787ddd084d0b,0.00021625128399199871
Source,02e9ef2db53636ab4e610be8894c158c052e0aadd060345fc325b917be58b9fec2,0.00021625128399199871
Source,02f34c4d491da2bc4cd070d35ee39aa6cd8ae91ebd24f2033708194a4e6d3bd801,0.00021625128399199871
Source,02f7b2d2066450faea68d9760ad313297cf4c05cf7cf43c306925668717ba9ff46,0.00021625128399199871
Source,02fbbfb6fd70d4555f8d186fa68913e52d9f866f700eb0d09cf3fd4d2245903416,0.00021625128399199871
Source,030d8457f7c7f2a5d87faf538b0b85760556154b46d178a2d8fffa94b81a9cdb3f,0.00016218846299399903
Source,031553e9308e9cffd3dfbd4069fa9d561ec4c0ae6bc658c696f1137d62ff77a619,0.00021625128399199871
Source,032261d6ec5fb578919e2455f2061d27bd93df57b26d78cdf7bad38f1368d0531b,0.00021625128399199871
Source,0369a6185476b5d0372f526bc99d7614ff83fc0bfb11821b6e3c978ee64bcc865c,0.00021625128399199871
Source,0379ead124a35685d2f1509f7e4f55070ca36649deae61b2981d1940c768f21c0a,0.00021625128399199871
Source,0388ef03377c2d5e79e9b39f96efb4514ffa5cc23fdb7e4c6d8c156fe09a65c879,0.00021625128399199871
Source,03b6bf295e50185869fff2c255f09c6a78ca8b1e913f2a2ba389c8c54b119a3685,0.00021625128399199871
Source,03c0d3ae9a17168f1241168ce955795fb7e35bc1138ae37b43492190e0720e27a5,0.00021625128399199871
Source,03c11d60b92ab00687b6cfcbaf7e34341e5640149db7d753f2155edf198c481620,0.00021625128399199871
Source,03cd41d0064852d565d533af4274a83c0d1962aaf966c8adf87ed6e0ebeecb38c3,0.00016218846299399903
Source,03f95df083b88ba2b9a3ed875111c37b0ba55998740487c65d54baca35e5bf683e,0.00021625128399199871
Source,03fe8461ebc025880b58021c540e0b7782bb2bcdc99da9822f5c6d2184a59b8f69,0.00016218846299399903
Source,02356bca6f6bf2da33eb01e4b754a9fc575552e87cfd765893b79f83983fead301,0.00021625128399199871
Source,028215ef9db21081760efd9d83f7533ea8093460b5bd2ea9183a712905aa111368,0.00027031410498999837
Source,02bcb5b2b9cb67000f69763699adc64176bfd22b32c755a1350e34fe4f7f916878,0.00021625128399199871
Source,02ccc38f963ad547bd6e9b2476f00f86443bd22889a590df6f64a0eefbf10f1f7f,0.00027031410498999837
Source,02df3c43e812296e26bd7ac4fb27d96be8b8aaed661960c210220fe78a2a170b6e,0.00021625128399199871
Source,03005469048da41f7415f463c01f7656379ba042e9316e40a42008d4db8a4cd2b0,0.00021625128399199871
Source,031f248d25e0ef7f7f768df6b7ba90d7a39d5ee6c36dd09aab0808c9eff9a36d39,0.00027031410498999837
Source,0362d6fed9caaa884c6141e030fbe44ab028397e66356662389d4ba10d9f98675b,0.00027031410498999837
Source,03832a0e6d0f8e07a1d1b80804c4bc6f20a47009e36905ac90875994ff8b740423,0.00027031410498999837
Source,038d4ad4f41080f81352ed3fc8f5a5a021731dae82a443b8cdc07651d5ac7cbb40,0.00021625128399199871
Source,03b84beea374b189c9960ba888c966bc9aedf0da0bc0c058bc0f5bdefd6f881156,0.00021625128399199871
Source,03c902cfb941b0f6f002f6f9f6b199146ee5d00de980774baa5877776c0f055492,0.00021625128399199871
Source,03cafe999594d717853283daa3bf0dcf7193ff19b2a3cefd801e01b63fafe27d11,0.00027031410498999837
Source,0289b70b52a04e951446674bedb571336295a2890ca0079639ebc067076277d571,0.00021625128399199871
Source,02a8911ee0c36aa222b2b1c11127f327bac28c2424eef80dc77a5d350b40e6e1aa,0.00010812564199599936
Source,02d2e1b94cc1a38c715e50ee952f41487051b8652c93e63d12c6c4652e99932b5e,0.00027031410498999837
Source,0325de5af4666d0ceee17c805817d02159fb2bc67f84c333372183b037294ffb2c,0.00021625128399199871
Source,035c8f2bed7bf840871e64aec45489a3ce28bba92269ee81c021e38de31801d6ec,0.00027031410498999837
Source,03a7667cf5832af24a43c4ee9b5b82d732db120af57b357c44ae0d41473e6f2d05,0.00027031410498999837
Source,03d337fbdceefe898eb4a79ab50c21286ed9fe2c7c3fd4a8653ea22ea1e5848a2f,0.00027031410498999837
Source,02069f270b69c81e9a3df61072ce6213583c7aa4824ae4ed22d4f169194a5cd8ed,0.00021625128399199871
Source,020bb0492f582891f8dbe6be8f6a9bbdc1391fe0356007e9d2b1d8b91b1e42eccc,0.00021625128399199871
Source,020e487f2713366b5314772c66ffdec30ec3ff013d604a5c17cd7f5ef2b46a592b,0.00021625128399199871
Source,021750af59f78e55d1619ad1b8575d795791b12c213f91e625971f8c6fd368c69b,0.00021625128399199871
Source,02188e52b62dd37d6a7a539c36f2702f2b585897a7048f25962d4b8bed049ed9ee,0.00021625128399199871
Source,021ee8a7919e75e3b484314aaf495ce47fe916c004013cc99b39e5dc8d8c64b678,0.00021625128399199871
Source,0229d3fb1e15f4d82f57526f1a7a8e5f95075cd73284c267d81f97f82d57b9570c,0.00021625128399199871
Source,022df3659d511f156e3ee91ef608a095ce3399234d374c7105356a36a904469372,0.00021625128399199871
Source,023345274dd80a01c0e80ec48928188783f9bc5281be8f5057c050492f10711a5b,0.00021625128399199871
Source,02462f4b472f08519231aeda567422ec8d9654609ee76892d4418c29352a79178d,0.00016218846299399903
Source,0249ed1e5e83195c3c77c42e942ed2246f6f140ce569be8d6c13bfc481ee35341d,0.00021625128399199871
Source,024abb55f6b2c8c99e052cddc2ac3560596a7386ec44e33269108f1b7ead7da6ee,0.00021625128399199871
Source,024cc6e286cff0998270fc57e54e82495225e487dcbeaf7e6fb8c738e012b5f209,0.00021625128399199871
Source,02505b6ea32f9c3f941f9938f120a67b702eb60fe7fddde0a16c9a0bdc31d72b17,0.00021625128399199871
Source,025346e84f1343ce9c54dc875424badef63f5b4d63d9e935f2d9b0ac212239bccc,0.00021625128399199871
Source,025dcd49598a17b9c8344c47da766e919e5034e286749fdbb3336c499386a60795,0.00021625128399199871
Source,026433e9a9ed0d87f6b61ff94a9c5b8233cdd4c6bef6d99479b2618861076cf4f4,0.00021625128399199871
Source,026949fba22fd3bd720ed9315d3cd509ecb22cf153a1808747c30b446bf65c9579,0.00021625128399199871
Source,026b40c0bcf84bae274868ba643b0a640eefd7da2512a0f912b56157b37af20cb7,0.00021625128399199871
Source,0272abf73d9acf4cffe7f3d3bd35ede5511ed551951487959dfe87405cccd84d4f,0.00021625128399199871
Source,027a0552a57660b8bc05ce52e6c39310679b74a04b1a6609003a8ccda9ec82a463,0.00021625128399199871
Source,027c093f1cca968f33e177380303cf140d96519a1ed602d507b485afdc930f9e6c,0.00016218846299399903
Source,027d68f88e5f8125660f314df1039bd75adf40aae250d059255c4c2b26c86a727e,0.00021625128399199871
Source,02850b902901730275f4520a3305479911ffbc0105fb49cb2a67dd5d45e305f3f5,0.00021625128399199871
Source,0289e063e558e87cd22f0bc84d6b71adc03dfa8be74ae415ace9e1048412a20923,0.00021625128399199871
Source,028b310e4423acd6af4d3e1b0e14dc397ed771800069730f038c07ce66cf9870fc,0.00021625128399199871
Source,028f7ef05453b59bb74d449c637554393f78de10dd058361e5cbcbbd5fc13ada1f,0.00021625128399199871
Source,0291d42f080123aae36e8fea06b4af45e845429f1176674764ce2120e26182628e,0.00021625128399199871
Source,0297f5b7755e43189a052c4c8008006438b86c0e9f42083dad56a2a8e1c91e5aaa,0.00021625128399199871
Source,02a0cbab2e273c3e72004d115f1be107b47e548b0969cbe40fc3e8bf6c7bc45991,0.00021625128399199871
Source,02a4b71c4ef7785533c26b581285fc8145ae44d71e22392356ba7d0e6fa1977622,0.00021625128399199871
Source,02a619f265cde5eb77f3cb4e3158a8340a7ce4184a39c42e3a32893f53e2e3f82b,0.00016218846299399903
Source,02afe83ec91597a3ec39cd0aaa63aaa86af1fae821435b88c2d6edb7c46d53114d,0.00021625128399199871
Source,02b1603b45c2db8bdaf24961a78b1b149ce6aff992fb1be3eceabdb27b92971555,0.00021625128399199871
Source,02b20c3217e78356d98a1891b045bfb5ce9972cc0a635aed4340da0b474beb084f,0.00021625128399199871
Source,02b374e040545f1da1a6061959de2676837c458866681ad9e38bf87943239dd841,0.00021625128399199871
Source,02b941b5fc941d53e828535b18eeb9f3549c07cbc35748da2733786d63f0eb76fa,0.00021625128399199871
Source,02baefa3f0346dec11b6fab292ec8ed9aa41886647c4c47710a719fa1af6ae1e6a,0.00021625128399199871
Source,02bc6b7c38d9eadba9e7540f12faa10b7e3d7b40cd6046eaf9945317057dd18ec5,0.00021625128399199871
Source,02bd5385fa21d5e6228151511ba7751c05efe60b14edaac900f8ad0b690f670637,0.00021625128399199871
Source,02bd95531d66a13f7a40305479f64d4a469e843d6e3d2674af9525d65a0425a993,0.00021625128399199871
Source,02c0a6e4f7e6d01edc5aa14f5445cd8c87c478ad1c72fcb8b594d4989cc2a1fa9e,0.00021625128399199871
Source,02cbc036f85c74f26edf19f5a8513a96d162282ab68aa62cee47439a553519ddd5,0.00021625128399199871
Source,02d5f9ae591665abb35ab0d99ec52368163e20b4ad3b3e2489a4602885ca492196,0.00016218846299399903
Source,02dae01512c3bb0050ce342d676b7d40431f003ab7489314239f2f3e60b5924997,0.00021625128399199871
Source,02e38bf8fd2009efbe39332ea633736d7b037b04081823c40b8f3bb2d95e528782,0.00021625128399199871
Source,02e3a0ad3b1e7ff56adc15d78f0d202cb881095c5323b183c1d7598dbeb726d11c,0.00021625128399199871
Source,02e4dd56b394e9b79e967b442f4afb08a835b69d2c48e28051cc61c3c4bd20af30,0.00021625128399199871
Source,02e76d5b06f457449d2da923fc2107ff6d6a144d436045027dd1974dc27bc1fb99,0.00010812564199599936
Source,02ea79f92b2f6f6a3d6270bafb5cd91c8052e816d96670d58b8cdc64588fb0a830,0.00021625128399199871
Source,02eb0d3f1aba6e900441a0f73adfeeeb503259bb12aa0d7ea32008a11ea9fb3e66,0.00021625128399199871
Source,031276d9f9639f99aed70f5c9ed5a5d8e325f41cb416857db713b382be15bd362c,0.00021625128399199871
Source,0312c5a16a7e81aeb18332295f78d9cd8f6c4264e9e524bcda3a43ce8a7a53bcd9,0.00021625128399199871
Source,0313456569c9c5ab248fd90be05a5e5a35889300aefe211bf4621da32ddd434635,0.00021625128399199871
Source,0313c12d113471a820c86ec0d1d3dbb7fa5fbd72f1be4a7372bc636fe7f10c3b52,0.00021625128399199871
Source,031ef08ca5f362ec288f519a09423301c55152fb21a1cbae8c159dd9dbf04dfad6,0.00021625128399199871
Source,032306da32c9631c824674e031172e70324b68779f981083511250dccffc1ad2e8,0.00021625128399199871
Source,03285911797a89b07aebff9b13ebf0b3755073d055f1d14e5b6537ec3398ae4ff3,0.00021625128399199871
Source,032a189ce02670284436e388ae03f0f4da1a1a04c78af30570f3997232b50cfa7b,0.00021625128399199871
Source,03314251c282845d791f5fda1ca767c2bfaf742897855420e88a77b5783b5f0612,0.00021625128399199871
Source,03316784cfff9e3dec99e1a2670cfb70982f015b5bc294efada656c85644496263,0.00021625128399199871
Source,0344e505b6c02d91ee98856015fbc82854968802be56264628c5f19b3a058e474e,0.00021625128399199871
Source,034ac84523c9d05d3e9607bd5eaf1a49b4a844d8b604101085ae426ffae39cf8ef,0.00021625128399199871
Source,03579ad0263743adef4ebbb56d26efa612fea8806cabbfcb8a1480b6db33887bae,0.00021625128399199871
Source,035b28b65f232dff16c6acaf98260dac82d15eec73f067c35e7af699bde1277199,0.00021625128399199871
Source,036b7ad803b5ba34a3eb39ef501ce1aeb700084c4cf11ba64ca57654eddcb4ecda,0.00021625128399199871
Source,036c2b62810edcfe761679c772eddc3925c1fccc813431c1dff2795abc50f4e170,0.00021625128399199871
Source,036cffc30e246aacb3148dbcde916edc9748c9c60363a192ea69208525ed60f204,0.00021625128399199871
Source,03727ea911f483664bd50d082ded7253005ad0bac91e47796d09ee7f284a740fe1,0.00021625128399199871
Source,0374179c7e71c0b221b1eda61de0b63c60f45ee978279c15175668aaa34e149977,0.00021625128399199871
Source,03765513ab9c9966b6b0a1e54e64152ad999ed86cec2da786ee20c535a1d03dfdd,0.00021625128399199871
Source,037d1aad2b64bff8d0bda9ee6c9b5de9f5e84961e1ebb6e6868403e1c3ce146b92,0.00021625128399199871
Source,0380b65bce82534065af0847bd52c8ece247774d875c6955c2972ec43a5e91a92c,0.00021625128399199871
Source,038dc10b88596daed7dffb23316b605a0a872448da3cadd623997513b6e4e29df3,0.00021625128399199871
Source,038e806f399b2c5e39408c77d8c5d0396edaaa2d1f9f13bb80825817e772ca75ff,0.00021625128399199871
Source,0391c286244e97a22e90f50d4dded97365a01add3a8ea26ff361ad7aa9e2a0947c,0.00021625128399199871
Source,039788018dc887f88a97e24730fb03b8d31ee7a7889af36ef0bd866b6ca3bce362,0.00021625128399199871
Source,039ac7c1536c2441cf42c9964d2614984cbc99f7ffb474e9affb451af8210a9c6f,0.00021625128399199871
Source,03a6eb1774c41a1fd77590c8aa6c2e8c5c0a764277499645b61cc1220f4f9c900c,0.00021625128399199871
Source,03a7d1b00d90bad3ae2d7bc4599326a60d287e509b6106a9728a763d0640d624fb,0.00021625128399199871
Source,03a87ca8bf5515b77197a3ccdb2641d28ede4cd192868904df9661960476023d6d,0.00021625128399199871
Source,03a9f144aa9f00dd5b84ed9c8dbfb7f404a1b5b1cee8e2c89fbcde06324f181032,0.00021625128399199871
Source,03b4db8ab2dc634ba13ef9a5535924d5179fadb7841fad372f13b1a8f2df362b92,0.00021625128399199871
Source,03b99e214431ee4a873e109ff2a9f6188b99863919f565bcb1b962aba77a4430fd,0.00021625128399199871
Source,03ba33cac37c689222eec0c4b14b497950d111fde447d3af5cecd414b6d8df0cdb,0.00021625128399199871
Source,03bb52d35aca72943169bb912ddbdd8ef22c58766a3d6835df898982ab9503e15f,0.00021625128399199871
Source,03bccc93a97d62b84aa6261e32f1a28053e57ce2bf10f297d0670c7a272671cf89,0.00021625128399199871
Source,03bd9ead4aeeaf45836bf2a907f47a7ff827f223c7c71dedc5c5d963de2a83ffa8,0.00021625128399199871
Source,03bfdad08992c54e1c0da8256986dcf1fa276aa0fbd8d446ff8f39d0f290af8291,0.00021625128399199871
Source,03c09fe83882c2ce2604c9f371597929ffce739e7e61637a4886bb58c36dcfd5d8,0.00021625128399199871
Source,03c200fda553a66336e44c6ecba76b4a8fc659d4bb19605cda5431935a35bada60,0.00021625128399199871
Source,03c352103defd6e328ca913e35acb9485f005192630b2653fdd240bcdb70d8b1e0,0.00021625128399199871
Source,03c48fea0dc6f5b8433d86f56d888095e56a74f1ad0b34da56f6ed2911e9be9ddf,0.00021625128399199871
Source,03c74ba5552fa7cd801405a20ac3f4e6b853d85342b44fa474cb05073647c0938c,0.00021625128399199871
Source,03cd25c64dd2f6fbe5e9585913c4bd4d226973611324713f7e935f898e42db05e8,0.00021625128399199871
Source,03cfa32f640b65c072031bbb99984e40740becd956d0fe4cf82e92dd6222b64b7c,0.00021625128399199871
Source,03d2a46e18fe4a62404f2e15c9af1de8d8593515303c2c8125ffd84e74d0f96ce6,0.00021625128399199871
Source,03d41f8428f53f96b4d560b5b7cc44688a9644165a709a1d959e956b7880ab1f69,0.00021625128399199871
Source,03d5e14480d49d3bfe65cb87d03a863712c606aa8e6720567743ee0a1cdef5fef2,0.00021625128399199871
Source,03d93f27052c55ca636442f5b3432598978016738cd1cb4bd18705f1eb4552896f,0.00021625128399199871
Source,03de68d2d4ced8dd71f0e245b96dc0079823941becad017e82313cf44016c1a71e,0.00021625128399199871
Source,03df7f9429e1f5268067faf077d24ece92f918290214f4a4df854902a3c4617e37,0.00021625128399199871
Source,03e04bf5a232eac08420a46cb3261a2ac7b87bf6ff77fc52df49519ff62e9d3cdf,0.00021625128399199871
Source,03e086e590f2255a7423cea5dc2b8fbcaffa3d8044c26dbea84728ea4b4648e41a,0.00021625128399199871
Source,03e53b79c94af160006cae7b098b012277ecd0df87162c6c4f131c29c7bf127845,0.00021625128399199871
Source,03e72c85934c32ee881ba27e669993dd3f1d783de52ea396adb9d648471f5d17d6,0.00021625128399199871
Source,03e7d760c7cf4e143c1b7acc439383701ff6782819c2b2fbdf3bc8d36705473a60,0.00021625128399199871
Source,03ec0f6f9ba5d21c254299dd83760beb6bff3fa0826bc2fd6cd6c8f0783308f812,0.00021625128399199871
Source,03ecb39d80deaf6a934bac97ba514ef9709560e765c6408fef3ae8f9bc2c9f5854,0.00021625128399199871
Source,03ee618266fbe6b781eb996838a0bb68998faad6f39a0b887f1ff8664589df9bf2,0.00021625128399199871
Source,03f38c29324df9f7e1ee76b055e2199a7f4175d141d44eeeabc5fed40f9929b0b8,0.00021625128399199871
Source,03f839fb782ad0f1e03d95c9bca8a780c5fc626ec8d88203f9393bd853ff7171f6,0.00021625128399199871
Source,0202e97f8a3479fe0858ddfa51dd10951d2ad1272b20115aba004aca9813c59e64,0.00027031410498999837
Source,0202ef7315318e7e6706a6eee025f0b150cc7288e273d4b6c494031a7ee94fd143,0.00027031410498999837
Source,02092a1bb15792d5f183942200fce28ff1bb865ba5e79d9cdc3c5f8cb0d88b46ca,0.00027031410498999837
Source,020b2c30b5c205686924b296f14685f500b225e4bd9b95d9fac8bf6fb8b05d65e9,0.00027031410498999837
Source,022454c037ca4d199a9e680305b0239c1c7b278fccf8fb80ea9c5a4c60b0342d09,0.00021625128399199871
Source,02293224b003321e1c030b60a64311b1af14f6e17d6d74f762d3875e4450beaba0,0.00027031410498999837
Source,022feebe2b580b7f421cacb430fb09c5492955054ee4a54182495927c8eb0d5d22,0.00021625128399199871
Source,0230b4b96e83baf6b2baa4d583a5baa5eb1fe862b658863491e417a41b11e3c797,0.00021625128399199871
Source,023a19f1c59d49d5cea3aa7f977de11babc552602cf27e0486b2e6c24f7f8df468,0.00027031410498999837
Source,0250fa0b1d8907019d1418015d02b1caaa1875ffce9f302a91ebb7e8a9d2387d48,0.00021625128399199871
Source,025c281b6692ade8fa524a2fce00aefe522cfb3a4eb63f63d3e44e7cff954bec2c,0.00021625128399199871
Source,027f7953c23c4612f52939bdbbdbf5ae849dd1b89a557ac561d6522a13479bd8ca,0.00027031410498999837
Source,0280d9cc3952492ec8638549af954f441f911f187c39535bf4dd9f4afde66c5b82,0.00021625128399199871
Source,028cc8ed61927c980836ee0aed5d0aceae9c1c388a589e7f1a62041f2d98e7e230,0.00016218846299399903
Source,028dcb644197ce997574bd24360df94d3f5cd7926caae51eded371e2926979ed19,0.00027031410498999837
Source,02999fdc0e05c7662804f5b80de5b9284a8fdb887b01a3b768e910de4802a77de5,0.00027031410498999837
Source,02a41c1881922377ca14876c04709406d304922abe7583911c8424b3da2470abe6,0.00021625128399199871
Source,02c85a51e7a854bc5d973bef9f051dd53bbc8ef0af520e598d5c7fead81fcc5959,0.00027031410498999837
Source,02d3798420b0ee22ee230f9a8056abae8a19c78d6c65061d7e3634bd0f06ce1994,0.00021625128399199871
Source,02d3fba1db8b1f53df5b504de5e8700c02f9b7e3f4a2e34df43a5437cc2a05bbd4,0.00027031410498999837
Source,02d51e166340e69718876b2cecbc031b479cf57154d8b239bcf2d7213e66b28333,0.00027031410498999837
Source,02d9e6fb907ea1867240ad97c804a8a96cb48f4158c0e2f02ebd4ca43a654b0efb,0.00027031410498999837
Source,02ee36713a22686cd46e3a32b79c6f4b2b6b5c7ebcf841d5756f2558ab7c1e950d,0.00027031410498999837
Source,02ee6860f1f7c72eff309e9ab9423722afc400900aefcb32c5357403ed6f0fe499,0.00027031410498999837
Source,02ffc78795d4be89eab5e39176cfc66f436bd30e264642af530c5f6e72490fa654,0.00027031410498999837
Source,03064ffbefa05836410f932b9a1e6a81589ea5b29f40b26c350a097e5ffdab6398,0.00021625128399199871
Source,0308fcbebc6b41084c7df179f4064a5a4997f25fc78bc68446c248badbd30ceae7,0.00021625128399199871
Source,03124617c4dd53d1931ea1613591bf4355e52fda78874589d0a49aff4f253476f0,0.00027031410498999837
Source,03187687660605760788858c9da931f61b47eadaf391ce5e174bdb37f8e9e32a6f,0.00027031410498999837
Source,0319a11c9882657fbdb9c7a46c7b34ed3c3a872965f15ac6f91446e2de895bd012,0.00021625128399199871
Source,031ae72afd29604e6b4f51da107e7fa21ed96e1e7bd0af146c4b39877876f54541,0.00027031410498999837
Source,031cfaba2209a915b79ecad9f94f447283a3a864e78124fdf62bdc44ca763dc292,5.406282099799968e-05
Source,032a39f66598090a1e8ab1cfc5efbdc1f163c0fa97889ac2431ca8a8b2e8e2c1fb,0.00027031410498999837
Source,033802f5c0612db48756b21bd65f5fc8d7a7ae1e8307ec33d95691d9c983995721,0.00027031410498999837
Source,03391dde5e1bd58e026f1c34b8b5a27c2cf2ca9e77129d48743728b97563f3d88b,0.00027031410498999837
Source,0343b2dcb9e8eb17a3ca674491ce391d804e4485478a7b5d9d1fea150fb6c060e7,0.00027031410498999837
Source,03459785059f9382fe3458f06dfe0d32176fe6951ca7c5b414393ffdb359fc626b,0.00027031410498999837
Source,035af1f82a1cb60415159a288444476c889a04d972ade2a5ce6a2b9a5d42ad9c03,0.00027031410498999837
Source,036cef9e0badb2abd3d452e8a51d6fdcc3ebf6ce7fce3dea1a9331aef3737ebd6b,0.00027031410498999837
Source,036d8b3498c8fddb3b15f4eca6841bdd2f9db6e8208685134ccb7bbf05f06d7c06,0.00027031410498999837
Source,037a712f920ca12e9764d9b1120385ab5f052bf9e7cfbbf73e89bb32b75ebf2943,0.00021625128399199871
Source,038b06d38c70ff14be64f26a6f058f7acb4afbb9a19d02f0a34d0097dd00c901c7,0.00027031410498999837
Source,03a57a8de10f7b266138a7ec08bf9d1241608ca2e0ea29a1db91026aa92631c9ef,0.00021625128399199871
Source,03cf8a3c7e7e1edce4d0f7331f57e2903336f0b31a42f3828224f2cade81307eef,0.00021625128399199871
Source,03e0f57cd0a63fc6a9185d8bc08c58f085062b9abfd0dfbf4fe1abb03945a9be58,0.00027031410498999837
Source,03e10f118c4ca821a46dae42eec3d3e04f8d86defc2ec23be71b2e864302eab3da,0.00021625128399199871
Source,03ea077fb0f3275ac931342e62d7a207bb77ae8e03fb1a18cd971fa979d8e84f6b,0.00027031410498999837
Source,03ebb325a29e0a1e5b8f403597eca54ef7a45e6b0a37cc9e638cc4b6d811fc96b3,0.00027031410498999837
Source,03f549621f35737aa78428cbd271ae04c4a06d68681dedfef06aa6334f2384ce5a,0.00027031410498999837
Source,03fed56f0c5b2f4ff48ea5fd7d32201b9d1df6adf941ac2caa2b230884d68429a5,0.00027031410498999837
Source,03ffbc206a416bbf89a7092ac28e7a9e2cd99231f9b4db71f125e38cef8eb4bcda,0.00027031410498999837
Source,0255edcfbe0c1fa639bf51b091f13fe7a2233ae0cc6136570c389ecd204d5bb5fb,0.00027031410498999837
Source,026286c3cd678fca4f2532c1529a183444002bc1031711f258479c4a920e547fc4,0.00027031410498999837
Source,0271bc9ade98f6369f8ac440ffb54937e1116c7d30476108a5d55a93897dbdd73d,0.00027031410498999837
Source,027f59188b84d3dd35cf80299ff4b6114a3ae9c3420cd0dc82503dff00e0afd67f,0.00027031410498999837
Source,02abb5e57ff442770d9dc1d1ab66f45b015ac7aa033e4407051d060a471b71b08b,0.00027031410498999837
Source,02bc231171f4b2844a47e7f33529f5c66b6c38a4382dbd5ed8a3495b4cba82fbc7,0.00027031410498999837
Source,034a502a31aede7f9bd0487a8b2ce6a4a76e0dfa4fc909093c3c51121d2f77b8f9,0.00027031410498999837
Source,03a230e62cfbf9745d9f6b0e2c079493d27029c3175988a17809c0aea35be524db,0.00027031410498999837
Source,03d6e01e9cfa3e4f8d4720bd65d57612625b35b50f20d32b951ae5b95e608113ad,0.00021625128399199871
Source,03e725cfd805aa830fe19939888e202c5b7e795106c06af88645d71b91eb90f2f5,0.00027031410498999837
Source,020caafdab16dce440a4802b2fdc42bfa0592e482322e70d67d73e3e958a7d6b4c,0.00021625128399199871
Source,0265d88efc55809759d36bff48b6ff3d977052bd89816e8df5ec3a0cc5394a9c9b,0.00021625128399199871
Source,027a75a178187d1472f9a4e3dfcfbdd1ba1eadeadf7be9a109e0ba7fd7de4d36de,0.00021625128399199871
Source,02b391a4a36c474cf756e801bb7a59ed21a882dcee4d22293d12db438367d3ded6,0.00021625128399199871
Source,02c521e5e73e40bad13fb589635755f674d6a159fd9f7b248d286e38c3a46f8683,0.00021625128399199871
Source,02fcd27f1837ff7b17ba9603a238407d2ce5f30e0606e7d01f94525c5d3e1395a8,0.00016218846299399903
Source,030ef18b788bdfaf899071bb975f258306f83eae0a83d9e52aee93ae894296a42c,0.00021625128399199871
Source,035b04e00521a8d50894e813c72576d2a03a09cd940be074b7f2e35e0a01d7d12d,0.00021625128399199871
Source,021f402cb88409466eba2fca9d15c30b42a037d707520c9a57c26ca9801e920cdb,0.00027031410498999837
Source,02237cf638160525ba849c7092271f6e11c41c659389bb55b1cb677255e065dc90,0.00021625128399199871
Source,02362420340656f39e08cd11087305acf0999448430df7e82641da07f006245dd7,0.00027031410498999837
Source,02612b51b61a90e19ec4c6b0f3409e58175efe66cbf665df7805cafc84aee3a551,0.00021625128399199871
Source,02e05d78cbc836479896aa32e1462e45f397d924393b47abfe3e0d2fc1413a733b,0.00027031410498999837
Source,031fab3f6a8ae8588668fbe4bf4cae14c3aaa4134330b1798b81e60aaf9662ff20,0.00027031410498999837
Source,0350c0bd2b8c0d48d5d0e5590c4160a13fd24fcdc2bb991c52f6fce699a08315a3,0.00027031410498999837
Source,03de555f4b2d10cd5e654c2c62ed33478da3127fa88c94f3d12775e9ccc1f6e761,0.00027031410498999837
Source,03ef72858f28986c93eb524479ccdb54badcfd9925172d9df073033e346222b1f4,0.00027031410498999837
Source,0210ef7d43c105753673563feb1e20fe344b844ab65aa710cb2288a257ec024c99,0.00021625128399199871
Source,0250eab9406160ff2e3eb8206c7f3364034acc890d5c4cb3449ec8fd2f30224bb8,0.00027031410498999837
Source,02679d067ec30e5bb4ad13e277d655e2f3779dda5979b615c8fdf1be0b096ae257,0.00021625128399199871
Source,0267eba6f4fd4d2534578547d471460ed2160d270073efa5535f4b99771eb0c507,0.00027031410498999837
Source,0287270ad721e9814105921748e950681472cde7eb2eba23951c7629e29799c7b5,0.00021625128399199871
Source,029f8ee278f3098084c9695c1cd29fa7d6f8d27d0dd30f3b066cef16015a0812ea,0.00016218846299399903
Source,0387e2ab63f1f11d1e93b780197205ee979624128fa2ef39a0c87f4055adae6754,0.00027031410498999837
Source,03dbaf6e9c5d4090a17371401f723d78028002e55863aee8e6a8c85275c71d8e04,0.00021625128399199871
Source,0202174c57b1e3010c5d6b2d85ba15191351039c7aa2158b6c19b7344663872bdb,0.00027031410498999837
Source,02079ef6c2e732ef79f9b3612736551d30fcd8104b193b1e7cff209c50a71c94a2,0.00027031410498999837
Source,0254dec1908f8872cc844e5fae7ed8367bd9940193a4a49cb67cc5412a7250207c,0.00027031410498999837
Source,0268a46079aea3e3fa32263e929a43ad4bddc0eede1a1b990a30aecdc244a75223,0.00027031410498999837
Source,02caadfe95436f9fad8059a94993284d5324363da79d2c42a01434d8326eccd813,0.00021625128399199871
Source,02e5fcc49e72e64ce5f48bbe3e4e4ed3a00086b6ecd0ffa15d58ff22adeca781f2,0.00021625128399199871
Source,033c957f6043df4f94b27167e599f032533cf9c853f2e3280f5465a566cf843256,0.00027031410498999837
Source,03752b493ed5fdde9f42a6adcfb64b4c2132d4782d0fd366f2510df390cdc383c9,0.00021625128399199871
Source,03bb049dbfb5788b2e240ac03149fa91f3892832b77c7737ca03dbaf7ca79a6190,0.00027031410498999837
Source,03c717c943f5a2e4f4e7d1a361ffc414bab81ec5a15f17645cc17e111d5125af1e,0.00027031410498999837
Source,025e5019685002fe76b46cbde6d84500e674ac33863fea3ab490ea72e1ad8974be,0.00016218846299399903
Source,028e04e4802901ff6ad233cf1b185f42290f854a0e643bf3f7a7b3433b34364582,0.00021625128399199871
Source,0354d625756eeac1d1d7a4390e1a6206ecbcacacf5b74d199d0b728ce9e510125f,0.00027031410498999837
Source,03a5e0a77611b19915379e0ea04a45010c47086cd05238b913948a4bef13c5a76f,0.00027031410498999837
Source,0313451313f64a1868bf7591eca616c3ba0c27fdee6ce7a393462926f386f22fa4,0.00016218846299399903
Source,03a21a8756ffc55dd1d83a02b0cc2e163f8d041e3f56b309232e5389c66c00364c,0.00021625128399199871
Source,023951fcc2409069d9ed12638ecba95e7b1be4fd67c10c908e078c6d7bc02253c5,0.00016218846299399903
Source,0257da3b479b3ec1d56d23fb030ccdb0e52c094a42d42401c136650aebc13d715a,0.00027031410498999837
Source,029104f6ececc08df799be577709e59f8ce8ca5ec0d997bd94ad74f1eacbd1558f,0.00027031410498999837
Source,03008c4e366a91a4d3d5ec49e0894802a7694a517928b0a40683ac4d1760f9267b,0.00021625128399199871
Source,0302849f3fdf2a06a0a478623cd5a7e8c373eacdd5c80d5dedc8e584877aa9de03,0.00021625128399199871
Source,03065467afc8af809ab69862a1de14209c798f231b110d9c80565fc52062ec216e,0.00027031410498999837
Source,030f039da40b45d93e116cfce632ee994aaee16e12d7e489b0add08a7c30f66608,0.00027031410498999837
Source,0329bb1f8d84236af2fb5423c1854d1d732c838176c0a7e052869f41c2dfd1c627,0.00027031410498999837
Source,0387d319b931aa9ee57f4bcccd6a78e8c0525225c7bf357cb953bedc4512c6612d,0.00021625128399199871
Source,03935414028149235c2594dc5e2957b695285b441a3e93f62493738513b30a9766,0.00027031410498999837
Source,031ff7a20feff8784bac738af7f6c8e571124e5580181bae6bfbf372cf68d40e41,0.00021625128399199871
Source,0229629712a1766840ea772706f9d1cb33b98077b25ae0d8b708379119432fea35,0.00027031410498999837
Source,022c051672759389536385f7a959ae1b51a96387cb6d38aa00b796d39dda39842b,0.00027031410498999837
Source,025507c6396c3574dcd39e21072d04764893d8365be343fdbacfdab9b44e6fa74f,0.00027031410498999837
Source,029ddb546c607053d1e7e09dec623d1be08d190eb889589a0f258bd4c8417710a5,0.00027031410498999837
Source,02a7f6c14397b6d43f3e698936fbbf9c24fcdc2270f198887d12bc80334d675858,0.00027031410498999837
Source,02f0940b4cf46257c33017550216dccc2db841ce86531cacd3d0e9f75abcabe7f9,0.00027031410498999837
Source,03523d0682d157bb1b49e997f42618f4e06abf6091465e55235ee4716ad23b1100,0.00027031410498999837
Source,035cf2cfda3b54e6c3ea4b0cf1ecf9dfe31196d71c4c9752fa91ab0db07ca973a0,0.00027031410498999837
Source,03f09a5ad51e886690351e240cc6d68a4a8a816b569a5cc6db5429b2a3af853e33,0.00027031410498999837
Source,0219212d31fc4f5cdaf254486182fe8473552c2bcc1185de22735481ec73742e39,0.00027031410498999837
Source,024b343ea9282d63aa9339fcd08ba297c4b636ee60b75352a2acc0e7e3dedb4cd0,0.00027031410498999837
Source,026af0e71993e528c3dc7140cb6d08f0e4741eceb97a0a87567e39e50622f587b6,0.00027031410498999837
Source,02778f4a4eb3a2344b9fd8ee72e7ec5f03f803e5f5273e2e1a2af508910cf2b12b,0.00021625128399199871
Source,029ab3ea901ff9ede599f1ef5a5665f8cfb07f34bdd35eae4bb20608da8b3cf1e5,0.00027031410498999837
Source,029b582f9c1e9955ddd5f314b7ae41ebc2f4ddbc2853c4e30c58d5bdaa85cdb3b1,0.00027031410498999837
Source,02b6b2dbc0539b6146403b62631430243a9a5dfe3a3ff75eb509a3f9d0f7c9db9b,0.00027031410498999837
Source,02b79c028902004ca41261fbfb1243989980e578740b8057ab34efaf4cffc71cc4,0.00027031410498999837
Source,02fd946d39ab1820a79420d2bda6199545b7d269dc00bc52cc65db3caf565557a4,0.00021625128399199871
Source,030174c1ada5c661aadf673e619f9d38c85e10d3bc1454e33d0401b985ee2bea6e,0.00027031410498999837
Source,032de88272be7051315bfa688ce3239c4944aad7929bd9e0cf00f2b2ec03bbf317,0.00027031410498999837
Source,033fcd2db5e7086fdcc46f363d080e591bbc51c58748c06f6a3d816ddce4307a8b,0.00027031410498999837
Source,03af1c22a1720b74238bc9de420760d0d496bad2c83fd9397b479e7883fda945f6,0.00027031410498999837
Source,03b66de089829f3c06ab9722f93c3636d7a1ae06e5f9dc741ba4d03ced27fd7758,0.00027031410498999837
Source,03d2f1fd15211b436037279ded0cf74861635cdc1d6faa3c5ff7f9e179a01d72a3,0.00027031410498999837
Source,0240b2b1f91d742327ebd34ea1129985ec98f9c08f7ab9a884a77ff3472897242e,0.00021625128399199871
Source,02f7be5828512704fd7ee912505f78f25230e7c76fec5013ea1433516e74be1913,0.00021625128399199871
Source,030061fa00396a984efedc8661fc9a3ab134cffee05b23a1ad44124d4bceba8be9,0.00021625128399199871
Source,031752e64d5feda218e73cd51d9ea19945814165a34709432557bef0748cb100ad,0.00021625128399199871
Source,0381c5cca2d47f6600e244d81246ffd2f12d3ad0ddeb066d9bc11eed038b7ca296,0.00021625128399199871
Source,03c82c83da9e495a5f72fcfe1671f3ed84452234b82ef6f2403f24d08d59aa8295,0.00021625128399199871
Source,025ae40275ff32c9461ea7f65aa7ac8cdbf83814d2d9d2c402262fdcf69fd1f3d4,0.00027031410498999837
Source,027d70a5c102fdce3df6811fb260d0bc41d0aee73ce37376068ee76ce40d34620f,0.00021625128399199871
Source,02ab38160e8f24f9cce8d851a091ec927748e78507adc7f7ee01664728a981a597,0.00027031410498999837
Source,02f273ac65a8a826f88e6c48e5ba44f2eb2ee63486350b2db6f60a408b1e0ceb05,0.00027031410498999837
Source,0325b28ceb0b964d645a8767b95be8d25c4588c5b6ef3d15cb95f7408ed955ea40,0.00021625128399199871
Source,032d5e37d2aee14face0488c3bf43e01e933aef199d904a1f513fdf381c41660e3,0.00027031410498999837
Source,039c4249e620202add3c61cccfb406d4d4e56900ceaae12b4d2d298ee3e4838852,0.00027031410498999837
Source,03ada8be80b6f1476dbee7f0a85389908df1438a6934df1146cd95a1fbd0da6971,0.00027031410498999837
Source,03f360457d29f50a1fe2d5b2e603207377f1676b335546622c182b086259615755,0.00027031410498999837
Source,03f8c4181382df1d33a4394a4d3ea13868651ec9ca722a3912b2b7cff61b8e5199,0.00027031410498999837
Source,021bcd9aedab005740dc81fd1a89fc56cdc2b53e25f43a679f7c90aebee3cbf9e5,0.00027031410498999837
Source,02619baf8b4aca4392f96da326dfff4ac0e962c79cac6ea1ae1949254003c53d22,0.00027031410498999837
Source,0284b4c7396a8d7d4d233833ce09b9c86aef16eb940e4de9485d7f16b0a3965bdb,0.00027031410498999837
Source,031b5aef8661a04000c96892bf5b7e394bd055822e1fde82439ee40a4ae40aa998,0.00021625128399199871
Source,035062179b66742756518d315109eabe4d6dd872efacf5dfcae3161bb6f9d08a08,0.00027031410498999837
Source,039768012ebcf5ea3d161008e514f3c277d7ca802e1b40359ab014b097f14e7422,0.00021625128399199871
Source,03d6a42f068588e1df28efb079771bb8438cc69ea1c03573624c8893024a1ec346,0.00027031410498999837
Source,03fd64c3c5290d79dc029c53a804a82a0351d1077a08a1584562d2997e2f8d28b2,0.00027031410498999837
Source,029390e8b19c4d133bcd2af46dd64459e46f868eaeebe99953c1647b6e492d6821,0.00016218846299399903
Source,02bd3f46f05535512669e2b2b4b6774f0310b34c657854744d5c008d1232407aab,0.00016218846299399903
Source,02fd0f07e56961683a106e5932f090d75a204f97476b191095b029d7c106ecf6c4,0.00016218846299399903
Source,0302453e77e1f8f0eeb415fd9b5a0cead22f546cd45a5ca565236df44a043e3d29,0.00016218846299399903
Source,030c017368abcc15dedaab759348789a31699326af78e741d8bd921a4f7272f764,0.00016218846299399903
Source,0325e2b89adb0f64c00374a5265d038ebb6e9bd37b4e439f4e2d36c8659453463c,0.00016218846299399903
Source,038d064ee998daf51fdeb2480d86f0c5013f0687b18a8f807ed88d9520ce44f757,0.00016218846299399903
Source,03f615d1064610b51244e59900ef858c632b6621562f2779fedddf6b558e070cda,0.00016218846299399903
Source,031af50c19a9b7c57369915372daef659b46374650af9d0d18545d1fb6dcd9c244,0.00016218846299399903
Source,03e9bebcb3e6f4f3b5d0b44415ed2c3cf0e9ffca41ff2b433dc625eaefe7ca191a,0.00016218846299399903
Source,02057ee0163d5bc00dcc59adcc4a90670d7cef27db7493bc170fb4cf85edb70650,0.00021625128399199871
Source,0242291513be7e3ca0040d5b34553d9a499bd5f2cc2b5e6fd769a3a7aa9655028e,0.00021625128399199871
Source,025609e972570fac7c2ec125bd9f695a5b19b549e2b5cc06d89763d8dc5f1258c6,0.00021625128399199871
Source,026cfb76c987d1ab3d7a7fab4e740fef370aec64bddc5036c39fa2e63629d93adf,0.00021625128399199871
Source,029b6cba0747ba09d5aee2a064490d5215225228f26067fe4aec40830148269405,0.00021625128399199871
Source,02a75f33c6fa0e5287d70ca69ca64902fed8beef561b990f33dd4a5a77b9ab43b3,0.00021625128399199871
Source,02a9edda359d2b2f0814cdbe80a10ef815931d68bcbc4bd5498e109187b34ce310,0.00021625128399199871
Source,02c16149d3ce6ccd670e2b719c9093f3cf61e3c775cd2f9fa879c97924c4b9d3a6,0.00021625128399199871
Source,02ceff97c32a2172a36cfe2be5602634ca6a0ead4c5fcba9094157c02855c16575,0.00021625128399199871
Source,031a7491b87687d28b43ff55898e313c1f258f615ad8ccec42bc4dccdbd3e936aa,0.00021625128399199871
Source,0363662a4ae8b8b7a73d9f4e459a9b25d4786f4ecc7315b5401934f3a2ef609750,0.00021625128399199871
Source,03af0aec5069083dfe72a94cf388a6a1a3bcb2ddb53437cd34f55752ba93df03bd,0.00021625128399199871
Source,03de2de00fdc509e929d2621bcf6976fd72f685c863aab50a06faecaaf7f8f4f73,0.00021625128399199871
Source,02d4b66b52870a9d786084336faae9b7fcc436487d8a3767e56b0b3f3a57d00cd3,0.00016218846299399903
Source,020cd843f3128386ac5551647496d57aeb0b5259611d7ebb9314cae77115653548,0.00010812564199599936
Source,024c9d8813dad53fe9324e81f0a0a63f0124762484df179116897b8cab5f62058b,0.00021625128399199871
Source,0266d2373283575c2366d1e9bc4e256d5a09bd6980a2d3d7001a59ba35ec540075,0.00021625128399199871
Source,027b77441f32d88262be976d8009791bcdb1741d2d9f37dc91c6bc13ab7de812af,0.00016218846299399903
Source,032703b35b8c5231bb6a7212371aa9ff4c56741e24434a8862f7680b50a4e4d2e9,0.00027031410498999837
Source,032d35946ccc4b303dd57836ad10ec1f95a0bac91c0c07f2f20d8445da939ff04e,0.00021625128399199871
Source,037ff12b6a4e4bcb4b944b6d20af08cdff61b3461c1dff0d00a88697414d891bc7,0.00016218846299399903
Source,036e2cb3e0577abe3d7735cad6f811e3db9595a9630a6a41e0d425f9c7f9111f94,0.00027031410498999837
Source,021d46b2afb74cc2d79788fcc7e440ba6dccb5a0d0c7b71280aa3934bf7718234f,0.00021625128399199871
Source,02c7e1d98a1e2b61a14e3c1c0d9a36fc8eb257325f2277e8bcbe10b21337f2a45e,0.00021625128399199871
Source,02f777772d14633c62f537f1962944b7a8ef802f284edf350db6bc4110fea850b1,0.00027031410498999837
Source,030457db94b7322c94c22c9645edcdfab20d483391ea5ab7c73cc8760b49282031,0.00021625128399199871
Source,030ef39c03d1d5cee422fba56686c214c10af71acee6b089f5fbb64e85e858cc6e,0.00027031410498999837
Source,0336350b10294b9d8759944709db961cb9ef8e4c7d3a80d057684ae5b0d841c101,0.00027031410498999837
Source,03867d29631510e7a84ab06c520660d0a4c53facba726b29612d22e8b9aada3119,0.00016218846299399903
Source,0387cc9d4114aa5a4c9721c1837cdc133668a05a15dce5e3e99171b35dd65f7443,0.00027031410498999837
Source,03c1f2781c735c0538745657447f546f50d401ae44cbd9d0fbbe6538337be14ba3,0.00021625128399199871
Source,03eec563148abbdd4fd04191e3b1ed7f026dfab6d4606a36b259f866545f01a0ec,0.00021625128399199871
Source,03fec2ad39a6f3da42a6c6ac194f4a9293240d6dcefad65392e940fc3606e41d71,0.00027031410498999837
Source,02308f3749f21f763906f6b37da95d4fef5ef496ce2aca005352643a766700e041,0.00021625128399199871
Source,02c7be51f83c7785073189a4610a510bbf50d97a9f5b6250c94d68779270f763ec,0.00021625128399199871
Source,03b279522ced2ccd9d2c7d1fc500d24f567129fc12b9495a076e30a2e861fffb1d,0.00021625128399199871
Source,03e125d8faacfceff63d9878b27302ae9e20a3153c1e73185d9efbd934bfcac2f3,0.00021625128399199871
Source,03f94b8e82c3c9be8f8d1e3bcb595e2855b72f23b92967c26f7d65be9a75184c12,0.00021625128399199871
Source,020a128145c54dec1c1d72e9bf0ec26759d1e16b9a7bba1453e1fc2b4cec6a6fbd,0.00027031410498999837
Source,0225b6fe82cfeb7f92a717aca021428bb7d947b0470430f6da0d96a1e325b6c762,0.00027031410498999837
Source,029a0d058126445a179586a104a8425bc996b88b0bfc533eed34f49d34b1c3b684,0.00027031410498999837
Source,03579f22eceb386f69b8121dc8a8a6057593735008d2a7aa2a60a1f7f6e0dbd6a3,0.00021625128399199871
Source,036c8fbba9154d81ba4111a5fd6eeb438ec7812aa9ace070049f9c3bd7bae719a6,0.00027031410498999837
Source,024ebe0dd9a540d0ef5cde52c8d85a61900847a704fd10c7f7c2409f51b9cd2607,0.00021625128399199871
Source,025c7ef2796aa864f05ab20c974817872fba451969badbb9d6ff46d0aafeaa8b21,0.00021625128399199871
Source,027d798697c239cc5458ead35905df8bf84bec02e59c9a4cc94ea05292227fe69d,0.00016218846299399903
Source,0298944d81f6cf529ada80235532981adb414d7d38d0c6307ae0e9698e0031ce84,0.00021625128399199871
Source,02e37a8ceac8d70601f21925caceaa21a1a981baa89808727e69096458a862e8d3,0.00021625128399199871
Source,0346078e95939cd4213e5806b82682d1a2c4619430e060eb8d09015dcc98457751,0.00021625128399199871
Source,0382ea39d05e6453c2ea4399a9fca1d453a7f4476c6513794407cb1db1a2b7a4ee,0.00016218846299399903
Source,038db77dac3c6120dbc798cec8175277ea8b57cbb17900e94b4c274a588e665d34,0.00021625128399199871
Source,03bcdd903ad4f42f1255cbca7bb0bf6d720e8cc3e24b0e16398b7689416c656956,0.00021625128399199871
Source,03fbe8a32ae2b6f27148bd90025291b669eae99e6538b0454cb40714a231f3c11f,0.00021625128399199871
Source,03fd1da48a1e6320cd110e6b0190a83c902c2b47a23f1018b77cb3c1d24c0be6bd,0.00021625128399199871
Source,03634dacdcd96100c793f7c91604c0c31a2d965bc24680ded9a7a797e3a90aa8d3,0.00027031410498999837
Source,02af8df0b7b6b8348a19e7185643fa2934e9a71ff8563a64a2c4a50957131badb6,0.00021625128399199871
Source,02bf3145e496745e8520b388c7db18f3bacc444101c0040def3a269708dbc76aaf,0.00027031410498999837
Source,032c634194ef091d00984cec51f8a477351e6e6f8ef4f8efa6a1f673f8f8a647ab,0.00010812564199599936
Source,036af7ab4e7a929065414e52de5ca4c4d88b1dddaf8e1be261b1530e69d0f3693e,0.00027031410498999837
Source,03eaf4f94ad680855a7818c2f156ae4a86482dea2f396320c336989ce5f49da880,0.00021625128399199871
Source,03f96dcd4861705f6c33a79c7569ba1b3d33f8177ee07bc96c606759bfc9940f80,0.00021625128399199871
Source,038525acf733137b782116669f512116f717d4cddcd065cb4f9da73aa653794d46,0.00027031410498999837
Source,0380d6562d213debfe59909994d4dfcc2806e0c79bac23a8fc5905c22960693310,0.00027031410498999837
Source,02e8bc242c8fdc9af4ff4f31546cce600b84c231c5d7041ff060557ae0e579f406,0.00027031410498999837
Source,020111074bd304e17a1cc74e1f4b76d64b1764895ae3a26ad3ab2c4fd0f63cdc35,0.00021625128399199871
Source,03477b0f9679de60b3a803b47294e37b4c14a383564afded973114134623d2ec82,0.00021625128399199871
Source,03317bd8710e64b280c80fbbbb9a85c814a27c5a94c055dc6bb7799345223bb121,0.00016218846299399903
Source,03d4809d1a129228b9afb54dd5b3bcc29b8e59d5c8fc1f3104315baf19c8e0c76b,0.00027031410498999837
Source,033f2e9c020ee143ba1d27a4226b4a8980052b7e4c77f721b1e0c2595e30575b88,0.00021625128399199871
Source,037aaa31869232f752e013b20c46cf8142e2cf50053bd4b96eb92620f62143b81c,0.00021625128399199871
Source,038398286d47300a40381620e2f738c43a572fb770f42fba34e42f8fa9712e61ca,0.00016218846299399903
Source,02f7518dd1e2e9ed5b9bb91348bd62006e96511412ee0e23467dd43b0f8d38c4f3,0.00010812564199599936
Source,0221d38abb8a6688ca7ebbffed2c7c68350facf3ed657dd131f9a5efa5a54c84ac,0.00016218846299399903
Source,02262bbc21c171bc91a1d6bbf89571c95873849b9a60d3ea9671b777d852d39ecd,0.00016218846299399903
Source,0231569f3f8c22c5d9785d5d6b425b3b7ae07d4a49e4a9e7e6b305e28a104ce60a,0.00016218846299399903
Source,02318d29bd20644932aec0136c18dc56c74bcbe792ebf6c97cc9f3c0a21ca87228,0.00016218846299399903
Source,028a223a73f8b6443005decbb80d3e5178592895f927d6b9838655defb383643bb,0.00021625128399199871
Source,029ab7a4df62ce776c89d51b3c0f4ff9aadbbaeaac93b43bac175f74d1b0c347f5,0.00016218846299399903
Source,02a09dd5342c4e6ae262509625a4a0c3487a00638539f7dbace6c6cec42095c7d7,0.00021625128399199871
Source,02f84f263e1306b2136e35f7c9718089420055111265cf9897da6c025b9760b8f6,0.00016218846299399903
Source,032dea98f90cf8b17819a676f1b7c6e736895f5b2d39dc8936ea68d724bcc95f2d,0.00016218846299399903
Source,0348a2d7bf8225013cd7f95f85fc33768b9fb534e55bb793e268bea333e0ade634,0.00016218846299399903
Source,0350f4cc415b84676267a051661f43148e638662d15f280d70474274b9c3cb0d27,0.00016218846299399903
Source,0366cbd739d2d55fecaa1010b69c26a47307e57e598a143d88f4d3ccbed0cd942d,0.00016218846299399903
Source,036c5174989312dc346b678a01c02cde0db80b9a7ce7c8a437644633b1a3d0f9d5,0.00016218846299399903
Source,038236471e138a6ce54a1b02f2f41964ec94e333adaf0cb08f9fc4eda4ad9868d8,0.00021625128399199871
Source,0391b71b1e30cce2f0e25dbe4ce848c19e159d1677a8368d1eb3e50a34d14f74f4,0.00016218846299399903
Source,039d9379e6f45e9361b3b0198aa2f81debb0fea4bd289846ae11fee22213f33649,0.00016218846299399903
Source,03d0087b718ce9259b36485995094a2065a378135925f9a71a5daf2500300fe662,0.00016218846299399903
Source,0270a90e7dc244dc372d244b59bbcaa4fbce86c1d5a592e95d7eeecfb2136c309e,0.00027031410498999837
Source,02c28e81fc7e50af9cf2774f1a76b80d183ac8aab81d0b25d879eb73de9f7bb45d,0.00021625128399199871
Source,02ffc7438a5b07d6c8e3a55d9f61e79f7160d9195f7e5ec1fa1d2e75aeeef6b78d,0.00016218846299399903
Source,03804f9bfd2cb31d96b71ea9348826193129478b63c3de3e928154b6c85ac6766d,0.00021625128399199871
Source,03bcbb5ef19549e241205728f79de46a44fd9a8c0c4fa7fb841cd8417c7b55b3dc,0.00016218846299399903
Source,03b9b1374cf6986b99b1c727a106a07493ab7c28ac5edced251fdb7c41834ad5e7,0.00027031410498999837
Source,0282b3650afa7a0853231c5b2aed5da16a969730117541c9896fb7b9ce7d9ba306,0.00021625128399199871
Source,0306b3f8dff628c9f681e6bd3bbd1b96c1a10805a47cad0f94510764b23ca67348,0.00021625128399199871
Source,03b2fdf3674e934a13a72f495d471dbe15962edd4d37b9ef3bdf2cd6c09ef9f719,0.00016218846299399903
Source,03c207941f8ca7544ef4a2a329b73fa0d1b92bd55df4b34011519101a1b19765fd,0.00010812564199599936
Source,03e809c96531695bd653141c17879d7fbfcdfebe7e053e3bfd330d2fd1836e1877,0.00010812564199599936
Source,021d68bb9e345d96db2d5c096413d8ebf25e5bd866588730b74cec1e6444bab82c,0.00027031410498999837
Source,0237eec7abe12707ec191436f04a07889a7c970d4ec78350384549b8677e0d9f3b,0.00021625128399199871
Source,024e5474a49ce2f1518c05115068413a6b2a3e6799ab919a30037b5f3cf4ed80ad,0.00027031410498999837
Source,026c644aaca2fc73843dd9849fd1200ef66963391ba5e1bfd4f4f0dc9209f729ae,0.00027031410498999837
Source,02967a0eca8bf58d05634ce2f91f2dfdd1109742e83a5ca3b4cd947e84b72085dd,0.00027031410498999837
Source,02c8649212b1cc60aaf7d0aedfb306291dc4d3d37643b4e3067a3896f9622edbf7,0.00027031410498999837
Source,03391210b7fd47678df727ed7c39ea2f3c8dd43d6fb747582b1c13d4c1376f4714,0.00021625128399199871
Source,0271eb5b371c6f564e515f1913ba924209b53a7e4d457a81fa3f8de5ec2a37380b,0.00021625128399199871
Source,026949ce8cf272dda44079904d3da4ae118df797e803b9baa2c2482aa2a69bee53,0.00027031410498999837
Source,038a9e56512ec98da2b5789761f7af8f280baf98a09282360cd6ff1381b5e889bf,0.00021625128399199871
Source,02a1974203771ac9b0106291b6de45ad5cc0838cc683bdb6130812c3d8b9d90656,0.00027031410498999837
Source,03cc8003786ec763aec9087171ac399c670c95f48b1b67b1682eb9826b640b4a1a,0.00016218846299399903
Source,0332e53b269fd948d8567a70dbf8502c2b6f9091fe88b859ffc1cd88045b3daa6f,0.00027031410498999837
Source,03b42cde049acf59ac18876d552e8230e780aee50345855b91ba386bc7c55da208,0.00016218846299399903
Source,03d043921e53a7b12a72e298aee8607b3cf7d282075972ec37d94a713c62335476,0.00016218846299399903
Source,02465032f2fd0071c1e82239765facacedf52db28d4d343dea33efcb0179ef5b39,0.00027031410498999837
Source,02684b5d5447a84103dac894e4c30e54c41862f0b04416cb400b672a29f088604c,0.00027031410498999837
Source,0325c7b315c239107eedf7a445ad180740ffdcb8f00d7c64159a0ec204cdff0238,0.00021625128399199871
Source,03a66a9c1f4744f6cb77efbf3fee3bc17e9a5587c9c00aa09f47d51fcb2d2afddd,0.00027031410498999837
Source,025783a541e08399f1c35437c145ca0a1b059801fdb2de59eb650ec2b5426220ac,0.00027031410498999837
Source,02ae0f583a14847b449508fa5b4c0979de810e4b708db63b2d29e178c54ce894a6,0.00027031410498999837
Source,02c830d3de44dc14dc0abe4bf9d4a76dca14f79066d0cb9ee02939adcb43688594,0.00027031410498999837
Source,0310d29d73c6a94db49c97d4c30a27b6ae4472968c0e043d5ecc8d6ea81eafa322,0.00027031410498999837
Source,03e897edf5f8ab55ef376e688d01f2b660f113e130f781ade72eac8a804b335b77,0.00027031410498999837
Source,0201bfc5d9c14d50ebaf4dfd83d70df314ed2a9f0119f28619f3f000a1079ef580,0.00021625128399199871
Source,02477736327314a83f30d8ac6d90261ea443eeab10c3dfa7a00fe91bdc134b0b0e,0.00027031410498999837
Source,02fc8bba31101a0f846cfb4551fe5e0ee7310d8a2ec96810f6a3b69b380c67c580,0.00027031410498999837
Source,031c8b9e52039af6892015702bab9b7e13b46979a519497ad8b6674bfe88ea7c27,0.00027031410498999837
Source,035ba193b53deb74445ddc60b6704125b66af96ead431561e83d3b7012194ca71d,0.00027031410498999837
Source,0290681a8483f53775eca26674e215890e06a42e389c1cd0f6e0e4f46e8583c48c,0.00027031410498999837
Source,032f43233d89015fcfcb71984442d586cb149d33d272b3870a5140809b70c333dd,0.00016218846299399903
Source,039b31301fa7a0f36194327071e07c43b6bbb12b0f01e6caaa2cc9e330f21eb9af,0.00027031410498999837
Source,020c6270cadf142104d8c6274543a017a2c920ceba3384700795932b816ab9d5ed,0.00027031410498999837
Source,0302f6666eadd1911521b50454c09d65418fea1fb1e129e6d7a69f3d58cd68fc4b,0.00027031410498999837
Source,029a566794ad73cc857330d995e2e43961142ec758372e3062ba179efa5416fab3,0.00027031410498999837
Source,020cb9b93492969c03d4dd24441e56b6a2c40361fc2033cdef43779dad72b43592,0.00021625128399199871
Source,024feebf8f38d2fb62c8a047d9943d2f28aba9a6597c5ee9db443718b22bb46919,0.00021625128399199871
Source,03699d0da418aeb19cf6f9bfd0fb6f4188872993011be4821d8a414aef6a10acf7,0.00021625128399199871
Source,036e9fd40de81670a61a449160c48a6b6d9ee9e7bc6484c16899a552225bb5653d,0.00027031410498999837
Source,03214d3213d6da40265099466f500d8f4812ce2c23af027b994484dbe932444b9e,0.00027031410498999837
Source,020e7a55451613174e6feb0622dd1859b1d08edeef9573ab479b0b6c8463cdd722,0.00027031410498999837
Source,039751a7b62fc06165d9611866eb72f185db659dbecfca6e569027b7197d7b74c8,0.00027031410498999837
Source,021c97a90a411ff2b10dc2a8e32de2f29d2fa49d41bfbb52bd416e460db0747d0d,0.00021625128399199871
Source,0287999a6c89a1720085dfba7a93bf5c8f8782f1ec3dd2d10524df426a5aea468c,0.00027031410498999837
Source,03296d963e7b2927abd25a0b6fbaa0e09a55070886d2f17372dd1ca1f10eadf7d0,0.00027031410498999837
Source,03d67293bea1d531353a5026d752783628ef15f285fb00207b4eb72185674e9ec5,0.00021625128399199871
Source,0274430eeb8642b761b0bbeb57f0af00a0243878045a2e9c51d80c172d098595cc,0.00027031410498999837
Source,0304ce547809e86aa0afd31b9b1c762142ca598b5fea05834a996a107434e2c693,0.00021625128399199871
Source,0351fabd839e93962826ab8eff7f86795b66b7295a2330773938d409a725aa8176,0.00021625128399199871
Source,03c91650dafc58f35cb862c3e5b67d281b42b2b0f2c36251c017c9aae0821c841b,0.00021625128399199871
Source,03d9d49902a1218148feabb510a1053fa4b0379d37c3fe00ab3c08d9cd3cc3369d,0.00021625128399199871
Source,0297d87ce68d2f621b4be69b23957aecd8f19ae5c2dc64775933be38122ffb5e64,0.00027031410498999837
Source,02252ecc312c0041d63d65400bec47449f0e204fe53611e63e09ba25336f03cdb3,0.00027031410498999837
Source,0250a1356c2563a14abef1c8b0685a914c2aa67f58b69491ec98db3e69e43c5cf5,0.00027031410498999837
Source,025f1458d1ca75cb46b289b033a9c520f88d66aa54c2034c95070be76d2def3021,0.00021625128399199871
Source,026e7f90f4fb31933b20187790c4b8407149f9386a87cd615c0d41dd258e87202c,0.00027031410498999837
Source,02b39e2f5a9dfbf07a3ad18255b0b13442d814ebc437e9f5f6d74340bc2d0bd0f3,0.00027031410498999837
Source,02dc260646be9dacf4c102df04c8e8c84ce203f3b7f614ec7af2ffd678771795e6,0.00027031410498999837
Source,030157825caff74922699bfbda9dee3d2b30b2fcbede5e7774ffe9c84cc0fb19a3,0.00027031410498999837
Source,0309cb0b504a5e2e29430fc327ee499c6b9b9ac226f561bb9ab633d7992433545b,0.00027031410498999837
Source,035b1ea1fd9e2bd57f6e605edf16cbbaa0924884a3ae42304d20f9ba429070a28c,0.00027031410498999837
Source,0363d5195290eca26eeca25a93f85fcecdb332fe831f397ec6655f7150425d4089,0.00027031410498999837
Source,036781b1501dbeada76e0cc9d6165aa1f3f31e75b912c1e36d93fdd3b6e02d13e2,0.00021625128399199871
Source,0393a6f8fd63adc4d604fb4700904fbaf0903c5ea6b91e8a9751bd6ab6661c987b,0.00021625128399199871
Source,039cd42c10b569257512d397ae5c7c3989f8559b286d656b61e0898c4673457842,0.00027031410498999837
Source,03ac97bb80eb58cda780a3013014a038116b1f73a8b864e23ce12d880e5795021f,0.00027031410498999837
Source,03b043b85a931d44f99e1ea3a6a2e0c6ae84d9aa5d224f219866d376702cc97fcd,0.00027031410498999837
Source,03c1a8ccc5c83b37059a3efbb72e633c0897172f2550475b93bdc14b5ca243a0d1,0.00027031410498999837
Source,03e713777ba6478811a8281e13d59c59d07030063868653242e1a5f0eb8cf66df0,0.00027031410498999837
Source,03ec0fd0d26af05b929d4a5aed84af5d00ad1c9d51f246b4b377b885629116f933,0.00027031410498999837
Source,02708a3f6146d89fc77cb8af4ebd877241cf44a18108981a67a6ba438de1f2d322,0.00021625128399199871
Source,0294ecacb7be50dab506d13f658f8a0e373cd869bfb08928f296e05cf7220ec5e6,0.00027031410498999837
Source,024794bf6fdc1c238c910f574ae023c8c6620f90a549acb1a4338808d5ffcd5573,0.00016218846299399903
Source,03f9458f463af0291e3fce6d9ee52f9a5bf871f57a476f7ae2628897fc1ae61d74,0.00016218846299399903
Source,022c6a25c6090a64b2710ef7f15740c4a000c480ef16a3b5845864af448cb322ba,0.00016218846299399903
Source,03bb2e555f67b67774e5ede61caae7f8eee490ccf13f6323de55efceb6b4ef14b0,0.00016218846299399903
Source,03ce0185be33d2b3a4c992367f2be00065e31b8981d2c9056c293677d107a0e19c,0.00016218846299399903
Source,020c27b1e99dce7b952757be0b0d7c42ab825270c4f8f7571a349624da408b2dc8,0.00016218846299399903
Source,024ee5d480d68ad569c6cebd29c6bc0388d4345111c1aaa49271db695a595566b0,0.00027031410498999837
Source,03388ca1c623d5fb9c9983bec0962b43c26a0a7793f1e60be508d040811247c4e2,0.00027031410498999837
Source,033c3c634183087678b728f061c389d8e7d6a13d3d0f7aae938c2db562c61d696b,0.00027031410498999837
Source,038f17fe425f76ef337429af4a0ba8895f7b278cfa89cd30e60a8be4f6e82da4e7,0.00027031410498999837
Source,03c673ca36cbae6becd609e827745961a92c6e4661f6200c463b8c101691a7e91a,0.00027031410498999837
Source,029b01c1d1cf2198430d7e96525e86983fa3f0003b48639ba628d5c16000ee85ed,0.00021625128399199871
Source,035d61eb24f59334d7318061cafd57a481d11d2fc597a873270514f7cdcfb1a12c,0.00021625128399199871
Source,0313e16b5d0a37a949679b047c47705b9941cb8495be9ac82a14e20eb069199659,0.00021625128399199871
Source,03835e82bd23fa34ac0ca28e7f644f181022184b691b6f499d5f8ce5e53ea743e8,0.00021625128399199871
Source,03081546bafdcf2ee7dfc7c77d85862ff7c5bfcf28fd23a904a7e0aa6bffe1f9da,0.00016218846299399903
Source,03b5ca2ceef3572eb4b8acfbc7755dab0dce24ed790e6945339cfcbe631e838600,0.00016218846299399903
Source,0200000000a3eff613189ca6c4070c89206ad658e286751eca1f29262948247a5f,0.00021625128399199871
Source,020733281e6d5c7facfec05aa7b35034f00c480b5849544047fe4fecfb44cca663,0.00021625128399199871
Source,0247e163b9809f585a79ffc3ef5eb02f4f107f98a383d541aa436a6eb6007301a2,0.00021625128399199871
Source,028cdc8ae3daef07b08c861796eb2c25b217afc2193e23ae15af543094cd6b685f,0.00021625128399199871
Source,028ceb1b91e627a504eb50e5e51458cc148a08cbadf13311f1a23ce861d9a21da6,0.00016218846299399903
Source,02e12fea95f576a680ec1938b7ed98ef0855eadeced493566877d404e404bfbf52,0.00021625128399199871
Source,037d7494f666955d305c09b9f3b4ad4288c6278c4b336608a16129e94e662b3c90,0.00021625128399199871
Source,03b513503d0248b51d4a6803aa0401a234f219ffbfa69b8c8db79d49519f0d34fb,0.00021625128399199871
Source,022258b09e759f635cd595e7919e4a11670d999291350d8ef6b33d4a2c6d5de1d7,0.00027031410498999837
Source,022cea93c4e6428360d7b0077d07e64413881dd0115a5a875afc2c8ea4e88c88b4,0.00027031410498999837
Source,0260a4628b87385ea71a63551013f375548b28ed4e43523cef6e7c532c31d13ec2,0.00027031410498999837
Source,029028931d9f01ed7f36129398c337411ae28d08b4a12f3e2d6aa3ff8f695dc753,0.00016218846299399903
Source,0295b736c2f8c239bd80b9e6b3db808654c27e5350d631b9e60f7c98aa94be65fe,0.00027031410498999837
Source,02984ad5b05452834f3452deee14207c99fc84c743a89d7dbff19f29876d1b2b1e,0.00021625128399199871
Source,0261afad14eed44241dd7d3fc8cf6e100e80268eb45f6ea01949115ce52008fe6b,0.00021625128399199871
Source,026d4a5a0cfa2cf1f6bbf59ea53701e7f8e0a4dfaedefc56760f1d2e86b5d5d615,0.00021625128399199871
Source,02fae15f87272479d4b5610b2a4610086e8d16c952b704ef17a0bdfbc940f2b0be,0.00021625128399199871
Source,03811ae2bddbd1c3690cb4acb57d6a24d49aad9d185aecfd2cc30e8e599c40b041,0.00021625128399199871
Source,03104a869365cf9f22ff37287d6a830a87b6bec8febeb7f08360c09c3723488c62,0.00027031410498999837
Source,03f2e0bcbdfe16595d03fe3d02534ef46320662d73faa5b8b126a96adec4ed1eab,0.00027031410498999837
Source,03f6af4cd86737ac121d732d1fe6070785de274a41fed51490d21d812a148426d8,0.00027031410498999837
Source,02254eb2809dcbf40f62ad7f82ce2809e03b0714ed2107de6a687812b130a2689c,0.00021625128399199871
Source,032ee5d4819ce388109f495b208bb6f4412a3136001f0514b43b6e4de7dd03da8f,0.00027031410498999837
Source,0251f123e056a6be1f1cef15895a99e5bfb4ebd230dc45ee19560889ec57bc42fa,0.00027031410498999837
Source,027fc09b66d1a61982f9841376bd09e9b3d062fcca7186c620cc93330d52be6ecb,0.00021625128399199871
Source,02abb73c0b01d919ec1aa01f2b9b1cd08c7f17ba72219f7a93606c2421ef17cd04,0.00027031410498999837
Source,039e11ca3db394c55df63780e321dfada6bee93705dd7d7ea9d5b9fd5690b45d92,0.00027031410498999837
Source,03ea14e331727ad3267f2591a6e9b7294eacd68b4e8cf2e27f5f5b33ad3f048c72,0.00027031410498999837
Source,02f852a968c58d5b642a6ca4aef4ed4fb89cdf7a7ca1c09170c3a94ec82265d13a,0.00016218846299399903
Source,03020d74b997ca20ae30d54387d7f74ffcf9dc3b54586e79936f81fac1048b569c,0.00021625128399199871
Source,024ff0d07634390efb131904b10a64cf2e3300574b51902d493a360fb522f486fc,0.00027031410498999837
Source,0253960422fef56baa52c95744a7f8d159c7b9e01e8ceb5d93c9409eadb57286c2,0.00027031410498999837
Source,03111134808e9440e1d4d689f7616600d4d75351abc2aa6ab705cb3e8caf273271,0.00027031410498999837
Source,0353c0823a03655ad51b22af9996f416e0bee4025bdbb9cd90ea3587cd4846b03b,0.00027031410498999837
Source,0381099cfaa9a0f4010f3f7fd36ef53ee47a64033a7463127cc11c101dcd5fd4d6,0.00027031410498999837
Source,03cb995f953ea349c84fedf951dbcdedb5f31de9ff0e402a820b492be9be46ca82,0.00027031410498999837
Source,02533dda11cb40f684e4510b04e5cddb93c5b5d5ecb03698fd0b2c20aa8f897966,0.00027031410498999837
Source,0273c78077c749797ea4fb3dae572197d3a04425ace0f97e6e1b4dc1e85e250f9e,0.00027031410498999837
Source,031543e96cae326221d132740c0cc58f9a0a16b8f7d3df2ebf0ecf01e9aafa4503,0.00027031410498999837
Source,03d629680694b563637bdc3c4a8f384e4a521b69b50ab85e580a709474d0c67771,0.00027031410498999837
Source,03dd431709404589ca0e32fb8030125d35e5910b349ea57b675c9119a0d4bc6360,0.00016218846299399903
Source,021fb66003a74bcedc613315ff113d95a99c13d3b510ce380afb76e5ee27a5fa30,0.00027031410498999837
Source,02e3f3a7922d042b5b09c1309785ccea5cd3a1338931abd8d63ae518edb7a89e68,0.00027031410498999837
Source,024c9cb50ef078e5cbb82af9c841cbc46a2ddfb201a99ed4e652ad4ec6eabe2184,0.00021625128399199871
Source,031469d5375fcb2b90c0f37aad5724305902f23c7bcc3fe104d88d741e1baf8752,0.00027031410498999837
Source,033850b235db0e896348b9c469cb38fb9a6ead0b6a87f793fc8148879687accd5b,0.00021625128399199871
Source,033d631908f96640e8a8d376e62a4cfdc736172249b57a3f92f67f62250c9691dd,0.00021625128399199871
Source,033e8534ad5d23c48b2b0cfffe41a0731006c28857d9d59c6b7c5f70b5c280215e,0.00027031410498999837
Source,02c4f584c84ebf76bf3c18fb0f01262a921f240c528127c7a87237f19997c0f4cd,0.00027031410498999837
Source,0342087fdb6352992c46ee97c2cb805d87429124f6111a474a9e50e756aa5b79d5,0.00021625128399199871
Source,02d6dba84f80ac8e3c8525965f072ba044fcf3b41da00ca417308a9e2c92069499,0.00027031410498999837
Source,034a47176fd70e241504cc1b86b6a0011c1b89673e3779522d97b522d2f882377c,0.00027031410498999837
Source,03d064222fd2db11c553b7aef8d63d3ddfc6fdf4391d8e2f5997fc668f93789d33,0.00027031410498999837
Source,02adceb768d21ddd425b048665d80aae2e6cd2d7e937a9a31e0fcbfefb3e62bd6b,0.00021625128399199871
Source,02e8ff7cf72482fec25e7d07f2d1c0f880ec4d0e372da0f9db7c42c0025b919602,0.00021625128399199871
Source,03873e440565d0bfb40814de13e9ee6f698a655a8fc26566369a442d2b3ba2536a,0.00021625128399199871
Source,0237f18cff17be37bb0acaa1f9e8fd2e8df68746b822804a002babb42067392156,0.00016218846299399903
Source,02a6adac0244ae92fea654b8738d491d30d9d173bf4fb219ae449e059fe272b594,0.00016218846299399903
Source,02cbb2934eb8f3baae0fe1e633a5f34b2a2a1a59c32d522774efc7a7130a756f43,0.00016218846299399903
Source,02df6d3454bc4c0cdd9b6e5f04451f53c48d22300d3066cf4a8fb49effd025c0af,0.00021625128399199871
Source,024700001dd2f801c6489983b528ae4895e0815b34b60729affd68c4e681ab9f4d,0.00027031410498999837
Source,02db0e54f6692c1dfaf2298a7900d4cb315835572f07f34c157090c5c9c91e3f2a,0.00021625128399199871
Source,032f7dcbeb5a37105352186bc5f255fffeeddbfcde8e5c02bf88a06de9a415eaa4,0.00016218846299399903
Source,02f49ea881d143aa97a8ab464d1fcbe8da54d2b226c87cfab40a674e656a5149bd,0.00016218846299399903
Source,03072337da12c5752b82d04a09c3d7c0628bfc3920e92ba592d7d2e8e6ad1b752f,0.00021625128399199871
Source,02e69dbbb6a6367ecb1231d1e76eb0a0536e5533f4f12cb1edb5ba987e06cc4021,0.00021625128399199871
Source,02868e91de49f8c7025ee0d1936d50ea71870d283736ef5a71015179f6d1fad928,0.00016218846299399903
Source,02293df2dbc750493977c6b21ce9f9ee74d6ef492c1493e0ddd6bf37fcf790ccef,0.00016218846299399903
Source,02cc72ed58cfd21e8824438b2e949d7362e13768145915ef76ffd674509398ba36,0.00021625128399199871
Source,0391e71120ebce30b42df48f8cecaea13c670166b010d0d00388280db77a5d71e4,0.00016218846299399903
Source,03ac167b1c488f19fb964aa400da874b1a6e0067e4c256b52172a5fadc52be5007,0.00016218846299399903
Source,03db20a75ba913fb8fe79b28a09da9ad8e93792e21d077bb40c51ca122004d5006,0.00021625128399199871
Source,03fc8b5c254d4764d145b98a7a823791ed1f37c9d965d8068468f9711c44a76cf5,0.00016218846299399903
Source,020d06a56bcc6428b48b02c8e514b73c4bddceba844570abda2bcc46bc474425ab,0.00016218846299399903
Source,03f4a78292682704ebbdbdf5490fc23830e619b12bf0d9c9f234332a9b3ead720b,0.00021625128399199871
Source,032621b911400ac60a2c46869a97c9595c2062ea32a7604acba8dec1979f2c510a,0.00027031410498999837
Source,03b5f4b432ce0356d16f41ad4b5ec3127329188659914c9810696812687773afe5,0.00021625128399199871
Source,03c2088ccac9fb9293ed39269f0bc1469a2e3b45def6b7ad5b3072385139690cff,0.00021625128399199871
Source,022b74592de1ef344ede43249274c4b0b1d9b676d3be7bf0d55dec431a1b937cec,0.00016218846299399903
Source,028ddcb5d66258cf9744fca63a28eea73bf3a80e234479f4201e94713c222c1862,0.00010812564199599936
Source,0318cd91fe43b9f015707e3f5575154664a6aab931b102a910e7b6212a8e9a6dc3,0.00021625128399199871
Source,03dcb5541ae4330d784c5d3e6cba8f5950a422fc09138e7eefdfda5432e1c9c188,0.00010812564199599936
Source,02c94349316d24ab825252767b7bce64e9ae9f985696d3cf622cdb1bde87a13c30,0.00016218846299399903
Source,020e42f399df4dde6c1ba2289538812032c7d2f7b55d3b8caba46c3756efb34d9d,0.00027031410498999837
Source,0213331154d3314ebb58b985ea9a32d65c5667381ab4a3d7736327bcae5a98ee13,0.00027031410498999837
Source,0230610b5dc0c7a1f88461b8372216b4ab489e68e70ec6d859a8c385501d7d2d00,0.00027031410498999837
Source,0243d44b1baaa36a6e6fd342b6429472e2b6136d24dfe08eb3f132b977ebcd7fb6,0.00027031410498999837
Source,024c1781fc0f5de98ba537f0fffc967ad031a476858ee3e583b316ffb18216cd85,0.00027031410498999837
Source,026a234736dcff012b18d6ad4f4ba044cd13b5e75fe9e38c6af4de8032e837f7ca,0.00027031410498999837
Source,026ecf8fb50c1f482607f48fd570406efba3c5a5c78507de6692d18519ef085969,0.00027031410498999837
Source,029df59938f789b26b78167d43de1f7ac2851575330b58e26b8fbb1cde5d1e45b6,0.00027031410498999837
Source,02b32f30ed40f13f639c6505b9f4d539c6ab5a929d93997f38d31490ae298718da,0.00027031410498999837
Source,02c7fb53cc062b38f3bdb0350d2492624237dc86751018df90817818218f543f5d,0.00027031410498999837
Source,02c8d69329412d06c0b73f528fcf6ff23994aae1f6c38f184134804956657054a9,0.00027031410498999837
Source,02d2c60ea3d056c7923d49acb0d39c6309fc9f2ccee79ac79cb2283500b94d58a5,0.00027031410498999837
Source,02e7c46735a6a2fcb438bb41cac06414de04d13dadfef261d57c91dc40e2e11119,0.00027031410498999837
Source,02f96a7178eb8ab15b1046c3bc12b8068d30d058bbe6ae3c1864ef6e2075b42634,0.00027031410498999837
Source,02ffc75f4f257178eb33dd524e30bdb92aa9db7bba9ceb0aff635ce8f34733c129,0.00021625128399199871
Source,0301149e165db6c71869a147e75be738c45b0b9702acf7920ab87b6104beb02322,0.00027031410498999837
Source,03077abcb3f4626cf52037f774438acede7fe546fd2c3e2da26ccca520c3996046,0.00027031410498999837
Source,030d9cbd22f0189373d71db9b3635680360f92cd4d155fd71f6521148d7a580214,0.00027031410498999837
Source,031df9367377758ef6a167f218023c5a1dcf3994d3e96327d32f0f008548fe4236,0.00027031410498999837
Source,032c2cb64ef0b6d5f4fac7b474712517b461fdf30ca85c32ed8d9a35c752042fc9,0.00027031410498999837
Source,03354dac293ca70ce5867d9e4d1457713ac2da77abbd0ae3ef0f33c731a178503e,0.00027031410498999837
Source,036b3353f25266c31dde205ee31d7766de5615df6e13ccedeb6a119e365a292d2b,0.00027031410498999837
Source,0384c95847c1073a2301bfaaa12202ca61b7065b8735bf8223909cd313f384239a,0.00027031410498999837
Source,039c8dc0edafb41215711b281be6802e1b044f342328d6fd3e6a55e9cfd95c7bdd,0.00027031410498999837
Source,03a062c3783ca227991c202880f8804ac425196eef0bfa0a1978970bae215ed80a,0.00027031410498999837
Source,03af77cc895bd9c397d8a33f6346ca1b3711111a0c1ff8903801c6a8434771b4ed,0.00027031410498999837
Source,03b27caf887549b9fff3d1df887b3d9fb9c58b225221dba98f2b6749acf419ef92,0.00027031410498999837
Source,03bef49e6e3bfcd8a6b5762406b45fb93f86a97289bf4c866adca386b3ad985b7f,0.00027031410498999837
Source,03f48a5554ed4fbfd591dfc6a4fd1a1b5f89db5ac4bccbc0bfa071b70008117880,0.00027031410498999837
Source,03fca46cc2cbdebb85c4687e33995c577474c45d66c811610ad256312dcc0e1a28,0.00027031410498999837
Source,0331304d38f74e5bf8f9b0540e3dccea99113b100f2526844daef4414e20d56626,0.00021625128399199871
Source,030eff2feb31c376cacae193b1cfab45631376179bfa09e314cad1379d28d529ea,0.00016218846299399903
Source,03dd51b8f575484950cf2c6b6bf4bc94641639da779370563e63b4885e6cbd2743,0.00021625128399199871
Source,02281dfeb76cf67a252e50e5765f2c6ecddf2aa726f99be8eae8d1316ba2990f79,0.00016218846299399903
Source,027b3281848f5d30eceb51162b8f2a6c9027201edd8322ee4122e5db670a7c130b,0.00016218846299399903
Source,02a98c86ef366ce226aad6e7706959456e1701058915c3cbf527b37da143bb1441,0.00021625128399199871
Source,02ccdfc63e16c64f415fa9ba8d8c8dfabb532b73455c031f2c63ce14eb06f08627,0.00016218846299399903
Source,03154ec13688e1b6003205304ba6327f25bee1c218bcb31cb177f84a3994fd4c47,0.00016218846299399903
Source,03a4099179058d64158eddf7a5639984ca9ec9fc41981f204b934de7f86da791b0,0.00016218846299399903
Source,03b3967fadc640ae10d9de14af8729e26937cbcd740249daef354e5923800bbedd,0.00016218846299399903
Source,03db068d42a67b4ee1e85e564307f02dcd0e467cc0f81091b59ce98f6998cd319b,0.00021625128399199871
Source,02b43612edd01dd8af637aca7150790051b59931179e65a3c348f43004f2e3f6b6,0.00027031410498999837
Source,03295d2e292565743a40bd44da227a820f8730877bc3dfadebade8785bcf355258,0.00027031410498999837
Source,035151873fe89a454b5860703477eddc52ed10dcd3dc7422bd41710455cb8693f1,0.00016218846299399903
Source,021f9e0eb1f9ee6fce867298cc4ee3e389881cefb352579b57c2affdcc4724c3de,0.00016218846299399903
Source,02e440f78d01b317eaeae52e5af6fc501381b8867069c5a9ebaae293bd5ce3fa2a,0.00016218846299399903
Source,03086d625372c6be383f29c484bd0baac2895ec5fa3a5da8b2dece9ffb4c06242d,0.00016218846299399903
Source,024d24ee07c9cc196c765e592c6dcc4d1229d37551ce6bc6c3fedf948c79f65608,0.00021625128399199871
Source,0291badfadbd833b39870e30ac408e321bc5f32a459e4cf631ca2e5d522e2392f5,0.00021625128399199871
Source,032f951acc38248093470751c91360f8db0a1648477d2d6e9880f9fc10289d9ff0,0.00027031410498999837
Source,0355e062e304de30b231acb612bfc3bbfaa33fdcc98291a8f45b1983808865c384,0.00027031410498999837
Source,03f704ba0203627f8953320887e92e4ab3e19def2833c7cddbcaeabe882c9279d3,0.00027031410498999837
Source,0294774ee02a9faa5a5870061f7f4833686184ad14a0b163c49442516c9edac1db,0.00027031410498999837
Source,0206ea71e1d599b322ee30b06ffee8b97bb4dac48637a02e5a71de8e378d4cc8db,0.00016218846299399903
Source,02df3610eb90e2adbd91d8f27217b591b099d9b89cf2366df1aa3045f24f180bd3,0.00016218846299399903
Source,022a611fcc4b5bd21b25fddb26fa2375c7d8472e6bc45fee880b1b162aa6440ee4,0.00027031410498999837
Source,0247d8e178d652b6ec2bafe55f6060f17db1ac1239466838d4b1a180050bcba2b4,0.00027031410498999837
Source,02d494004634eb9c9a82c22fcd4c4730a918c0025e0ce02066da100607d047ab7f,0.00027031410498999837
Source,0302536817c335e45bcd0b10b78fd06bc246609405d98eb64672410dce04f49e5f,0.00021625128399199871
Source,03272336ca607078dfbb02a8b7e439f025a092265829c91607cdc656f4f7d545c3,0.00027031410498999837
Source,0361ffe20aa3ec0b4724f71be68a66b010674634093032be3b1e88a0d79b3a0246,0.00016218846299399903
Source,03d9bbbb2e361a7c66df97b524d00ac895a04c9b3e5414cd55c1856e1fede4017d,0.00016218846299399903
Source,020ad415d6f372045c0e97cbe705946f4f9e6b64d99ae50f6eb7a250b4a12b239d,0.00027031410498999837
Source,02641b15ce112cdcd4fa6c26a623a9c377354d1a775675de8499bea41698e859b4,0.00027031410498999837
Source,02a7872ff360a14eb67d7b05f104e26557e46e6d8309ebaf2fc0546e66db33f773,0.00027031410498999837
Source,02ba001a2f916ebeacf4546d35cbc9f3c7db4516e37b975e73d119b39258797603,0.00021625128399199871
Source,031d881e9146d5539bff954b3d6b94899dc0d74820d1716cf57855a8f70950d348,0.00027031410498999837
Source,037d8d64060a2e50a5bca74c4157290056323a34aafd06a9b359dec2fe7578f7ef,0.00010812564199599936
Source,032f444c0ee5d23d92b2774a3c5395241462e988779344579732c7b86013d1854d,0.00016218846299399903
Source,020c6adb32993f42786b1a42e1ae723d7c3df27467bdf715140fdc05f24664bdc6,0.00027031410498999837
Source,021eebd837d50c9c9b914d17cef2626c310f1c454e052bc4628be4f404bbe0203e,0.00027031410498999837
Source,02219c6a9e4cafd231b3376fb3abcdf16166b8e40bb56b73988c1771c512a5b9f6,0.00027031410498999837
Source,023483db5ca5ff88aa92932e99abb586490d247554d6752b7dd0a7a63a5b94c909,0.00027031410498999837
Source,0260c061f3e91963bd03e925a961464af37965a0fa8955c61278ce24e1377bd393,0.00027031410498999837
Source,0283ca0b7eca022bcf8f32aa418e5ff2bd375806faba40409cdc8e48c2b32ef725,0.00021625128399199871
Source,0296fa3b6b2cd6800b8c15162961b773f66733784583b4d36b27a97384b63c1dbd,0.00027031410498999837
Source,02c8f3c2e9236375dc2f54b74976b42e676b838d5c2edfd3bfd88e1448b06e1d4a,0.00027031410498999837
Source,02dc0b0bf7588d6dc2222449257dab187311464ec44d8c8aaa60f1312832518a2e,0.00027031410498999837
Source,037566e8832daf71c5c9ae230918058d210609e0ee3d2180d653a5c367efd6718f,0.00027031410498999837
Source,03e15bed387c1fdead17d238e321191c8c994d869c274865f912ef964e58169fa9,0.00027031410498999837
Source,03e6486e1342b53eaaf91b8f11297918eac1b74332f79f6237165a1ceb5c2bef9d,0.00027031410498999837
Source,0259b771e6004c8f55665dbb54524b6a615c1cb4c50129c6c8058d3d1e32544448,0.00027031410498999837
Source,026c2cad89b39690870c13712db01351682579c3523aa47041bf5d3bab5d71a14b,0.00021625128399199871
Source,0297420a961d552739ce1e4fac87136a984dd357b7c337b9db03c103dd38ac69fa,0.00021625128399199871
Source,03cf21f22b4fba02465b07ee8dac66f1029abdad6cb5adadb10699bb5d4e66f6c8,0.00021625128399199871
Source,03ef0429f4090bab2cca0add048a9377ba49a30c994e324a3e1b2c74177e00b69f,0.00027031410498999837
Source,03b79bae7e3ed3598569dd7c1fc0d30433dd01a3dca6cb387f7810e7ff9c36c6ce,0.00021625128399199871
Source,0360ff5cac24886e4469e64a685694b1b2adcdae9c4009e0e250a469535da7871a,0.00027031410498999837
Source,0203928a193fee8b9bbeee6bbe9ee22d725132ce7b1991b8d88cf83beb98c5508d,0.00027031410498999837
Source,021fbb330609e17e61d1c1c86199da1b02f5d334b064e9618d77789e3f9413e04a,0.00027031410498999837
Source,022a18900df553d41651e48e53b55a6424cef3eae5ac711b8695a8493aeff6deb7,0.00027031410498999837
Source,0232e383acbaf9ec89def15659e50dd178c78e72f3fbfc01ed6c6da7312413ff88,0.00027031410498999837
Source,025f4c3c1a2aa54a121101affa973980f3635a34903cc625d17b11a3c03eba0efd,0.00027031410498999837
Source,028922bae185aad841ca93f4dc65b15a53cf85778957b2b4ad3f208b8a5fc45e3b,0.00027031410498999837
Source,0289c98f76233cb68109c90eb52ae2280334f4196a4e199448ea1f88b5bf7ce705,0.00027031410498999837
Source,029ac3b6ca0a78e09c6f606cfb1a795253f56a72dc93d8c5fe4bd58a50fdb97507,0.00027031410498999837
Source,029b1d528c2258ea690691f1cadba784572635b4f2a1e1c71313c4b5980b442195,0.00027031410498999837
Source,02a1ea1ec0502e474d3c634f60b9c1cfb85f404ecc1559a260b8ab63cd95de6ea2,0.00027031410498999837
Source,02ba34fc775d8455d3e5a7c9bd89f659c5f1c81f32a1923d628c1ff14b7ea10655,0.00027031410498999837
Source,02eb0813bb63d41df3e8429569746c23e77bae19b35cde0cadbab7c31bc22a5476,0.00027031410498999837
Source,0333831ee79809c923a2ef28b6e9014690de0427f8429d9e1c7e22f7f1d843b7f4,0.00027031410498999837
Source,033e673d247cebf28451fb07e28092afbdab9a07e6f4180eda96068aeb3601f9d8,0.00021625128399199871
Source,034afde6b7d9d929b6146f074b1c6b9c3e4bb6b3886dd37e6c189b2470e6f11488,0.00027031410498999837
Source,036e38bd339b48324b1656ad49aaf2016e7e8e43716623d120de74b87b82990130,0.00027031410498999837
Source,03717485e436f03b4f1ec233103f39a8998c6d6fda13f6708c78f847f68c731d11,0.00027031410498999837
Source,0390a3fd1c5daedbfdbf0e4fe54343f7da6de93cd7a47d20087492451e8b7cd86c,0.00021625128399199871
Source,03a71ced1851d11e473cb0b18a230e75d11ca3ea4c9bc98765e7915cf61bd68922,0.00027031410498999837
Source,03baf53c516a27ab7d6c352786e95422905ea781a7b05beda631656e4a94319cc7,0.00027031410498999837
Source,03e1a0b3a774b98a2743a152b436feae5d0af5881630bd0b67dbb70b288b120be4,0.00027031410498999837
Source,03eb31df7891b85153fc7292b7ecbf793da64b44d54af8019a0e827ebb8667b472,0.00027031410498999837
Source,03eff2d179feedd09744a54d19c6644c02e6baaf1095cc1f88e08a18fcfb39f475,0.00027031410498999837
Source,02127ca447d32089312d1662841a2572aba5a29301bf4e88a30ffc291037bcde39,0.00021625128399199871
Source,0249403f62becf33ad491ef88be42e5beb26892ea57312c7b31ddcd2c9a2f83dad,0.00021625128399199871
Source,02d1567647ddff8b96f72f0b5cdf6a91d6fea09c6103d24992878c37e3ad59294d,0.00021625128399199871
Source,03356b37dface56c07e41acbba7ff5407b81f2ca2b6db6f3d5b76f635fc32c5ea5,0.00021625128399199871
Source,0373541bf5247ac92ff242b4be494d2d9c94f86a9d80e6fd90b755957c4bb32342,0.00021625128399199871
Source,039e892b523f8a65f471c3358ed371157c374db70ceb761559207c69e37afae85c,0.00021625128399199871
Source,03d07fbb3b2ed7e6811050dbe8dd519be5289354e1cb6fe3bf003dfbb9d2b70455,0.00021625128399199871
Source,02d08f72a912a893dd00b615f7888be76e4a8871a057ad4a1e7d52c1696d412e6d,0.00021625128399199871
Source,0210e4093bb57fcaf805e73103676df8e29f9a03c2a233803fe1d58fa4fb1700a0,0.00027031410498999837
Source,02c48691083ca828c86dcd562e8463ad2da8a31d3389ffb66704280ff0cb25ecf2,0.00027031410498999837
Source,030a834fb6851f0db97f424a46df3ad19d4c2a73e99739add84bec408fbb43afa7,0.00027031410498999837
Source,0346b22e49e9dc8bff23f312e7e2ee2dd26dbd555740ca175431e7b716b548a1c5,0.00027031410498999837
Source,037c3ddd8352e63b654fcf8813a989c87fbc0a98e32404ff75908b96d260a3d04d,0.00027031410498999837
Source,03c48cbf5e0fd226327089c2ed42962b06eecf7fe756ffe2770f52d21817eac3fc,0.00027031410498999837
Source,020317c4c42bd470ca817c4287108205447e8f59a4f4a9c5fe460226335de516a1,0.00027031410498999837
Source,022d02cb93edec9e72548dc636bcc0a710f82d5d230cf45dd0005a2d4564177192,0.00027031410498999837
Source,02bd47ba332d992252baa32edfe6a50565bc27dd40b3aa4d83509d977ad95e4ff2,0.00027031410498999837
Source,02ee4254004847fa44755d0113aa2cc44e56cc55f305d6f970636a74815173e592,0.00027031410498999837
Source,02fb51afb21c6a80c45b0f097c579a02e02478c7c294a9e6b5baebf45d47376bdd,0.00027031410498999837
Source,02fa1cff2aa510b924d243a82211772e0424ebed075f27435980acdfccaf9b7530,0.00027031410498999837
Source,020cc974f733c32907b1a8cd7da6fc6c896e8eb45e1a1c3ec28a46b69b2fefe4ff,0.00027031410498999837
Source,020ee91bac38da99042066aae23ced6fb71a40c6f4b7adac8bedddef4451bba4cf,0.00027031410498999837
Source,02124b7f45adec0ad187bd39f1289b269783521975422613de0db2a8aa35de0aa8,0.00027031410498999837
Source,021a208f06ead6a9bc041d3671baaa2786829d2d0f75ca2c1d13e535890568854d,0.00027031410498999837
Source,0220ff92d757d05a243a9f94697a19238043d4a384b8ff59144ce67dad158e83f0,0.00027031410498999837
Source,02272d3ce316b3c3e8e1bfb3df59cca15c11602383f18f9e395c28974e98317fb7,0.00027031410498999837
Source,022a3d575fd624ce2d298bd3d5253754cfb77b5da4bdf6409ffea8a5c4314adcbf,0.00027031410498999837
Source,022be1cfb822c4e8a6bf33a1ac9fcbf9b1d1159aa8905d42bd19f95c6716522446,0.00027031410498999837
Source,02469b7393b4ed3ac58f4c950874f4ebfcd6663bfda0e3a4bbf138c6558b749ccf,0.00027031410498999837
Source,0253f4e28482d57ab5f144fc547d2a8a2a5e15e293744ffba9091236a634ddc9fa,0.00027031410498999837
Source,0267aef32ba2a313fa749d74d62bfccca75c2e0221a4bbfbf1798bcd1f230187e9,0.00027031410498999837
Source,0290f9ad80d3ee931913a6fd9d5c1c86d542514d9c7e06eb3c066fa2258010c8ea,0.00021625128399199871
Source,029391fdd81ff6f63d2cb94b913d6b3a48b975f22baec10c24bae144a60aa5be8f,0.00027031410498999837
Source,0297662df43ca0bd696810a321509ada7502a0765d86c7e268833b3e32b01b72b4,0.00027031410498999837
Source,02bcdd00e45722d029459e8d6330b80d047b68ac52116204aed2bde65857c9bdc3,0.00021625128399199871
Source,02d49817859dfc2a60efa08dd7ba981956ff05372779fbc3d9d374fd0d5ebcbe9d,0.00021625128399199871
Source,02db41dbccc70cb27b71c8d98b8357e0bf7a07343d96cf3ac2729d2f4cf465b061,0.00027031410498999837
Source,02db5c26bc084467a5e8b7a621a096c70998d6eb844f6e50c36148125b27839449,0.00027031410498999837
Source,02ddfd255fd51d4dabe5db2aaea0e19f6525e26fa927887c4a6ae066359f21830f,0.00027031410498999837
Source,02e7325acff0bd65e0425a30827abdb2b73cd08d5436bd4ed0fc9e08fae0c25835,0.00027031410498999837
Source,02e819d753f3ae38d7e5988a04c7985052318037b2e48cb38bad0139d3ae84d143,0.00027031410498999837
Source,02f6bbf85dcd8a657d13b344915ce16f49cd202ae2c2a46d0316d054cca7b6309a,0.00027031410498999837
Source,030aab5c621745f2625d2a67a0ad523764f0bdd07b8d73f714507666425a18d857,0.00027031410498999837
Source,032fc2f0e2b941c4aa2bf78051169baec5127c001d8cbae55c1701e96c6c6a13d5,0.00027031410498999837
Source,033d961e09b1719d3915c543f30bd5bf7e8b6b7edeb4ff831ededf099fb5f56f42,0.00027031410498999837
Source,034502f5f7b88f56fd0fc51ec0989e2cba3ae30f6fcf2198d3cef04560dbb24e2f,0.00021625128399199871
Source,03520be7c42889da6c1fa568a86597fad52f6fcb43402c7a25871494cbeafe9421,0.00027031410498999837
Source,0357ece6a8c1e12091a0937bbd2bb3b7d54c3372019186fb1e7dfe2bbc9dacf063,0.00027031410498999837
Source,036963b40d41c0201401c7ce3b44c8c68308bd37d684cb24a33afab5a3a541485e,0.00027031410498999837
Source,036d58938a10fbe3ee6ff547246ff5a016b2ee378b43782b95bd184c163247aa9d,0.00027031410498999837
Source,03727079c754ce7dbd3fdc075c3f91a11ce635a2be07698b8d5ef0b624e4dccd9c,0.00027031410498999837
Source,037f62c3f292f99c8ec1321764ce76b18592eaea06e1bfdf66eda15de965716f90,0.00027031410498999837
Source,03869d7a74d7eead10fded9ff6532bd7c25feffb013d23dce53ec7ab2c6be22269,0.00027031410498999837
Source,03966efe7f8bee6b97fa050170fd42a2853a65d98e7b7b685903b13f6f288457db,0.00027031410498999837
Source,03a5d266485c0423bd6fd186777f09509708443501497211b06b00aebb7c8f14a1,0.00027031410498999837
Source,03a95de1a86fec848b1dcaeab03c51024abf6f78e3a0242039edccc8c541d44698,0.00027031410498999837
Source,03a9ad6b1e544f6fb56a4d2bd406ebcd80dcc3461eba3e4ad47b8087a4da92988c,0.00027031410498999837
Source,03ad539ffa4871b91883c52b16a6e2ea41fd3215bede37af20de9e5bc484133c77,0.00027031410498999837
Source,03b3702083da5fb6754f5011a3308ac4a28f52b767b19fa6ee9862c58ca3ca06e1,0.00027031410498999837
Source,03b729d5d22e4933d814a3f13b439a8b1dbf1684029265e3064b6591523208b903,0.00027031410498999837
Source,03b8c3e3a6f131e51021209206565e0befc38bd7b7294d936499a42ed44b78592d,0.00016218846299399903
Source,03ba924eebd07c54ca8e4eab36bf84fce4b5d4ab20db02b900957833db6f581e62,0.00027031410498999837
Source,03cd43a2c3d2e3f05c9bc7f41334b7b231fd270dc8c5f8f637f4593a867e19962c,0.00027031410498999837
Source,03d0370b0ae5ac620707c0c176c215933d5f68f48aeadd6cdd42ceb28772b5b868,0.00027031410498999837
Source,03e0a296a5d28722cc7736abf18369ef3339d1526144626d987eeba05da79dc6fb,0.00027031410498999837
Source,03ead98a1682da4c3c6c7a3015ad9ce0bcabb39737439412d80c7c575c70424c37,0.00027031410498999837
Source,03ef662f0906a5e844a9dbd0420777e8b7dbde357e0888266cc53480e86d9850cb,0.00027031410498999837
Source,03f4c02d17b462083226e21c6b24f89dbacbd2cc50b593b2c82b7c0f87970cc06e,0.00027031410498999837
Source,03f7be97a1757677b586af487c7dac8781e25e873c0ab6cc5c4019f1ecbaf56da8,0.00027031410498999837
Source,03f80e3a187128667b2300a90ee7034f412749d02c649b3b2278005d71691a0f72,0.00027031410498999837
Source,03490631b84821d500dc9eb7cb1c1e35ef5fd47a9f75a23dca8a510ac0dd3463f7,0.00027031410498999837
Source,03e1ebdd47559f695cb79c73c97c6b29ccbd17d939e419038ff28ae9d4d6bef1e9,0.00027031410498999837
Source,028c8c9b0b588d00afabe905799aee0225a9315cdb63d7646b7ff7cf02fe4bf643,0.00027031410498999837
Source,02208e802b3c514bfe67b3e2190b1340e9172b7556db31d118ffbe68afdf89f103,0.00016218846299399903
Source,0255c2486601d90c305021fa738c9494f5658cf11691d3f3883130f9db51fb5e86,0.00027031410498999837
Source,02900cf2e5766c70067e86d673fc5aa93fbeeec14a48f904210123677f5c739d8b,0.00021625128399199871
Source,03213c5175050fc1dfe0b4560c0cd5c6dd6bf4b25c2f11df0285384d0402e0d397,0.00027031410498999837
Source,033aa6af6dd132f1bd4cd905b46d226c357651e17dc5a7124b19c2eb81a78a762e,0.00016218846299399903
Source,038310c4fcdfb663ac67686b640ca04c756f919143e1f77bce840d70b347ca250d,0.00027031410498999837
Source,0385d1dd709be3c34e2323a1ce8592806770c0c581bb1f61ea36ee2a6049e108f8,0.00027031410498999837
Source,024ffae29fe81aac2dbe8aaa702488fa2b378d3d1f4bb16589a335e1e84ca51263,0.00010812564199599936
Source,032156fb75dffb5bd19edd99b459de31eeba48bf174d0fd5c22a24962266809d13,0.00016218846299399903
Source,02311d654cf5ed89957750578373fa000fafec034dc30e68a53d9667a2bd72b80f,0.00016218846299399903
Source,02f039960cfb8e4ea619d3091ae83030cfac6ffb35321de039e2af359b34ea0faf,0.00016218846299399903
Source,025e2e07ee08af3d5c9b04af84e09f1181759a8cc6aa6477157ce633c120eb320d,0.00027031410498999837
Source,02ba1722c9beb884f6bfa98181032054c5b7fff0c4408ffbc1bb856381b6350868,0.00027031410498999837
Source,03da97ca927ea3bfde331d5bb3ea150073425a00be49930b1dc9271cf1a15f160a,0.00021625128399199871
Source,02b4c9bcd9140037c2425d03ed7f8e76c323e571ef101fbfaa363b0f6790e78d44,0.00027031410498999837
Source,030b5680af650490c4f78554f167e6bcd81538d48ebb6f5ea66a854ec523656d41,0.00027031410498999837
Source,02195f59cc56aee9266d4d335e08fe7a548b43e9569385ce9ff23fcc982fce60a9,0.00027031410498999837
Source,02872ef1de8447368d58f2b14211c3eb751662a266465a8cfe8cc54ef5823c8752,0.00027031410498999837
Source,038aaadd1d3c4349a093464a253893dcad33cc07afe94c5986fa0342af63a82b82,0.00027031410498999837
Source,039243cc1d359b3b93d5c7ff70c933cf14ec2b940c7c0842cfa5616f817a571b24,0.00021625128399199871
Source,037074e315ade887ac91d7156a6ba9962ccf120c124ba9a9051b0bc7a8e36b76d7,0.00016218846299399903
Source,037625e30d04d39773c5456a7fb6d97d53d1d2fa5f74c70c654d75d7009e5b7f3f,0.00027031410498999837
Source,03dd204927a5fd79e492f4c947c7660bb29cbd8f1ab9412659a35822c769faaf19,0.00027031410498999837
Source,03f311f6bb92443e93ee75af7b8cabe0b8bd49f7eaa2757086124c1a75cbe2bfcd,0.00021625128399199871
Source,0230aad646c09d4e105ddbab4746e8ad88ca047a02c67b851fd26d0501c3a48536,0.00021625128399199871
Source,023623825bb995508e2cc11ceba695279e49e7742a182193cd3c5bd3f2f4057307,0.00027031410498999837
Source,02654d3c4b804bbe87d81ea4dad6a0ed3833b86fcc07dd62a229d90590808db8e2,0.00027031410498999837
Source,0287fc0d66cffbec1346ee321daf97a01a020c6fdcde660803fb068f97460a8a87,0.00027031410498999837
Source,02f4940a6d23d1d2cb357b857b4062bb0322c29bbc277b93349263f622d7f10e93,0.00027031410498999837
Source,032ccdd719caf96f32d517291773adfc5fb5e8834c7dced87f824190f3faa81e27,0.00021625128399199871
Source,03844c1b65d9d155498fb49652632007a4d8884a0442bb74318cd211ded3d2b5ea,0.00027031410498999837
Source,0203953114c37a47fff2a2f78a4d4fd86a2caf43e1dbc49a84398e08b5d5b396e4,0.00021625128399199871
Source,021e3e26824c38c36cf2c96e48f5f3b3366567f907322aef604726177616ffddb9,0.00021625128399199871
Source,023960dda6dee6491824b952f495d9a19309b64e150586dbd69dd35079ca59bf2b,0.00021625128399199871
Source,02443de4e699ae2ff78498999f21b824203ce33d2f19e137f313acbcf2576d3d5f,0.00021625128399199871
Source,0247ca1eb1edc77ce750fb87cea23c7b954b542f5e97ecacfe72d0bf4c1fb4a7b6,0.00021625128399199871
Source,028d9bd0cb880f413a906b79be449b422874326499cffb9f3b4304aa1ea1988fa1,0.00021625128399199871
Source,028ea7f722869fd5272d5157ad9049510109603fe12705407745854ce86e134779,0.00021625128399199871
Source,0291160f2339150eb56569708f05379a81ccb2834e729f05b16bf4c93b86694694,0.00021625128399199871
Source,02a36d7c74c0f7bbbc617b6c285d44bc107282b531c319dce89f711aa342f5a22f,0.00021625128399199871
Source,02b8b55bbbd5935694b9f9c0f49cbcfc68cd28c01d431db5cef614ec4c55d5782c,0.00021625128399199871
Source,02bcb38a8c33bc3a7577347341f51e108a37920179c40a84997c2f7a0e7ed96eda,0.00021625128399199871
Source,02c9585a8b5131ffc3609d9051db18ad6d09f571c51235853931d35cd9ad1bb01b,0.00021625128399199871
Source,02d61a1f92a361f3096c0cb80bdebc6cdc6b3f28d4f165ffa1d6a4d27a3ee45836,0.00021625128399199871
Source,02df3516074a761c01d4ee3f14920dd6577eab3b0da187e24992ac42c5724f1478,0.00021625128399199871
Source,0302f6122318b58d15fe00763e4ed8164337480ddf6ec156e7e4d6dda06d05efc8,0.00021625128399199871
Source,03107cee6563e2765c91571b8b71d8389921aff6ffcbdf5c46a382f510a75ed28b,0.00021625128399199871
Source,0335dd6441032ab9879d4085edf5399eb041fe74974d5e5e6504db200ca0511fad,0.00021625128399199871
Source,034189bbd3ba24c52edb762e13f9efbe54c1a66a8339d2a3f89788ff523553954e,0.00021625128399199871
Source,03420dc9c504f6dbad0c8c6c3c1fc97becd2e1999db02b90581ba695066b8beb3e,0.00021625128399199871
Source,034a8946cb3fd6d3c6e4ab3335e9820747286a4efee6dbd1e11653849e18aa6e57,0.00021625128399199871
Source,034b4bdfdeae0d01459bdcd5b5a88322ab7d351a4dcd6d107a610bf59940a979e4,0.00021625128399199871
Source,035798cd01cb4a16cb4903b466acc962571ad684aac24ec41f49b0c4593120759e,0.00021625128399199871
Source,0367e6bb4ce5f5ee58b723bc933b7fd3bc1c4b3ec7e8026521c0b03b6653ebe13b,0.00021625128399199871
Source,0389d3b7df88796a449b5bdb57ff295e0feec35b6ef5017a15cfa825f403a1a359,0.00021625128399199871
Source,039e34380a003e5bfc97824853d0f0cc5a8e67a8a5a5c2035089676ad5eaf71c36,0.00016218846299399903
Source,03a6a3b799fea3336f39730370ddb788a81ae7161b5fc73a4cade701aa4dc08f65,0.00021625128399199871
Source,03c5cf91ae02de911821c560bd65c46fe30c498081c5fb89fccfd39c6f129cd092,0.00021625128399199871
Source,03c96913e1c77ef22053cb36b21e8102a9e9e3c89621c421d58d68275596c4cd16,0.00021625128399199871
Source,03e5d53903af500e41332d7eb48e755c8311120b0e48d41f9100672b7aab974541,0.00021625128399199871
Source,03e9ad89bb63605fe7d9c0a0824c674cd8ec63a7fa7f7a3e032ce8bca1c640e06f,0.00021625128399199871
Source,03a55c7537333045fc8fea43cef6174f5c5e2539f481f0952c2a322280362e9d03,0.00016218846299399903
Source,03c1d1e87bca173dcd7064bb6701056a1d2b3b04ed5d6962675fc4b5892bb70164,0.00016218846299399903
Source,024a4aad26583790132c0b5a45885e9441f8a5ebcc3aa73ecf365c037154d9980c,0.00027031410498999837
Source,02931272beceed03250c4ae8c1b3f7d3235b7b1c0e79f304345e4cb8e449de5e0f,0.00027031410498999837
Source,02a8adff3920ccd876ad6f5a1eac7eb47844f03aff6bf37a06eac9fa6caf4cf973,0.00027031410498999837
Source,02e4bc9af91b875014f4b23a392376cbf27366aff530bc1867199cfb492ea106a5,0.00027031410498999837
Source,02f98080a5426a5f5ea94d0286fd291700872b932a8d80080bcdf5ee394fb8b298,0.00027031410498999837
Source,03427cc090dd6d555abcaa0554a36f09c427db57a51f42536bfc950d50ceee9526,0.00021625128399199871
Source,03a6a7b9ce90e5cf19ea031b25fac20b4a038be6cf44d7095ca5081427421b3e49,0.00027031410498999837
Source,03df7bae6720ca7b0a2a9e8a4214e8d480c8816c57022a9c435d2bc057266852e1,0.00027031410498999837
Source,022e9a32023ba0975a08076006a91ffab8872f5efe35319c094949d17b267dd14a,0.00027031410498999837
Source,023339c74bf5642876338229f62305a2b0e85ab052c75b224f04c3f4e261ab94dd,0.00027031410498999837
Source,02458c322518069b0a8c7490853289ed2c6a8aa838b78f1367808e99b8c9705c9e,0.00027031410498999837
Source,02628216298ff6fd6d68832fac7a235a9cbf16d6b8b2aa6fea9d16286fd8fb8972,0.00027031410498999837
Source,027ccde460cd4981979aad9b95d2e389a0387d227d081a618ad4cad0700a1db5da,0.00027031410498999837
Source,027e4e2d917d1962ca81a074ba81c23ac56b2722098a4517ef63d495f9a9544c2e,0.00027031410498999837
Source,0289c856c1d94ad399fec3b75d754bb30a226136b3170c1c0977f8e468aad9c305,0.00027031410498999837
Source,02985982651d61ef8ad4d6b86cd8dbe77be8cef4d43a57e83fec8f598082772b3d,0.00027031410498999837
Source,0298bec2b7f29646098a6eb48538e3ef345b64f1a9cb5a7074d97f30e19bee8a79,0.00027031410498999837
Source,02a10b442aa494adee4e3cd432da03744fe8f30b49384f9977a8944180bb65c978,0.00027031410498999837
Source,02a8ee7d6b92809802d55d94e44fe48e0911ce166ca6e6c468a2afc62aa105fab7,0.00027031410498999837
Source,02ae18cc27d0de88253b6238b810a71a3c15a0b5a92192c5e9728d5fe8c3327930,0.00027031410498999837
Source,02b48c83c10a916e4a0df990a99a976f842ed4e85a0337aa1bb4480f914aa066ab,0.00027031410498999837
Source,02b525dd5506493dff1535dd6b7b7add946c9a4911c033537db09e32e03eec744e,0.00027031410498999837
Source,02bba24c34e9f0f4c3efc8f0d935b9be4d6cea5c1478df05f8d9af8ac51518f840,0.00027031410498999837
Source,02bf1a3bacca4960fe7d1775556bdbc8187ff9db4d0d404b07a5b8be4445f9cf64,0.00027031410498999837
Source,02d29c8aefffcbcd4336ca3a04ddee7a4ebbe2e291af748e161401433f75d34cc4,0.00027031410498999837
Source,02d75a7d40a58d13aaa1e8eadfe435a1e317f14f124696fb6223f62191650d7a66,0.00027031410498999837
Source,02d769fd092d5ef0596e14e5696e2e9ee366def80973a3c196e5010fcae7f90466,0.00027031410498999837
Source,02dd5649b3b872024e6c9cac775fdea95f08c05a5fa9575e96e214b6a90baed438,0.00027031410498999837
Source,02de68e1e716630befdd760170a51377eb4dec47fe5bc44b1aa56b9d672d78f254,0.00027031410498999837
Source,02deb807c67c8a021566ef9edb88cc9b95e7ffa979fd4efaf7a2a1a6cbba154b4e,0.00027031410498999837
Source,02fd03dbfdcbdc181d51602be070af41c9db3bd8e3274d64e5a03c916c0143ceb1,0.00027031410498999837
Source,02ff3e8e1abb82781615357d8ade7d36560a1980c2eb050f7a500e9c059661c21d,0.00027031410498999837
Source,030fef27af4d96bdbcd43ebcfa5e555ce4b2611abcce2eb18c2649b4b9ad983294,0.00027031410498999837
Source,03191b955d600a8013afb007323315152202caaeb1f378df4d7661e9715e51e896,0.00027031410498999837
Source,0321bc22e313f2f83cda38165a0b787ae365821c34c9c6d54515b993c33bf85fd9,0.00027031410498999837
Source,032d22bc475832821593caaffe92d1c54cda7eb089be28eb4d1f764940699c54e4,0.00027031410498999837
Source,032d280e27c253bd1ed629986c7818fba502078862329a1cd8d9e060e15c292bdb,0.00027031410498999837
Source,0351a61a61f9426f57bd20abcc57edbd6712ebbd53337b540b96fb6b1482089b88,0.00027031410498999837
Source,0357ea880fa153a5359487915b69da4419fd81d3f33469bbdd029544f576f10bd6,0.00027031410498999837
Source,0358736293ef66ba42609bfbbe8604d66130a8c6cadd4a03807d77ced5a0407c84,0.00027031410498999837
Source,0365dc280825324f35d0efde56c7259cb69e95ec28ddd6ec1f915323dd89de9b57,0.00027031410498999837
Source,036a5be0574d4d086ad2261cb99fe6e032bc3dcaf84732e1bbd954d3204824516a,0.00027031410498999837
Source,036ddd507a46a16a708ff865d423dcb00eb3e415c0d2811eaeb576aca4edda8f05,0.00027031410498999837
Source,03705da1723196139fb5c811412c78b8172f360c5329c5c72129b7279a394ed255,0.00027031410498999837
Source,03803ae278caeae45e2b92503e205cf50d81278f97eb13df0d4dcef23653a336e0,0.00027031410498999837
Source,03a672bae580a33ce3c9dc0b436eee0a372f6986b2c35b3e8744c5cf4762d53ac2,0.00027031410498999837
Source,03ae74fc4fe5e6b81ddb839261b8c8c76175d613b813a779dddf83429213c24f6f,0.00027031410498999837
Source,03bbd68a24510d26f0b3fd07452e4142754eda0ced1fa0a2936d28fc4c2665feb5,0.00021625128399199871
Source,03cffd000076c31e085168a55e18dfcf4f3d068ddae8a7a16e10ae121cfbcb6cc1,0.00027031410498999837
Source,03d1324d6b64068a73562fc1a59b7c4afde1e0d97fcdfe802e2fee5818358d3a03,0.00027031410498999837
Source,03f5a67d5458e8b6f0e711d1f4f3011445010f6c4cb262d66919ea4af205ac5da0,0.00016218846299399903
Source,02e4aae1d5fd5cd75f4155cdfc4f02c7afbe4856dae3d5bdc7c05584c8bd2fc152,0.00027031410498999837
Source,0217664407a42f66eda9f01ecc77a37e7105213eeb234647ab38f3821190dd8490,0.00027031410498999837
Source,025e4ddd0c765cdd06bcfc03b7b71a6e8bc9e15729f9543978c0d9b9bb7ef246ed,0.00027031410498999837
Source,0286561733a5da2ce948836d911048042ca73958e1ece765e074a2898f21942783,0.00027031410498999837
Source,035d5460df729d1dd3f2a86ff986b86ba40a7f3043c41e5c42f4cc1a3f142dad14,0.00021625128399199871
Source,03a512c4779e1b3eb7fedc6d3af2d82ffd9f2e94f449f064c47e00ef791056e9f4,0.00027031410498999837
Source,0289411927ecaf49467c44093990b6f446a5d9b396fb6663b070c3f97e1b9359a6,0.00027031410498999837
Source,021021f051897083d2d2e2c3f127b31c758c2638c5c809827d0dc5888504542946,0.00027031410498999837
Source,0200420ebfb0c6162e7dfcbcb5ca23df9f423ceb0536617d1b4549fc4efa6a15d5,0.00027031410498999837
Source,021cc0556cbe15031c85158ea5ad7c702773df48dfc341887449424db5bd6d7685,0.00027031410498999837
Source,022a7dfcfa3195ee2956cfa0bdcd532613af275bda3820cd6da9c0bd25134a7529,0.00027031410498999837
Source,025bda434ff1a69b84e9dcc18442bc4eaea22f9d92cef3542d4406ccfdbbcace30,0.00027031410498999837
Source,0262fab779013c3db8ae5df55181c5a0696d39869f752d3c775736a7437eed4f13,0.00027031410498999837
Source,0293970421a7963252f1246ec0404640682f0fb4ae7e202debb25214ecf5d5a49b,0.00027031410498999837
Source,02cb471358ea308f306da4c3e07d74d3d9376dd5d82555a847fa34b838e7e37bb6,0.00027031410498999837
Source,033aa055bce65d48e2853b88bde27e54456cce2f67d34c14546a2e18fa2d7847ec,0.00027031410498999837
Source,0340187e95ea6682c39a30fbf596a0dfcf3e3558cc2ca906665859e054baf6be18,0.00027031410498999837
Source,03585e865742093e40b6a6d25b607f52a0b8a0dc9615f718e078dbe03b5704bd45,0.00021625128399199871
Source,021b0896ae139e9edb4e5e25fd20c045ddfa129cae85a156d68f598a78cdf7e50b,0.00021625128399199871
Source,038141f9cf7508a1d2fa1206d9f7ec3c64e6a9269bdf9bff9aa53bccdc2d75cc96,0.00016218846299399903
Source,025227a3ce655427812a8fcd81525d9e94029bab8a374f4c00000c04b06ac403a2,0.00027031410498999837
Source,02fe3bf758f87d9b0cee6bdafa52d04650daea8c48f7178358b130b62e132c6f5f,0.00027031410498999837
Source,037ee29a3e36d46df53155d4a6dae29090bb35e852b48c86fc46fabccd34c4fd7d,0.00027031410498999837
Source,037f151c2ee2d165d3a03be4465ba0b0f66b6f4423eb33b558e8bb84c5ba7d212a,0.00010812564199599936
Source,02f79d2fe0ebc0346a404153cceb76f4797c362e522a379dc80a8daf2e248b104e,0.00021625128399199871
Source,0341a7227fab90a8ec55fdccc5c3d2dbb407b0924f7ccbad2b594f5891ac4a1c9f,0.00021625128399199871
Source,024a577b9cbb0471fe6e01174d5c441fadebb40b713968da9346e7ff05d2edad4c,0.00027031410498999837
Source,032e904f214377494c95817a050ea4eae8a6fed4758a08d5d0d113452060fe948f,0.00027031410498999837
Source,035bcfd97d41dddaeb654a9de43932e6285ffcd45e75e1345ac8abbcbe15828fbb,0.00021625128399199871
Source,03c25c44b4cf5c19b3b45d61da5bd62e9ddfb6d923bb49c82872f50dbc3261d7dc,0.00027031410498999837
Source,03e54c8ea5895e7510bf57ad7a2a59e5829067117fab9354130cca1ce6e43772ff,0.00027031410498999837
Source,03fe72ffbde93f3b262f6a713a1a0ac93575d52553cf9216a341a573a5d9949b19,0.00027031410498999837
Source,020080a6a379cbf6f2d6a0231b274f311899b1f6568d73d7ff4032536b394df3b0,0.00010812564199599936
Source,02154bf0eb878140c4ae14bd7cc6ce8964a56eb4ac2753774839db1948c30f10d0,0.00016218846299399903
Source,025b4fcc56beb735219eb55f2aebc9758b5f260d72c58790dae12128c5cf51a377,0.00027031410498999837
Source,02c7bb6f29f09d92d40d62d64443b688891259dea324406b4678df6235794f24bf,0.00010812564199599936
Source,02c92490a595e6191f85ccea5de61601ccf3e056a74c3bd712e6aa960709ccc69e,0.00010812564199599936
Source,02d649a761d41005105dd764497713733f21d9bf0fd1a53fdfbc64b466e370109a,0.00027031410498999837
Source,030a58b8653d32b99200a2334cfe913e51dc7d155aa0116c176657a4f1722677a3,0.00021625128399199871
Source,0357d9de9caab281d82742cdea478e4310f49e70b7d2ee8a3d6f3ebbddc127f0ee,0.00021625128399199871
Source,035ad2c954e264004986da2d9499e1732e5175e1dcef2453c921c6cdcc3536e9d8,0.00010812564199599936
Source,03bddc1e44a9730a9e95097ebc4254c3b1eab3a65ec34db8afe7b4fc8ab20dbc84,0.00027031410498999837
Source,03d01ae1548e4fc8168fdf85aebc8f36a7e361e26d44d1be35d087e3a5461814fb,0.00016218846299399903
Source,03e96269bedd6e457a313daea3b9d6b0e7a5905384d1c00e9a9ae88d06825abf73,0.00016218846299399903
Source,0223db490af65bdf6c9f088ad73c3c21c2aeb337e663be9b4192365f101d289e8c,0.00021625128399199871
Source,0229409ba371f55f796d4fc513d53ca01c17b4339e2d68f671ca297531a1c358aa,0.00016218846299399903
Source,032d1c3868b54e524b50c7e906b10ebec5cca39eff580d9836786580cafbea234a,0.00016218846299399903
Source,0387d57be12709c8745bc35ac3dfc22611a944a12bcc1fe49a55d7c9bafea335f9,0.00016218846299399903
Source,028ecc39127d53c21d7b055dd2c52631d10ed9d8c90c67fb31207d4e64c2766f0e,0.00027031410498999837
Source,03f7f395ea2dc821cb2fea52e2c1465649daa5dc3878baad613634339871d0ec25,0.00027031410498999837
Source,02172e2e50cfc846c4230901728f170631a65aa6a9129853cf0e7b1d647d68b03c,0.00027031410498999837
Source,02255687990655dcc96acc96c3b3434186488c8a6748aa1f5aa9cb18a1ac9de7a5,0.00021625128399199871
Source,02726d8227073ee65417a206cdd826a6af961542ebddfbdc5fde46b51b9dfd4152,0.00027031410498999837
Source,034519d1e151e9f3d5d9f5ec56f9141697038686b0b47b557a8b1efac1fafcb476,0.00027031410498999837
Source,03846aa88ae8710d0bcd881382f6164955b92600d2d25a3f9f70e897bfcc22c424,0.00027031410498999837
Source,02c4a7390c5c0e28eff5d8034a49d724900b196948f5723fecd887512b2f0020f3,0.00021625128399199871
Source,02f6fa3a67cb1ae7aa5ac5c86e765e6e2324570b3d6a367dc8c72bac45a5c1743f,0.00021625128399199871
Source,03c445275ee7d79ee5778ca2ac81b7c4d84aed7ee04629e8d8f35434b3c21e2da8,0.00027031410498999837
Source,0217443c1a11c01b0bb4f5398c4ef00dae8d5aabd4efb4cfa6464b189f604ccdfd,0.00027031410498999837
Source,0219665f869cf7d915aff3293dcc9a99d7ab86ccd9ebb1cebd028fc67040a5ef73,0.00021625128399199871
Source,02264fe3f59462a34316b73c53b83834e52712b6baed81fa1984ab1f62ede054a4,0.00027031410498999837
Source,02790de6edb8f6ca8ec70b8ba57644d7722fc59e8caf9972e182d289571f5f11c2,0.00027031410498999837
Source,028f028a49936df3194d68d8f7adf53c342d53e61a8e1eace39642c450aa06d5b1,0.00021625128399199871
Source,02b8ba880f8bc74730d9df7eae5fb61b8c073bf81aa75223ce2a668102c11b6683,0.00027031410498999837
Source,02c8d459ca90b8b659740878eebe339e31763b7535200908632c12e49318c0d543,0.00021625128399199871
Source,02d768c90048dcba78b4343e9e140be0fe9f2c65657ce6196a56b91be4bfebdb53,0.00027031410498999837
Source,030d51d06028d551972656b10689d98118195f69c4e82d5d5ffc573ed3c467dde3,0.00027031410498999837
Source,0353b5887ecb62d4d9d39a6f4139d813294eeb35332c70a1eb7ead08942d883a05,0.00027031410498999837
Source,03de292d4e85ba32ac504ed0921e5c96cdcb11d87ac3c02ef4e5e4acd25c2d6ac6,0.00027031410498999837
Source,03fccc0fe0bf2710e2b28d251647d0749ac783a6848a2bf7a087d84ca9b0d5c4c2,0.00027031410498999837
Source,02593f7753cc5e41be97392d4060d7f71d380a0d62fd2f9192f02742ffd3b2a195,0.00027031410498999837
Source,0361dcd61f2f04237d58405bdfa888d91d67b0f8c07d480219210d9890c811d2e6,0.00016218846299399903
Source,036414df3b42e4ad0a7742aa5bb1f9c62b9fe53763a4695b3647b422f28f60f6a1,0.00016218846299399903
Source,03fef777d58a529df02a3fb267690e0c9033767b555cc1c63844bb2d3498789f91,0.00027031410498999837
Source,02d0e66c20765c5ffbe3842c4b2e4a1c9ead011c4982d0f06cfbfddcb69e7cb349,0.00027031410498999837
Source,028e47e50ec2b1c8d0191eadf640a75a1897e7099c89853801592994e82b9f6a0b,0.00027031410498999837
Source,03676f530adb4df9f7f4981a8fb216571f2ce36c34cbefe77815c33d5aec4f2638,0.00016218846299399903
Source,02c44df006a7e23e419ad94668559ad09daab230091e1810109aeac08a44ee59f8,0.00021625128399199871
Source,02048fb4ca08126e8799bf8391629a0d7fe2cf2654e449483535a55ea599aad2d4,0.00027031410498999837
Source,024c7063e5bfc458c13efea7eb18c5eb832cb589974808cd80c33d427182f66bcc,0.00027031410498999837
Source,029d287e25680d38a5e10ee273a7164a129d5bb48e3b3622bb5397471946cd255d,0.00027031410498999837
Source,02e4dca8eeba15d4949178f21b0b71195ba3dad72160d46e77ab8c2d969ca6451e,0.00027031410498999837
Source,021fd71aae4246311598ea11a619dea2d26c60616fc01f19184c579975cf3d3fd7,0.00027031410498999837
Source,02408f7738396150f38d0352433e8c035694af80abfa8d5f4b8a1a345f81fd4818,0.00027031410498999837
Source,027e05064da4abbe0b6655819867aeca327e2865a22594383ab3a204a3475a843f,0.00021625128399199871
Source,02d07e9805d46ba412f80d5602ff1d46a0074e3b4900454ec19a410872f9ad9a2a,0.00027031410498999837
Source,031c05bf47f238c9a244fd5def6374cca0dd1dfedec8c9a56c06169bcc0a13c0c3,0.00027031410498999837
Source,0382966c6d82cda6c2b7d5c70e6e6f9ae72b818bafe68936e9e4944a9e335f336e,0.00016218846299399903
Source,03986041938b83ae9e99d9f39d2ac85e21825e3297a3666d3b10a0a47b3a99b0c6,0.00027031410498999837
Source,03bbb811dddad6ec707714674cdf09b185782bc764fd70a1e9926de9baba1c76c5,0.00021625128399199871
Source,03c35541a361e334955a5dddedfd4a8b7c48cff330d43a91653f6e464c0e5f53d4,0.00021625128399199871
Source,03f6d7e19069227a4cfe3780aad414954d499459c8bec5e01ee37f2219e41c86d6,0.00016218846299399903
Source,025c7203c226dfb70301976af1093076dcb29ffbdb269a81e69151d7d7029d502f,0.00021625128399199871
Source,02cf7712c7dfe3576c9b96b5a9b01be67d5a453176949879cecfdcee8b7eb816e5,0.00016218846299399903
Source,03e43fd1d8c1870c2bc518eafadd78394a0ec67c2ef8e2c5218ec4454be5e79739,0.00016218846299399903
Source,024223efc1c11fb891d66797a20cf3f910aa70373225593c7e495dab64e66ffe9f,0.00027031410498999837
Source,03b0bb7c6ba7fd4309851011c0c60b061ebe70a6b8d4a6852697fc799ef92146ca,0.00016218846299399903
Source,0268095e71f2a77e9a21addc3a22d4c90e5318ac0eab0049b9060d24aea472b5b2,0.00027031410498999837
Source,02b568dfb3cb52a0bde61b706f333a4eb4b77b0d38f0a9a591a338a05ae5130296,0.00016218846299399903
Source,02957f46fa1ffd7d63a7037e86303e5c726324acfbb8e3e41814b4eabb88ff12df,0.00016218846299399903
Source,03956220a23ac1eb5a0bf9c42880f3652465956fc20cf5bb0ca151229df2d58992,0.00016218846299399903
Source,030c8d0fbe208ca06e522f14888ec9e1153faca76d8234a383709849ad277ec359,0.00016218846299399903
Source,033046b3094b66c838c715d2d6bdabbb1d9cbaac86fc88248bd6e6badfa05f16f2,0.00016218846299399903
Source,02327c9f17bd3741e78dc98834ad0d4c68b551476eb9753316c09f70a53a9dc38e,0.00027031410498999837
Source,0372c3d30805e27319ab9e33631d1915ba6d976231acf450939b8530d4f08717cd,0.00027031410498999837
Source,0377ed19ece4b1e2869a77773e552e1ca0bbdaaaf1f710ab181b59cb5c813b0535,0.00027031410498999837
Source,03acfee0f039dab1ebd7eb80e3dee3d29dc06decfc6a5779771f8d9d3666ba31ce,0.00027031410498999837
Source,020ce77c2cd2c671dea61a443f9e7eff3bf1d84f6b37ae9f8ef66ad425140e4027,0.00021625128399199871
Source,0250ed9fc5770b46bd20454db19d2c33c1d6c430067e324f2f8a6d7934f170c4c3,0.00021625128399199871
Source,02c75dab09b335fd852494f91bc85085e83164d1c5f5f492bc17b8c7817ba57680,0.00021625128399199871
Source,03037d09b39b09863016db94eea3fde1f2ec7f95f2e3a56dffed54c908eff49df0,0.00027031410498999837
Source,031e624912c9df995aae6e548b3a49d22a133cb2e063185b7ca3e2bca138b6c25e,0.00021625128399199871
Source,03443cc44c3a44f5b2fa6387373ccea389e399e7bee6f625b2046dabb863f60f6e,0.00027031410498999837
Source,0373b2ca94adf4bd0765dbdf5889b44ea3d46ec47b8dea2f96e26092be52d0dded,0.00027031410498999837
Source,03a2bd98904b6b531dfb6a3f36a77b9ce28772eb40400bb61412d4f8ab0545da69,0.00027031410498999837
Source,03b89b8f369f8fd7facd3b1a665415052838a5a40f99534141d1dd2805afd0346e,0.00027031410498999837
Source,03bb27423cbf3a9795d44711bb55e6673a81a5cfce45ed56fbdb3750cd59d99706,0.00021625128399199871
Source,03e7657f2d89b809e94e33d0c7f5866abb593d24eeaf8adc19cc82f1add2488fc1,0.00027031410498999837
Source,03fdb6ec24147a12a71f9890b7df7ecb2af3a25a4993c093cae14f85207b18a267,0.00027031410498999837
Source,02e9569263672ad7a7e2acf5fe390917f69ad94a3d8018ea7ffb37881576a4cc0e,0.00016218846299399903
Source,02b713cf6aade8457db6989b7cb27c6d92612be52b82fec0eb479e891b6863a886,0.00027031410498999837
Source,034153089c1062131bdf63c99e1689ab666c638a73002a8e651fce837b0a883ca9,0.00027031410498999837
Source,036c5d0b9afcc1f3e21a886f3acc56ff0e7c2a2c6460c50f452b0a9033e22bb14a,0.00027031410498999837
Source,02af08e15f8164a698145e7ce50b7fd6062c49cff5eac54c40e1e04673f32f13c1,0.00027031410498999837
Source,03faa22d5c2ca552578d5aa26693ecbe649ef32c964327a6bc53fb46b9e55f6e1c,0.00016218846299399903
Source,02a3f915aeeea378fd24f36d9e533a5d6798e3b7109cc17921a622a82f85596f88,0.00027031410498999837
Source,02c3b4594c5efc503f916446fc5e2153ddd15d20eb0251aec436e4bd0519fc60ce,0.00016218846299399903
Source,02e071f2e5b45ba3950e0f3bccc2b8d587da7fbb1d7b07d91044ef5827036afcf4,0.00016218846299399903
Source,03bc072a0a571b7635ffafcdec53da5c809d06f2f0418adfe41b40ff257e796107,0.00016218846299399903
Source,025aebfd0e4cd66285eb93bf9093ce3db581997efc4e084a3ba61efc7101e1e62a,0.00027031410498999837
Source,03293c794eb32bccb9c252120a05a176fcb9c0554594bb2a91bf9a99d3eb509d6c,0.00010812564199599936
Source,0360bd325fa8c3369be6d12da31758854103edcb7c8820d7c5e64abea2034efaa9,0.00021625128399199871
Source,03f80ac42485f24b4b41c58127572d4cfd70f7069dbb2765bfb36e51a0ec8b9c78,0.00016218846299399903
Source,02ad15524e01c8470d174ff86b5bf1dd7510a4369a9e67bda5620587228ddb28ca,0.00027031410498999837
Source,027d56e56403970c33c96df3d2e7e90f3ea3d41bfc5928213738a4d703185749d4,0.00021625128399199871
Source,0298978cfb4dc3cf5f9ba387c456a52c99f9fa79d91d1e986dbaf34b5f3270c07b,0.00027031410498999837
Source,02a88cc67bdda699bee874d9cc92e31d7185e55effb1b51d8725a4dd16af86b2d5,0.00027031410498999837
Source,03126184bc9fb29f674dcd2d7244410dfbebe1373457b9af5e958e359149e47d13,0.00027031410498999837
Source,03850d89a1b38220f094509c1da5a9a35c95af3fb1730fbd50b68037aa3eb72b04,0.00027031410498999837
Source,03ffdd7fd4656a55a63a4b6e154325859681718ba2fac40e51cb61752506bb8c7b,5.406282099799968e-05
Source,02343046c9760882bb1b93def76ee95899bffa166b92167d0dc015a414ed2f1821,0.00016218846299399903
Source,02b7f410d4b9d62c3e94dcf8d6b7e960e44edc21de52a5c3856c99c8cfbcb0b8a4,0.00027031410498999837
Source,03205328fd2145525de6ccfdcb41b9d45b4e48f6e0c8e03c4b9b3f73b3de79d2a1,0.00027031410498999837
Source,03a293083e241535baa8c6feba07f06d9e3f9b86a69775636eec33ca75f0fc3f28,0.00021625128399199871
Source,021bdea498ae2a7f12a2b4bd39c20fda57ee98abb3133b1f13022e76888e67e0ef,0.00027031410498999837
Source,0256fb53da5bcc95dd7b46dc62d11e73b1b01d12a6c4a2ba5b370a9d0fe4600c06,0.00027031410498999837
Source,02c2bb5b3e2ac6ce0eca337ce75845569449b55d77203d5eae43e56b28afd1b582,0.00027031410498999837
Source,02de4a1066538246203ddfafb028e8e7b331f376b4f1d250cda1f4423467925830,0.00027031410498999837
Source,038cf2185f1154398e75814484f5285ae2b7279f7b14280f85e8225eba6329d940,0.00027031410498999837
Source,039dce5f4f268060d7128267caba658a7e8cd0effaeb81f0daeef843ce2b22110d,0.00027031410498999837
Source,03bdc1090a38a05c11f2e823c119407f313a77988304617fdf26578c26ccc423c2,0.00027031410498999837
Source,0283c6656098b9c2d69f46c12068090ac8895d58c0218e0a40097d74cc9f7b539a,0.00016218846299399903
Source,02770192843b606047a01cbcb5dfa5c420299b041b33bed7fba26a55c2851dc9bb,0.00027031410498999837
Source,03e18892b70da265e79a0170825d358a4dfcbe93e15070a937959275e638bef503,0.00010812564199599936
Source,02dc4628552c3223e9861f7609c905c2d83b2b5d7e1a6f9ce704bf381711d47963,0.00016218846299399903
Source,032788a0c8639f99f605f55203378a3aefa060e650912885a02f3fc42e29b3a660,0.00016218846299399903
Source,03b40a28bbdba09a27ce64478d2a3d8dd59bded1b1f2aa315e860d381542c2fbc7,0.00016218846299399903
Source,02ce30cfec62972185b8d365f4d51301575376355b86f40c716900de5962fbadc4,0.00027031410498999837
Source,03032a9a3c66e6fc68bba3caa764b022ca2943575a4665e468e917b1fe3db98559,0.00027031410498999837
Source,02b14b7f790d5c20ad230674d61c226cbaf10f74784495fb1cc44185f79e62aa45,0.00027031410498999837
Source,022a9591acc2dc86a1e79b403e49ef60166d00251969c4f7c08a851e3958da1790,0.00021625128399199871
Source,0281bf366a84461dcc9fdb91e89ed1dac33b3b3c4fac8d772a0fac87f4a269143b,0.00021625128399199871
Source,0293bc8988a035126d3d343cd918c9f336567faf8cbe41d9df7574c8644895aa14,0.00016218846299399903
Source,02cbccc8e466c9af1c5fac902eb90f22ce438e2de0ecafc555a890df8bb170e84a,0.00016218846299399903
Source,0366401bf255adc2c865009cec4c0627c48d8e648733538aef654615d1e8ac3944,0.00016218846299399903
Source,037b6d276f7a3c5835b43d0e1d7c2204d4344feed775d865643c15f1ce19f5e952,0.00016218846299399903
Source,03e0dc946d303fe83e8be9629d3a020abf3509e9c750a02dcaaa48ac68c43e0e13,0.00016218846299399903
Source,0304b5d7f02400b2c34f5f1ff10e68a1125e5bce4d3a513c7a8d0bba912451773a,0.00016218846299399903
Source,036b23e389f275a467a16ea06069c448529ff18065df478263c437ad2b97fc5089,0.00027031410498999837
Source,028f267cf3c6af0e299d0a0fb981d31ace95a83edd2126f9fc0ce875b9bd833667,0.00016218846299399903
Source,03ff598de9beb34242dd6aacbfa7a713395c074f50f512c603c0ceafb6af046efb,0.00016218846299399903
Source,02293125f15fb02de36ed7006126051f2ae05b777242b679a748dd98f362e68223,0.00027031410498999837
Source,0271e5456c8afd452d42a577266f171c1d95c85dc02db54c57e0883b73a4ea2f04,0.00027031410498999837
Source,031c8e703cc9442bc0a3cfc32593d023a1dafc2ce708d15cf8fb03478d411d1d6f,0.00027031410498999837
Source,030cfc86ce4f91a385d607a4bb870810e9ff16b50230bf66c52e90dcd9f12cc8c1,0.00027031410498999837
Source,0202ae5676becb575963965aaeff143132c694a7ebd1e9e217ccc7e08812d55a71,0.00027031410498999837
Source,0239da6eb8a86c40b477aea759e46b81180269a3aedc5542a4ac4fc27838b55be5,0.00027031410498999837
Source,0340a0989a1140c02886a23634cc4ab267da07397f0754fd9f9dd2f30ba4395581,0.00021625128399199871
Source,03a961ab70c0011eff3b91b6a3afb81967597c1f27325a51dbfee72a692f1bb237,0.00021625128399199871
Source,03e4a5b7bc1dbc7824cb5293be8d20171e1a28ebe249df5ae14a870d853b43b732,0.00021625128399199871
Source,027653e3bb2c8f4537dc222bd56b8b8e4812a0761de6c0b3afba5ad8a8a1a734c9,0.00016218846299399903
Source,031ea699f2f5e657473fd14302d00ea8018c67fa83403810544f5bd227b1cd2c41,0.00016218846299399903
Source,03ff14051fdc8caa10f370dff07f7bcafcd67e200ca6f92e404402434fa7235cfa,0.00021625128399199871
Source,02051213ea61f6e6432d4d7a4359a0b35c88041a63fe1bb403ad66ed0ca31884c8,0.00021625128399199871
Source,02ab85081e1f2c79c1a0196fece42f46319afb7725c28cc986cade33d2c763ebbb,0.00021625128399199871
Source,020645dae0dea3b500308b61c0c8d603cb1459210ed14eef6075bc868cf31f2005,0.00027031410498999837
Source,027cb24c3c92387cba9a35ea145e2c41ab1849b4601b94b3fa27b2ffb429ebaf98,0.00021625128399199871
Source,0291c6f3b630fee7cc25c6a44a4befd7f0f9e6e0bc34cef08e848b541af449ea60,0.00021625128399199871
Source,0261438c0423ec5201370217e4ff8af123b3467361bd59cc20793c494aa81a3bdf,0.00027031410498999837
Source,03a8bca27b2dc726a91436686b77e38d202dab22a889576a068641dceacd41b68f,0.00027031410498999837
Source,03f73a45601e797df2f3abb9ef338703ecf30e34ddfef3e2d5023291f82b3c71c6,0.00021625128399199871
Source,023fb48c091629d033c85116df1808c858e6570f500d86c6a553e44ba803152a6f,0.00016218846299399903
Source,025759efb4d7c2eaf8cb14be2844b841756b9bb967bf533e4751b352fec0b019c4,0.00016218846299399903
Source,02baa1cfcd73423f8674d5f5ca1778b3cb5abbf60e4649df6a961273ae963b9150,0.00016218846299399903
Source,036ddcebf75c53d83a2bf9c336596c3847e619402d9c790f4865abbc608229ba5c,0.00021625128399199871
Source,022a30b60c4d4975509917fedf77f99c1f97292455a3423e3c4a1bc035aefe2900,0.00016218846299399903
Source,027b13965e30efc9ef7d1a9c462f55db48a1731714a0b83bf66b7f8e5f290f9231,0.00027031410498999837
Source,02212f04c9de6b46d48578192d360050694f512486fe52d94ef3facea0d0d830c6,0.00016218846299399903
Source,025143035e06fd7ac5f29e18ac58ed1d569fc4b7a97f58caf00bb523fa8842299f,0.00016218846299399903
Source,02edf45814cab185eed774a3fda50df9f3500104e14463cc7c4e737eef2a450a07,0.00027031410498999837
Source,03b7884a508ecfa7267e365b5caf6f29da16aab3191539282a0a0efe7416fc5f0b,0.00027031410498999837
Source,02b0c443663ae248a90fba5499ba9169b473490c6fbeffb9af01c17dbf34fc7552,0.00027031410498999837
Source,02c9477078f21e6f17816257132678d2d27f4c7074c8b0114d8be5ce9cee14bc26,0.00021625128399199871
Source,0307ef8e1747449151ae8717650c11227dec6b888920bba6b1a9487e9646d10c61,0.00027031410498999837
Source,037680644b7d4b999609bb4db3d121b62680fd2af7c8de2a739a1ce83eed9f779c,0.00027031410498999837
Source,03ce61cb90aa08f4b19b28d8393fa39d107fefa3ff8d303808449ed0853487d150,0.00027031410498999837
Source,02778037289b1bd58c631e290905999a6fbc9bcc88e976417999c9e553efe1ee9b,0.00027031410498999837
Source,034b9f281399090e0a15093da1f2c4697ff2740555cdb4134553508587218b9f0b,0.00027031410498999837
Source,035e943500c30775e078b3c530eba4b6cc9122fed9f15cfa94e56b48dc6bcd2acd,0.00027031410498999837
Source,03ae108e85dbc9061af452e87d6fb6ec539e179af9c97e1588117b694123a0dd26,0.00027031410498999837
Source,02ca149f649b25ac3a19d80b059b12ad2e162d5ecd6ffc2b8e394e6441b3a5161e,0.00027031410498999837
Source,0292f947fa33a527ecd6242e34af2c48327220d327817f0dd39318986619956bf0,0.00016218846299399903
Source,02c7a23f0acfa4d5e159c2addc4d2c5c4bffd0c39888fcb68205570f4be006175d,0.00016218846299399903
Source,027c55857564478a25da3d0e9ec05f6b9559267a57050c459cb3b93278cf4d8316,0.00016218846299399903
Source,032fd114e1e683e7d7a407b02216e6e7367f710c36f4a6b6014a195a40486bc980,0.00027031410498999837
Source,02df5c87593bb1fea16f1652471686c7e94432af6f9570ac65558ade6c2c324c72,0.00027031410498999837
Source,020afdcfd0df48273366f4a6e7419411972d1c5bfd11e0865a0febd685448e377c,0.00027031410498999837
Source,02284ccb79d21b24d08d8055dbc30004d59985ee0442f1d4be75a45e7890907dd0,0.00027031410498999837
Source,02293138a23fc559325490324785fe2aebb37b6271d5cefca64891ad608dd4fbdb,0.00027031410498999837
Source,0256bf97644dd1d839aadd76e2351c1b6bb8173bb9f5ea4affb07075f880e52302,0.00021625128399199871
Source,032bf09d74429835918161d8ddf067684d23e01393567043a3eaebf18efb205d1d,0.00027031410498999837
Source,034efe9ae4eecacc0a2d7cdff59852665398968cfea347185479cc049ccac5e8ec,0.00027031410498999837
Source,02096c79199759276338709ed2f94329a8a5f92614c507b2ead14cc63ca1d696c4,0.00027031410498999837
Source,0210aa126ae30051f0f0bc18a8659fc5ca372601d504d44445549744cba2c0ee99,0.00027031410498999837
Source,022997b20f92ee7e19fe661bd2609a9dbd1062aa9bbff91c5484e937f557928a67,0.00027031410498999837
Source,024a33df42c95f5019ba561bce55c6eb1880cbe3e735d869524a90a893edf81735,0.00027031410498999837
Source,025b72df1e428ba9eb116b0134f3f2df51e9b4806eae722576ba73dc548ad4cfd8,0.00027031410498999837
Source,025efae12feccb6f7e97f3ef1e364cea0785ceb654944b107a832a6f5e5c61fb08,0.00027031410498999837
Source,026236496fde9e9afec3e35ca557e93137421161450d0d090057ace52ebe0afccc,0.00027031410498999837
Source,02759c2e569a77b81a48b1542ed66571b823e95dcc5241c2cdf145310f59257d22,0.00027031410498999837
Source,028673e3ce5c52814e0976a197e4569d36b61e24952a921828d2d0f405be263a13,0.00027031410498999837
Source,0291064b89dede4c7c7b1f04b1c1a3ef090c77d24ebe089d391f19b53d8ff57d49,0.00021625128399199871
Source,0292e8096fdda68ed93750e556123af7cba6be4c66c1a691d947a9265815509d44,0.00027031410498999837
Source,02993b4743c2e20bc96b0c9f99d47b0942b4bd8ecd240472d1bca8f47a9620d391,0.00027031410498999837
Source,02add27f0b2e0848e095b2c3fd1ab4d173110bffa31db8124f898ed731a987503c,0.00027031410498999837
Source,02b17f2b37199913bae0303719b5bbc4dee7c7e7cf8573c60127813b557ceb2c25,0.00021625128399199871
Source,02ea2b0e594ab31a1d86237f36d791f7c868391252780783f0281f9e91a2d5f9da,0.00027031410498999837
Source,030e99f026f3125482b011c156fe16ed01963be12202670980dd85e5aad001edb3,0.00027031410498999837
Source,0310205be7f7751a6b74afb089dd5750994316e2c00490a9658a6f99e0cc187a5f,0.00027031410498999837
Source,0335b96288bd05d1fb7f4e509c926893b8c3eeb0ccf628df6e9dc7c8589c941f8e,0.00027031410498999837
Source,03390c79737f525a07e229a4c50cb6259d687859ad2622707565bd3881e4355736,0.00027031410498999837
Source,0342643d329bea96befc58e65579c333a9f20eee48eaefa8c76d9bdf68a18d6220,0.00021625128399199871
Source,034c65cb73695aa01f9b5e2db8994aa56081e86b3c3712d8bb74e7be67196df3e3,0.00027031410498999837
Source,03511b60b6e043a99bb9a000dda525ec224b00dc814523421593fce063778b5bd7,0.00027031410498999837
Source,0361234d05ec78b4e6152ad8aedc1835d1d956e8dbc0342d334c3dec82e7e55fe7,0.00027031410498999837
Source,037292b8118c30742cb2b35e64b18a7057c3262fb1ce4f34d27f3a0650de07e4d1,0.00027031410498999837
Source,03736d6a5a4c501e95ad122490d9cf509348a2178eb54814d4f057dd488dd3a417,0.00021625128399199871
Source,0373fa8b7bb09e534443230cf3b037c02969c786dcd18f9ff8a3e605407810bd67,0.00027031410498999837
Source,037798dfb8cab3e4ec94e630fe6fc472830f1084ab3939394076ae62979463982e,0.00027031410498999837
Source,03816f59018284a66d92f200d230ab0469f77e29988eb0990afb51267a06f76eb0,0.00027031410498999837
Source,03928e182749672a9acbaad95c92568840aabcb14e60ae6d5fe770dbfd6c0b0976,0.00027031410498999837
Source,0396808485657696f5ff3f21e5eb24070dc971937f77b9251dabd431cf12a9f5de,0.00016218846299399903
Source,03a12caeaa1507fc72de5a614555d6c450be1998997b4fda1ed77f432d39704e46,0.00027031410498999837
Source,03a33b8e08f8b7f73fce0a4a7a349f3b8932068c8ba182756916215ce650ced217,0.00027031410498999837
Source,03bf15164ce106ae1dd431fe1db2381aa8313056f6346d5237d10a8f0e9e823673,0.00027031410498999837
Source,03bf7e5277246282f0edcf2760a88597d428cd7321221afdeb8f59bde4df4d4b3b,0.00027031410498999837
Source,03c9a24ce449ab8fba8ab509baf1696df6a85b39db921d8ac7cb87769c2f0eec73,0.00027031410498999837
Source,03d55f4d4c870577e98ac56605a54c5ed20c8897e41197a068fd61bdb580efaa67,0.00027031410498999837
Source,03e3ff8f1aef2d3b50dd03aae8245437912c76edba20089a2713317cf353e2d127,0.00027031410498999837
Source,03ed651ef85f9beef25404bedd3917e276ec1f1958ecfad7908f5d94f48113fc41,0.00027031410498999837
Source,03ee154108b339cadaa7e3e4335f2463544e6e48b4cf43845332bdc10850500560,0.00027031410498999837
Source,03eed5de4a3994fe375067e4de7980f00d85f200abf831bbf2d4c7e402dde49841,0.00027031410498999837
Source,028e3b313bf6762d058cb5f5827e4d6e56e1b1a7a09a7bb8252304dd72cbd89569,0.00027031410498999837
Source,036902961705888f6f8897ffa99d1fe66dd539e2be8bac59dedb9b8ca717031428,0.00016218846299399903
Source,03d537795588c8b855844dc482ce4eb1eba1011729c2501223afc709a6bba66f17,0.00027031410498999837
Source,02c37dea9b95d71b6e4c5f2803e3ce43e2e2ac959efdd8701f61c8ca18fede13ea,0.00027031410498999837
Source,033a7cde65ca1cc50daaf8781d65a6e9bdaf404d7249ba76e31f66e2ecb42fe3ab,0.00027031410498999837
Source,034f3f792988c43f41c65a839acdfa48647204bb99aca7de426f7c80b0dcf7a4a6,0.00027031410498999837
Source,03d270413c052f34537d0bd77aef7579d7ce3d45d0acf3383aeb21ecbed6350e7f,0.00027031410498999837
Source,03f711d6945252f6254ca12d75fd090e16e829104d26e1df65b15773a580c59a5d,0.00021625128399199871
Source,03e20ae8b749c3e5e8b96c66c98141177e7b75571b90cab80c9085af7c80bd3852,0.00016218846299399903
Source,02a8bc32695b6408394d4a831438d991357142f4ab44636ffe6877a58b259eab35,0.00016218846299399903
Source,030eff4eb654eb903a295d41cc142df95ec5000cb46b173bece13bdd55c2e81f85,0.00016218846299399903
Source,0384d67fd4ebb08b23e7a2a06f0c6022ae0ef72846b49b434417922dcd5ff6c19b,0.00016218846299399903
Source,0304923a1e577038988d8b90c3f96ec1954b3245ebd9933caeb1823886472a66e9,0.00027031410498999837
Source,033f0783a9f0523ce4d0f4c96d75f3cea81a42d237cc9504a978d46fb6c93f0f9e,0.00027031410498999837
Source,02230aaaeaf0d9d990f99eb706f0950a5ded06f0a855eebbe08565b07fb4744624,0.00027031410498999837
Source,02562210dcf4c52349e184ae2ce1ee41d7b7bc89392c213a6acdc8323705b68747,0.00027031410498999837
Source,02d6160cef5d5bbc7d4c1ce5304b9db595f8f6a867d80a114f90460756d52e6f75,0.00016218846299399903
Source,03f0a7ca4db43e1a3ef3bf3817203cb67f7e3ef3b64746116ef98a351e8559c337,0.00021625128399199871
Source,03fa24c9d2cf03aac9bde69d01fa8f1ae6ed9e68e1a00479c1fd456c6e6bb410e0,0.00021625128399199871
Source,03cfcc48492ab8c0d6bf43fff8a92baa1fece625e8754369c21459c30563d21431,0.00016218846299399903
Source,0397a43c10b124feeb483b59875568dcc17ae2cf3f529fba4d9b3680aa6db2cd3c,0.00010812564199599936
Source,03e68fb90ef5ba9eb319290af2935bc9192b11075243d74c4a6799b637a1ea317e,0.00016218846299399903
Source,02aa2ed31c3b6d8bfa9a248ea32d72fc44ccaac8681c517b4dcc14e8b4f18356a8,0.00027031410498999837
Source,02e9933f4243121842b8e92c04035a4d62e89d483a8237cd0a8d0c4d48f00e501b,0.00027031410498999837
Source,032454c250e95e4036337fdbfb27f405074f1ee818190c386e64e1b1c6c61d31d6,0.00027031410498999837
Source,03357ddb08ef2d0e9de74a6f21100a128b0ec5859dd5583888667a4ede2c1bba2e,0.00027031410498999837
Source,03ce918bbb10b51f86a575d6752ec1eca9417d10c36ce16b48fb476f5e1ed38329,0.00027031410498999837
Source,0239e4dc85543cd84b712850072dc5e1bf0190c44b64dbe822581013f849a794a4,0.00021625128399199871
Source,02c1b955f21402688f90dbcc0d6c2ee31875cc3923d1ee661b20d9aad35cfc2aa9,0.00021625128399199871
Source,02e2865df3951fe01ca7432821fdf749eb18273b06c91451a317a43bc588a19a2f,0.00016218846299399903
Source,03ae63c1e752f957d61f4829c8da0f742a2745888e15935c0995c462cb8622706f,5.406282099799968e-05
Source,026ac9fcd64fb1aa1c491fc490634dc33da41d4a17b554e0adf1b32fee88ee9f28,0.00027031410498999837
Source,03143270b14483501d7eeeb6036b2d33bf6f222d19f19eb1205091ab79039aed2b,0.00027031410498999837
Source,03dc8b9ff0110e5f3f9ac8fbe861b82e98c92ab1d29c906ea40d2a76ecb28b2cb8,0.00027031410498999837
Source,026cdd57b249558a24022eaa1244d22b326cf362136a48c09751072501e395ea50,0.00027031410498999837
Source,03249567b62f1c62faead31ea20f7a4809e659db3036ec1dca930e9014fdd86df4,0.00027031410498999837
Source,03d8ab2bfc32534032d8263dc3dfc5cf82b4099971cc2de9489ad7d3407e5b9df2,0.00027031410498999837
Source,03586f6182185cd2ff0644ee3a28aa0f8a54436dca133426680a168617a6a75619,0.00027031410498999837
Source,0217ffe7c7cb1236c2cef92fd2d05fc0c741b873127898ad173dde7c2578d9dc83,0.00016218846299399903
Source,036ef36155fe67b679a29dc62aa6a2e8cae89f77e3bd33f36af884de87ba6e5834,0.00027031410498999837
Source,0224818c362a6e6886ed1d233047dd45dd78c329e1eb20af5de9b8cf6d279c2de6,0.00016218846299399903
Source,02a615905006f0348217a08b8eed33d816d877bea46685d5bd7243f6538a360b84,0.00016218846299399903
Source,034a550b66d0b57726fda3802695b80a2bfccde88fb4a6acef425f676c9c9b1999,0.00016218846299399903
Source,0219d0f46f80510ad2504544576c8813f57814b41fbcab9ece8de19d61e1d1b55c,0.00027031410498999837
Source,021c2fa2f16934534d5d06da69b851f497889193f8d39dcf8acdc8d43f6c209f97,0.00027031410498999837
Source,0221356e026f326338e7bbe1fb1e1030652ece86ceb4ff9987a943ad3006922fdc,0.00027031410498999837
Source,022410d4049ce9a42585a6091c544f1bf6ed9a78d349ab2ace9d72e2f2591b06fc,0.00027031410498999837
Source,0226bac5fa65c72207421ca83818b7a8a55df378302d248794095182bea1a9df6a,0.00027031410498999837
Source,0234e6688442ad3891c07b38fb980cb920c797d74b2b2b92757263e9dd8345898a,0.00027031410498999837
Source,0245e14126f46dd5a3f1723603711cb2e1928062aee406f12a6c8f86490bb11ee3,0.00027031410498999837
Source,0259f33132d3ec43f9736d52ac6e4ee66841caa4069cebadb6fb9b875014ebfd23,0.00027031410498999837
Source,0265cb5c575cf23d3e80f902e24c94a40756a5535206850f3750f12b8be54abad1,0.00027031410498999837
Source,028d798f57472d788724347c61324e8d2620df569b69047fd96cd38545d0a66870,0.00027031410498999837
Source,02c463b89581eeddd17109ab64f3d317eb78518d764fa5a9177c8eb789eca78efa,0.00027031410498999837
Source,02d5d062c691dd2dfd2023751a30c00f149c04e1925f65118f100478906d107f2a,0.00027031410498999837
Source,02d8da3f21e04055c9c7a98e13612eaf62fabadf9ea45ec8b1f17d912dd6964aed,0.00027031410498999837
Source,02e1280a94bd817aa143cd5e650adbeac281b3d1f554a3fd7615f65901f58e799e,0.00027031410498999837
Source,02f87c62ad087b5dc4bf62055a64a69fb730abd90224965cc71465a9261ad85a74,0.00027031410498999837
Source,02f9d0ac5f1d0f6b4e99df4b5cf2c2c96639394c255048d8a9bc51ecb3cb9e63a7,0.00027031410498999837
Source,02f9f61d88d5d4e7c0a01bb28dfefe2f4324de4768d334a30fe62698e9c54f8555,0.00027031410498999837
Source,02ff1d19bc775d86f8ca75b55b56d586485f895f267e6b36e7e8f947ca8d851fca,0.00027031410498999837
Source,0301cb68671c612e9f8c3a0a328df5ed913c5469dd548f928b3eeda9b64fe58eb1,0.00027031410498999837
Source,03115b94e6207d2624272fb2fba0596e31053ec9cc6bd5ad91762fc091fae5769b,0.00027031410498999837
Source,0313b9d6b22e4d9cc22ade42be5411c3bc8f44ad4dd1704a8b287b016f9cd5e3ac,0.00027031410498999837
Source,0318af39aa959f7e081895c3ad31a808c4bebf9b535022b74d4d1283fe44a518ee,0.00027031410498999837
Source,0333467c488cc59ac989e25cb80490c24565745709e6b3212ae438df64a938d34d,0.00027031410498999837
Source,0337c6a35a6fe45592f2df6777ab3494a1f592ddb74cc9c9784133caae14b43672,0.00027031410498999837
Source,03625eca48e5b641611ef6f57853862d65accbfe2a18d77837d58be5fac49a9a28,0.00027031410498999837
Source,03651be4e6bab73cd2c3032aa7034b9cd40549823cba9640cbcb54ce951a5183e5,0.00027031410498999837
Source,03838d0983b84fa1d1fed499d4d0cab9a439a4dfe8d5d540a5418c944d7fba940f,0.00027031410498999837
Source,0385eb3f86e2a8d8fd1874719da4f3a40e4877808852063fe0011136c5d63bc133,0.00027031410498999837
Source,03894e7dca61c0e6ccc14aeb545bf10d2a46681eac5d5b0f33c92134613f4a539c,0.00027031410498999837
Source,038ec9bfe0ed5a430a2d4f3fce40e3cbb516a6406f8d4f78bce525ef64eb619f5c,0.00027031410498999837
Source,03916bbb12b88fb21f42024eacdafc93874bcdfc20ee533c67a39ebbef531440d5,0.00027031410498999837
Source,03a1f0c0e732143f74e6c7def2c9c0698922ed54a0e7c6ce33c66629b0b445dc7a,0.00027031410498999837
Source,03bd0ebad70abfa0bd3b12ec833577389ab40bcef3cdd27e547c278e064c5bcf16,0.00027031410498999837
Source,03c2fc865174ebeb5260d59ac17d2aa6d7119f8183c04921bd313dcdead0298de6,0.00027031410498999837
Source,03c42efe1f4de5fbf0cd59664660b9e86e2f69bd3614636028363f72893028b06e,0.00027031410498999837
Source,03c67a39853bb405b9fac7622fa68b094edff8346d7d3cd34491d5840e2ed8b829,0.00027031410498999837
Source,03d4872bca4af5bb3d7aa47d1c43a6b6ff8a795a935f8e9797e8ed503d8ad6b4c9,0.00027031410498999837
Source,03d80eaf117a862500d71d282680d43195a2e5d80872a8020d7ae943b6c252b232,0.00027031410498999837
Source,03e0bbab8f3136facf0216e0e0894624812b501d0a39575f665d77dc37a443ac92,0.00027031410498999837
Source,03f2da0ef077cb024ea5cf56bebd4a07c916225c96f52ba9d3a32f87e54bce8435,0.00027031410498999837
Source,03f5c7d0b2bda82b66b2431121b340bb5e181899022e657a64f73058a6fd27ed53,0.00027031410498999837
Source,0208064a31c182eac4bf717932a0f84ace8da3449373dbaffa4a6fc77b9aa5c7f4,0.00027031410498999837
Source,03f70406e11db75739f475fdfec65c37c9f090882d6002b9134d0a3b20297c0f20,0.00027031410498999837
Source,031f0bb97b7e9ebc680b13776c94d1a2518f656e4cd577eb1a777db2d4ee5bf7a5,0.00027031410498999837
Source,03af451d7943a9fab6d353595e7f4a9ed448060fb5011b344d7ab2e651ee90bd04,0.00027031410498999837
Source,0365b09beee64efe6419376ac1de979be20d8ea0a696f71e0a5a3f4c8df4a1f372,0.00021625128399199871
Source,02461983b5f28d178b6a0507ea85d546a697eb00845b144e1bc9240abf7fa3fa0e,0.00027031410498999837
Source,03923f59e572197f8beba778466eeb783ab214485548093ae5c096f7832eceb3ae,0.00027031410498999837
Source,03941c1c8b3dcc8ffeaf01d9eca1fe0f868f8856d732ee8c4df83749076be7a425,0.00021625128399199871
Source,039936e0f6162ab13142bca94224399ee14f7d091e6e3e815d02111c0b06ef66ab,0.00027031410498999837
Source,02a64252caa54fab36e86356cc0b3af2df1e51fc0338b4bf9e8dcfdef96729d9aa,0.00021625128399199871
Source,02fae89cbe71577b9cc93c59c9505f28a7e1a5666dd8c13d71826370ef1f5db7c9,0.00021625128399199871
Source,02fd7adfb344ab54bd8cb1a9b65bc11982ce457075e21928e8620878712a38f00f,0.00021625128399199871
Source,0316357553bfd4147e9566ffc94dfc16acbd094ce75be5ece83c3b87b23eda69ce,0.00021625128399199871
Source,037e075484c62a58bdc7f7d1abcc8539b6d2b8892b7e221e320ab2d12df1d13b6b,0.00021625128399199871
Source,028f39a88d2613ade3f20eb9f7d1f99842b14adac38f2dc1eb99d91c2a77f5a0cc,0.00027031410498999837
Source,02773a492ec5b5428d7d4af174c1df37193590e79e0273b482e6ac82bd00fbcd84,0.00027031410498999837
Source,029f88ea75be1385456ba793fee83dd64ad04b8d795698be59be0abd145f17b8cb,0.00027031410498999837
Source,02a4d65ae3616ecfbaf66d40d71fd43647af7b9aaa5c9ccf38c66f10a6d3816e1e,0.00027031410498999837
Source,02e48fa379deeef66dd8cc9c6e60581d5467eb13ed8bb93ad06ee8de064b0134b9,0.00027031410498999837
Source,02feccb305e44702f99443abf37c7f6b52fced56c510d861a8e5d680f57b81f09c,0.00027031410498999837
Source,030b7b5e6fead4bf02816890e18c71bab6141904cf51e3a4a7371a100462325982,0.00027031410498999837
Source,032f1114f90df2e04f553e1716b651c91f04482a5dfd6f60c837e8de87b59d935d,0.00027031410498999837
Source,035508820a67f09c39c02209438680cc64bf71bb346f3cf54bf41ca2937936da70,0.00027031410498999837
Source,03e2ebb0d324d9b6e64606219de798fbeabb9992bb663676bea34fe54c45ea3318,0.00027031410498999837
Source,03021b14351ac4da9b7aa3f07c0fde25411a125a1d3384430d742733e7530fe5df,0.00027031410498999837
Source,02e0566e16c6f6440256f377c4abd5ad3413679501e09e2593e1b77f7b322b0419,0.00027031410498999837
Source,02bcf5a79decf6f700808a5f6d00edc4d597199e1f1cc09149ae42ebf334e4da50,0.00016218846299399903
Source,02b1278809d2853516d30b9af8d7bb3b1845d1beeed18ee22a9ccaddfe7f30a794,0.00021625128399199871
Source,033ec6048144744f0475c03aa9941a643fc59ad154418ce20a66ca7e5278faefd1,0.00016218846299399903
Source,03b872f176f101ea0ad85c16024b534d8c7d9caa93bef9fc699060d28b11d31c58,0.00027031410498999837
Source,02101a6cabcda2c796ccc84648ba5f7a2d344d345f5191b08164be6c9919c3150b,0.00016218846299399903
Source,022e10e234b89940ed51c514d240afee0ecbef82d97bc152b6d75033b537ffe1c7,0.00021625128399199871
Source,02536caab47609a17b505a2af4e8c6ab55f9aea9078d230b5c5a2644a8fe26b53f,0.00016218846299399903
Source,026e2431d529afc6ab7144e58ebd492b25a86972aeb5159fb1157f6285c1a42320,0.00016218846299399903
Source,027069c28875b1be1394b6607a52723eb5c31d73238ef7693746895facaf2f6eaf,0.00016218846299399903
Source,02b4d654e8a04b97af88497013ba5588309e3e835c0071cc87166e5c8319c7c5db,0.00016218846299399903
Source,02d731b338fa15c27bb321d1f0491ee3c5cd48e0f86374e1dbd1d00b3635443455,0.00016218846299399903
Source,0341f23c3623f5ca4505a65d2229010beb540f3024e8c537b122d4677074a76511,0.00016218846299399903
Source,035613b5841dfdd7f41dacecacb2a4ecc60bc7bb4f88b3a345f6605fb46cfcdab0,0.00016218846299399903
Source,028885b436466ebc35c1e47e78c375ea9be807314759bd7bfcb1f42ca5d5489b82,0.00027031410498999837
Source,03453d92f0ff10e8ee9b93ee64e26de9f22b50c73ea61543794a572e5e1ab05fe8,0.00027031410498999837
Source,02a371038863605300d0b3fc9de0cf5ccb57728b7f8906535709a831b16e311187,0.00016218846299399903
Source,022d420a0f91e3f1972a468285d86f322b5538ebacd040ac613cc536b9b7118ed6,0.00027031410498999837
Source,0286935b9eda84f5ea3b7284df19f63eb624ab0f08aeeb8bcdf4409c97d718d572,0.00027031410498999837
Source,02ced1a684af490c58ef28c198013f60b0a32ab984cbfc3eb7aaef3240e89010c9,0.00027031410498999837
Source,02f514046d041c7d1087b5d6c84eeee9ffc8280596a51a71b4fa7ccb184dc0e68b,0.00027031410498999837
Source,034fb90121b991c9581f550f7e2add7b759d2a10c81c7e6e800894c172162f7e84,0.00027031410498999837
Source,03d10a8a71d7a794142ae049ef60eb710f0f6c7be181d767642eaa5c996d74c44c,0.00027031410498999837
Source,03e63687554c84ad919bca6a1eb163e8a45211c9755627b9bf549325ef46602f9c,0.00027031410498999837
Source,0327a386ee4cff2c82bbacf6884e2668145b1778081309637472305ea9fd651a92,0.00027031410498999837
Source,03e3f19224e2ff025ff1e3d677508b58dcd1f484608f9f91e450756982d62e6628,0.00027031410498999837
Source,0203cc3f99c736d6b21f269bc23ffa40bf7e195fd3f7e13bade84b44408a009b60,0.00016218846299399903
Source,020b57f11627f1a22a3d7f5436a5d8aa03ece406daf45ce66c37f8914263edc726,0.00016218846299399903
Source,02d09963d2de16bd6e1d71b124cb7d8d894351a31099576ec1cb2821e69c6b02be,0.00016218846299399903
Source,035ac3873a189d6ba1d45d3637c624bbc47cc07a66abc4d4a5b736d2b13f77f059,0.00016218846299399903
Source,0390ebd99b03654f4bde3f4bc77c8e49e5f720432cb5be9bce3698d97d4fc36bb9,0.00016218846299399903
Source,02b2bac4a7f1d2384a45a10614abca91b74b59f7fcd2be48234e385a0836ed2ca7,0.00027031410498999837
Source,0226cb84fa2e57255784811a7133cef16f1ffaa696ca7912385305cf00d0a2e4a5,0.00027031410498999837
Source,027dfa1ff20466f8e3e6ca999b415fb98c9aef7d5569d44c9b7a15d51b8d7e0e58,0.00027031410498999837
Source,033b786516b766552bca5742aaa35cc4d11675bcf91fcfea7e0c22928643d14137,0.00016218846299399903
Source,03475efec99445e7d15ce29a60c27556d959f6baed1c54242a53d394c57dfe8108,0.00027031410498999837
Source,03b554becc480b412ae3a08fa6a4b81e84d2e2737061d0a5d5f06de37251d2f8b1,0.00027031410498999837
Source,03c7a6c848311b6782d5bf1aae6a7b09206eb785307f3b1aeecea55c7fbf57dc7c,0.00027031410498999837
Source,03d6c37a2ffa38459fd3f09dee88b4829735b01db80d64807860932b3dc7d60374,0.00027031410498999837
Source,03c96bdfcb9d4c107385c96f1b60a3910f4f28e679fb119d8ee5e243217f717bd3,0.00016218846299399903
Source,023ab85a600a60874098a3ecc61db4f0d999718f72ff46e1980e9111a90051459e,0.00027031410498999837
Source,028a7930a96f7a604014a8d6874004262ea64aea4def90839c265f8c7ff8a4b34c,0.00027031410498999837
Source,02df5223bd356f60f2ee51f5043abc88faf0031d4b2128f299dee92ac9b2f3399c,0.00021625128399199871
Source,03576298deb1196400382153bcb05ba72d155683c9be2e65454f42543b49e6d886,0.00021625128399199871
Source,020a82e92e03853d71254c7c0e3976dab069a340a04cb0f6799d706ba4e4e26f46,0.00027031410498999837
Source,03ae9ff0bbe209d132be18a5652285f61f02b9e70d57548ba5c5a51e2e8c69a722,0.00027031410498999837
Source,033035870d69d43fae1c8019d1f31358768e0b67fed2f68ce7f2cdcf603c891488,0.00016218846299399903
Source,03fdc5e23f5ca9c0c73f29ed5fdf816d024060e1b1a0d1892cc0fd93c93a474f4a,0.00016218846299399903
Source,0271069cbb9ec21ca0d8fd2bd7df7ebffe1fd4915c62c8e4b8c0fe33218296714f,0.00021625128399199871
Source,0331fc58a2c74170bb30fbaa3f621cad1dccd3f08e4dd73b70821c8d08f5413b85,0.00027031410498999837
Source,033868c219bdb51a33560d854d500fe7d3898a1ad9e05dd89d0007e11313588500,0.00027031410498999837
Source,02df484d45675c159994b52ae104ae23d9d50c383167f959cca00f390ef95f2911,0.00021625128399199871
Source,02ca8d072374c685cb7e8fb24c1f1b2e7de6c43b8ffe89acb23377c5ff09f1d0dc,0.00021625128399199871
Source,03387a0552f5cb4964bb0c67bc9c4e09352d4d35b4b18a9d6d32eba75f99e4b7dc,0.00010812564199599936
Source,035eb2bd617c6dc05849210c3bb0d7d90cfebb6ca370e323ec3bf7c4ab2c7b67ba,0.00010812564199599936
Source,03e28223dc9b962d824c4a41dd6a2d178a72004594b87aa28cbfdf63e551fbef33,0.00021625128399199871
Source,036bee07110a8ead885caf00f775af8847893aa8858fec1cc5372766a410e840ec,0.00027031410498999837
Source,02b12d03d897d2d8fe8fa83b3234e92b79cde4beab24406a232ebdf82515906776,0.00016218846299399903
Source,03f6f111d729f04e22537d258e92cbffb345e36a0a98f1c77c6fa80b21ecd21967,0.00016218846299399903
Source,02b97ccc823616e84a9920d82a8e13e1851d2b7444d45c1a5b039f28109dde7601,0.00027031410498999837
Source,02d6aa78ab1a72271a3ab778d84ddf73b73ae01f88f9f2658b229adb3b9dfb43e8,0.00027031410498999837
Source,0379972fb4965f1c511269f30ffd1fc91731e1c3e8977ee5bba44b1ee9338fc69e,0.00027031410498999837
Source,0337579aadc81356ed7f32587565e4c2a7f8d1561be8cc3bd976cbc6a409a4a71b,0.00021625128399199871
Source,0325dbaf76e0f0d2fa34c675fbe2847a516b4acb24d5c8b79bb9c643a9344bac09,0.00016218846299399903
Source,0337cc53cf8df4236806595e61fe08c23b754e6a11ba5ceee204e34b3b304a32e1,0.00027031410498999837
Source,02c3edfb29c60d74cb75ffdde9939be0303acc3f1e7c8267e6efba80d29a38bd7a,0.00027031410498999837
Source,022396286ddf16421364daf7ca4dadf9ccf502aa588d922fbd672a23e5b2f66c26,0.00016218846299399903
Source,02ad72ac8f33efb72f1bd2b9775c513bd81f818998fccb02bd72700584b22cecb8,0.00027031410498999837
Source,03a1af8f211de57208bb8e720a9ba074c3c70ca6e9ac08a6af06316914885acfcf,0.00027031410498999837
Source,03dde60b6d632e20198e99dbe7f500b55d8b422a5d73c02486f159f1ca136b919a,0.00027031410498999837
Source,02308ba8384204a969133b5214b0d7567e474cd18dad193242a90cf7be282283fe,0.00016218846299399903
Source,023cf0c93638b942b501f3af14b761b83cd560a65098125124fc336ce4ed962dd0,0.00016218846299399903
Source,02442daab8294f13b8fefda442e312804bd488fc6c025a59ec5de2a89e13628157,0.00016218846299399903
Source,02e42e1ff6ba74474cdbc1433fb9e23f061d57f4065b66e5cd6626ebfdaa2fbb2a,0.00016218846299399903
Source,034b8a7505992a8e670426af1e38730dd17581433ebde3a23179a2191b15027519,0.00016218846299399903
Source,0245a247b3557ff075fbb5d8af97db6e18d14ec99a5e16fda29b958d10f3be4eeb,0.00027031410498999837
Source,024ad115ba27cf24f9bede658b9041000dfcbff2968156e884902482f625e8adb7,0.00027031410498999837
Source,0274f089ac9a100701b3c8c5004e34f9f0c0440850a938088d7b6207c9ca5ff4ce,0.00010812564199599936
Source,02dc1e428e4ed9c6246bc9263f85103be2cd81bb4081bdce3022e576786edc872c,0.00027031410498999837
Source,02fe58e788640b0cf43ea1568d0d2354ecc3d450298b4779176e1603681a777a42,0.00027031410498999837
Source,03219f14babe59d42375acd43d2c6ad4e8a37be25f053af30bb29963b81009f3f8,0.00027031410498999837
Source,03e4c2ab1fe9a25dddd254612613b1f9392d6531dd941e10d9433e46e25d5682d2,0.00027031410498999837
Source,0262fe62f16fd70795fbbceabd767f3d504b99c1d76ec8169478428d8ee6d00440,0.00021625128399199871
Source,0285a9bdd8f6e510bdd48a5d680574abdfe2a3ca3124367d33cb13c1ed9872023b,0.00021625128399199871
Source,030ec18131e77085b4c6cab39addef54ff9cf040415509ba24850a9ef19c68d5f6,0.00021625128399199871
Source,033d388dbf5a81a0c793fc8f78390586451345e44c18f5e0993c26b5e7e4909313,0.00021625128399199871
Source,0364ad9d53f12f89937e59af0641ba9d724ea05de159e91f3ef825bc8acb3f7d30,0.00016218846299399903
Source,037c0d428e37236c56f181975ce12ae05fec9d6acbf780a56ec457e1806b1f5910,0.00021625128399199871
Source,03fdf18dfb3aa1f7097e23570a9415364236d7b4100cd3b64a4e8090a00595fae6,0.00021625128399199871
Source,022d6f7950717d20184eac6607552227b04fb6686e15dd17e404e4ddb9964d712d,0.00016218846299399903
Source,03df528f1f36cc09ac5b97db1bfea100cfccef380f14fdf5808de4ed38f687e22e,0.00027031410498999837
Source,036fe0795980588a1489d2ddf11f47a0ac36671e2cbff46bc4ace52738f15a1956,0.00027031410498999837
Source,0361373e89c24abb40998754e3d313543f8308bb254cca965eb8c95c9bc6c2736d,0.00027031410498999837
Source,020a1048b785608fc5d4c6679ddf8aac8a4f39159951d33526782e19bffbd9ce54,0.00021625128399199871
Source,020c04edd80a8846a65b7d47267e4637a33f3f0603af70069361089c93ab3cdf97,0.00021625128399199871
Source,020e39403fba22a1ea18664ae0bb767f0787657e728fad7b1d7864dd24feba0db8,0.00021625128399199871
Source,0214864906f3688e4a071f397897a3dd5cc9859db81d8351290837bbbff7be44ec,0.00021625128399199871
Source,0215212673e903a18c095661e7985b4c7f62985e745be4de6327d3499631bda1fd,0.00021625128399199871
Source,0219de90c50505f9e22843cd757c7a1e34ba4eb3e4d5696c3fa91d5bf8c211e610,0.00021625128399199871
Source,021c1bf286a5057e58c0bc3f4c022c052a717f019091ddef78c2921b72fe967096,0.00021625128399199871
Source,0233f66b6e92bc03e3bbb9a2e420ec143ef6dc70021f4126e773c2d384bd9bacb8,0.00021625128399199871
Source,023c72bc4a317659357888ad17ee2d8a3bd2bc0bbdd4e3dbc2d7c6b4ba75ceb0d2,0.00021625128399199871
Source,0245b9e825cf41c32882b2481e55a44aa1a5b57a7ef9af0f32ff09cce663687af9,0.00021625128399199871
Source,0248edd467575de8614f8cad12dba14e2f027ba44680049e5c9957486d532e34f4,0.00021625128399199871
Source,024fa8c4240059894878bd6df862c5601e25396c3f1629403388eb7bb231e98484,0.00021625128399199871
Source,0250d8fa4f0a8ee6a74e792e83e9c98eed1ff060941526b562112af47c0931db08,0.00021625128399199871
Source,02564cdcddd88e6a98f76d81cb817a68cef1a66a6333b295aacd687c2d04c56e58,0.00021625128399199871
Source,0276641f8fcf2fa3413aa7f7ba59408331197d56cfc8364f0940204f00dd6cfd46,0.00021625128399199871
Source,027ca09b8a1e21c2ac194f6a7fce223cca2d5585754259eddb5d7302de894a45c8,0.00021625128399199871
Source,02805472eb224f2c9556f8d3b60e70dac57a5d710630284cf131ae9f46e8f11032,0.00021625128399199871
Source,0281f1a1496d9deb18dc356ed08f10e1f8f27cf4e376bfb48c80a511e797fbebe9,0.00021625128399199871
Source,02882d46f06dfcf3f8affb1043b8bc069f5ce45d28dfc74e606494e3763e7b0c0a,0.00021625128399199871
Source,028c50e32cedd3ba99c23d848becc5918c3918bf8969131c92ae112d3c4bfed02a,0.00021625128399199871
Source,028fe82d8fd44d22ac6e5f39e8b8ac63c994a628d06fc84425ffbbfed74bf488fa,0.00021625128399199871
Source,0291ef5251735e5c3eb99eefb1183b78593af8c4511f86b8a42b7acf210595aea5,0.00021625128399199871
Source,02a1fa1290cfd45a6ba4c689ad8f78b6b8e4b4b4e1ae035fc927f59e838e5bd1a3,0.00021625128399199871
Source,02af1c6605c82161759211609f2edb92f0e8a6a937af1c41a583080f514b315bfd,0.00021625128399199871
Source,02ba1ac2a3fcdb7a7b419ae1fd9330a86c40052540a77fc548d834e0a09692bb9e,0.00021625128399199871
Source,02d30aaa6f5601d16718561a8b77a4ef8f9f399ce7d3e0273be99409c81becff03,0.00021625128399199871
Source,02d4fe24aef06283af0fb9dee28c78b634daebba40598cda8207d7c169db740214,0.00021625128399199871
Source,02d853f2b410bf1b8fcca67bad62e6a8d3fd773fffd3778b0e8788d146f560a6ef,0.00021625128399199871
Source,02effb81ef4ede1bf89b135f24149c45216bd4bf6c9716272ae1a0350344a35044,0.00021625128399199871
Source,02f251f0872c93012a287f5ea6babb4fc2bdfe7c9248dc7ba02dd2dde69ae33df5,0.00021625128399199871
Source,02fda0ac0ac76498b5be23652bee525521768cebd9d3eedc174bc9548d9d2850c8,0.00021625128399199871
Source,0300375f9252aca2c0cc1250ce4556e58e4291b4fda6172e07bfc9cb0e839b99c2,0.00021625128399199871
Source,0304002e761414c0cdae643ca675a2dcc3ce68a7dc8158b1487f284669c12d89b0,0.00021625128399199871
Source,030ae4c62d6482e90b9d3fb86b030863e05315b9d27108e1329e8c20bee1673fc9,0.00021625128399199871
Source,030d1fba863fceea20eb18835580c9f9d6056b5bf973a07f803d24eeb89dd9c7d1,0.00021625128399199871
Source,030d34f72ef3a7e70ccd215a8443c625f858dca2020b1d8fe96475651a7a45ca4a,0.00021625128399199871
Source,030e1ccb7e02df24a555c571ea36fdea8963e409653e1c3ecde63930b6fe26e24e,0.00021625128399199871
Source,0319f06a3f80414b91d4cc6ec18a2146b3e8177d21554ed71841cd4e46079fd293,0.00021625128399199871
Source,0325b8df7c4d0efac530239468061c8920919008298b8b0798f33afb3073a5228e,0.00021625128399199871
Source,0336b49fa395fdce71f83dce3ee3e2b209c04d79f58e125953ac3a149234e7a6a2,0.00021625128399199871
Source,033ad73e2b185860182ffeb3cc66ed5b67986449a01173915e0b6eb4d450e30c6e,0.00021625128399199871
Source,033aff3bfd1303d1fec222d15a1f7d1d39d18befa3460af3c8a14b19edea8c05d8,0.00021625128399199871
Source,033b194362bc73f7a6d14dd2473c55ac010c80c69071264772b597c4503936eb8b,0.00021625128399199871
Source,034d96b3c0de2bb522e56a11979862ffe88777d0d56622ff4d56f78cf738719b57,0.00021625128399199871
Source,035918cbb1a10cafaa6eb2f57750de0a653b981275370645820730a7f9a390454e,0.00021625128399199871
Source,035b3133c7e8a1dec84379da6c107225a0c2ec808517a4133169195184cb6f6e27,0.00021625128399199871
Source,036ba4029ed32caa83dd530c374527acc68139319ee3f890a526c5414fb32fa659,0.00021625128399199871
Source,037444f28b2c7118c3c6f62d6b322da5a433b5496510f35a327b2fb5d5cfa8149c,0.00021625128399199871
Source,0377e0ad2f11466d9de54b8095747d9dcb0d479cbba342cc87288187b9cb7dab3f,0.00021625128399199871
Source,037c6f76e33c726eacb15ded6b3b10555ee49a9f51bc0cce3f866ce81c4169f581,0.00021625128399199871
Source,0382d277c46f2c07c984e550605354721a65fdd04c48c860c0a4883de37a848ab9,0.00021625128399199871
Source,03896080ef107e617c61bbc24423f113869af27a86f910ea28a5684781836bba75,0.00021625128399199871
Source,038acd435695a54fcbf2af81fec723abfd3085dfea3062d5d7cd46f23a8511b6d4,0.00021625128399199871
Source,03968d7f8825d1e34e7d38993617cb6a861f7bcf78e6fe1b1043272350960d1f51,0.00021625128399199871
Source,039bbed4e84f9060ebd72ebcee96458d252a8318bcdc022751844c77b1c1c79e12,0.00021625128399199871
Source,039f9982a011f7968e242de71b9918515cf3df095f92f5eaf4726ac3db1d2563c7,0.00021625128399199871
Source,03a2785f6b8589bb906333ad5210a947fd4f47223d5231703dc5e3cdcff9ea301c,0.00021625128399199871
Source,03a97a8f6f2bd2293285474a4be48e8d971f333aa3183c95e51d0f704fd42fd92e,0.00021625128399199871
Source,03ba716460d1d3c82d7b48f5e546c5c945e627c8a227a43c5e0017a562482d98a4,0.00021625128399199871
Source,03c45cf25622ec07c56d13b7043e59c8c27ca822be58140b213edaea6849380349,0.00021625128399199871
Source,03d11f1b25c5eaa92cb9c8b7fcd797029da592ee18adff0c39f4b4cc971bffd508,0.00021625128399199871
Source,03d63ba019e0a49eb83b51d856fe8d71fa344d7909e563cf7b80861a3ff4aa8b29,0.00021625128399199871
Source,03f459c3650345f00b7fa34a405693fb7995028e014231fdaf867edb9aabd6b36b,0.00021625128399199871
Source,03f475f4fc2e0b38b71e6ed9649c43480777242b72ad6e89a1d69d350723b24add,0.00021625128399199871
Source,03f99306c4b39fdcbdfbd6829e88d73df1731e3c2f83bb56ad4c6772329be9b0bb,0.00021625128399199871
Source,03a0c26d1c675fe46ded3c1a02ec340355d39bffa41378d9a481d3b79bdc680429,0.00016218846299399903
Source,038bfa45f17cbe138bf14b7f6cb340a566d8e984252348c451b574af6abe560ec5,0.00027031410498999837
Source,03f7469b18eca3b4641f90c1f3b7fb418dab9701276590b4011f7f660161e7211a,0.00027031410498999837
Source,023b0e11c20e8db767a85836e9564fe1d90167755d099289d27c98012b54041cef,0.00027031410498999837
Source,03cc473b938b27490d7139309a69858828d861129470724d0fe568eeaed3b0039d,0.00027031410498999837
Source,035c709aae4bcb860ebf07da75e6454172ce27b0dc2131c7263479696e2f1fe6bd,0.00027031410498999837
Source,036cb1a035eb1c7f125c004ed046d329285bd57e4100f18b577af721659becd832,0.00027031410498999837
Source,021f548a8ab5eb8e7cf91e4c9777c388463e213485ece9a1808e3c6850084ee630,0.00027031410498999837
Source,024000082be4fa75fb36c873f0fc89ace105dc51f8cf5fba2fa471d345e690be1f,0.00027031410498999837
Source,028a4fae55019bd8922d6b0d093ff2bbe2412d56475a032e90bbb10cdcac8e7968,0.00027031410498999837
Source,028eb5be336f7fdf2a4e40c57ff55d3d5d71277bb4197ea14957f756bff249e623,0.00027031410498999837
Source,02b307fdad2e68d08ba5a59cfc8a0a7ec0ff375291e1082fa22a5524e68608c520,0.00027031410498999837
Source,02b66d7caae1acb51a95e036fc12b1e6837d9143141fcff520876b04b9d82f36d1,0.00027031410498999837
Source,02b9100bc54acc40d996f91b6cc2c83b6bab65e98e808561cae902d8586d33006e,0.00021625128399199871
Source,02c85c34b89d4f5b16f60fe6f524862669ddc34f8bb7f8ce9ec783c1db6c8da857,0.00027031410498999837
Source,02e190e949c2de0ac2a7c796655d3a26478a1ce99a672b1943a31209b556d7698a,0.00027031410498999837
Source,032870511bfa0309bab3ca1832ead69eed848a4abddbc4d50e55bb2157f9525e51,0.00027031410498999837
Source,035647cca2c79c57fb3a471691c14b3f9d6a220c459708f6a83d04aa9691a0780c,0.00027031410498999837
Source,036342a5df26bc0f6d2368e7deeac7eadb9bfe57dffaa491cded856bcfe71125c9,0.00027031410498999837
Source,03654d55c6bed17571938f1ba46b3b2622c52fe19faff74732eafdd16a1cbe2334,0.00027031410498999837
Source,036f6218c29cd232fb2fe31be48c2adef7df9a5fbedd146d1108fab4e3e451c6d4,0.00027031410498999837
Source,03d3efc01d6e099277d602f6f961068c0edc3d5c2e631906c2c6abf5596540dba7,0.00027031410498999837
Source,03d937372ceaea5f57462a845c3bdd2b0254ecb07b8b9f9a30a605043bee178c4a,0.00021625128399199871
Source,02ed981c0082b877fcfb8f9adb829d42067b3089a9f22f8bf4a958c93a667a855e,0.00010812564199599936
Source,02f875b822df38855a1dbceb7fc8e8f16ed40c005122fbfd02970443c0ec6a7eb0,0.00010812564199599936
Source,020cdb1f8a31c478aa886f51e600e2c007050f6d2e91c318f96eda2f6b21390e75,0.00021625128399199871
Source,0363c1c1547bd076a2d2e3e781ee182405949566cf779fce318cbf3403fa1e52d2,0.00016218846299399903
Source,03dc240900548ade2ffff338c3dadf78b2b5199d832a61fb542be2826d14126239,0.00016218846299399903
Source,03096d4271aac41f26bf38ecc0be3bffc40701b23f0a843cb8357971d325c3493e,0.00016218846299399903
Source,03cd7c7c0a09ecf5c20c5a369cffc260773d33c173a58fea11c9ef5cf591078480,0.00016218846299399903
Source,0334346507fbd9c36742122414e3fb9b5b4db4e432e137633bb225b1926327b51c,0.00016218846299399903
Source,030fc63d2a19e3fceb51d84e51dcf9fc9cf1a60b7fd11f5f6da6c27368b94a4cbb,0.00027031410498999837
Source,03c0adb9a1628dd289ddb16edbd830b16a39136dd58e5dbcbac4b1d674f7a3d11b,0.00021625128399199871
Source,023d1ab967c4a3001401a715192ec28ce22e0d8f4ee6383fa8a71e9bf0b0ff0f84,0.00027031410498999837
Source,028626a3f43522c1fda299041bf745a0ae009712bc220d2ec75c34d351b4d12395,0.00027031410498999837
Source,02e8d7df8f08061561ddd19e3c748f07acb2c6a0621231962fc944d4abab2c0b77,0.00027031410498999837
Source,026ff62c35a52af34c133334638727e136b3e9669ea3164ab8dec1b9f74418d5ee,0.00027031410498999837
Source,02ffe45918866710c342ba1a16244ef3017edfbbd524fae1918d9715095035f7b7,0.00027031410498999837
Source,031017e6563c2ba50cf43300b8ac67e6fe577646df76e1216368dce75ac8c3457d,0.00027031410498999837
Source,0320cb6b071d07c28ca5bb19cd8cc638c42f602e798a310a6411a023f1ccefebb8,0.00016218846299399903
Source,0288d409fd8ef4ab9d6f0c1dc7bf1048f3f7fb040886d3019126db4a5ac35b1160,0.00016218846299399903
Source,024998a461a9f82b62b07ea836e3b64dec427fa7ca8fcedc1f88fc6115bb6292eb,0.00027031410498999837
Source,0276876c764149f55dc1600129b94220191cbad0061c5c222633e5dec05b6db2f6,0.00027031410498999837
Source,02a9a829bf80e2687ef0483d8f1e975808b9f9e562c144ec1bad3cf1cdd72cb4e2,0.00027031410498999837
Source,02b94b90aa88f51f506afe8ffd2b6198e7e333553515ea0f9dc5d1bfb8d36dcf51,0.00027031410498999837
Source,0337cda34cc437075f32caf44d957d6c4cc11abfd26ebce9b939ae7f41cea41035,0.00027031410498999837
Source,033a5f5d5852be3144e072fbcdd6d4ef957b928763d53b46cfa81aefd80863529b,0.00027031410498999837
Source,033e861daeeea1e4f23db066d275d17c4b64da9a4969866ef18df9db7434a40b33,0.00027031410498999837
Source,035a228ffaed7ab329af71230dbf2fb381530723042e8d3d64ab8fea6d30aa5d6f,0.00027031410498999837
Source,03531a639bb1309701b14d073f2ab34dbe727f1900df7d3fec24f19a28a4a98ebb,0.00021625128399199871
Source,03ff4992f2a981340d3d9a859f310dc56793c07676923fead17cc6421fd56c5507,0.00016218846299399903
Source,02b90e8824a1b91b753b7f286fa030f29c7b00139e350ce6d373a1bd2c497e6e77,0.00027031410498999837
Source,036c6a324a0c054c3b02b5d9d6d5b60d085a9af033cc4cabdb0539ea875a20adad,0.00027031410498999837
Source,03865817ad0ccd6f4b33c3774abca31a0869d867afb116835939354455a32eb6e4,0.00027031410498999837
Source,032419161f0505a955c4025e90eb441f5cf5b103a99b9f2cde2965fb80e6b29d8c,0.00027031410498999837
Source,024bdd425965109a9b53dbe929890bb0248d4828fe2e911fba71e4364fb91f7097,0.00027031410498999837
Source,02f2818ff3f8f58170e8041cd6a36a79a2f7a491b5b6770dbe7b4a98a1f918fecf,0.00027031410498999837
Source,02093ae8e949d4719c93f15c5ec35a81952aa94a679eab882f14bc8665ade5ee06,0.00016218846299399903
Source,02d4463e9bff6d9f3250b8f8b3a4358532778da86525e2355c3be973423c61a361,0.00016218846299399903
Source,02b9f5eaad9609d209e4acf1411bd1346d012ee06545fa2cbef2de10a3e5fbf7e0,0.00027031410498999837
Source,027303a99a67e64858b9f5fc80943fc5288dabb6396b17dcb567afea2c9c39d54a,0.00016218846299399903
Source,02208879ee204651619a51f6e48e159da645f1acbf417b3b399358ea7784df066f,0.00021625128399199871
Source,02e8f0717f412f455bbcafabc7119f3e3bc1e6c7efeff3df14c98f4da14278dc95,0.00021625128399199871
Source,039523f1a102d30a8b6c458d9a749158c16780c715d4dd23ebfc5776e0af58e3b8,0.00016218846299399903
Source,03d9aff3e3a326a7e2505775385a2fe41ca32b19ad9b84eb3bd02e6cd4241861ac,0.00016218846299399903
Source,03440f4dd43f5e30ffa0fd37eb99e2c27241d71e4fc5b3ea1e9c04a289a51c7ae0,0.00016218846299399903
Source,03b64315b0102bd8e49121ff36ed1418bfaeb2a83d9d239bfe948fa7e442f63aab,0.00016218846299399903
Source,026e67b4ac53236968cc3edd1cff310469555250e661c45b34d86099794d9d4421,0.00016218846299399903
Source,02ec3ac56e8f18ecffc23d402366312503b595fa9837fe65e588dcce5de113b5c5,0.00021625128399199871
Source,033c8fe4aa30e6fff6241c54db813e5dab61fe15ae9ed3b60c1d055ad452b6669e,0.00021625128399199871
Source,0317607370cbe81b77d0b41f09272e8db206fe4cfd02362624d10fdcf2003acc30,0.00021625128399199871
Source,02aaceb0a87966bad78675d25d935ceb7aabb25cfb25f8f849adaac15100f3f3c0,0.00027031410498999837
Source,02c7d67c0f144c90ac2f4238f36dabceb56099e2775518f71ae947d029eeba34e8,0.00027031410498999837
Source,028d9e9348bb5594bc5ccf195fa193fb3260287bb0529a65a74570fc2907c8cf36,0.00027031410498999837
Source,03b7f411207fd7c29208c9a4f0a9d575696b609b3a9e02026adb2637f806e94b60,0.00027031410498999837
Source,02af2e475fa6410bb89213eadc9de4cda72a5e9653380a42fdb37a917e1f8364aa,0.00027031410498999837
Source,025badaee37acd5ecc13b5ae6039815e74ec3723fb195b90020b557a8f9c109572,0.00027031410498999837
Source,0300df12cd7be21160c28fc1e2411a2671d9dcdaf261ed209125575c0e55cb1456,0.00021625128399199871
Source,034ff8496066474abc3419794287b6045400f3fa379818356fbb524faadbaeeaf0,0.00021625128399199871
Source,021e39c6d51ecf091a67b4ca5b4787a146663e9db9ba4e23b71aa500d9387d8399,0.00027031410498999837
Source,033f7762b3231d3a58dc95e5859dc83507f198b6bff45023409e80724262eef9e2,0.00027031410498999837
Source,0214c507126b7e7026ea47da3b49cc7731d30b4c83e60c5ed630d7e39ad7778ae9,0.00021625128399199871
Source,02594070a904ca123ca647851180a9b6fa1adf0d03e3c5d299f0fa916ffe0b351f,0.00021625128399199871
Source,026779430f4a854383cb56e453abcf4465169661be6673b23d78915de44d53b784,0.00021625128399199871
Source,02e0c584612490e34e2d8b9095065241bdf7a5fbd125413ee3b9c6e679155b9543,0.00021625128399199871
Source,02ebdd88275fe46bd01680f6336f366f556e9d6e78163165c96e27f89b94203d13,0.00021625128399199871
Source,02f4f52d5b38024ecbf7756a862d8f2c31fb15d5c67e3352397e96dd94821cbbd7,0.00021625128399199871
Source,0394d13c1b210781235d2bd860f6d815013397217b9c44972afe126a5aff4ceabf,0.00021625128399199871
Source,03f7375077ae976ab79ee013760a3a599cfb1d862fc9c9ea682dde1921c1f79bcc,0.00021625128399199871
Source,02010c04c4163cd92afe491732335af07bfa0d804d2e6fc22b9e858cbb2cf96bac,0.00027031410498999837
Source,02275c9dc7713622334662e5d96093c9e3ad93ce5d1bc080b9f08ec029701ac00d,0.00027031410498999837
Source,0245407f0a8f5962e3286a4e8394bea231be8b28a6d5f2e380a2e758837ff24d88,0.00027031410498999837
Source,0265afbab3ad82e3a60a4d2ff0a135b02eeb8466fbe999b33671a84dc91d4ca721,0.00027031410498999837
Source,027c9c41c43664ec35092eafda6516a61294f8c77e8a4e6d877c2f463a658be6c7,0.00027031410498999837
Source,02b613de9c89fe9fb5865195d941dc1d49e55b3db0760ba13a72cf4b8bab165bf2,0.00027031410498999837
Source,0304086c4bf6cee067edcb68b2932baacd3a685747a6d5c5df2c15555c83c27da1,0.00027031410498999837
Source,034ac5c2932ff665ec6b5b6afb5b98a6953840e3fdab0c195f965b0f9a11f1dd64,0.00027031410498999837
Source,03fb850e9b17bfce38bf523092a94dd0bcb6598823084b008c5918ed52ed8c154b,0.00027031410498999837
Source,026bd2cb9cb3ef55ce5a49c83afb8afcaac404d28d3ec49934042598d2183874ec,0.00027031410498999837
Source,0336cc71d383bfca0ebc47e063b256fe97475b2ef28a1610a621f1708d86458b2c,0.00027031410498999837
Source,024124e9461c62ddc60e49d4c3b47c524f40c2089a082c8f7b69bc09775ef9a20e,0.00016218846299399903
Source,0282d22a092407a974048e51531ea51a0ee8471a01c711fabd01db1e14d5f2142f,0.00016218846299399903
Source,034e5f69f362b02851d48848ea788c4fbcb29d3810250a865eef75016f827c6f10,0.00016218846299399903
Source,03310e62007ec27cccaaf2337461691d3293d8758761278577c238b61ed84a916f,0.00016218846299399903
Source,036a74dbbca4d5ee296fb34541ade008937d566f669605b80b92a7eacbc2f21d6b,0.00016218846299399903
Source,02acf41cb1c61a115f2bddb52574d947e0224e2e15128a668201906913680b5c79,0.00027031410498999837
Source,0302bbafe95b98d072ff6a3e96c3cf473699a8795e5e4d98385dc828557c2cb8e3,0.00027031410498999837
Source,033d069274e16055780c48a1aafaf828c8ef546834e7360f2022a82dcd00428b30,0.00027031410498999837
Source,020485f39d68484e617eec6a56b2bfb456ebf1cd9b464ff0cf5e7812669c2df276,0.00027031410498999837
Source,02c80136d51ee2605a32fdf015bf15f5651aafed07934091011cec88822a1a26dd,0.00010812564199599936
Source,032824b8e1eda7081692ab7884426c276ee937fd3d4aa6e5170f178ff866f909ab,5.406282099799968e-05
Source,02b54a9ab9164683a841f4f54faae1d9dd18831ccfd281917f1d9b48619081df3c,0.00027031410498999837
Source,0246eaf6812013fb860306943f79a0e4fdc5971d5efaeb3cd58049545803bfb491,0.00027031410498999837
Source,025a596f3023eb914d6041bbb75d9d274b8131596aa9c6eecff72fa45de9927fbc,0.00027031410498999837
Source,028bcbcde14ea547466cd73107899892df8be3bddb8b3fe18f8ac1ecc4b6a1d97a,0.00010812564199599936
Source,024e0da3d6d822716e5ed39eebfc66187a4178c9c61e39f2747fb76f27015861c0,0.00027031410498999837
Source,02a96264f5a90c9702154e2c502741d7438fbbaf9c1478e9485a2803d854fd5743,0.00027031410498999837
Source,025119aeb5f002c95101bd4e8543cf971dd27de4c5c1098b61d35a1a9d64d82d12,0.00016218846299399903
Source,02e52f7d48d8acb9097e29d09a195a4ff7710408d2d26588b834a51975bd525a75,0.00016218846299399903
Source,0240248a7bba5cb1e3189ab95f0bc888e86e23b37ef75c9742021860208b3d7d97,0.00027031410498999837
Source,0254883e7efb8ca572853a921821f148ee5f2ed918df036f23edbce4287b06f3e1,0.00027031410498999837
Source,02c071c8bbdedf41c892982a09d2b97e88bfa0b1c58772afe85f417b198bfd22ce,0.00027031410498999837
Source,0362399d0c13ab3e66793c6c37ed9bfce78da72d2493ee30b2f564bf8002ee1eb9,0.00027031410498999837
Source,026aa3168b12a52fa335c673e738ba2bfe86942c0338777fa4a95b740a266900df,0.00027031410498999837
Source,028d1264b655bb8f1e503a588414776b083b59368a8c83f77483afacd8de3197b1,0.00027031410498999837
Source,0296ce0eaeed26f0eb4e7623b33c6f064afe3ea3d9abaa7f349d2133bf3ee60980,0.00027031410498999837
Source,03217102c3a91590ab5081921df6509844434761a074c6071661729410f3672029,0.00027031410498999837
Source,02e33bbc81cceb098ad0fdab7893b7cdfa354289b73f11d90e857f749a0ea2b227,0.00027031410498999837
Source,03cc5ead9a19902dbb7cf0920e819f383f4ad0a916a6ea4d59f1bbb0660503bdde,0.00027031410498999837
Source,0221293d43180728bd0f67f0ab980430ecc810215b7a718011779836b7ce78a00e,0.00027031410498999837
Source,02a3fd4506bd85f0b905d34a006aba428859b2dbf4775f54e681def59da08335d1,0.00027031410498999837
Source,02baa9e4de19e3a072f484e674b728219e1700e422c4374b9fc65ac445cb698c4b,0.00027031410498999837
Source,02bfbbf6ec32275a93a34cb2c4b95d775f993b1e4e03edc0c03bc12aef18781bf1,0.00027031410498999837
Source,02faa397991fb58c67dd84b09271a12cfb4d9e24a7603fc2fa75389b0dff0fd821,0.00027031410498999837
Source,030fabcf1218082019f581693108ec92a5665bb6a891e948bfe9049b19d7c8edbb,0.00027031410498999837
Source,035800b63b41fbca2fed0a01501ee2019036b05510f63b90ed1579a4f4ca2c561f,0.00027031410498999837
Source,035c42ea716c7ffa3c380a73f1de7ba82a61f0c8af710b175d6ecbdb6b64edda6a,0.00027031410498999837
Source,037d16cb55105a50fdf1432a3aaa0eb198ac72b406c9bd305817cc150377493c91,0.00027031410498999837
Source,038298d44372208fff4349f673f7a40418518dac357ff79d5158c5773ecb06dc46,0.00027031410498999837
Source,03fd3d50aa244f50221878f7226003ef6bd97577c4c9dbbc6ac246be2bf3c30c1a,0.00027031410498999837
Source,0275887c1792825d9e13db969b286294d09d1c00c0484a9c5d39cb6b1595b51fdb,0.00027031410498999837
Source,03cb757f23844133dc34f36b3cd1f89d7ddb68e13fec660b57baf951a6306de4f5,0.00027031410498999837
Source,023e0c71875a1830384449a130a6823e234b5bf1079c5245fd07c98686a666cf48,0.00027031410498999837
Source,032e8faa455d3e45e24aa04e36634e23e8a382be6bfbd9184b23b2d8e7438d0821,0.00016218846299399903
Source,03009791220fc72580bb0b9833b68fd487014be25238c782cae92146c875d26da6,0.00016218846299399903
Source,03e87165a3307f8fe35624d9f46bf6edd964a91adceb2a42889c48ad68dc5479dd,0.00016218846299399903
Source,0291a5a80ec61d83b8212b49027cddb8fcf883bcf64a1fd86b827fbc03a410777f,5.406282099799968e-05
Source,03dd95faf1d95ea38047ec9a81a5dadf7a2875ab50a51720cb92c09925189825e3,0.00016218846299399903
Source,03aa66e2a8ff6da4e9f431bbd89585ef564835a0d977b40955a92a68235e4f09e1,0.00016218846299399903
Source,021cb32426ed1a6be9533801e7c56a70ffc1c360a3a31819c3ae0a72e141d78000,0.00016218846299399903
Source,022744d4382c28988fea6f49cc337424029d8bbecc7236a8bcea97ce4f23332b2a,0.00016218846299399903
Source,02b3a3a7bac515ce3f39113c0876a6bfb566584a808bb64b3d305aef19e4056455,0.00010812564199599936
Source,02c10ada6c6bed574f216d4decb799743921da2ed13dc51c410bc9559c1f90acb9,0.00016218846299399903
Source,02dba7ffa3b8e6414cdd47b89ad97c4f5ac1e0d5da29326eafdd779d91fe3ba716,0.00016218846299399903
Source,031a7781eb722f1200213906a13ed0286a4faafc3dfd7a97f8e3c05cec7b310ad1,0.00016218846299399903
Source,03b5d69c1e21c9f784fee29a5ec5aeb687fb9cfeecd4e1d15292ec08504e554ef1,0.00016218846299399903
Source,02e347e9d66b508c77f25d3271e0bcd1eb2c7f5db5c1b3e8b968885007e9b05168,5.406282099799968e-05
Source,03c5b754955027273fc7aaa4b66a3f22b2a940bd837dc08b5dc3eaefe61c233c81,0.00016218846299399903
Source,025df956754d7915a44cc3b1924a1762759a9593957f8da821fe5e8c6b40343560,0.00016218846299399903
Source,02d922ed08d534506e58458ab88024575d16f38777b168464bbd202a7c6374979f,0.00016218846299399903
Source,02ff12b70f1095ce240e109d108c39571d9a282b0e331d46e89a752db69a22ed13,0.00016218846299399903
Source,034f9a418cadb7ea350f70878fb42331a8f0e247967e2cd833842e4dc0524f6a57,0.00016218846299399903
Source,03e5fefa29743c6b44189f945527f6be2c23852f94450ab0a3a0bcca15633a4cd8,0.00016218846299399903
Source,034d34153d11f6e13189ef7425843c03983c35eb5a6a0aea5de584cc335122c316,0.00016218846299399903
Source,02689549a6727a1e6f8d9f2e4bf9d13bd7c3c6cd94ad605233850e040b8959a12d,0.00016218846299399903
Source,036a8674e6c853f835a91d8447722cf3ac5f2b1314cacbcb65ef2c898e8123a91a,0.00016218846299399903
Source,031ba5411913fc59409dd229cc8947aacf8572f1594e0c75d089e968ae7059ebed,5.406282099799968e-05
Source,02f5242b98d6670424cf7e0d647d8b71502cdeb2d547771be1eaef380dc51a0260,0.00016218846299399903
Source,02fdb5aafc8403aeff0a7696ec4150ba30ee131e995e0e179dd16af330d012ab75,0.00016218846299399903
Source,02f3a1520836a6dc1c2d6652225f28cec15e36fc8bc03578467921305b895c64e6,0.00016218846299399903
Source,024ebcf6154742352cbe1e95b3b1d2840bf8e75edff04ceab4381f3500c149a22c,0.00016218846299399903
Source,02b1d72f7d8a15a3d23f8ca30924cf43e4def8908db2bd72ecece7d2e6362c5f5b,0.00016218846299399903
Source,03655280379bd390d35d15ee89d2f59f96eb4824c49595da2411f4338c107c0e5a,0.00016218846299399903
Source,03f30922d228ae730080921044e09e867b6e99055e8173ba77cbbcd47e1836c4ce,0.00016218846299399903
Source,02b4d2557c18418b3c03a2e8d1e09a0bf9cd079705aee9575891024878fdba1267,5.406282099799968e-05
Source,027c5166b40423795c0fc41fc18c944dd95e070582f514450215ed1dc1d98c0afd,5.406282099799968e-05
Source,03281b35eab4577aada6196fc6fbc5658ae7975658a07b4d89fcdcf2d7d81974b1,5.406282099799968e-05
Source,02e11df9a48e7b15fcf8f3e4249617d508be2dc211c08a06cdd47b10ff053996f2,0.00016218846299399903
Source,03ffbe95fe8b14161790c6f2a22b488ede6644621bee28b68d2bab9e1fff4fcc39,5.406282099799968e-05
Source,03e68d054e3260b051bc5ab802760e14c7bbc0eedfa56b824e0f5d16b5addc29f5,5.406282099799968e-05
Source,02ac8905ddd63d49def255555d50cf3151d999a600e049e4159f6f46b9cda31610,0.00010812564199599936
Source,02c216694a4a128c62df47fef9ed3f290cc2dd7a91e303a6ddeb588f2c27b034e8,0.00016218846299399903
Source,0202c4ae7018c8072987010a772bfe0898ae1cf4697ca30bec92558fe196f65bba,0.00016218846299399903
Source,0209025640c32cb6dd8dd1644884fd83a13a1a145110351b4adcdec208a90bf20b,0.00016218846299399903
Source,0267b5000c1f4e94f4acdb0638ac5d6963afdfb28ceeae3f1e9dd16371d5929e25,0.00016218846299399903
Source,02690c77012988a02a5dc3a9be2e43b1e71ced3be34b6c12222d6776a3858f9cc2,0.00016218846299399903
Source,028bdd8a109836f30d84f6d1b37502b93a8164ec6f967f24f36440e97867c3b292,0.00016218846299399903
Source,03483f16dbeb1f89123717e67a31c8c691aa339cc411850eeb6df79742cabce78d,0.00010812564199599936
Source,035cab6a65eaadafcf9434bd6c4b613f476fad47d4144e1e62b450d9dfa966304e,0.00016218846299399903
Source,037e138923422cedd2d6f8ebbfff476a84fbbf7ea972f8a164b5887e8044deea4a,0.00016218846299399903
Source,0386d9662040e9af6294d8a1c64cf98c7c6ef043e5e31af8a9362a3d300b52f500,0.00016218846299399903
Source,0375579eb2db126f8773df5aaf3f550cfab997b04458f05cfbd7ac8a014bb211bd,0.00010812564199599936
Source,0388c24704ac6bbc21ab67f2739c4ffd7a02292002d2712b4a445604c2aa31188d,5.406282099799968e-05
Source,022ce76cb9f11dc8c1e96ec90b06f7703b9c99e36fca0ef731ba8f90dea3aa1ee6,5.406282099799968e-05
Source,02e36aa6b0c9afef437e34608519934fea82f77930185bbcc93c0a219e221cd482,5.406282099799968e-05
Source,0279f06eba0e1080f6a693201f090d0635a0e5dd2ef57d0207210e3d338133092e,0.00016218846299399903
Source,032394afb98fa3aa9b47401943bcc6d93a5c1b57c22175579068396520e2be2cb5,0.00016218846299399903
Source,02329ee8b584579d365304d523c0c1b4687f09f1400712c11fdf5c4f63c451e2b7,0.00016218846299399903
Source,0290b50fa40dc7a1bcd3735fd1b888f5c25a7916ae73b13991f8c1dc2327d957d3,0.00016218846299399903
Source,02e26f050f82c63e8895938ce782bb123de9580a3e1100531f6ec1cdfc7c25fe2f,0.00016218846299399903
Source,03861620293c59d53acc8871e22a609f481a20f04edf678c46469ca64d4de36274,0.00016218846299399903
Source,0256c22c0a7f2d65e83ae6afffe2765e158b8ae18dc47f34b2a6f72331a2845755,0.00016218846299399903
Source,032a5594015483860136fcb4b8be1e5a7c0c414d8d432d9cdda985b3426480f90e,5.406282099799968e-05
Source,0362212b688529b3ed34aaad19b7c81a6233a6debcab70e5d3e8cb126dfb2e6c20,0.00016218846299399903
Source,037db9daad1eda4f89970cc9d4cfa1869662b614880b73229909b8a4d6a2f59b6d,0.00016218846299399903
Source,02aecff209ee8e066e73df7b7881141007a72ab4055856b2f27b92a884bbf16aa8,0.00016218846299399903
Source,02d91a5dbb9202e724c3501338adb511c761e7851e004cba1bb413368aa54d394f,0.00016218846299399903
Source,03e2ecf0b8dfe81a3d2b52785e7695bc331a2d341e89a3234c769150903291bbf9,0.00010812564199599936
Source,03a26381cb9676ee1f953cda0220cfdeeab91230c670633ac69ffc1b229337306b,0.00016218846299399903
Source,0252cc8aa0612490b18495fb56754f6d7a77ed15bd48e717db56dde3d299bbbece,0.00016218846299399903
Source,02651fa5f3f6676c6f13d88b3ffd3101421cd3bd1773d4af92242c46f0f902ef39,0.00016218846299399903
Source,02ef8e70ec71d50b876cc4cd82cb24f9c766a75e308c27c1d52e674c8c6276ad4f,0.00016218846299399903
Source,02349aa765b37ce40197e0009206373044e58ebabf5792e51d1b8da9fce1a7b230,0.00016218846299399903
Source,021c673f0f6bf02e51189f77d6b5cf61344a01a575796da96d328486ae854a68bf,0.00016218846299399903
Source,022e203f548f079f34e488518e597571b8d83a66e0d96ce4e2f4cdec389e28deac,0.00016218846299399903
Source,023673f28b99df4387001eab0a8fc060f8cbac78b2f99b6131464de6fd7e2e24f5,0.00016218846299399903
Source,0396b08f99518aaad12611a28ef45c8f44ccbef7c49082262d6a4e9809be4ce61b,5.406282099799968e-05
Source,0222c672f55d009fbc56fbae6769a37e95d8a3c962101f902ecbc0b9162d985a16,0.00016218846299399903
Source,0247a46dcf041a8d5499274702015a1d117bd5d3ec503d7c3297db3afb8e702133,0.00016218846299399903
Source,0241dc8c83c0b51f67d19ebb7a5c0d5cbfec594cbfef0ba8d600f34e79bb91ddff,0.00016218846299399903
Source,03ede9f3021cedc7fb416f2e8bcd61634b32729ff4979aae305e022d2b5941fce9,5.406282099799968e-05
Source,034e3a3287e54f8fa82b1234ca5b45fe739dd0c35b67d43938bab0e59945c4ed23,0.00016218846299399903
Source,0365b3c06aa862ea0c67a656eec426d4132738788cc629c6873724e0ac4065bab0,0.00016218846299399903
Source,023c27029183fe3e4caedaa9a9ee4d9eca5ff44117b998222b36d1cd1db43db5d0,5.406282099799968e-05
Source,02b39b76e521ef420d232dc8bb2cd7599b06bf8732d91bb516ef7f1d86914145e8,0.00010812564199599936
Source,034ab300d9fe87b50d46e8eda166ef75a3f377cf4c8531f0c595924575f3485997,0.00016218846299399903
Source,022e25d4ebe02f42ed66863e00aece6c8672272935bf8008cf141cbfe06edaf427,0.00016218846299399903
Source,02a904ed842ac89c909896a668e0175c17022e333e33abe4718e836202fe9a2b9e,0.00016218846299399903
Source,02b75a411d60a1e848e3a80a4ac23d76d771b14d261a4b5acce335a69ab5b8fdc4,0.00016218846299399903
Source,033ddbb427e5b2cec65b329a369876ba1294e61297e14ba85f2d30715729b25959,0.00016218846299399903
Source,039daf6a6698cc60572dcb172088e3866dff2cabc0b47dc0aaa4b40cb48316b5a4,0.00016218846299399903
Source,02a192cd5278dc00c88c71d71e113360c3962e1f25bdfc6cfce5f71753d97d1818,5.406282099799968e-05
Source,0224399e9ee880eeb855af068af2e1172f71c7f00d49cba223b6d7fde04b16ce6e,0.00016218846299399903
Source,023a2c128214988ff63d73bcdc5893bedf873cca655bf2e0aab775bee04efbf59a,0.00016218846299399903
Source,02edbab1f30224e4ccc4d70eae7dc5c06e742c1e0d79a375125ef9200592932ba7,0.00016218846299399903
Source,025f1534958544a90777ffff70eef59601bd7c990e7440aa2941cb6f12c6ae418c,0.00016218846299399903
Source,03c12bde440a3bda6e1e90f8d2cb184c505def3fc5ace1e472a6724f2350b24bc2,0.00016218846299399903
Source,022c271e1318a3b70eff75c6acf715769135c607b7f067929846459e35487c7bef,0.00016218846299399903
Source,03d9caa73541ab947f2944bddd0a83c42a660c97752f8951e5417c4a5f5d13c13a,0.00016218846299399903
Source,02afa5aae44e4937a2e651e059359fb4793bda70c351b31e0474be86ebd1bd3226,0.00016218846299399903
Source,03c4909cb262a7c7a4d88ad216086783985153b6bd837e99768b260b4a4d315c38,0.00016218846299399903
Source,03db689207d4cc4ea44c13a55e3c0a3b9bfc0017d87b3257b56cbbcc83b6a9282c,0.00016218846299399903
Source,02c87bce43398e73f65df561b4e776306fc1e74657d67131d76866ba617a0e63c2,0.00021625128399199871
Source,02025fda526d502061238b4b7359ea538d8f0ecd1248c8b5587d4e6ac9bac9aae3,5.406282099799968e-05
Source,034481df15f3dbfee9a9e6761aec7916f20de4fabc3a1b98d6b99217e50dc41ed5,0.00016218846299399903
Source,036a7471e5d18836d3284cdbc0fb723dbbbf0fcbb7cc00f9f2cb9315f18a56733e,5.406282099799968e-05
Source,0332d57355d673e217238ce3e4be8491aa6b2a13f95494133ee243e57df1653ace,0.00016218846299399903
Source,03cfa83324769bf02afb9b501b3cf4184621324d1e7e71995dd1cc6f37cfe16651,0.00016218846299399903
Source,023f8f3f80149858f49b14a41605e2273a86d758402fd31b1ba8ad0448e1eadc74,5.406282099799968e-05
Source,037cc5f9f1da20ac0d60e83989729a204a33cc2d8e80438969fadf35c1c5f1233b,5.406282099799968e-05
Source,0315c255c08f21cd43817f6a16805699fb011262c51243fc1123459ef02f175f89,5.406282099799968e-05
Source,024a50674e751119b17273c8ce1bb61a2def16825cec9b6355da533027821bb8ff,0.00016218846299399903
Source,0384536ad41bea179483ee0c07ecb6c7480ca04dfd7f9d66fd7642be0a06a07bda,0.00016218846299399903
Source,02b6b8823495b2af39ed58fc368b5f5fa293e3a85dd7769b5701a2e1da203f4770,0.00016218846299399903
Source,024779eb6d8e5d0b7c42a674c9e0d51f29aa2eca4f3ba79f31ad9e904d83ba39a7,0.00016218846299399903
Source,03f91a1a0613ba795d889c679aecbc75acd1fb00dc7b16a775b571682537b452b0,0.00016218846299399903
Source,03a5886df676f3b3216a4520156157b8d653e262b520281d8d325c24fd8b456b9c,0.00016218846299399903
Source,02a6bc45ebd9f990446e46770efc16eb408e7d717001887f84b96d246a5d794071,0.00016218846299399903
Source,03c11e1323668ba0e63afe77dafc2f42b030650e14413a7ae438abd4baf1b6c733,0.00016218846299399903
Source,02062a64c5d381c77f8ef679133e6207b995d33914c97c072f854eda8ef4e6ea78,5.406282099799968e-05
Source,02668fd8a986f2e7ddbecc26133aa2abb22eb5282970b25a799b9cc540e52bea1c,5.406282099799968e-05
Source,03d141e35ea7943999c8580e023e5f7bbfe20b21c6e49c979dd36daa56185d5df8,0.00016218846299399903
Source,02d7bb1978df46d8f13c94e1b336e3085bf7a45d43eca8994a26377cf48a17a31e,0.00010812564199599936
Source,037f120d70f3cbec15980d0170c0524236e89ca7e7b632ccf2d39f50260896e617,0.00016218846299399903
Source,03a1df1dc121049b65af3004ddbc69d0a2afbe202958a85758101e0fee9ab355e3,0.00016218846299399903
Source,026888c7593968f1f151c40d730d0282cc5e6e6a1588448aa4e5eef67053449817,5.406282099799968e-05
Source,03235ff4eaa14aa7281be59de6b5c82b1f6b8f09118ad8afbc3a4c4e3c1a2cec81,5.406282099799968e-05
Source,02534a6ed151d216d014d37ade6508169daa83dc1c0c07d57ff3c1a4d7d6627f65,0.00016218846299399903
Source,02c068a9913785fb6215d24d5e978a448c455cbc7fb02cdbf817798cb7c1500f14,0.00016218846299399903
Source,02bfd1b9cb827be690691a7141d80748b983bc0ecb691e71260bd4b00da712a2ee,0.00016218846299399903
Source,03f4bb3dc55adf5b2a30fa5a47f2c2a5fcf3447f426d3d705a8a8fc391c357296c,0.00010812564199599936
Source,02790248f74e750d495ab5a0fb4a5019776d19c9e56b0ad000a0df2ca93acd0480,0.00016218846299399903
Source,02981f5414c5031301b84c9e55e30c2dccf7d206b2a6694ed5934929ab702d710c,0.00016218846299399903
Source,03d1a8f7e6e3e4cc5bb56b896a8a9f1335eebe4baedc717fcc5ee11bec01c17de8,0.00016218846299399903
Source,030824b044a38e403484b7db4065ab0029e48ce3e377dce2f120f3cc26f7bbdb27,5.406282099799968e-05
Source,0288874b9510d93e476005ba1bb33765ac87155a4acfd232b821a6c7ee55159521,0.00016218846299399903
Source,02de5965c0de62f0a3a6464b7c1848510661d43df96caba5e868ed7520cc3fa437,0.00016218846299399903
Source,036da0201ba1f16a2089d1e17a8fe236114adef33bfff59073771723c60b08b4ac,0.00016218846299399903
Source,035b09226500946987aac38d1efea8b35cd9db5f1c39d46376d0e1fa8ab669f5c2,5.406282099799968e-05
Source,028e52a9204ca65def1be9ba56e36c7291e1bf2eaffc93d7850294bc2630eed7ec,0.00016218846299399903
Source,0398d542de70df236cfffd56cf2c7cfbbfdc3ba0ac851ca05e97054b1952ea7185,0.00016218846299399903
Source,022a323f040f977acbe83e5d1fff01526544aae3599137896822740b8e77acc0a7,0.00016218846299399903
Source,02a5dbc008844d58b839365959d36f841e2498519e9cc5e8082b3ae2db0c1669ac,0.00016218846299399903
Source,02de20d6201d7eab9b3c23aab22b1ef981e54cffbcd1430ad30f7d900914052275,0.00016218846299399903
Source,037898af4aa8419e2b3f9221626e3ac977b3ce0b91b10886e621ddb290019a1334,0.00016218846299399903
Source,039f0ad37eef3e1813ebe825d2d91908914a2c3ec1b2047fda6a9fedce3a6f63dc,0.00016218846299399903
Source,03e1db6388dc6a3c6adb4c6b78831267b80e26c3bb129c9e0d516c6a799bc29021,0.00016218846299399903
Source,02d8878b363b6925ddce7c698d6b5ea7536b5af8a8d823a29aaccee17f260a987d,5.406282099799968e-05
Source,02c75ea34304029851769b13e9ccfddf03166562cc045023d7565aefdd26d74a6c,0.00016218846299399903
Source,02d32da3c03476767c4c5cd4c7c8d5fb15bc35d55ae9930cbbaf51c97b86084f74,5.406282099799968e-05
Source,0393bf2a16f1d4ed218815ce66c3f542aefa0e2a6dc9200a926ff13c1a2a0b9eeb,5.406282099799968e-05
Source,031df95d932096fef74932f2cbc517d8575df07efa6c2372de7b866097eaa5a149,0.00016218846299399903
Source,03d997969a13d207372aa22f28749ffbcba53e68f1a3fe26cf20cf548afef38136,0.00016218846299399903
Source,03ec5195d03375516e09bee2a0ff372dfa636f998699adfd98d67649589d07af83,0.00016218846299399903
Source,0300cd18af20a92f7b9522c640be5bf56ebecb20478f4b2991a908f02d33b588df,5.406282099799968e-05
Source,03c01a7e406e5e2125329a56b2077d7f6d8fe3ddecf737d470f9e9bbd06fad665a,0.00016218846299399903
Source,02143f7233496e7d71afabb3cc02d6ab112c3c1df6f0ab1c8d6b07ef74599925eb,0.00016218846299399903
Source,0326386e472a453848096ee452f894a8095a13b1576989a239cc663ecc9b328740,0.00016218846299399903
Source,02997098dbc04bcbaee1999fb8f47b06c1623d3c3fdbc5e0c04227ef4cb5991173,0.00016218846299399903
Source,02aff8c90b8fb829dc062c91c5f4e55a1ce3e207037bb2a9877afffa2e91363ad7,0.00016218846299399903
Source,03290ef2e6841fc1c30ddd8c3afe5ae208ec9ae1f6206225b0636d77b3d7532e20,0.00016218846299399903
Source,03cbce9d9920bdde78937dc3cac3e3bfb5fdc885f98dc47c586d3953c30492fb34,0.00016218846299399903
Source,0387ee0f3e43897ef1de58f586fa54f6d70e885f77e1c5b908e3be6491f4ddb0e4,0.00016218846299399903
Source,02cc9dc37d9c1796ec70505e3c03b84b864ca835f92e91d377873171b6c0e18fbe,5.406282099799968e-05
Source,026a0a7f005c46ae12cf8de3f9bae9c728d418c27bca8c665d10499b37fb83c572,5.406282099799968e-05
Source,02ad921d465e6ecfe493e90864275ffcf1b70c6050c76e6c33701b0c3686d687b9,5.406282099799968e-05
Source,027d18d6c4c9fb8e4c1fef6c95326dec22c44e819584028931860a9d58f235212e,0.00016218846299399903
Source,033c4685bba957878e7791a5062d6f0dd8978435521386bfcc9b6959b9d6e31db0,0.00016218846299399903
Source,02414204a9b48c3a056915f63b01c359ef62296b1de3477575a9afa79f35fa54b5,0.00016218846299399903
Source,03b29d7cef566d29b106fe0f7b85820d0c64f753f30f85a5eba3f4816a538d7705,0.00016218846299399903
Source,036557ea56b3b86f08be31bcd2557cae8021b0e3a9413f0c0e52625c6696972e57,5.406282099799968e-05
Source,02ee101be22a097eb658131b58a76b6850e3f1b87c9d4492f3c34d1b05089b8515,0.00016218846299399903
Source,03fe723fb435e7b8f67f0c02d93cf079ec00ce6667624948f9e29e6f1bbf459c87,0.00016218846299399903
Source,03107af3936ee262a077ebf9e5ca3b0a7df199c783360f92e92d6e2c13807fffa3,5.406282099799968e-05
Source,025222e79bf200873e16260af2b67e409f8740082aa25c5da145e42fe444921c9f,0.00016218846299399903
Source,0383cf3f5d173564045ce4c253214bea5859129c3aed48a89d5af64894c7ce5141,5.406282099799968e-05
Source,036f248df55290d23ada487d38c89087ddd6d89aee0357f5adbea2b22e61314b4f,5.406282099799968e-05
Source,0331c1eb40738250955e4b4a649bec5b98e5020fe963e0e8529f384229d8d8a942,0.00016218846299399903
Source,0227432463b968609e9b122ddb1b7a8589a5ec9c89f439607fbdff467c7dbdfb45,0.00016218846299399903
Source,024cf3a444352ab13e7a7e87f58765a19fcc649b45474187e678e6e91a372c4736,0.00016218846299399903
Source,02525351b8c2172358638858f8968475dcd6c40344f4171d9537e6caa8bb41319c,0.00016218846299399903
Source,0267dd831e2a46dbe370da944e37e8feafc5740372cc3f1af439e6aef28c9e1d16,0.00016218846299399903
Source,0280bc79f3dd6e46cae85aec6d393cbf52e99610d00954804c4b9c76b37159d318,0.00016218846299399903
Source,028b480cc4091f96c4446f2ed0312923155d86167b6527d1b01b04b22b77c98941,0.00010812564199599936
Source,03b132b2575f3009df5b576dd65fe8ddee9072661c6ac152794c071a5d6504a37b,0.00016218846299399903
Source,0391563643a3e5121e142ddf5c9a374c02f171d14dacc8acc9751fe88766206f50,0.00010812564199599936
Source,02ed79cec5bcd7ca4be5aef94ab252fd03cbe3af7618c21b0591a4af205d6b546b,0.00010812564199599936
Source,0336b0f69a233f1b95b3352dfbb0e79508d874f2c4d427a79d7d72cab5123ab4ea,0.00016218846299399903
Source,02e7b39c5523f00357ff4ccc34fbd39ea9fc3525dd46f930fefe31756e8a97605e,0.00016218846299399903
Source,03b6ea63a56823b0442b5a9f9f3145c95ad80d6a7d14258bef0735eb7618a5a4fc,0.00016218846299399903
Source,022856b95cda4ff9b33ed7cc9c2f3548e9985f5e16eeeb1328fde1d4104aed21d1,0.00016218846299399903
Source,02219ac72a218a62108ec584f0dd74555e16646257123c02747a0f349916015d16,0.00016218846299399903
Source,03d98bffe14aaf187f7d462992b175c5538dcfbf0c6d10f3e60311bdd8f77a3e3e,0.00016218846299399903
Source,02ed2ba8e0138de3155fd33ba025c9840f0a409b221321140b838ba49fc3275b3b,0.00016218846299399903
Source,02c640d89a909c2aca263f382b03c8a891f4db89e1c217092f4643dcae77e61a8d,5.406282099799968e-05
Source,03d6f885d25f597de1ff41da9d0fbcd50be4fa0286083f32f2ee74bef09c0ed846,0.00016218846299399903
Source,02a3f384ca60b6cbc3182d344a1dc3b6c2c7211ab686f16e985643b6e6245825d0,0.00016218846299399903
Source,0351eb8461e0778696f5620224804ddffeb2f34f4c8b8a70800b25d3b502aa12f6,0.00016218846299399903
Source,03d640bbfcdca70b622d8b51a4a18289747732a744adbed72d7f48d07bfd2b5047,0.00016218846299399903
Source,0293db9c19a49309a0bfcaa1011eb49b91881c367e7fb1f6cdae963107eb577424,0.00016218846299399903
Source,03da5e26d76534bc012ec44326edcfaaeb61df147fd8708936df647ad1727e9826,0.00016218846299399903
Source,03ecf8f8cc25005ab0e7ba3f28969bad6791e09551bf5df6421f35f92551d7d038,5.406282099799968e-05
Source,0389fc62e846f7cecb65b6ae404968fa21a84c58dc7273b7869e73cd307127d7bd,0.00016218846299399903
Source,02847cb165063ecba5927c564c966206be2893bf9046ffb4ece8de6bcbc0d982dd,5.406282099799968e-05
Source,02b83fedcf102569f33c8c906eed642d6d5387cac955922237991747c1e14a8dc7,0.00016218846299399903
Source,02bdbb20c834e669df344ee772acf1a91292befde2ca52bb8b18976a2690430608,0.00010812564199599936
Source,032fa0f1a5875d817487207ce64cc4770cf791ff1287e6cb963be3db275091f82e,0.00016218846299399903
Source,034a64c58e7402b1b38094f013e895e502ce6e789fdbade64292db459387c59fdc,0.00016218846299399903
Source,03244aa672f25d1c2ba7879a3ab87757727872698bf79c436f8435bd11e45a50bb,0.00016218846299399903
Source,034d7f1df561ad068b23722b7be8b16c6e1022c8eb1ff9e6eadddb70b3eeff19d6,0.00016218846299399903
Source,03f0ee0ac3746c329cd074018a4be3e472eb3d17ef2a4eb59d515518ab5c5025a0,0.00016218846299399903
Source,03851ce7b1a82b99a9fa1bd397a63c6342bb0de6d651860af663f9dd4c34b1343b,0.00010812564199599936
Source,02b910c9bc07fcb5b6214bb10b55070800addd2c2dc9816d9a22352447b873590e,5.406282099799968e-05
Source,02c9226772df3fe5023b2f842fc646d606bda9ce6a06b7b2d958e02b16a970c22d,0.00016218846299399903
Source,03bc9ef0514760dc116a938ff7abf4a9ec71fca13168fb972bc64345d4b06ae83f,0.00016218846299399903
Source,02da7bd301ad17f97f8a07395874ac99a41030cc69c4273debd8c1468941bcd101,5.406282099799968e-05
Source,03035d2b1372b89278cccf51ce42024c3b92632eb99db2d2f36411198505cea4a6,5.406282099799968e-05
Source,02b72c8f9e24bcad72dabe380c8f7317e934e52556d05714e74e398cece16eee89,5.406282099799968e-05
Source,03bcfc26ecc326d3ab012ac7821f6fcec6cb75337ef505675c522e28d69061317a,5.406282099799968e-05
Source,02e20595e79f818031149ce1f6bd634d24e5dee2864f4ca1969e308595b2de73c8,0.00016218846299399903
Source,021eb7edeb69263b874b2903b28f4ee1f24dc18e6cbc74e4869b78978faff14676,0.00016218846299399903
Source,02880570366d9e1ebc5f8eb01d277594e1943a1c80116af96331a4be305cb11799,0.00016218846299399903
Source,023c9a852c9d8c95893fe3806ab448d3da15bdef5b5a80ea789fbae32bf31dc73c,0.00016218846299399903
Source,029679fed1c5bbecc0ea92c8e62b172e218fe37321d16cdd38bad8dd7b0095d0ac,0.00016218846299399903
Source,026a23e9fb9214954b9dbff847119bd5606ebe3726f97274162f059a5d14337365,0.00016218846299399903
Source,03262d1322fdbba8d553c946de2e1d74c8fcbd7a73a4ab3b9d59a4893bccfb6c62,0.00016218846299399903
Source,039a41344ea8949727bc7aa5fbeef0ef08726c0c9c1c064b07b0e18a3fc9bb5c53,0.00016218846299399903
Source,0376ed0d3822229932ff0ec434642add13eb5f2a885e921194649e3efd2eb945bc,0.00016218846299399903
Source,03a693a567dd53405934ae69b3f4b95cf93208d9488767602131c68eb3723e08d6,0.00016218846299399903
Source,02a2cf7334d298dd11ff4e299c40c519013ac2148afd8d4ae4eeb96460c81b8b11,0.00010812564199599936
Source,03308a80c168bf6e91184496e90466f16bd9eb5235228c925b22186c1b9aadd6cc,0.00016218846299399903
Source,03a561c3c156c03974726ebd9c6d763c5aec40744e7e9d53b062aa5db3be42f538,0.00016218846299399903
Source,03156db69ed28e34ed1fe00d87753cf52e1a1a8ad149331cbd68145426f349430e,0.00016218846299399903
Source,031a52fbcb6d408d36aceb21b2d3ec3d2d331e993102596c6e00dbc42cda43ee4f,5.406282099799968e-05
Source,036e3ec07bcb2c5dd7b0dd81e372295582a68940adcc74e3a06baa263c454148d4,0.00016218846299399903
Source,02eea9662e7ff9f892cb2736abb90aac479b27e7d4e5b78885f30dc27e229e3f77,0.00016218846299399903
Source,0394614d13aa395f9499eb4dac9d82796353e10809cd610807d49752aac5d10cc1,0.00016218846299399903
Source,02b2f4e8975649fe4aacdec4a45d4fa08fca5e6f43345b602cca038e6d4d14fe5a,0.00016218846299399903
Source,02046a6c834ce50f93f72f1cbf95fa60393d6a204ffe085deeebcc5f785504a31b,0.00016218846299399903
Source,0206dc51d32bf88b7b3a5823718e1a2c95f14d13800ab4a66decf8658a560321b1,0.00016218846299399903
Source,02b3b5b6d83ecf98bd04a1e2ca6933056f890abfa8fb83723c821ac1b6d0e8306d,0.00016218846299399903
Source,0226d61ac53502c7edeacbbae2c5d50010213dd2dabc1a9d8cdda07d9e21fba4b3,0.00016218846299399903
Source,02ba025519f606814be50cb8376df124725a41ec671b8a901f40357b0b1a2b7ffe,0.00016218846299399903
Source,03606d67d00ce06ad053de1f755e6f6c8185ae66a1b1e06ec7b72e2ef702690d5f,0.00016218846299399903
Source,03b7cd8caa00587646081d8a5d9c506f01c32857b5e58e6ca583191f5c684268ff,0.00016218846299399903
Source,03f0a9ee16196e1b1a9079ffde104169cfd4a75ef8a2c5d5453bf7ef35e3458162,5.406282099799968e-05
Source,02f480d6f059e8b980d79370c351c1f638a1021abb0e11bdcbd1352a0c71134b6c,0.00016218846299399903
Source,03f2fec2692d45869446ae83fd3c22c8cb036d2c3f466a728daa05f4bd8e4e9ff4,0.00016218846299399903
Source,021cbf34b0b169ed7058bc8586477a2cab005f2b980b71ca0c637adf2ff97464a6,0.00016218846299399903
Source,02229f94d51028fb87a1fcb5c77b520836c0443b4d3d9fe311591acc481712f671,0.00016218846299399903
Source,02c0e925be6539cf3d9ec0fb6673bcb572a7d087f9db1b954dfdb04502e9cf1ece,0.00016218846299399903
Source,02d5da8ed7c0d11f8ce6004167887814f0af6988a124131a7d0a2a956825607178,0.00016218846299399903
Source,02f61f23c6f2abd2543d2bae3212cc0c1746983f72a39c1eedbccda89c9ff557da,0.00016218846299399903
Source,02d56c59586a00eb66bf23e3836074410bc7471c2c51ac633fe1be6e67db267d3e,0.00016218846299399903
Source,03d6ef1777afa759828d1a16f9ce214f3a923853f28fdc42719b81b7f2c316a7d1,0.00010812564199599936
Source,031b2456d16fee868c5ff164b36243bce2ed23be88d28b38e5f2aa96107f0a4bfa,0.00016218846299399903
Source,02407fa98bbc5b6e80df801635518c5acbae6d945a34cee46724e9df6775d556bc,0.00016218846299399903
Source,025ee97f817a7811e76b7f3389fba76c548cd29dbab5ac31c6eda1858ca85c8dd0,0.00016218846299399903
Source,039104f8194c6f181eb54086f04321a3a4534f918d1196fa9684ee4a6bf1358a4d,5.406282099799968e-05
Source,03fe3d7ce22ac88d2f0c303af9770cb0a2254125a6d29b0a6a3e449a459f1287fb,0.00016218846299399903
Source,02a606dad5dec0cebca903f02c0bd304f1aa5d3728812185ebd92633fc1a299af6,5.406282099799968e-05
Source,02b8224bcc1b2972aebeae479dd5cee88c90aaa2fa5acc1ca11b67724d84bfaa0e,5.406282099799968e-05
Source,0228e0118a39a971bbc7095ee6c0eda9f674df9565965297eb628ab2b5008c2b15,0.00016218846299399903
Source,0312fc4cdf881e2e100c88397c4e640d3baf95902ef8aed8100bebad66196a30b3,0.00016218846299399903
Source,0385e9dc4601811a4aa769e6a50401580be2087c7162f8c478f82296c8ee6ea8c4,5.406282099799968e-05
Source,0213f90b9d980f2ac11197ae6232e3ff9417a7f25e5b7aaee88c54b2d632076c3a,0.00016218846299399903
Source,028742b6b8eb7f28890cb232b2d490f007baf9ced2af1519f61413ba0bdae32889,0.00016218846299399903
Source,02cdbfd26ed048703467d473d15a558a1e40f2e27f717ce9b631e69b9b928d2f7d,0.00016218846299399903
Source,03952caf802b56660c2e5edb8e4d600a79894b2e30b39b05d6f001847bcb5c4c58,0.00016218846299399903
Source,03e4c0b6c21ed24d00cd3facddbbd89e265b166f11e33d6e2634d48bbde9548a5c,0.00016218846299399903
Source,036db98e10d72088663fa3b13e2176735353c17cda450b87f3f330afba696e9009,0.00016218846299399903
Source,02c341f9a0140c936bd7be263a4b193f398f4f6c4c3c39aeff8c945455ca35484e,0.00016218846299399903
Source,03e7d756e01e8c94b7858ee106b8f5802c6fe6978d49199fed578799318744032a,0.00016218846299399903
Source,0252d82174ea9fdd38c8a4653f6d6352d8ffd4879b3e8490e4736d171193265ef9,5.406282099799968e-05
Source,036bee6e399de504b84d916f264703211f94008665973c048fba9a0f865f8724b1,0.00016218846299399903
Source,03f9e560c14ee32baa4e8a598c0132085b04aee5b780cb8cbe94ad65c86319c115,0.00016218846299399903
Source,0394693794f93d1e9b1034ab6d217af57a0de3d8ab18e3489d07c6819b2a780944,0.00010812564199599936
Source,03c7bfdc9eea4e469f1fa75adde830b7901db0068f2ed4cfbc7b72ab1d447c3f8c,0.00016218846299399903
Source,02244fe322f8b1c5e7b09eae5d3f76b9d36b88a37f7a87fcff6b7f54b5fac90221,0.00016218846299399903
Source,02d0cf4b46bca89eb81d1fc30131ca4d473f690ed1d3127da6485f844656aa3878,0.00016218846299399903
Source,03a98eabe0dfc5b99ad7a54d2fbf4ab94f0e938c1b92c6843ebed935a4a97cf875,0.00016218846299399903
Source,0358b6d4e10b3a232b7b6f4acee3aab99b5f7f4e9a9e69bcecc875ea1e1a147681,0.00016218846299399903
Source,02c603d30ea3711144d4ee44bc928c411248b6bdf3f3c32af2ddfd2fd06692ff3c,0.00016218846299399903
Source,021766246e0580d9486b764dca127182213ad6fbfda09cf87c3ec7d572f9c9dc59,5.406282099799968e-05
Source,03fa3be3b4528c1d588e60060d7f10e37c38f5aa02f867632a5c7b816cf5afa775,0.00016218846299399903
Source,03a97fa5c075037b62c37224ccad972e8d0b8c1ce7e273117aba4bf9ed83bb26dc,5.406282099799968e-05
Source,0255ff94583166afd90a0fc0a3042b73724feeeb4141d5218b00e96d036ebfa2f1,0.00010812564199599936
Source,032b38087244e6478c76818edb15b91760b531444398607d001d444ff11f72fe8a,0.00016218846299399903
Source,0222cd9cf400cbe9bcd1472281e436d071b672d8a33bdd964e6a3504c4db2983e6,5.406282099799968e-05
Source,03b82a1e38ce212d91714a2a8af260660a73c207fe60ddbe852dcc9b39fd9283f2,5.406282099799968e-05
Source,03eefcc2c803a4aad64d92a5633d8c6f75d6b72827d099d9cb31a82a0615dcc767,0.00016218846299399903
Source,0235d6de3420dccc45a927ae04b5a35611a83fa0485563eb35b2bb7cf1f2812a40,0.00016218846299399903
Source,03e429a4cebb6f19b5f41c6c3733268dacc2c27d0c1fd8e1bf1c9531c1e99d0109,0.00016218846299399903
Source,021ff53e5fa02a31978765ac0ecc9d0f9698f4499894acf16096fb7af89e661203,0.00016218846299399903
Source,035037f67e95f197fdc3473097d5e2948500079dd02f26aa8e89b7534bee4b5ec5,0.00016218846299399903
Source,022a2156e922ecf190106ca918c71d6ce6318852d9bdd101f83bd770033d88f291,0.00016218846299399903
Source,0260926a546fcae46b8382c2a3fa9de8b778abf26c8913b0f70670e61df8f019fb,0.00027031410498999837
Source,029a8741675c4c9078b577ddc4348d602d2fb45a12e6087b617925997a84f4c02e,0.00027031410498999837
Source,025bfc0e63a775eff8b47ef1509e2a26924ea5554cfc86853cde0c7a82fd2bfa81,0.00027031410498999837
Source,02865ebed394050802e94be153a29838cf4801368a03adedfaecfd0c11ef50a844,0.00027031410498999837
Source,02e2571d095c6cc22e9197dda1bb971cbf733a7b10802b94689d256c6a7e77aa27,0.00027031410498999837
Source,03bb1da337a00fea42b831400749c90318c2c3911949a959136aa357b0316a8446,0.00027031410498999837
Source,02d6a94db50c9c8019072d8f7e017ac69d40f500d12a7d7a2b22c1412a5542cc20,0.00027031410498999837
Source,02722b054aeee226ae1916906ced793a08cc2afa14af0f31bd1828a5c1e4c274a7,0.00027031410498999837
Source,03193c0ef835a8c37c5d8138c343d4e62a991b262b8da9c943609ac4d6a7524256,0.00027031410498999837
Source,0366faf9b8693d5ca2278f6a93c393a6ca0f25ab033d13703339037bb4ee845a5b,0.00027031410498999837
Source,03d80fe1187e55c2012b3e38be3f497975d2f6fae297ae06e11c343bbf7efcd247,0.00027031410498999837
Source,03e4bf9bba5c19899fa8ced77f7f6597a43389b500a1dfebb6949635351dc3bd05,0.00027031410498999837
Source,02576fad580a229641351ac6505dc1086415d1162b150a63ec8f560115d60af3fc,0.00027031410498999837
Source,03b14edc2c0645a69d641080ff968a8c75fa1247334da8b6fdc9c3e90ca6f99052,0.00027031410498999837
Source,03b451b5f0dd46d0980d8bccfeaab79712086839e9e617ed93ce92e7cbf5237e2f,0.00027031410498999837
Source,03babda0912af1551c90d2ee6d5153bf9c2472e7308a667fc11850efc06fdc720f,0.00027031410498999837
Source,03868c0db1a6989b6db1e870e6ce0261c91d9939c2d2d8546384940de59dc8b930,0.00021625128399199871
Source,023b3e48089a60f32329ef5a714f6789fe708a5d0ceab387edf36210f601590a12,0.00027031410498999837
Source,03ee866e1c5aa2de72200ee9e361007b69acdd6d0db612e64f53c67a643a261593,0.00027031410498999837
Source,0274b60e01e8a7cd38b07b8951c3779b63c577e2b4498a524fa195124c442ff9a0,0.00027031410498999837
Source,03119a2cb381c352852a1f7c8b85a61291df78e37d5ab1ee5f692528bbef840b84,0.00027031410498999837
Source,020b2888370e42571f6498182aa45a1b4b8418004cc55a53acf8c38624d78fa74e,0.00027031410498999837
Source,038806fbcc3a2aec57384e9328d8cf13a88720285b9e0c0e9809676c2180b29a47,0.00027031410498999837
Source,02317697f8db51fb043cfdb05f1d4e41f1dd1c10c4495d083e2da00e41e65b7c9e,0.00021625128399199871
Source,021ecaf18c177e308009b9bdbf0d6784536e027759f797d64300787a24e6528a7c,0.00021625128399199871
Source,02bdd29ec1684d8765456faafdb4d383f0e923afb8a9dde569d0780315fd0805ef,0.00027031410498999837
Source,03670e83d5490f800c305d81b1ad1f3dc1cd81ad8b1423bb333f2508bb51ff7d32,0.00021625128399199871
Source,02b400a39310c6c2791bfbbd7ea4e5799536aa2c867e89b3522d95bef3f9ede994,0.00021625128399199871
Source,0393ecb644079d56c405373254e56c72b05d45850751488f20bcd32069a63439bf,0.00016218846299399903
Source,03ea408f18787a702545e1c9d06c69c73acec2f2d6ac99b5f2a940f57c07deee8b,0.00021625128399199871
Source,02bf57cbf311cf3a4a86c0f706674f98425e6212f447d9d0f3abdae7c35fa8c944,0.00027031410498999837
Source,02557180abf1f323bd64853eb63ddd7f5d63af587f92ba0118b53286a671f8a6ab,0.00021625128399199871
Source,02c7f61b94d7ed43f112538c415860fd46d8577dd1d1053eacc43e055ecb17787f,0.00027031410498999837
Source,03706a7c275576f161d916e28704f0fe0a487758168147d3722e90855d18cc4336,0.00027031410498999837
Source,03366fe208e9520b69366efd5006d4779efaee6055b3d8ef88e67e613e05362fe3,0.00021625128399199871
Source,021d4c9322ae4a9097243f725f9acc41a1e35039e7a0486074969485102746777e,0.00027031410498999837
Source,03a866636532fe5d49cfcc4a40edeed64d58118afdd1d622cb58a7d5afb9e89ad8,0.00027031410498999837
Source,02def5d3729689f518fd27df41197bb0c846840823539e761fa5dcee80f0ab7a56,0.00021625128399199871
Source,03e6c2b397d13ade3796babfe58330a3087b08f534b78a97f8e76e85973ca6ab81,0.00021625128399199871
Source,02f2a7dc52c837b0245110c1f83ec9fa313363788eae096e00ee95db68dd1b35fa,0.00016218846299399903
Source,0357c9ed7711df9d4d207d0f442af8e8b47568bb4ca84f7ec12c75edce76d0bc71,0.00021625128399199871
Source,032d18046ae92a9a83e12877166f575d22409a1b3858602fdc65fdc7d0fd4c2bfd,0.00021625128399199871
Source,03ae1f846a9a97ea3dd5c227e7010225c96f31bb8a57cea6750fc03109a0a68e8f,0.00021625128399199871
Source,03bced2f4be45f5edf7322f0af2efaed4b4f6015cc27f139b44a6b86e163ad90e0,0.00021625128399199871
Source,03e78ae6e5041c4f66b25bc392f93a8b4e890f1fc2c128518ceb40ef2c7538346f,0.00021625128399199871
Source,02f4e90814cf5d60c6a53938707e5b5e1a3500581dceae07ffe6657edfef2a0d21,0.00021625128399199871
Source,02970d3f51e1c4f8516b31380a7c1de9e81e0e76562abe12a2b64d996de7eca3f1,0.00021625128399199871
Source,02c384313b5bbcdc8e6a14295f20c78c809d9f80a30c5cf4ffb5869ff555609a3b,0.00021625128399199871
Source,031ce2f133b570edf1c776e571e27d22a715dc6ea73956f0e79f4272d81d9dc0d5,0.00021625128399199871
Source,038464f83bb693f4f3d0fd37e928ffab1899d0dbb6d8b34a0a09fc9883002f636f,0.00021625128399199871
Source,0229e4ac8edcbd9127859d57b45dd6e2e4c057cbf8434011b6acefd72867d5d3c6,0.00021625128399199871
Source,020de63e3b6ac2d56a48e9a6840cd7b0df2bf30d2f37c1a431dd20a22680f3f0a5,0.00021625128399199871
Source,02249ee4eda656409c306850dba03eafebe64ca9ccacbd7c49c297fd38346e793f,0.00021625128399199871
Source,02ed38f3a0b3cd10bd6177ac0ba57c8ed567f66170ab07bfa21b061912dd1bc13d,0.00021625128399199871
Source,0371c9f0d5854c0bf589def5f85436b84fc4ae6dfc1c1bc8a21f81bacde9dcb33e,0.00016218846299399903
Source,039f19eb115441ff61903d5cacad4c6a7efcaf8f6be31e26dd91d495363bb50e2a,0.00021625128399199871
Source,0356f357b7cb2baaf2adfaef7be4a8136abb7d21ea8f597e761c6ba3f5955acd2d,0.00021625128399199871
Source,026668d8070a198e0f43463d7ac6dc0eb92f3ab3a14c9d3fc67d5d108f3dbad09c,0.00027031410498999837
Source,02f404e04e72691f2501d9b375ed64a52f1ec9128680f9b89af26ca87cd5211637,0.00016218846299399903
Source,0325e2adfd83a9efeb253fad8b59b4d59ed4dab6a8a9ac898fcd2caacbba5057fe,0.00016218846299399903
Source,021c26488cc56c17fb81938b95e680463ed9cc352243b40842dfc4732753b52a2c,0.00021625128399199871
Source,034a9b2c51283caf64c5659224c9f09c6985114ceba45e661acfc395ddcdf3fbc2,0.00021625128399199871
Source,0393d3aed4fd403d08a26b277debe8cee9ddb651b1d1bd94126c61e561f9b2f2ff,0.00021625128399199871
Source,032ebdae3314f072acd70e66e18572e6ba27f96918009369585e7cdcf36af3cf9e,0.00021625128399199871
Source,03af4f9db646f95d2d267d4ad3c53ae406ccc829f1d4a3df168892cee8c9af9a91,0.00021625128399199871
Source,026e6215d95fa7ef9c3d214ffa24be987dec4aa8d9474b82a6dd07c0d927d3640b,0.00021625128399199871
Source,022b51a4201b22dafb6de63d50f5fd95c3335665df7efd4c150ab2fa6ffd049580,0.00027031410498999837
Source,02c2b264b88ab95c0c406288fcc06732de4e369a93db543ee90762c37ffa0a827d,0.00021625128399199871
Source,0313ae1cf6a61b4cb1990ec5754dd94f0b98221edae0a324508d62967cbb9e571a,0.00021625128399199871
Source,03b8bded45b5a9bc9090c90449fcb4a45793b8a97c1f5bab96c1b0fa85f815fd37,0.00021625128399199871
Source,03a76b80027d7c067e0da77da95880faaf89e9bf87b73a7d57bd4a3f2a124b764f,0.00016218846299399903
Source,026a2dbb26992cbe80562e7ac38f087a29934c7db4f567b3a7801c5a5199097d2a,0.00021625128399199871
Source,0209d5eac9ab31c5d1092fec8ab898f36a24a8aa3d960b2149cd6742a907468de4,0.00016218846299399903
Source,033489213ae9c3cb1ea893b3becd5cdd61e7f5e9e3e16e9daa4d0d008b70c6ec39,0.00021625128399199871
Source,02b15361e2a7f2d10dbb28ed95f66f4a2f96ddadef864ae42f4c5df8240c3b23e0,0.00016218846299399903
Source,027b51a02ea605b0aa4e4bf0d06d243a1dff692033a9d8f6cf496b488651ef5f1b,0.00021625128399199871
Source,03a3e113ae2cca01f4d565de0aa252e9c2b43827f2722ac10bb31abe342bf004c3,0.00021625128399199871
Source,02b7c159e2734c12770de21fa78bd632450d1fec1e7d67c15e31f8f0735f648fee,0.00016218846299399903
Source,02c589feb3611bc234fece0c0dd4f06b727da1c288ec0f18999bd264d39dfb7232,0.00021625128399199871
Source,02d39498e1875206b2bf8fbd0ae2dbc97d39c8ace18c7c47e99424db0c3e25dd3e,0.00021625128399199871
Source,036bf6517b58cb597a3852e29e7c547f6078253f3dd3e7db7b19a1523c9f7e6cbb,0.00021625128399199871
Source,0293ce3b66a9f91e88ea8b372c33cbff6aa9f53ac951e0008ebd04c6b518f0f12d,0.00021625128399199871
Source,0268560adb040fd378916b559224e607e5e11d58e32e61a28fd9ce2e4f0e16d4aa,0.00021625128399199871
Source,036385a8eabdf47efd79a46e0885b877d5bcc1bc85e763fb54e9ec947f7c904d24,0.00021625128399199871
Source,0279c05bd30d495b0d9dd7d5efc832e83f4d1d2bdf1257a28704475d3ed1a3a35a,0.00016218846299399903
Source,029e1f15d38d7f57a63d1b3afbc8f4e55cc8b3b18fda5efb8d703e85119f8f0c9d,0.00016218846299399903
Source,03b4e0993e0324b429c1e1c4a2dcad28a26d62b2e8f8c28804bb49e519c1d28f9f,0.00016218846299399903
Source,022155aa58b783a3ee32afce4add129a99f9878633464f73d710c58925bc02c61b,0.00021625128399199871
Source,03e0e2117e28b42bb7a068a336d625ad170adfd556171861a1b29cc831dbdc288d,0.00021625128399199871
Source,02d2736828ed68c56a0bcf8e1e71cd18f0cd350304a762432cc488caac374db3ff,0.00027031410498999837
Source,024ca3fe9d128499a4d61c31367189d40f7d7371beee5c498dafa8e481ca556882,0.00021625128399199871
Source,02b70b805ee7419b63f91f735eadf9d943be41a93b4dcb9d3c778deaedc3caf4c0,0.00021625128399199871
Source,037959c4c77e0e9e7bd578b55cf96637c54c8428129e41f06393168afdf5963235,0.00021625128399199871
Source,024bc1d0d5773d82c2d868e1f50e2a94544b914c3216d2009edeabc7d3447f4072,0.00021625128399199871
Source,02aafcda66b686ea24000ce38d4b2a6542a3a0c1fa815a2e7ad50e96f143a84163,0.00021625128399199871
Source,030bc1faafec01c4273d4f8565f3918e3cc4db5264030a2f1ab8a28100cc244151,0.00021625128399199871
Source,021bd4a05446963e1845c1856a33af3d305a9a0b373c17605da6f05ab704e8a10a,0.00016218846299399903
Source,02545cd25bfd73cff0b9837ba4c90e102ba4c7d6bc582721cf91d202d32a26d27b,0.00021625128399199871
Source,0293dca5f11650458d838171b72dbbad7304187acf5f5659215f8a6c95ce8217fa,0.00021625128399199871
Source,03388ba4cff837b4230bbc607787d20caf6241b356c906905458f5a211120320e3,0.00021625128399199871
Source,02431e3193df0979031a6966a468a1802644c7333797e86dfa3b48d7b37191813b,0.00021625128399199871
Source,025a0fd09daee6ef28211f6e3377364607e42e01dd720d6a9516ec18418aab304a,0.00021625128399199871
Source,03fc0f344ecd7fbcbbf233b661bed4b01ffd19786e5cd98b7a746a0024d9ec5e9d,0.00021625128399199871
Source,0211951b1bec28fe3173db1147bdbb2f377abb552123cbc2ec6b38637a57e18cd5,0.00021625128399199871
Source,027f7a560a87e326a7fe213bbbe0c2943057e2c713f9a291f4f2531f0035cedf63,0.00021625128399199871
Source,0279357c4f13fe9f996556e04db7d50a5e5b4d1db8b269985f1f71144a498e6952,0.00021625128399199871
Source,03c70d441175a2a1096dd69b91953aa1e609466708976e73b08a6a195dd350cfd0,0.00021625128399199871
Source,0261c96a2e4b187f3af17fd4a087568639b6f8d0a10be6fe37942c8603e841d009,0.00021625128399199871
Source,0337919d87655aee0de74ef7955e4d27105c6585f58eb426a9a7a0ef66d70fe6f3,0.00027031410498999837
Source,02cff1ff86a6372f22df6d213e4e9320130dde8dd02554b56b3bc96e5678de7710,0.00027031410498999837
Source,03b4a4f5c7eab329fa36cd25f1ba271b88bfea1953b2bde9314bab499c49e69614,0.00027031410498999837
Source,03ef01535d57cd3a3ddff8b4050650b278991b3eb7853f772a200079b9adb24988,0.00021625128399199871
Source,022b07919488df20ec8a9205ea029fe3c1dddab0845a90511f3d8640aa4b586a3f,0.00027031410498999837
Source,020dff8fa823e26d53701ffba52d8d1c832460d5dc459d796a1daca28b6a058761,0.00027031410498999837
Source,02cb49a75cdfa712fba920066d344704dba045d95e19510877c0df759588746fbf,0.00027031410498999837
Source,0364a4aed9267a0880e507e4f12c4354b4f00aabb1e31d45f93a6d2ca635cec4a1,0.00021625128399199871
Source,029f3bef1f817adf4b2f86dab19a9397d6283dd1578331c64ab927eac194669524,0.00021625128399199871
Source,03271562ad6fbb9b208eafe203216233cd756a3981c77ef1c5afda109df8be5ac2,0.00027031410498999837
Source,02bf145fe009fef1230f3f435b5e448db3470a1fdbff95d41cefa71b7d6f14fcda,0.00021625128399199871
Source,03790e10c296b12535baf03738765163dadf91ae1f48a6a6d074a6cf910d26d8c4,0.00027031410498999837
Source,025ddfb8ea53a01e870e5932dc8f0b2ff6c7ef1600761bc1bf0626cf1cd780fcf5,0.00021625128399199871
Source,024a15f2dcc57002b8320c93ce8088f877a4dd5e5f98d98b025c1c20756abc55b6,0.00021625128399199871
Source,037976898cbd5c8b1d9c9073d167575e711b4993cd907bbe61279b7a0a103d4d13,0.00021625128399199871
Source,02d456e1829f6258bf74a757fab5fdb856f81a3e1672faa4dd9fe42ac7a8961aa9,0.00021625128399199871
Source,02611e10fdf321ed44e2b87f0eaf63e2e94879834da95a5ec164f5bdea377dd6ed,0.00021625128399199871
Source,0277bd2282883346eba1568657ca3840f0b78f354fdf5382381aedb83787ade698,0.00021625128399199871
Source,02658b39acdaa98e1847f612e42c38302ce24e99ac8ed69ac63e52730ff26d27b8,0.00027031410498999837
Source,02d3a7ff9f46fc5494374abed2cfa02e9502e42fa3d0425283e16cdfd9bcd7485f,0.00021625128399199871
Source,03beb6ac8396b025e61d35efb9cfd105abc2d9e6294f4e6fccc69f3f98b2c38d93,0.00027031410498999837
Source,02e669a49c965d3057cdbaf328ee7c6ad81cccc5f43f7dcde75ca4c0143934666d,0.00021625128399199871
Source,03d43e927652662ec3129fbd831d74446e7c39a205d0d09591132af5405b7a9bee,0.00021625128399199871
Source,022850e17fc205e4720652938e05809d7d112e8027dcf9f58a1e48989ea78c8226,0.00027031410498999837
Source,0217b228ab11759a2ef470b715045fc5ec8ed26bab8b06f79941de2f28db874e25,0.00021625128399199871
Source,02d419c9af624d0e7a7c90a60b9ffa35f4934973a9d7d3b4175cc3cc28b7ffcde1,0.00027031410498999837
Source,039f4810072883d59c9b7b64217abca4fc455d7a101abb868850b5f919e824b9d4,0.00027031410498999837
Source,02357700d9bc7ac4cf91d6a46195403e0400085a01f9787827748d9376e5e7b3cb,0.00027031410498999837
Source,03e835781a45e4f9524f8c08f9aa25bfbf8863fcbba00298c7da2e1c76679db54e,0.00027031410498999837
Source,0395924ffb4a05271bf1ebaa9d0a8985b143e2b9a23915b1ffa380a68dd5aa0d8c,0.00021625128399199871
Source,0375df6a5a4bbcdf17abdbc58d732727fa613abf49797b3f54446f571cc21f8b76,0.00021625128399199871
Source,027181cdc1bb8c5d9f08c9578ad9556ff08bf3b859a25a9eae27254f0d8a30bb05,0.00021625128399199871
Source,031aff171e86ca531a82cb8e50766b5150dbae42a5bbefdbc7bfd57ca871393483,0.00021625128399199871
Source,0322281ae81ce7d28fad0656eddb148e2e933b8c73025687563b9f4f6289799bad,0.00021625128399199871
Source,02da4f536ea290aa280854d6165fa5a23151f072ed8ee285e8658db91a942db9fd,0.00021625128399199871
Source,0352eb176b4c40cb195e8ffc009caacfe0d02ae0c0379f603037eaa278d2e3f342,0.00027031410498999837
Source,03c7f0836acf651ee80bec07275681b427af1e1c73138141ce15830abd07066bb4,0.00021625128399199871
Source,022c2c727c9913751a96c306995e88eb9758464fd3ae8a06e775b822aa7feebe7d,0.00027031410498999837
Source,020d7c5fa77b1442e798fcd96c478f806b15ee2480b3b242098f1bbc630581750a,0.00027031410498999837
Source,03fe9a1ed94c100e96b0347b3352a5a0e8d4ad1b0a2ad715c0eaa4dbd841f8e78b,0.00021625128399199871
Source,02a586d8ad8432617651abdb45a205213d0ddb9a5dd3e93bbbbcab9f92cb795952,0.00021625128399199871
Source,034f9394cb3e8a1eed71b72ecb71480ab15bad92893f522b63c3df6205ddb75dda,0.00021625128399199871
Source,037f58f4e1b9f9751808ee00cb03b505be539b3fc3a7bfc88a8f4065f7be1d1450,0.00021625128399199871
Source,036e1c0a5ca3f42a08c77746a4e6f65ce96acc0a161fe6d17ef0c0511192c1e56e,0.00027031410498999837
Source,034fa821ceb37bccfcd8fba6d147685e5f74c73ca3c83a1aed25057730a9602f6e,0.00027031410498999837
Source,02a71fbef48e8b9d479d227307586eb0ab795bbb29b84d8cb88b76c9a2a87e23c3,0.00021625128399199871
Source,03876e87fcd9b9503bf900edfd5021200a740549c2f4b0d5436ec13eef6ed8eab9,0.00016218846299399903
Source,03c1c8eef8e86c4bdf61067cf7d33e82532dc371f703e24207101e70989d3034a8,0.00021625128399199871
Source,039553592807ceb7c4c0427a5434eb64a1bffdc590478c97b20c189780ae7beae2,0.00021625128399199871
Source,0208d8f0e3000f596324afe9fe7811fa5c94814eb7bb282ab608a8abc271e1a857,0.00027031410498999837
Source,0258c0888ce0c27e23fc6497e381803e76e0a600d4fda23876b1891fd87e98fc01,0.00027031410498999837
Source,026f1000e89e4749d25e164336b1f9f9ecf18dafa19505f00bc6426f4ce468c1da,0.00027031410498999837
Source,02f289b416fdc876c06a423f20c49424d7cb2b1cc400e1e3dbf419abbdb7e92057,0.00027031410498999837
Source,02f312d17db5c2c713f6f185b4818a7785dc23922eca7c9122eaf06a32d7f117fb,0.00027031410498999837
Source,033154a9036e9200becba3367e146d0555f1eab85028787e5dfc33cc5864489e9f,0.00027031410498999837
Source,039c8d006b150a2e02ce6149b45415148cd9430c3ff80080cf1a76ca049b162b5e,0.00021625128399199871
Source,03a48c6b99c0510b3065c48a8e3194f3c4131371251611b861301eaeeb2b70ff20,0.00021625128399199871
Source,020fd06b0cb2b7cbc2d58de0091c68f653d7f9a316d7d0da28c916ecaf0e4d1321,0.00016218846299399903
Source,02cef1e5f414d0b11bd9819ef93a17fbf8178d36b83ac873e0bddd55b7c5853123,0.00027031410498999837
Source,037ab1b15114a2653097ea935dd24f7dd55b297d8291bb3a9c5ecd631ef5c80757,0.00027031410498999837
Source,03275500f6a144da7450e18a27cfbb185acc087f9d524aa086d79956f883c112f3,0.00021625128399199871
Source,03d7582343e179601979ba7e8ca61e35668992ac89326da1b53bfa60537f935957,0.00021625128399199871
Source,0275ce9c5bc8af9111091bf139a8d9d9773a57b1d3164f9d2751c4dfd246e8f2fc,0.00010812564199599936
Source,0207201d77e23774443d2c37d0f66602f07cfc4ccdd468a65540bda2948b6e3fb9,0.00021625128399199871
Source,020b79c9a231e28673482fb66c562ff0186ec88a04a62dc8e7bd218d8d6f01145e,0.00021625128399199871
Source,021a37e2833338d84c82fd83be954c793341a6f8683de6f96a1c87c57b7c6dfbcd,0.00021625128399199871
Source,021f814e0837c28ea26de9d53e4c6f44ea0582e68b39feea477c50ec986f5c1e12,0.00016218846299399903
Source,0229e89e6b7b8d9f7b4a2c9a613e92a7a5cf4b683898388cc6d7f45113deabec75,0.00021625128399199871
Source,02324936a19ff162f5a5809db9e4d26037f21ff5b076728b9ba483ea21f8ec5d15,0.00021625128399199871
Source,023bdbd6c4ae424561ad37a5b9c981e77bda0e21ef7f5f23ea5041bd37baa327b3,0.00021625128399199871
Source,023f7224e19e950af289f9228f0ef3b63c539ec01e0aac30bf7935f4554d036a54,0.00021625128399199871
Source,024406d198eff2aa382672037dbaff05e4680ea948f8251a39f46c36d30264ae13,0.00021625128399199871
Source,0244defff7e990653eed4ac1cb90b043ca7e282c643a45830b9de8951ba0fc6429,0.00021625128399199871
Source,0247ddb6affb2e7164e1711c957e4323b350ba58038ef7a21ddc3ab99088f7025c,0.00021625128399199871
Source,024ac8eb2fdca28c8b3a1487476bbc2812249396aab5160e752941b84a5ff2faa0,0.00021625128399199871
Source,024d711a5530d787d6ee253fde8cbb84c8b57ef7bfce50bbac4c10c626f8383c8f,0.00016218846299399903
Source,025ca4e37c32405c539f618d12c460cf82e4b1663aabc6edf7de36757733638506,0.00021625128399199871
Source,025ea658c7dd2fadb92a15f02f8b55e167f84653772ff6cf6e4b097def382ef14a,0.00021625128399199871
Source,02670ff427e7daeeb4d82f99938db11555507ca722a72040d483992cfa7da406e4,0.00021625128399199871
Source,026ee3bae1bdca44042232ac9159cc711607c2bc47be71783d20de2ed6ad51977e,0.00021625128399199871
Source,02722a644cf912d9b113b7186a2293441689e53541637ca0ef5a5e6f918c63296b,0.00021625128399199871
Source,02790ae3def0ae9e9e2e517d66b52bdf44ca976df11d78cc0334ff5bbaac04baf9,0.00021625128399199871
Source,0287840a8f61673cbe870aa5b636a1fa04b6806d685427b39387da98d26d21b3db,0.00021625128399199871
Source,028fd658af0da085d8db39437d8e5d116b585e9a8468a61868b987127be2335bb8,0.00021625128399199871
Source,029a5e7f2ca0faf585872b07357671c2fe1386dd03e3a4aaed01851d4c6ffac927,0.00021625128399199871
Source,02a209432db157f414e668dbce5ee0f986dedd7b9ecbbdb4cf9a47215e85f70d5c,0.00021625128399199871
Source,02a33d3b1689513856484494bfa72c8a29307434d1fc184b116623d159622f4635,0.00021625128399199871
Source,02a373fb8208fcee29f78ad345d32874173cb77359da2fc72c0cf401b10ca5309c,0.00021625128399199871
Source,02a96e580071f2dc5a065e75da3f77c272babc4004c85988622f9d434e4069c5b4,0.00021625128399199871
Source,02ae1fc87d89430197d4364d6f79fecbe8621339f107e404658a4d6167725dd416,0.00021625128399199871
Source,02bae18e89c9a7604c5ef222a5c670607025dc83bd6bb5625cbbbffb7fb8fffd26,0.00021625128399199871
Source,02bf11204edb1b7e0ccf614911410520503cb95da58d104b817740f68ec4de9a47,0.00021625128399199871
Source,02d256a6f93e3d4f95db0d9b3e85bc49f8c61a15b6e9c59e946d1b2806a87f6eb7,0.00021625128399199871
Source,02d4b8821a6c383483da8d1c71e6de7d1432528239b332c85417a2ce8354b3f885,0.00021625128399199871
Source,02d5b58b1672f5c958854c92254c102c8d41f2c3051e38d34dddfbac4317cff403,0.00021625128399199871
Source,02e67c65d3e6cd0627c78aa6acce94484397f32595ec20f5b6516d09f5251c7e05,0.00021625128399199871
Source,02fc1b5b940cd4c396c2d7909100437250d5d3b4ca73e7a966c97e7819a218c91e,0.00021625128399199871
Source,030343045e9c2cf4e8da72e2d3f11a103457e70c97f833a4e44836498b99f5f733,0.00021625128399199871
Source,030363342a470ccd77e91afc45b9dc6a492f921a9a0a34ce96bcb3b024f3f32cb6,0.00021625128399199871
Source,0312cab1a944f0312874e6962547a26f6a9ce49b22ecbc7082c577da6f24fd685f,0.00021625128399199871
Source,032f3ed51b6e6591a358410f194e46cf9cff336ca60404ac236e258521ec8cbb35,0.00021625128399199871
Source,03363e1038939b5d37251b3e51d24637b8fffdee1a5b73351e139049f8c7f87958,0.00021625128399199871
Source,0336ebcc0703d6ef7fdb4843cd7341227f22cd94b53453190eb77ef2b5f2db85ca,0.00021625128399199871
Source,03409f317416148d7e82f4b71f3d142b8d69af8c7997e3d0dc01df3884c863db4d,0.00021625128399199871
Source,03576d6f7a662ddb3ba20bf25d6983606e5139f537998ae034a3895bf2d75d084e,0.00021625128399199871
Source,03740ea02585ed87b83b2f76317a4562b616bd7b8ec3f925be6596932b2003fc9e,0.00021625128399199871
Source,03954bb51625f4e68655722d514fb8b008295a96969e50fd6405ead2c4ed542540,0.00021625128399199871
Source,03964bcfd1b7ca4a539a5169dcf646867b79cdc537208478b7bee7fcbcedb41e71,0.00021625128399199871
Source,039aebb11dbb986ce6d5ad3d66b43e93b3e483f78236619b92f4a576145dc19892,0.00021625128399199871
Source,03a2cb3058309f7a0355b9583fc4347d82b251ee94997aec4d4e5573b181a49657,0.00021625128399199871
Source,03a6190301b86a9647f37113f8314c02566691258d1e1a6013f7418335e0d604f1,0.00021625128399199871
Source,03b48758c0ab5d115d807675de15c1387d192ebd75f54ff45db94a5d7b17f9dabd,0.00021625128399199871
Source,03b6eb44799a5be859f6dca5eec39f2b27aff850289bee06705c6c61a5ff48e5db,0.00021625128399199871
Source,03bb88bce4d3488dcb1ff29562f8c7526ece2f8968c432c7950e71c92ee328a092,0.00021625128399199871
Source,03bddf8cdf4c02f601ef670cee2a34bd7ca0710fc0641c47f16d9c3cb00e9664d4,0.00021625128399199871
Source,03c865a95e7749a2aac4f6568f3fb1d1aeb012746320ab5572e9ddb5395efc1acd,0.00021625128399199871
Source,03d034de357954d7fcc2ba1195d891b9ea21ec1eae5373178634e9d95097219349,0.00021625128399199871
Source,03d26729e81cd72c0e95b1d7fbf5c9c6ab74175b860c1fca6699c9847e923be59d,0.00021625128399199871
Source,03d66da1bcae6e38ea2427f5c9bf23fb6484315e4952d35f8a72287fdfa8944a3e,0.00021625128399199871
Source,03de0a9105f2eaafb601f238f03bb0fbf70fa57e246799b29ce711c79fa5b89a54,0.00021625128399199871
Source,03df3b998533a072aaf6296195610264738fbf0d9f85d6a7473ece9a80d31ea478,0.00021625128399199871
Source,03e119c52f39e0eb8f53c3d2c6a0d8d1e41c62345edfc18b10640fcf3605eb4e90,0.00021625128399199871
Source,03e33092a70e669977bca9ae7c1678f1f5a064482e57df7d54da8f876625811cb9,0.00016218846299399903
Source,03e99848ec884c4dc5fee298e205a7ee8e014a16e137a73cf911dbe9970f923024,0.00021625128399199871
Source,03ed61ea96b4072110e5a8efec8e2ff9654e1e7178c07a4486d32f268324d6e0ad,0.00021625128399199871
Source,03ef944f2cb635c53a6f76ce0d87501cfb11374a4f5fdd7e990933940f782c5e9e,0.00021625128399199871
Source,03efa70b9d54d3f2534774cb76d3fda45d6b98cf63e8591f6ce67de7c856b9d08d,0.00021625128399199871
Source,03f64acc17693ee0432bd22784782daba327efa859936b28cd9610258f2cd29c68,0.00021625128399199871
Source,03f95b85f41a99aed3f453c0c26f4a185c82a45c1941eecde7d7f3b832a937449f,0.00021625128399199871
Source,02676c2c36366a3932ef65f859a5376196ae9a1e403856ec95b25b8e0405b5e517,0.00016218846299399903
Source,02774ed0162fb157ef7c31a014c91ef192e574d0aae5837066a376747ccfc8a32c,0.00016218846299399903
Source,03bfc2441c7528adea8610212211bf9a0bdb10118bd0e90ec0b1feeee49eb912e8,0.00021625128399199871
Source,03d7d9a5943b3f651a1b6fc160db9a8d35ccc0aca35d964d9c690d5aae664df3aa,0.00027031410498999837
Source,032159770ddfb2f70f3e1b9308d588f9083799af7701be0d78a8970a4b86f0ce74,0.00021625128399199871
Source,03d06f929da4a01b40e2af72caee3526356ba6b670974e4a080559630cc4cebe32,0.00027031410498999837
Source,02841acc33b3e16fcc0cbc09787d40ee440f905025e43fa4ca825e18b002748ae3,0.00027031410498999837
Source,02fdd51d745a9b4ff0b73eacee386a826674af13aa737fa2e0768d7f5e7226189a,0.00027031410498999837
Source,03afb9fa9d00e9717b17fa9a6f03fac32ef8cc2a6a7143ecd4f8455196c8d815d4,0.00027031410498999837
Source,0363e1d13000e3fd4aeb596578b047f7955fd18e9de1790b357889e034c20e323f,0.00027031410498999837
Source,03881d5dcdb7eaaed8d65ae988f256ef22c4b3b95d3e693d26346570cba3305d54,0.00027031410498999837
Source,035ed14e696c1b90961af88110d2b06b9a40b913a44911526ad4a4b07c15cdca10,0.00021625128399199871
Source,03a7945697bb5dbe00d9762283b8f9a55eae685c4c0e891c0a1bb0c9b86e2d65ef,0.00021625128399199871
Source,029b3d3497db86eb682f81493856d11622cac3b9bef21391c9ddfd366f9829061f,0.00021625128399199871
Source,03ff5c198695ac7d262b9b1897fde56ade6a0d786b651b709ec7ae029884f7d5d7,0.00027031410498999837
Source,034225105e0f0fc72e13cc657ff534a4a7e41f1524709fcb3d24860bdcf01591d6,0.00021625128399199871
Source,020ed86a443a5c05e89531b0a7f8296b43eca95fe39bdfeccbed7558d6e12aed7c,0.00016218846299399903
Source,033e31cf8a0b6abc6d16da9ada4e36af0b77f52dc0554d4ed5bc7a03b1b721906c,0.00021625128399199871
Source,024d4d3d90f762a954045e27fcb0c56a816fed11028320b615f2455e0efa9e9273,0.00021625128399199871
Source,028e748c8f24acb985cd428eb072d3d71d1a692acd38a4d22b14fb7e6bf6513f33,0.00021625128399199871
Source,03704b1f537037de363cf6a5a54ad18f8a22cf70f2326f0e729a638e8c25250cac,0.00021625128399199871
Source,0231eac2d14b4ff7de695fe3118ba1873d051782a33683c137d98f817a92de7fef,0.00021625128399199871
Source,02cb8d05cacb8d92d17060203059cc4872d3038b0806cd69d47ac19e5e71765229,0.00027031410498999837
Source,03be89c5776358ca6c75069c77b7e41e62271e01a7aea717d41c2dd8f29a43b76f,0.00027031410498999837
Source,03e592e6c04f732d3b7549c29146fa476d760389bf822efeff9d6aa7b88bc6f726,0.00027031410498999837
Source,03fd17e56584a7dc490715537969f9a5a0ee3f5198c6e75bcb317c497ef95d6808,0.00027031410498999837
Source,027ec555eb90638871098508f1163b9423a478b8d67cec0e5cea8491930bc623b2,0.00021625128399199871
Source,02319d51bf93472dbb9e15c996a807a92730f82166374d9047c66ef85e577052ac,0.00021625128399199871
Source,02dc2010dba4116abd02e229bb93357c2daa5038c312ce0e59070f3d436d83492e,0.00027031410498999837
Source,03e819873df93c067052cb4e4b65463b59cdebff047084df6e1b3a7cb04958ed85,0.00027031410498999837
Source,02faf37a361a047b567753706120d812c40bfd316bb50fbf15341b95d738c1cc21,0.00027031410498999837
Source,020b97a778a79bf0bed8861eebc12918f41a841a92cb7f3ed5890c26432c391bf7,0.00021625128399199871
Source,02d28d04ef964e4dcd6ed26a7af1d6159b5c57e29b1eb67c6d952cd51fc642a114,0.00021625128399199871
Source,03700fe8baaab172230af87dbcef709d9242057ed19bb52581c4423cb6ae7e3211,0.00021625128399199871
Source,03c2160ebbad3c18156bf613598a54ad3147ae4ea3916a2c8a3983680e7b99e3e1,0.00016218846299399903
Source,02234e279121c7806f9ac11534518e1aa5f621ec7e4fa18d71a8befcf8c0f43794,0.00021625128399199871
Source,022ed2953b2ebdcdc8f3806d5e1bc07eec0b231319aca718857a85a9e15b08e2da,0.00021625128399199871
Source,02879ef1344230c18fb120424ee85b104edeef1976d7e385d579280502f670c495,0.00021625128399199871
Source,02c5bba9a873b4153d9edada5be4ea7774201cebabec98431dab80dae621baf845,0.00021625128399199871
Source,02d7bba752b169afc9d4094b41a7b8a626fab03a88f9cfe51fa94ff2a8ef289842,0.00021625128399199871
Source,03676447cbc8aff922f2c7014cc846ebb845260582eea02dca73ad96e0de5ef341,0.00021625128399199871
Source,037bade60c4aad4d56bb58b1453bc77fc542e8d5cc795148143bf34b552ccbd841,0.00021625128399199871
Source,0398c77fb88de006b11fe39776fc6e7123fa3b73e0bd5a7584a79819d6064436a0,0.00021625128399199871
Source,03e2b88b12fb7291d0e8037805fe818fbaeaf44646570ad65dca89de5f0a8f53ad,0.00021625128399199871
Source,021b5c189afaf906b323844ef4424d3189fc44d312ff7b3468ad4380e7015fd06b,0.00016218846299399903
Source,02c6b3e8850716c153d6753c57cc49cfda3f404c38afea187b12c853dddd7742ec,0.00016218846299399903
Source,03f576c4fe7ec82a459dbc194b33b55f4e9a606442f69364a90e18f7bea9e4b414,0.00027031410498999837
Source,0341570f399503e6cb24c04b6fdf5161827257d4f9dda13ff8ad576bc095c7bb99,0.00016218846299399903
Source,020e5809b594aed815d27ff4336700ed21c8e062ebc4a7ac7d0149b87069e90246,0.00027031410498999837
Source,03328dba4e263835416d35b14a2f0298f567c6bb5dad7e3d33d671de30d542b4c1,0.00027031410498999837
Source,03e73960bfa6e07f52826edf0227da8369da22719780aa327b62fbd6870cbf3c74,0.00027031410498999837
Source,03e8b67f649c4abf94cb33de4c605253f6a25c1c632885c2fb6863e2d46579f2af,0.00027031410498999837
Source,03f76dcb22c462fa0b9b8536f54281f3673740da06a5ad2125ad58e8c24fa51514,0.00027031410498999837
Source,02da4a7e4fa8f4348c361fdce8d473842aa811b1047bc9a7bfc29f0f6561ab3f73,0.00021625128399199871
Source,030dc704a457e55983b82dbb67da3c475eaeec88eb346047e8968d3d684f896487,0.00027031410498999837
Source,0231b7d353065f644abc0150406895043523c555ba2d1d81f69a4cb47699fc6bd9,0.00021625128399199871
Source,020a76783d92ee3124ebfc14415138dac1a4892fccbf3a8c778302f119483d2357,0.00021625128399199871
Source,02673384ae09b60e66915d31a009d0fca36e5e7b0c174fcf3d21beafc01e47bb29,0.00016218846299399903
Source,027a1a4aa858f5329b4d695a7700ad6fe57b120dfad3f2b718dcfada0c9bdac87c,0.00021625128399199871
Source,03fe96141468ead75d2ae38902ce91a6fb4dc6db809651f1c640f644091115dbf1,0.00027031410498999837
Source,02d42537eab2afbc3934a2078d4ca33956915f3d6f7a81420140670575a9b4ae3c,0.00027031410498999837
Source,0264dd95282b3d8aeb5e2f030caa058c9579dfaf3f8c4da2b6a94cf8499f3d0cb8,0.00027031410498999837
Source,036e33b699d368a0c2074a0fb1570805c58c1b1a3dbb060be8d72ca5c3ca3b3b3d,0.00027031410498999837
Source,023a5f825904b865384f6e1823b7313950d51af1df94f513b91af85e1540d3f245,0.00027031410498999837
Source,0338fa1a82a9cb51055b8b13f006baeaa06cef98ef150579af13ac8e4d751f928b,0.00027031410498999837
Source,03d64f062b0477097a5f4082da5c76300462698bf1e76b3f5d6f9fca1ecbee0aa4,0.00027031410498999837
Source,03e727485e4b61da70b2f276e1cb1975fb84cab719ba52bf63e5de307706b803b1,0.00027031410498999837
Source,039ee1518322d530b9b6bfe6b9b6a3b22f90d7d8bf4b89b05b1b8e08ac8deb91ac,0.00027031410498999837
Source,03b0755b1005b2e55c799d5e55b84fd55de2a8519f06661f82b0a0ffcc4feef3d9,0.00027031410498999837
Source,03fb354719732f356623be980b4ececd221ebf9ef6ed9019cbceb9ce3ddb665332,0.00027031410498999837
Source,024cc252a138f91f1fce99eba438dd9cdde0c13acb633dc2b25fd98dc93ced27b5,0.00027031410498999837
Source,02e706af088f808858666b99d82a66011193daeff419fd2d586aa5f66d2e8e0272,0.00027031410498999837
Source,020e770b0a0d2410ac31d67737f1ff6ff0fa6ed3b73a7c36140ef6867ffe3b8f4b,0.00027031410498999837
Source,02f06db2943d36f27d79205f2e805b2de847dd61737fa97adaeca1f63a0a82dff8,0.00027031410498999837
Source,02adf7361deeb38a5ab5e70fc4ea2894f3c83a3d9a9c81fc94d9da9bd7cb9df16a,0.00016218846299399903
Source,029452eb2ac7c631c7107f7025d792195b0d12e39216fe1c200873124cf5d80c3d,0.00027031410498999837
Source,03e1cc57d8cf1d38fd6f0ab4ca6d5dcb655bb971cd1511559f36667eee6f9d6cdc,0.00027031410498999837
Source,02c6b67bc8eae3c16ab6ab1c4b0dbf1e11d8c5e5fa5f871765252818fc78941134,0.00021625128399199871
Source,03eef8b6be96b41de549dc9a44eefacfe9e4aa88c0506e2fa86476cf2b97074fc2,0.00016218846299399903
Source,02950454e1d85c8ed9815d9412d94121c0aae3bcaae1e12eb593f6cef6ac8db23b,0.00021625128399199871
Source,031722d76985e8ad26f46c6a7ff1af1aed2d0068bc8848f13203b2490c5b49c1ac,0.00027031410498999837
Source,0321ecc33d7376e49e1445dc27a8799ea7fb7adf35e24148de5178f7c7c6729ea3,0.00027031410498999837
Source,02a172c5b2723e3439478f8b320bea70576312ce15a7f01cb8b1fe0158c300c866,0.00027031410498999837
Source,03665a8f7dc6144f22b730aee06b300a4ee407d623908e0eff6cb62ab0d2673efc,0.00027031410498999837
Source,03288550c4493aa59ca03ff025dfb0b540de0173cfcd12d1db81206e9efd2d572a,0.00021625128399199871
Source,03ce62afd9cb6fce76178b02d86576b59c3ba8d8750dc2d8652b00e11164dd4ba6,0.00021625128399199871
Source,03a322520931baaf73a3d4ef6976c19a8c3ac7317f20f321c90c7413806e3cc67f,0.00027031410498999837
Source,020e6dd9f90cc37f2a7b5e881b6ecb6fe07f60d86416f34c63d8264356649fd8cb,0.00027031410498999837
Source,020153f202e79ac0cc9a6cb806437845e2ebe0a219a242d2ce3394d5488a4b1442,0.00027031410498999837
Source,02b1754b20eb289ba2412dff32f323d1f335b350e772d73ec2eaabb73bca521757,0.00021625128399199871
Source,023094072c55dae1ddfd7ac3cddaf40aeaeede7c9d1df69466b14a080129856eab,0.00021625128399199871
Source,0208a5c9f0a0ed9a077f7fd83e34c4c9a8f010baf1b9628313c7cfbf749c08a9f3,0.00016218846299399903
Source,0263d164912889e71f77344a95203864208ab279ad4d8f82a34735e3dea9324215,0.00027031410498999837
Source,030df199c4aade24c5f2a723ffe1d138081787d032f575dfc96c9352d840cab272,0.00021625128399199871
Source,02c58ade54682fbb02a98766a0a26456c04beb2d9e624c88afd0bc2435228d4e5d,0.00027031410498999837
Source,02be6392142af019b14645bbd59e47bab973d842c68da556014288731cdf9f4048,0.00027031410498999837
Source,0236bfe43f962f4293c4076ea34a086d31ea69484c3661538008d51383b4ec4ee4,0.00027031410498999837
Source,025dacd9159c293fbea8c9e973e6a970e10948a0a105f60a73d2ad9d8d764df14d,0.00027031410498999837
Source,0237386929afa1ed1f6ff1df610b722bb78ca18f6e2ed39a571bcd317db8c51bff,0.00016218846299399903
Source,026ba3e522e35d157df1aadbd0e00424c0811b94f169fac9d2943b729bef63d445,0.00016218846299399903
Source,03229dd1d49233cd2f3b553c170ea44fca0b089f11876dbf8800aa1eccc4cfffa2,0.00021625128399199871
Source,039888440655674fe6c4f57fcf66fd9165bd25b6225826c42781bdd4b61030f9f4,0.00021625128399199871
Source,03a11812fcad3237b44b28f5d25c86c0f4a4cad03adfd8f16e02b89e2435be7714,0.00027031410498999837
Source,02f95395ab75ce7a64d0b84daede69f2261224caa16216cb3a55161df9593fa371,0.00016218846299399903
Source,03bcb84b5f3467ff40ae9e698118737493ee44d29d8870ce9c90bf8db871a66791,0.00016218846299399903
Source,0251d3918cbc812ee4d5c90dec7c05882ba56097fea1b336d3730be6c799a7292f,0.00021625128399199871
Source,0205019fc1d5d0d94987279f25603b6d5e81a61e54b0386f88c5ac44b646cf8287,0.00027031410498999837
Source,031df9e4b5e651ac3d1ba5f787f794c1d55a31775a1be3da8f3d27b6819026c04d,0.00027031410498999837
Source,0334c29a37fe5d9d5ab8882855c75745f5b5d29cb2c6424fae138a29b248c6cd64,0.00027031410498999837
Source,03ce4303955fef0e8010d1d042ba8d04a36e3a18894ff0f151bc15a95df7214d08,0.00027031410498999837
Source,02d48a13d9c94a6b3bf0d1c0055b26611ed792155bd2ea995e7d96db1f699dead7,0.00027031410498999837
Source,038657a23145a49ca945e81f67bb5170dbefa7f6500cbf11ce8f0da83985745255,0.00027031410498999837
Source,029dbfa6522308727bece435051550ff45e8b058fe223ed2a35bb536910572ef6e,0.00027031410498999837
Source,03a9a7d8e2a4cfcc2f7f6949e41e402ef66a57af0199ccabad7172aaa5c9cd5afe,0.00027031410498999837
Source,038c8b5df64d96a57f04671e5ff4fcb79ceab0616521fcb602264c1f0ce0266832,0.00027031410498999837
Source,030ba3e4b6b3f8cbfae2ff7b243bfb12a2208afd17dd0fe0ab50e5b0c1212bb83f,0.00016218846299399903
Source,02df226b848784986878d17d5eead63dcdee13194cdbb443d4b283ff7b409ce9cc,0.00016218846299399903
Source,03625dcaa73d08580aa59df4c8384e9c5554d5934a216520590744b78582c0da3b,0.00027031410498999837
Source,031a2d353dc20130ffd335992ba550426c8eeda8bd324ca90c790724b0798edd5a,0.00027031410498999837
Source,029bd9ea2ba045964380b4a539ebf737dad0096a73ae426cd6b6bb61550b0f1774,0.00016218846299399903
Source,022128a09c5301568eb913e7a9005b9baeb99b926f5de3d6e617002c76932d60ce,0.00027031410498999837
Source,02254e8fb2619239f46c5eb30448932fab2dde8835616a7d45859c17601ca13582,0.00027031410498999837
Source,02353d8f47ad50d5158463755b2261a169c0667ed5e43ef4cd3897676b7d3cae1b,5.406282099799968e-05
Source,03146380e1ccdfa28e2a2611bd9b3494c4ddec77c96f590b44c9fb00ea75cc613d,5.406282099799968e-05
Source,0336305b3215996ace194fbaa55058c1b13fbc1819650a44d5523914c1483475af,0.00027031410498999837
Source,027a507b034b1639603f2a4879493ea2f1004f3cf6831dc5dce193437d0d3e9ea6,0.00016218846299399903
Source,02791cb095585818db88bbf5c744e41c6bfd6b78e1f2e326161aa69e32a73b9a73,0.00016218846299399903
Source,0367640e848e1a4816d113f22c983be28b3d84a52ede3ca6ef54bad2eaf5499620,0.00016218846299399903
Source,03e7e17b567113daebbd01f4f894d0d67e8cac7b1e4f8a1518977a7ed1cd8ebd7d,0.00027031410498999837
Source,03a7ee2ab747a5f05c333a54680ca1a84ee105fcc7c998d8db38cc2c3631d03cb6,0.00027031410498999837
Source,0241da348f6365d891ab584f5d82649e6c6b00ed347951f7fcc6daccb8c466c6fe,0.00027031410498999837
Source,0314dfdd21d01bafba41f56faf22407e633d4b2dc068045bb3f0fb87a231afb9aa,0.00021625128399199871
Source,0371e3042e668b95b75f6dec91dafe2aa2b708d4082c522f4c4bedd2989fc32995,0.00021625128399199871
Source,03101e0be9c1875924bcf8a6983553afeef4d32e4b721ae3ffc0a932e102e34370,0.00016218846299399903
Source,0383c546ca8d6edd75aca6af81e262f189b9c34c629c3b5fd1cb2ff45c4d85b32a,0.00016218846299399903
Source,0388e0278a212284bcaf7c987b873e8c30837e13f7e4e815ba67c0a470c0e92adb,0.00027031410498999837
Source,02bd374d2e1e347adc035a48b21ee1ccbc4060f96e118e234baa585125e43bd165,0.00027031410498999837
Source,0321d48bd7fd39ee2d65216e33f92ddd6c4d83083c50146e9555b44c15a749eb08,0.00016218846299399903
Source,02ee9a0aa06f776479b96a6f3cdeee71a86c982c00e33920a00b2e9a46db1eae0e,0.00027031410498999837
Source,037588d95c906b1b082c67e70748ac840da12445d3e23ad9625788b7fb97ddcc05,0.00027031410498999837
Source,0234055fbcefd9351e77a9369b6efd76c644b196c5ed824a51cd1a2699717c5a11,0.00027031410498999837
Source,0308c5e0c438d076046d61a80e8402f97f6ec240ed3f0ea6a052e49df377ed31ca,0.00010812564199599936
Source,03687c676f42aa1172c8e8d22435ef3870d2dcb02e36800f751a1171b1f5cc056f,0.00021625128399199871
Source,02113e91f9d35ce3140a7a6ddaa61a5998c0cd917c12de06c897f9ad04470cd5c6,0.00021625128399199871
Source,020a1da95f5e9bd0dd31b319a5ab9846d24564a9f71057d22dbfd32f53a0901c36,0.00021625128399199871
Source,028238fa7d7d4b4efb63295ae81494b481f10209a442d29f8786972d2dfbd6e8aa,0.00021625128399199871
Source,020753e922dc539321034d16ed0c3f4ac066c61d2f9c9392428024f362c5b1e6ac,0.00021625128399199871
Source,023d841320a9746914e0fdb374a709729dfe9326a9cff82c5dcfc722c18330503c,0.00021625128399199871
Source,039f8fe3c7bcb27036ab3f29fe13d85c891aa8bc8a968f2e3bd4e38ff7e986d4a9,0.00021625128399199871
Source,0216cab3f23d522a303f75effb4d8652b0ba71de36a9aff9ebaa8f376ee479cc7a,0.00021625128399199871
Source,029c2704d82c8e9fede44c715fb2cce8bc4aa7420dbbc01f8fe8942ee0f48a71a7,0.00027031410498999837
Source,038399372001f2741d58d6ec4846fccb78daa1a485e69e2eebc5aadba047d35956,0.00027031410498999837
Source,03589f3ddb81f3802f3fc9aaa359b684ed19840b55db88f7c9c2cc671e74ac93e2,0.00021625128399199871
Source,028b29cfadebdf6f87898ebf54c4a0ead4bee05ca29cd3a4dc44b9b155f76f8718,0.00027031410498999837
Source,02bbd2184a696facc4ed1f7ff697cf1ad83e85281c4224de5dad1c76c5c875c03d,0.00027031410498999837
Source,03460a453d13c98ff06b36b3b6a8c06a7b48328ad5f983dacc3a7b0991b841bc57,0.00021625128399199871
Source,02f54e6bf827c96a9ba4ad5c632c4cb2278943f135f4f7090d21b52152879f9230,0.00027031410498999837
Source,03f4405cbd91a2225873c293ecd203888821a6c3318b5db4822e1ce3d603c4dc3f,0.00016218846299399903
Source,0246344c2ff83905bf5b9847f50385f85834df595faedb3983bb97112dd6b8c52d,0.00027031410498999837
Source,0225c2a44be98ae923118e92c5b58033a0fd7dd3135be99ee1047ec9d30291dc5d,0.00027031410498999837
Source,0391df81789185b0b931c2243b9b62ae80064bdd3bbb11fdf18dc6d6d4eac8d1de,0.00016218846299399903
Source,02e5544cda426d1dac8e5237e32eec59cbf93b88b76ef94ee7ecf8f76a5358fbbf,0.00021625128399199871
Source,026bb516b5ccc33d2aaa1b465c290220dffc777f6a9dd798eba84a094c0e5b6fa9,0.00027031410498999837
Source,02c3ace18945eefd9bac7294aa65b117dc111e804b9acb1a8bba9a9e98f05394ae,0.00021625128399199871
Source,024d24bff5248f7cc44195172650894db79a5494b28bdf7c02f098f42db37e5146,0.00027031410498999837
Source,038c6b92269bafcd52428062d6f32da677cb229aa49aa5aa582afdefbdf2d4b49b,0.00027031410498999837
Source,027c9b3014c15d14798e4c99eac2c8efef9e4b0854c83253256335dcbfa407c465,0.00027031410498999837
Source,037ae3fb76a9c192a33241f99a7877a435006daf825346d054144d066788d0bdf8,0.00016218846299399903
Source,032f4e300e19a01338f6dba6b3c168c03a96788fcafe9151e1e55c5abbcdfae619,0.00016218846299399903
Source,0337adb8d781f9df4d23d4a29823f46f324cfcc490ec6b678d03a9b64aafb6b6d9,0.00016218846299399903
Source,021c75196ead6d1f9af0fb141bfc3f622f2454b6f7858f28ec110bc8bba5c508ac,0.00016218846299399903
Source,03360499e0d9c152d95166fca8d6989ff6bece771ab8811d9a9082e86ecdba0faf,0.00016218846299399903
Source,0326976815fd2784c70823ed21293ff5fbc8ef213bc5bad3e55572b662a64e953b,0.00016218846299399903
Source,02b49bb90dad806bad46772bab383f51d0e81d11aba43adf0b2216ffafb9548bdd,0.00016218846299399903
Source,0336a1e9ed6ec5c8f6d15f87990aaf74305a6cd252614810825b8aa60ad6a59532,0.00016218846299399903
Source,035b2b328596738817e1b8e4524537fda5884ce04c7715aee2058bc283f55b413f,0.00016218846299399903
Source,0208fb7f9d909c9c9a4d9f83ed150bb2d2d25ab7e49c4b7abcc22c7db37118bb31,0.00016218846299399903
Source,033a5ff126c9cc5b803dc38bb2e7ab8cc8ba96481f97cb5953a58dc0b728bce805,0.00016218846299399903
Source,035dcde9122bbac5048443c29a21c77ced865340767412f6e76ed3cae4cc45c609,0.00016218846299399903
Source,02bacbd81f5867e4c13c1a3764e7263071d0efc2e9c30690fa4a927fab2c356eab,0.00016218846299399903
Source,0245857aca28028e1ee89f1cc4c8717bda1a479df426ccf1a55c44b68a135a961f,0.00016218846299399903
Source,03ab7645c1d1c853f4191b35cccf356a97d5b2314958846629b51890719d9cbee3,0.00016218846299399903
Source,036efdfddbef4f283c45dc166f77ef6dccf6457fe6cdabe7d437b9b2a56d2cec38,0.00016218846299399903
Source,0374a5e1e13165f5bc5bdc45fe142cc0c2bec14eed5f57625a92f1b61356222cb8,0.00016218846299399903
Source,036756a42aff29e849cbf9b8b17c3b5b7fdbd2cc557dc92a1039ca736ae9d1ff70,0.00016218846299399903
Source,0211e453afb090f6939f2ed9df5f2925d29d4eeeed9c38786e872d96f4fa8b0730,0.00016218846299399903
Source,02aa98cb34d355df1406ef0a7816355a3b831feb129b0ba424b947d086db0e50d1,0.00016218846299399903
Source,03e0b4410b51d6708d912e83418229bb2dde208c69f0aceb933ae27663baacf5a9,0.00016218846299399903
Source,03a78b0b4a66f53981baae6c29c1861d68ce29dd6391ce73c3e174b9128c24f193,0.00016218846299399903
Source,0357d6e0a43fa2b113c5d14407678ba47d0468bae58fa0228d7ed583ce0635a750,0.00016218846299399903
Source,025713a110233b9e0e74802b2a6c883d3e594f9e1b113cc5fe3705aa8ad365d422,0.00016218846299399903
Source,03599728435310ea15f682059f7ec7e0eef9f6aa3a40b79972b3977982e8d95fa5,0.00010812564199599936
Source,033f6f451291a4ccb57be4b475297b0de3f279cc6e1ce4e17ffe3cb0d08601e287,0.00016218846299399903
Source,039566ccfcbf9851d364c5fd384c0a83cba5e066e53c0a19d1ab687d3ec4298f12,0.00016218846299399903
Source,0304c8fcd62c4ea005df75560b857493ebd11b0367172a5a5f30b485ee44f37b5e,0.00016218846299399903
Source,0312ecfb2bbda53802e5a94410a30a7a8ac1c2041012a4e2ce0c8b104feaa92886,0.00021625128399199871
Source,02fe23846ff5b27623b2df30eabaa4a95402490f8b39825af8c1c6897238639ad5,0.00016218846299399903
Source,02103be0c04b16b0a5c19147c8e78966f07b76a54842b1a3ff63273f68f65bb083,0.00016218846299399903
Source,02910d9065d4bb05b068ea99aca9c25b3e2ceaa55334e125850861b3d21d3c2009,0.00016218846299399903
Source,02c45389d58edf3c9dced6716791ed450ff632e74e962ac0d489047498f4e54a08,0.00010812564199599936
Source,032440fcfad66143777d06a46e0f53d2d01b9c304c65299599778b1ff3c2cf768b,0.00016218846299399903
Source,024b7ae6d1795cba4513890d0fede261e2ad97b604b50602141f4eecd3cd0d3f54,0.00016218846299399903
Source,03ea56f9ffb95cc9809a22476702a8a5e5331d67aece05158d5955787d800f492c,0.00010812564199599936
Source,0290152ac5e665560be63b890214c168df3deeb8948167c5f46de52a92a4a74540,0.00016218846299399903
Source,02283eb2262a9b89a568c30a173b8fa51eaa00025c056118696ecedb5513e65b27,0.00016218846299399903
Source,0286c1c541ec142c10f3bfb13b668de151f0ce00ac15671c191dccbecacdc3eb2c,0.00016218846299399903
Source,03ffd4cf867f2c9bb7f72f7cd26cc72810ab5553d6f14d66aa6b047556412acbaf,0.00016218846299399903
Source,02111729655b26a9829071241a221a3f4272d484e5ac74a1e683986186e1d6259e,0.00010812564199599936
Source,032154b2cb4d775459f918b838149b17907dd4d8c6457ab32f55e17fa06785bfb0,0.00010812564199599936
Source,02045f04f3456f498fbd6c5b20df43646beb39dd0f30dc46f03cd9ccb4619b7726,0.00010812564199599936
Source,0212864d59d5a902634c4a3186615446e9d56c17b14600f3b74fbabe3509aa707f,0.00010812564199599936
Source,036294c721f7987aa48140e7b374b29003928b67e92a11bc5f782923bf71b2ffe4,0.00010812564199599936
Source,03dd269796b402aaeff23b46d0d74db9980abe07a0889d83110efb681bb1fdc8af,0.00016218846299399903
Source,0258ee97eea284a64d8a2b2b9b85bdacaa4bac3870292d35c98db8865b3d42b016,0.00010812564199599936
Source,03a9f47a42aceadd8ccd44dc1ffb5de8bc45d93d9fc15f7d9db9761463974bfe5f,0.00010812564199599936
Source,03da24daf8390f97e1d55106e3454f093609430fa39103fbff0ad873778f212db8,0.00010812564199599936
Source,035b9c1794a62fb649e6b98828b521203f99ef314ec3be9d30f821d647618bae16,0.00016218846299399903
Source,03ce16b71fb6f70b30321e867bcea9cc52f39531380cd6673bdd8daf257da27e57,0.00016218846299399903
Source,023067b3d99d27b19f1a0fab96d93e1782db3066ef0aae34bdd071d3818e1a77ea,0.00010812564199599936
Source,02f26a442f7da7f7536513d2a4939708cc4a96e4541902d9e149567237b536085c,0.00016218846299399903
Source,022cbf25bd176b60478f82460f015dc205f54c629559268d518092947f118ac39d,0.00016218846299399903
Source,0384187e07cdbeeea58a204d0484437c910b74538e3c182806f547b042c4cb39cb,0.00016218846299399903
Source,03de425f890369b21d37473321b992bfb95e03b32f68aa1ad54c46ad381fea0cb9,0.00016218846299399903
Source,03d8a7d49531ae67268425a51f8201d275e5f949a5111e0f29166273659eb7c4e2,0.00016218846299399903
Source,03fcb0ceb34eeeb1571b191fdbd5d95f6da4db931f49149b014dd97dcc0de070e7,0.00016218846299399903
Source,029d152d3f829e320112ec358c33bd350c2c25573c5c27c7ca31719bb683cb12f7,0.00010812564199599936
Source,030aca23ab45f25dbc5ca08a72bef04659cec4a1fa5aeb0761026dd6a3e75244b8,0.00016218846299399903
Source,023de8e20b007fc0bdacd8a54c9e6e1d8007fa565235251283b96c3967db524679,0.00016218846299399903
Source,034e7c4f09d0307ae4df01e3bde4bdb4b83bf3d295746a03e73fd54425fdae3010,0.00016218846299399903
Source,026459a495093be23e27db488a95b484e6b9ab5e4d68c5a07c9fea8d6c96554795,0.00016218846299399903
Source,022b0eab812ac300d5a013a18b385127b10b9ecaabd2b1c251b2a37abeb16d0291,0.00016218846299399903
Source,02b7152ea6b3f4525aa9c65987470f18b026523c2882d56b3dc78316999ae821fd,0.00016218846299399903
Source,03db212f915615fa8ee4dc98e6c7df7a8b1252c98e8a391ae10b98e81d200947a4,0.00016218846299399903
Source,022b60cb0f395349dbe0deb59ea57239cbd63efea8235fcb652e7d23d3c706081a,0.00027031410498999837
Source,030c1e8000aaf67db58493835c124957e14f6c9558ab506fb0f852f7d32b4d06f5,0.00027031410498999837
Source,039f1871886bd3bea6ebd0702f3f187f1f4e35698cb5035d35b85a2783f3623b5b,0.00021625128399199871
Source,026f3861342126133f6ae773f9aa561b833bc7b3b23f5927623192ed2449456de6,0.00021625128399199871
Source,02f64b305d82b0f8e88404e7343f0e9541d127334b882a04ffeebde3b31a173aa5,0.00021625128399199871
Source,03b97023411176536b6ece3109f7a559ea933d17891a9bf8b6013c5cc661c2b2da,0.00021625128399199871
Source,03cf7e9b79a3230749db642ad690889065ec35b9ded184266d4fce424ab75470fc,0.00021625128399199871
Source,028624b5cb872511d8b23a25ec351f6201af7e6b640edc0888fce05a8dede2bc8a,0.00021625128399199871
Source,0395f84eae69f1b79d2a7f348ff677af73c985d08ec240c8d6ad3c892e37989b5c,0.00021625128399199871
Source,02fc2f1e01b707572b27d9971bd7d9a02003130cfd9c3ba08d80fe4b4816115820,0.00021625128399199871
Source,035430a842187f9d27d639b05151f2100fb3e8370a0375e3c1c0ca8257cbe054d4,0.00021625128399199871
Source,0216779af2f4cbd0a13034ca35fd8d862fc64dfee326ae9e4eeca91abc4612e9eb,0.00021625128399199871
Source,02c892c64f7a0235312013629846c7fffb1cc48ecc9710ade791e45f39c9692610,0.00021625128399199871
Source,02ed7f75615376886c3503cd4484a42247177f3ff2c7fd182401fd73cd601354de,0.00021625128399199871
Source,0372d3425b5a16655d8bd5590e58988409ba3dca46aa4f225c0ce38d619ae5427f,0.00021625128399199871
Source,0382ce7e949d5fd41e93f50f763d581e2f04aec1d5f9102fa2c1b39934edcc544f,0.00027031410498999837
Source,02a31614a041bb3e4dcf0de8bb15751dad0155313caa54f8a4e4cff7a531160693,0.00027031410498999837
Source,02491e939447625922ed6a9a5f8ec900afb74d411d58036433ea03d4c184e58cbc,0.00027031410498999837
Source,03502d42dd74684738667523e2af90912b18cffbb3216473e60a62f5305a21d345,0.00027031410498999837
Source,02f7c8ee8ccf30226230128f316ee842f31d8b2e3ea1e94a772601168853aa01e2,0.00021625128399199871
Source,026ad2c304504fde71dc60f4b4d07d4c559c483f121d7202c8b1a8bedc9623626f,0.00027031410498999837
Source,0268a3912041d29c6a3b32ebd3a7e4b51f3119531885f1d3ba2f71ffab95f94635,0.00021625128399199871
Source,0279a5e1e3246692dbc39e3ece7dbf3e9cb08542099b54afdf8682f99a83cfa170,0.00021625128399199871
Source,0350bc12ba602177d327155c9a8daa7ea7a4f7cb0d77c6da69906be7278ff4a0aa,0.00016218846299399903
Source,03b00f5ce75be4a9473425e8caf33541a6636c31453797492df0680b688773fe37,0.00027031410498999837
Source,02053cbc5282b29af3082ef5b9a85b25bb1133cb55cfede26666d9f323f123ba0a,0.00027031410498999837
Source,0236059130bf85b2a7ebcf8b424184fac139d2dd1c69621a45f063d62041cbbce2,0.00027031410498999837
Source,02758cce00a354ae9c98204a10b4743fee49adb0b4182d80e5872de7399c54bf36,0.00027031410498999837
Source,0304c306a09c96902ce8adcc48b94e3a43f4303c8905ca71f1c6076f258c1471d5,0.00027031410498999837
Source,037305dfd540c28353120b42cabd6debf3a832283a18679a7ef205684223998e85,0.00027031410498999837
Source,0298affefdaabcb8c30cdde778f4b2c47f755921423b49ae0c658cfdf9e23b5eb9,0.00027031410498999837
Source,021778ec97e01d635492318173bd88ed5515a72d6b36791e41a899a697c0dc54cb,0.00027031410498999837
Source,02b46573eda97a9f141738d40b2d36825e48790fb6c4cff93b0e98f8a4d8a52072,0.00027031410498999837
Source,035bddb48a2b891a8e2a704234cb13405d63c62fcd8aa1c6f5ea10c4c027654af7,0.00027031410498999837
Source,02cca6c5c966fcf61d121e3a70e03a1cd9eeeea024b26ea666ce974d43b242e636,0.00016218846299399903
Source,0245f952a17ed0d99f0453322f604627015c1e316fad5b8acda331f648a80812ca,0.00027031410498999837
Source,03d8b823ed4c54c9d46fa18831b9c56520166bcff50e86682b4df7563d52424c30,0.00027031410498999837
Source,0253e479aa2710e5b6d3fd6876debd87b61c54a481aec3ff831af1dd57efd68395,0.00027031410498999837
Source,034966f3860759e98ffddeb2fae93e62c0779e4e8a3fbf05ffb140adf8978e7efe,0.00027031410498999837
Source,03b48ea05d8e97aabfaf1f54f0cfeada242ab921896a5c50f18577cb2bb2f5ec31,0.00027031410498999837
Source,03387ffd0c54c78604fe0bfba1714655a8f77b266346911f1923946c54e8d3318c,0.00027031410498999837
Source,03dcc03308b8415bf16d0a301ac48cfb78d98a7eee09dcf9d20740f40552549819,0.00027031410498999837
Source,03d07c6075d640e680d54bd5201df087bc1fc56cbc084ab3aed54c3d96a486a919,0.00016218846299399903
Source,02ad420f0b65cbb121092b1340a28c788ebe97668db60e686ae3e990f67a7341b2,0.00027031410498999837
Source,02819d1f59520099eff516e31149699075b1d0fc5c902fa2541aa9efcc625fb3d8,0.00027031410498999837
Source,0394fd4cc965e72abedb6a987f0139f0ad686f344a52bb7ab7c57e8804e98701fa,0.00027031410498999837
Source,03c281e9c640d8ccdeeb600b517cf73f127f2bdc313b3d857a24409a52108fbeac,0.00027031410498999837
Source,0300f34b1f81a0d6a30190937a98ad0008462fb647a7717113fc771dc407e8a209,0.00027031410498999837
Source,02c9c85aaacd89420cbc978df3019d80a3c56fa81c07cad9fbac17af5f98160ef5,5.406282099799968e-05
Source,038f89eaa664ab46da32a1148b5a94534c1dfa709205ed22903b5e415bbc2b8889,5.406282099799968e-05
Source,038969ac4ba19173446d16258d73aa0191d1e555f9fcca19ada2a1b17c877313c5,0.00027031410498999837
Source,03fd622170e15fa58507be2f3e61585b7944fc1e887fc9bb0f5e652b53be72882e,0.00027031410498999837
Source,025e03adb9f46e29d7cca0c7fffa23da9f6c5609e9ecef40db54a083f0380ff828,0.00021625128399199871
Source,0265ebca1bb2353aa80b8e284d54405702c2664becea8d8565202b5899d758eae0,0.00021625128399199871
Source,036c4369a6b2207c5e65d556d78ebb262b6aa0f94435c1c4f7d2900dfd7f0b7fdc,0.00027031410498999837
Source,026bec91ba98d7660b43db8954d97b4ee1e0de4189e5bbfe77df316d064984bfaa,0.00021625128399199871
Source,0370b883438cfe4294d79d8f7893266f34e08a9f9b560b2c308f4b4c1f2ffc9976,0.00021625128399199871
Source,032ad8392a7550cb1b1a91c458d672bf57a20e426f8ca539d80cb8b68999c8deb3,0.00027031410498999837
Source,02fd7f4ad049984ebe2d137d47c8353dcd7cf070b89a551fc8415dee7a137c9774,0.00016218846299399903
Source,0333a91776bce2a9ab20203f60a9408213a9d4e44cb51f6973cb4bc6d36fca333c,0.00016218846299399903
Source,03c33b2296b2d50a94dcdc004c8f5a6d027865ee458348e2b1ecc8eab60d65ecea,0.00016218846299399903
Source,03bf67ff0e493f20739ed10038f5e2a2caa4da17f5951daf883a1d8b706b0d7de5,0.00016218846299399903
Source,03afd28a34bb21fb585787ec47f87b9880559f90cf4ff636fd22f8ab2b6cad2418,0.00016218846299399903
Source,023ee46f3d364019394b3ae356995800d9c86317cdb1a54cd8ced60c10a7504914,0.00016218846299399903
Source,0392f57b6a6ad4268d48950541c663892d2c9e3857f42f1ee33043fa4069f5290d,0.00016218846299399903
Source,021359bec3ada32d6c360912b034117ad9fd42ce3e6050a8f24d79cc360a9fbefe,0.00016218846299399903
Source,03b56405bbcaa19457bf8aba5acc07da03b95eebbf238582d002c71e2a3d13e41d,0.00010812564199599936
Source,03f2172bcd63e6631927fd85c2d941ae74e9ef5f3886a07d3f65263d07bad9b24e,0.00016218846299399903
Source,035a53c8fe3937228b03b7189d0d7abaafaed558e2470825bf83daff21f213203b,0.00016218846299399903
Source,037ad440711a43c85cc47b6d4df402e4cfafa2e4210b7fb057cc47a71fdc574a58,0.00010812564199599936
Source,02ee884b2e2af0830e4ac2953c8668633acc697dfe0d4b857669508ceb717b8196,0.00016218846299399903
Source,02ab1fbe10650d06f0b94fb4f61d7c4d189b8b0a9f818ea1a9b49667e95a768821,0.00016218846299399903
Source,028ed235ce7921fc8fbb2c1a775240115ce4d9edda194862868aa3d71eab3e6f91,0.00021625128399199871
Source,03663d7b3ac41fd9daf4a3cbceb32b05672564fa8634ba420c3a7bb656f226ddcd,0.00021625128399199871
Source,038cdee6ebeb5bbb736f4a64b7687fdb70ea5bd8f5244be081b314e5e4f6e93852,0.00021625128399199871
Source,03a7fb52da76a723f7e3cd5d777c0372f1ae1217c82a60e15d12b74089b3d82724,0.00027031410498999837
Source,02c864dcb28ce0c0ee0b395f7bc047eaf12778912c1d37c42ead40adba36cffafd,0.00027031410498999837
Source,03f7e29340c307ee37db5734834d34e3f286e2f70c6bb92b0b12e599860cea6691,0.00027031410498999837
Source,0290f07eec8c8907d0fdecafd557f3304c7c072d5f7a83788b352a3f4bc775cab2,0.00016218846299399903
Source,02f5c8ac0223220047e8117f1e0aba4993b61f9507d0f4ae765609a5ce961177e3,0.00016218846299399903
Source,0378d144ce16dc11bb6584c4a397bcf241b60cfece20943faef10c4b72d3cd87d3,0.00016218846299399903
Source,03dfd79a08fd9539fae5361642e29d9a23f7ffeacf938cb9c4740d58fa5407354a,0.00016218846299399903
Source,02c041ba7427dfead67452f06a7d475e9b8c812b17331b38415b24c869aa53ea72,0.00027031410498999837
Source,03831a4599ecbb8a35809123b6434d357996c8c4c0c861a9f8e6fb85a13056d6e1,0.00027031410498999837
Source,03ba7e0b8927cc9aa839e51f7f142dcbcc36d9ba36d9ea66a7c9d5039b74df1408,0.00027031410498999837
Source,03faca736f1c9024681c263a35f1ee68ea2f7810316a08adc2e96e7f45eeae4cf5,0.00021625128399199871
Source,035ac40a32530f45078b68a381575064920fd3c7b5c658da220bec030d0202a535,0.00027031410498999837
Source,0349f11a40fe564fabfb49e9b552775b104115bc1a461287e534e93b668f7270e9,0.00016218846299399903
Source,03821613116def5de68a997a9024fbdff09ce3dae050b86c5abec883f230e68840,0.00010812564199599936
Source,030bec0fb4a5dd5c2dffa5f008210a9b7e0689ee4bf7ae15a7e52491c65fbf4ca5,0.00021625128399199871
Source,032475c0b56687c589c3409d0aa216178ec923a992e1e835dc01456cf88983ee75,0.00021625128399199871
Source,036ad733269b31ddb39a039dac61f138757dd816ebb12fab66d42ef5d4ac4c21f7,0.00021625128399199871
Source,020e9d8a93145f183f4f974ee4ed23cdae80f6ac968ebec5f51580726ca07be132,0.00027031410498999837
Source,02e6479366043ef69d75682831947010843b2d94aef9131ba8ef492857d347b664,0.00027031410498999837
Source,02021b7010efdd8126770e3e461ecdee0821005c97dac1eeec89a482fe95ab8bb5,0.00016218846299399903
Source,03649a1b6d19015c0f33eca2d2bb18a5674428c32a7fa3a996d918cf2a8c74245b,0.00016218846299399903
Source,03d592fed3daa35861a60499c862abe49302543738e2223c8ae7ef70bc331b2c40,0.00016218846299399903
Source,02847f58094176a5ce79c7d0be3eccafee653148ee7277e531b0b1a63d5dfa6409,0.00027031410498999837
Source,03d16e368652be985fff3352624dff09200bc61d7500a5c093b03dee85fbe38202,0.00016218846299399903
Source,035f60843c305d3b2c5e4316ff9072d26c837a7355ed9b6a6272cf635f3e211283,0.00021625128399199871
Source,02f4b30c558bcb3ed13b37b294ec5f0c8308580e3053454411f1c6f058cb48afe8,0.00016218846299399903
Source,039dc42f737b519d18278022d307196ee91fbaf586f68ac6c4eeeaa1ccbbf7c739,0.00016218846299399903
Source,03b9bfbfee5464048eea9f01a0e41a0e029a019e7df6fb5ce41299e75a369e2f3f,0.00016218846299399903
Source,02c87de4005ec7d6256be1a018c9693ab18ec595d87cded5fdcff72c86466059b6,0.00021625128399199871
Destination,028717084338dfbc3575478a4ca076e2d3f1463e2dd3a0e75d209303ac1a1b3eb1,0.2503649240417365
Destination,0213f67b69faf7e4e8e45c030fa9b8caaa4ae475b0742d04ad51f93548c4c5b7f4,0.167756933556793
Destination,034f66e156476dbccf4c8ad84b0caf4efb3805ef23fadc8afb3bb2aedee1d1e745,0.23917392009515057
Destination,0225313f6c76ba1fff4bb1d67e6333eb6b514dc7af60346f585cc7dd9ed7cc13f4,0.10353030221116938
Destination,037ceda65cab326b6fb87f1bc4ea863833ebdf2148bfdbd1aa096cc62030cff540,0.23917392009515057

Summary,,
Most Probable Source,020c92d71dfe47d49d322eed910064787973dff96c05a39d75a75d7e8f33aead4c,
Most Probable Destination,028717084338dfbc3575478a4ca076e2d3f1463e2dd3a0e75d209303ac1a1b3eb1,
Average Source Probability,,0.00021168501270110908
Average Destination Probability,,0.2
